hex	en	zh
#C93F38	100 Mph	时速百里
#A59344	18th Century Green	十八世纪绿
#7B463B	1975 Earth Red	土红
#DD3366	1989 Miami Hotline	一九八九迈阿密热线
#191970	20000 Leagues Under the Sea	海底两万里
#7FB9DD	21st Century Blue	二十一世纪蓝
#E56E24	24 Carrot	24K胡萝卜
#DFC685	24 Karat	24K金
#330404	3AM Breakup	凌晨三点分手
#225577	3AM in Shibuya	涩谷凌晨三点
#C0A98E	3AM Latte	凌晨三点拿铁
#D2D2C0	400XT Film	400XT胶片
#9BAFAD	5-Masted Preu?en	五桅普鲁士号
#990066	8 Bit Eggplant	8位像素茄
#3D1C02	90% Cocoa	90%可可
#000099	99 Years Blue	九十九年蓝
#FFAABB	A Brand New Day	崭新的一天
#D1EDEE	A Certain Shade of Green	某种绿调
#D3DDE4	A Dime a Dozen	平淡无奇
#9F9978	A Frond in Need	待援之叶
#F2850D	à l’Orange	橙香
#F6ECDE	A la Mode	流行风尚
#FFBCC5	A Lot of Love	满满的爱
#BCDDB3	A Mann’s Mint	曼恩薄荷
#B0B2BC	A Month of Sundays	漫长时光
#BFAF92	A Pair of Brown Eyes	一双棕眸
#BB8AA7	A Plum Job	美差
#F3E9D9	A Smell of Bakery	面包房的气息
#88FFCC	A State of Mint	州薄荷
#BABCCF	A Stitch in Time	及时一针
#A9BFC5	A-List Blue	一线明星蓝
#8BCECB	Aaquatic Wonderland	水上仙境
#00B89F	Aare River	阿勒河
#05A3AD	Aare River Brienz	布里恩茨阿勒河
#1150AF	Aarhusian Sky	奥胡斯天空
#231F20	Abaddon Black	地狱黑
#F2F1E6	Abaidh White	阿拜德白
#F8F3F6	Abalone	鲍鱼壳
#94877E	Abandoned Mansion	废弃宅邸
#746E6A	Abandoned Playground	废弃游乐场
#747A8A	Abandoned Spaceship	废弃飞船
#4C4F56	Abbey	修道院
#CD716B	Abbey Pink	修道院粉
#A79F92	Abbey Road	艾比路
#ABA798	Abbey Stone	修道院石
#ECE6D0	Abbey White	修道院白
#4D3C2D	Abbot	方丈褐
#166461	Abduction	绑架蓝
#F5ECDA	Abel	亚伯白
#5BA8FF	?bi Blue	阿比蓝
#EAE3D2	Abilene Lace	阿比林蕾丝
#C04641	Ablaze	烈焰
#F1CBCD	Abloom	盛放
#77AA77	Abomination	可憎绿
#E0DDBE	Above Board	光明正大
#966165	Abra Cadabra	咒语
#EEC400	Abra Goldenrod	阿布拉秋麒麟
#462E6E	Abra Purple	阿布拉紫
#15151C	Absence of Light	无光之境
#7F8B30	Absinthe Dreams	苦艾酒梦
#76B583	Absinthe Green	苦艾酒绿
#008A60	Absinthe Turquoise	苦艾酒青
#FF9944	Absolute Apricot	纯正杏色
#877D65	Absolute Olive	纯正橄榄
#0048BA	Absolute Zero	绝对零度
#E4CB97	Abstract	抽象
#EDE9DD	Abstract White	抽象白
#629763	Abundance	丰盈
#A19361	Abura Green	阿布拉绿
#8F9E9D	Abyss	深渊
#404C57	Abyssal	深渊之底
#1B2632	Abyssal Anchorfish Blue	深海鮟鱇蓝
#00035B	Abyssal Blue	深渊蓝
#10246A	Abyssal Depths	深渊深处
#005765	Abyssal Waters	深渊之域
#3D5758	Abysse	深渊
#000033	Abyssopelagic Water	深渊水层
#DBCD64	Acacia	金合欢
#486241	Acacia Green	金合欢绿
#969C92	Acacia Haze	金合欢霾
#A69D64	Acacia Tree	金合欢树
#2C3E56	Academic Blue	学术蓝
#79888E	Academy Grey	学院灰
#525367	Academy Purple	学院紫
#35312C	Acadia	阿卡迪亚
#E5B7BE	Acadia Bloom	阿卡迪亚花开
#48295B	Acai	巴西莓
#42314B	Acai Berry	巴西莓果
#942193	Acai Juice	巴西莓汁
#4C2F27	Acajou	桃花心木
#9899A7	Acanthus	茛苕
#90977A	Acanthus Leaf	茛苕叶
#75AA94	Acapulco	阿卡普尔科
#7FA8A7	Acapulco Aqua	阿卡普尔科水色
#4E9AA8	Acapulco Cliffs	阿卡普尔科悬崖
#65A7DD	Acapulco Dive	阿卡普尔科潜游
#EB8A44	Acapulco Sun	阿卡普尔科艳阳
#208468	Accent Green Blue	强调绿蓝
#E56D00	Accent Orange	强调橙
#D2C7B7	Accessible Beige	亲和米色
#7C94B2	Accolade	赞誉
#090807	Accursed Black	诅咒之黑
#C7CCE7	Ace	王牌
#727A5F	Aceituna Picante	辣橄榄
#4E4F48	Aceto Balsamico	巴萨米克醋
#00FF22	Acid	酸
#EFEDD7	Acid Blond	酸金发
#A8C74D	Acid Candy	酸糖果
#11FF22	Acid Drop	酸滴
#8FFE09	Acid Green	酸绿
#B9DF31	Acid Lime	酸青柠
#00EE22	Acid Pool	酸池
#33EE66	Acid Pops	酸汽水
#30FF21	Acid Reflux	酸涌
#4FC172	Acid Sleazebag	酸痞绿
#9E9991	Acier	钢铁色
#9CA7B5	Acier Tint	钢铁浅调
#FFD8B1	Acini di Pepe	胡椒粒
#7249D6	Aconite Purple	乌头紫
#9C52F2	Aconite Violet	乌头堇
#7F5E50	Acorn	橡果
#D48948	Acorn Nut	橡果坚果
#B87439	Acorn Spice	橡果辛香
#EDA740	Acorn Squash	橡果南瓜
#766B69	Acoustic Brown	声学棕
#EFECE1	Acoustic White	声学白
#F8E2CA	Acropolis	雅典卫城
#B3E1E8	Across the Bay	海湾彼岸
#FF44EE	Actinic Light	光化光
#00504B	Action Green	行动绿
#00A67E	Active Green	活力绿
#006F72	Active Turquoise	活力青
#BB1133	Active Volcano	活火山
#A7A6A3	Actor’s Star	演员之星
#46ADF9	Adamantine Blue	精金蓝
#3B845E	Adamite Green	水砷锌矿绿
#661111	Adana Kebab?	阿达纳烤肉
#867E70	Adaptive Shade	自适应影调
#545651	Addo	阿多大象
#293947	Adept	老练
#7C8286	Adeptus Battlegrey	修会战灰
#9E9CAB	Adhesion	附着
#B7C1BE	Adieu	告别
#B0B9C1	Adirondack	阿迪朗达克
#74858F	Adirondack Blue	阿迪朗达克蓝
#C4AA9B	Adirondack Path	阿迪朗达克小径
#50647F	Admiral Blue	海军上将蓝
#404E61	Admiralty	海军部蓝
#F6F3D3	Admiration	倾慕
#BD6C48	Adobe	土坯
#FB9587	Adobe Avenue	土坯大道
#DCBFA6	Adobe Beige	土坯米色
#C5703F	Adobe Dusk	土坯黄昏
#C99F93	Adobe Glow	土坯辉光
#BA9F99	Adobe Rose	土坯玫红
#E8DEC5	Adobe Sand	土坯沙
#E5C1A7	Adobe South	土坯南
#C3A998	Adobe Straw	土坯稻草
#D6AE9A	Adobe Village	土坯村
#E6DBC4	Adobe White	土坯白
#A99681	Adolescent Rodent	少年啮齿
#64B5BF	Adonis	阿多尼斯
#EFBF4D	Adonis Rose Yellow	阿多尼斯玫黄
#8D8DC9	Adora	阿多拉
#E3BEB0	Adorable	可爱
#B8CACE	Adorbs	萌萌哒
#014A69	Adriatic	亚得里亚
#5C899B	Adriatic Blue	亚得里亚蓝
#96C6CD	Adriatic Haze	亚得里亚霾
#D3ECE4	Adriatic Mist	亚得里亚薄雾
#016081	Adriatic Sea	亚得里亚海
#4B9099	Adrift	漂流
#758181	Adrift at Sea	海上漂流
#93B8E3	Adrift on the Nile	尼罗漂流
#20726A	Advantageous	占优绿
#34788C	Adventure	冒险
#F87858	Adventure Island Pink	冒险岛粉
#6F9FB9	Adventure Isle	冒险岛
#3063AF	Adventure of the Seas	海洋历险
#EDA367	Adventure Orange	冒险橙
#72664F	Adventurer	冒险家
#7CAC88	Adventurine	砂金石绿
#D8CB4B	Advertisement Green	广告绿
#0081A8	Advertising Blue	广告蓝
#53A079	Advertising Green	广告绿
#E6D3B6	Aebleskiver	丹麦松饼
#1B416F	Aegean Blue	爱琴蓝
#4C8C72	Aegean Green	爱琴绿
#9CBBE2	Aegean Mist	爱琴薄雾
#508FA2	Aegean Sea	爱琴海
#E48B59	Aegean Sky	爱琴天空
#9BA0A4	Aegean Splendour	爱琴辉煌
#A0B2C8	Aerial View	鸟瞰
#7CB9E8	Aero	航空蓝
#C0E8D5	Aero Blue	航空蓝
#A2C348	Aerobic Fix	有氧修护绿
#CACECD	Aerodynamic	流线灰
#2B3448	Aeronautic	航空深蓝
#FF4F00	Aerospace Orange	航天橙
#355376	Aerostatics	空气静力蓝
#E3DDD3	Aesthetic White	美学白
#745085	Affair	韵事
#AAFFFF	Affen Turquoise	阿芬青
#FED2A5	Affinity	亲和
#905E26	Afghan Carpet	阿富汗地毯
#E2D7B5	Afghan Hound	阿富汗猎犬
#D3A95C	Afghan Sand	阿富汗沙
#78A3C2	Afloat	漂浮
#C7927A	African Bubinga	非洲花梨
#939899	African Grey	非洲灰
#CD4A4A	African Mahogany	非洲桃花心木
#826C68	African Mud	非洲泥
#86714A	African Plain	非洲平原
#B16B40	African Safari	非洲狩猎
#CCAA88	African Sand	非洲沙
#B085B7	African Violet	非洲紫罗兰
#FD8B60	After Burn	灼痕
#3C3535	After Dark	后深
#E3F5E5	After Dinner Mint	餐后薄荷
#3D2E24	After Eight	八点之后
#D6EAE8	After Eight Filling	八点后夹心
#38393F	After Midnight	后午夜
#FEC65F	After Shock	余震
#8BC4D1	After the Rain	后雨
#33616A	After the Storm	后风暴
#24246D	After Work Blue	下班蓝
#C95EFB	After-Party Pink	派对余兴粉
#85C0CD	Aftercare	善后蓝
#F2E3C5	Afterglow	余晖
#D91FFF	Afterlife	来世
#FBCB78	Afternoon	午后
#6E544B	Afternoon Coffee	午后咖啡
#B7B5A4	Afternoon Nap	午睡
#87CEEB	Afternoon Sky	午后天空
#D9C5A1	Afternoon Stroll	午后漫步
#594E40	Afternoon Tea	午后茶
#BBC5DE	Agapanthus	百子莲
#956A60	Agate Brown	玛瑙棕
#5A5B74	Agate Violet	玛瑙堇
#879D99	Agave	龙舌兰
#5A6E6A	Agave Frond	龙舌兰叶
#70766E	Agave Green	龙舌兰绿
#879C67	Agave Plant	龙舌兰植物
#886B2E	Aged Antics	陈年把戏
#846262	Aged Beech	陈年山毛榉
#D7CFC0	Aged Beige	陈年米色
#986456	Aged Bourbon	陈年波本
#87413F	Aged Brandy	陈年白兰地
#5F4947	Aged Chocolate	陈年巧克力
#E0DCDA	Aged Cotton	陈年棉
#898253	Aged Eucalyptus	陈年桉树
#DD9944	Aged Gouda	陈年高达奶酪
#F9D5AF	Aged Ivory	陈年象牙
#6C6956	Aged Jade	陈年翡翠
#73343A	Aged Merlot	陈年梅洛红
#7E7E7E	Aged Moustache Grey	老胡灰
#6E6E30	Aged Mustard Green	陈年芥末绿
#7E7666	Aged Olive	陈年橄榄
#CEB588	Aged Papyrus	陈年纸莎草
#E9DDCA	Aged Parchment	陈年羊皮纸
#889999	Aged Pewter	陈年锡器
#363E31	Aged Pine	陈年松
#C99F99	Aged Pink	陈年粉
#FFFA86	Aged Plastic Casing	老化塑料壳
#A442A0	Aged Purple	陈年紫
#CCB27A	Aged Seagrass	陈年海草
#7A4134	Aged Teak	陈年柚木
#A58EA9	Aged to Perfection	陈年至臻
#9D7147	Aged Whisky	陈年威士忌
#E8DECD	Aged White	陈年白
#895460	Aged Wine	陈年酒红
#6A5B4E	Ageing Barrel	陈酿桶
#ECECDF	Ageless	永恒
#E7A995	Ageless Beauty	永恒的美丽
#00FBFF	Aggressive Aqua	烈性水色
#6FFFFF	Aggressive Baby Blue	烈性淡蓝
#FF7799	Aggressive Salmon	烈性鲑粉
#393121	Agrax Earthshade	阿格拉克斯土影
#8E9683	Agreeable Green	宜人绿
#FFB347	Agrellan Badland	阿格雷兰荒原
#A17C59	Agrellan Earth	阿格里兰大地
#F0E2D3	Agrodolce	阿格罗多斯
#9FC5CC	Agua Fría	阿瓜弗里亚
#00FA92	Ahaetulla Prasina	阿哈图拉·普拉西纳
#C22147	Ahmar Red	艾哈迈尔红
#2A3149	Ahoy	阿霍伊
#0082A1	Ahoy! Blue	喂！蓝
#199EBD	Ahriman Blue	阿里曼蓝
#274447	Ai Indigo	艾靛
#ECF7F7	Aijiro White	相二郎白
#EEE5E1	Aimee	艾米
#2E372E	Aimiru Brown	艾米鲁棕
#69A3C1	Air Blue	空气蓝
#D7D1E9	Air Castle	空中楼阁
#5D8AA8	Air Force Blue	空军蓝
#D8F2EE	Air of Mint	薄荷之气
#72A0C1	Air Superiority Blue	制空蓝
#F6DCD2	Air-Kiss	飞吻
#A2C2D0	Airborne	空降蓝
#AA6C51	Airbrushed Copper	喷漆铜
#354F58	Aircraft Blue	飞机蓝
#D9E5E4	Airflow	气流白
#364D70	Airforce	空军蓝
#EDF2F8	Airport	机场白
#AEC1D4	Airway	航线蓝
#DAE6E9	Airy	轻盈
#88CCEE	Airy Blue	轻盈蓝
#DBE0C4	Airy Fields	轻盈原野
#FAECD9	Ajo Lily	百合
#D3DE7B	Ajwain Green	阿杰万绿
#C3272B	Akabeni	赤红
#BC012E	Akai Red	赤井红
#F07F5E	Akakō Red	赤光红
#C90B42	Akari Red	明里红
#BEB29A	Akaroa	阿卡罗阿
#CF3A24	Ake Blood	阿克血
#983FB2	Akebi Purple	紫木通
#FA7B62	Akebono Dawn	黎明
#B0E313	Akhdhar Green	阿赫达尔绿
#601EF9	Akihabara Arcade	秋叶原商场
#E12120	Akira Red	晃红
#D63136	Akuma	阿库玛
#871646	Akuma’s Fury	阿库玛之怒
#B9D08B	Al Green	艾尔·格林
#A32638	Alabama Crimson	阿拉巴马深红色
#F3E7DB	Alabaster	雪花石膏
#E9E3D2	Alabaster Beauty	雪花石膏美
#F0DEBD	Alabaster Gleam	雪花石膏微光
#81585B	Alaea	阿拉埃亚
#8E8C97	Alaitoc Blue	阿莱托克蓝
#FFAE52	Alajuela Toad	阿拉胡埃拉蟾蜍
#CA9234	Alameda Ochre	阿拉米达赭色
#939B71	Alamosa Green	阿拉莫萨格林
#EC0003	Alarm	警报
#2CE335	Alarming Slime	令人震惊的黏液
#DADAD1	Alaska	阿拉斯加
#61A4CE	Alaskan Blue	阿拉斯加蓝
#BCBEBC	Alaskan Grey	阿拉斯加灰
#7E9EC2	Alaskan Ice	阿拉斯加冰
#ECF0E5	Alaskan Mist	阿拉斯加薄雾
#05472A	Alaskan Moss	阿拉斯加苔藓
#CDDCED	Alaskan Skies	阿拉斯加的天空
#BAE3EB	Alaskan Wind	阿拉斯加风
#CC0001	Albanian Red	阿尔巴尼亚红
#38546E	Albeit	尽管
#4F5845	Albert Green	阿尔伯特·格林
#E1DACB	Albescent	泛白
#FBEEE5	Albino	泛白
#E7CF8C	Alchemy	炼金术
#AAA492	Aldabra	阿尔达伯拉
#EFC1A6	Alesan	阿莱桑
#4D7EAA	Aleutian Isle	阿留申岛
#FF8F73	Alexandria	亚历山大港
#FCEFC1	Alexandria’s Lighthouse	亚历山大灯塔
#BCD9DC	Alexandrian Sky	亚历山大天空
#598C74	Alexandrite Green	紫翠玉绿
#72999E	Alexandrite Teal	紫翠玉青色
#A55232	Alfajor Brown	阿尔法乔棕
#B3B299	Alfalfa	苜蓿
#78AD6D	Alfalfa Bug	苜蓿臭虫
#546940	Alfalfa Extract	苜蓿提取物
#80365A	Alfonso Olive	阿方索·奥利夫
#8DA98D	Alga Moss	藻类苔藓
#54AC68	Algae	藻类
#983D53	Algae Red	海藻红
#21C36F	Algal Fuel	藻燃料
#FC5A50	Algerian Coral	阿尔及利亚珊瑚
#008DB0	Algiers Blue	阿尔及尔蓝
#C1DBEC	Algodon Azul	阿尔戈东·阿祖尔
#00A094	Alhambra	阿罕布拉
#F7F2E1	Alhambra Cream	阿罕布拉奶油
#00A465	Alhambra Green	阿罕布拉绿
#D4CBC4	Alibi	不在场
#F0F8FF	Alice Blue	爱丽丝蓝
#C2CED2	Alice White	爱丽丝白
#415764	Alien	外星
#0CFF0C	Alien Abduction	外星人绑架
#84DE02	Alien Armpit	外星人腋窝
#B9CC81	Alien Breed	外星品种
#F0A3BC	Alien Conspiracy Pink	外星人阴谋粉色
#55FF33	Alien Parasite	外星寄生虫
#490648	Alien Purple	外星紫
#00CC55	Alienated	疏离
#9790A4	Alienator Grey	异化者灰色
#00728D	Align	对齐
#FEDAB9	Alishan Dawn	阿里山黎明
#E32636	Alizarin	茜素
#676C58	All About Olive	关于橄榄的一切
#E6999D	All Dressed Up	全部盛装打扮
#EFD7E7	All Made Up	一切都是编造出来的
#455454	All Nighter	通宵达旦
#B30103	All Systems Red	所有系统红色
#994411	All the Leaves Are Brown	叶棕
#C68886	All’s Ace	都是王牌
#5A6A8C	Allegiance	效忠
#B4B2A9	Allegory	寓言
#B28959	Allegro	快板
#B8C4D9	Alley	胡同
#656874	Alley Cat	野猫
#2B655F	Alliance	联盟
#886600	Alligator	鳄鱼
#C5D17B	Alligator Alley	鳄鱼巷
#EAEED7	Alligator Egg	鳄鱼蛋
#444411	Alligator Gladiator	鳄鱼角斗士
#F1EAD4	Allison Lace	艾莉森蕾丝
#9569A3	Allium	葱属
#908F92	Alloy	合金
#C46210	Alloy Orange	合金橙
#1F6A7D	Allports	奥尔波特斯
#F8CDAA	Allspice	多香果
#8E443D	Allspice Berry	多香果浆果
#ED2E38	Allura Red	诱惑红
#7291B4	Allure	倾城
#9EC4CD	Alluring Blue	诱人的蓝色
#F8DBC2	Alluring Gesture	诱人的姿态
#FFF7D8	Alluring Light	诱人的光芒
#977B4D	Alluring Umber	诱人的琥珀色
#EFE1D2	Alluring White	诱人的白色
#BB934B	Alluvial Inca	冲积印加
#E8DEC9	Almanack	年历
#C2A37E	Almandine	铁铝榴石
#F5E0C9	Almeja	阿尔梅哈
#E8D6BD	Almendra Tostada	阿尔门德拉·托斯塔达
#EDDCC8	Almond	杏仁
#DFD5CA	Almond Beige	杏仁米色
#E9C9A9	Almond Biscuit	杏仁饼干
#F2ACB8	Almond Blossom	杏仁花
#E5D3B9	Almond Brittle	杏仁脆
#CCB590	Almond Buff	杏仁浅黄
#D8C6A8	Almond Butter	杏仁黄油
#EEC87C	Almond Cookie	杏仁饼干
#F4C29F	Almond Cream	杏仁奶油
#9A8678	Almond Frost	杏仁霜
#595E4C	Almond Green	杏仁绿
#EFE3D9	Almond Icing	杏仁糖霜
#F6E3D4	Almond Kiss	杏仁吻
#D6C0A4	Almond Latte	杏仁拿铁
#D2C9B8	Almond Milk	杏仁奶
#F4EFC1	Almond Oil	杏仁油
#E5DBC5	Almond Paste	杏仁酱
#C8B960	Almond Puff	杏仁松
#F0E8E0	Almond Roca	杏仁乐家
#CC8888	Almond Rose	杏仁玫红
#E1CFB2	Almond Silk	杏仁丝
#BF9E77	Almond Toast	杏仁吐司
#7D665B	Almond Truffle	杏仁松露
#E6C9BC	Almond Willow	杏仁柳
#D6CAB9	Almond Wisp	杏仁缕
#FEDEBC	Almondine	杏仁碱
#BFE5B1	Almost Aloe	几乎芦荟
#E0A787	Almost Apricot	几乎杏
#98DDC5	Almost Aqua	几乎水色
#6B7070	Almost Charcoal	几乎炭
#3A5457	Almost Famous	近乎成名
#E5D9D6	Almost Mauve	几乎淡紫
#F0E3DA	Almost Pink	几乎粉
#BEB0C2	Almost Plum	几乎梅紫
#6A2DED	Almost Royal	几乎皇家
#817A60	Aloe	芦荟
#C97863	Aloe Blossom	芦荟花
#DBE5B9	Aloe Cream	芦荟奶油
#ECF1E2	Aloe Essence	芦荟精华
#61643F	Aloe Leaf	芦荟叶
#DCF2E3	Aloe Mist	芦荟薄雾
#DFE2C9	Aloe Nectar	芦荟花蜜
#B8BA87	Aloe Plant	芦荟植物
#888B73	Aloe Thorn	芦荟刺
#8A9480	Aloe Tip	芦荟尖
#678779	Aloe Vera	芦荟
#7E9B39	Aloe Vera Green	芦荟绿
#848B71	Aloe Vera Tea	芦荟茶
#D0D3B7	Aloe Wash	芦荟洗
#6A432D	Aloeswood	沉香
#1DB394	Aloha	阿罗哈
#E9AA91	Aloha Sunset	阿罗哈日落
#000066	Alone in the Dark	独自在黑暗中
#D4E2E6	Aloof	冷漠
#C9C9C0	Aloof Grey	冷漠灰
#D6C5A0	Aloof Lama	孤傲喇嘛
#F9EDE2	Alpaca	羊驼
#D7B8A9	Alpaca Mittens	羊驼毛手套
#F0BEB8	Alpenglow	朝霞
#588BB4	Alpha Blue	阿尔法蓝
#4D5778	Alpha Centauri	半人马座阿尔法星
#AE8E5F	Alpha Gold	阿尔法金
#715A45	Alpha Male	阿尔法男性
#628FB0	Alpha Tango	阿尔法探戈
#ABCDEF	Alphabet Blue	字母蓝色
#FEDCBA	Alphabet Soup	字母汤
#AD8A3B	Alpine	高山
#A9B4A9	Alpine Air	高山空气
#BADBE6	Alpine Alabaster	高山雪花石膏
#F7E0BA	Alpine Berry Yellow	高山浆果黄
#DBE4E5	Alpine Blue	高山蓝
#40464D	Alpine Duck Grey	高山鸭灰
#99EEFF	Alpine Expedition	高山探险
#5F6D91	Alpine Forget-Me-Not	高山勿忘我
#E0DED2	Alpine Frost	高山霜
#F1F2F8	Alpine Goat	高山山羊
#005F50	Alpine Green	高山绿
#ABBEC0	Alpine Haze	高山霾
#449955	Alpine Herbs	高山药草
#4598AB	Alpine Lake	高山湖
#6AAE2E	Alpine Meadow	高山草地
#DED3E6	Alpine Moon	高山月
#A6CCD8	Alpine Morning Blue	高山早晨蓝
#D3DED5	Alpine Peak	高山山峰
#234162	Alpine Race	高山竞赛
#051009	Alpine Salamander	高山蝾螈
#79B4CE	Alpine Sky	高山天空
#A5A99A	Alpine Summer	高山夏
#515A52	Alpine Trail	高山小径
#FFAAA5	Alright Then I Became a Princess	好吧，那我就成了公主了
#B1575F	Alsike Clover Red	艾尔斯克三叶草红
#DFD5B1	Alsot Olive	阿尔索特橄榄
#4D4C80	Altar of Heaven	天坛
#5F1A10	Altar Wine	坛酒
#69656D	Alter Ego	另一个自我
#EFC7BE	Altered Pink	蜕变粉
#CDC6C5	Alto	阿尔托
#5A464B	Alton Brown	奥尔顿棕
#DDBB00	Alu Gobi	阿鲁戈壁
#000055	Alucard’s Night	阿鲁卡多之夜
#848789	Aluminium	铝
#D2D9DB	Aluminium Foil	铝箔
#8C8D91	Aluminium Silver	铝银
#ADAFAF	Aluminium Sky	铝天
#A5C970	Alverda	阿尔维达
#EBE5D2	Always Almond	永远杏仁
#A0A667	Always Apple	永远苹果
#A2BACB	Always Blue	永远蓝
#479532	Always Greener	永远更环保
#11AA00	Always Greener Grass	邻家草更青
#66778C	Always Indigo	永远靛蓝
#DFD7CB	Always Neutral	永远中性
#E79DB3	Always Rosey	永远玫瑰色
#F4E2D6	Alyssa	艾莉莎
#F2D5D7	Alyssum	香薰
#417086	Am I Blue?	我是蓝色的吗？
#016E85	Amalfi	阿马尔菲
#297CBF	Amalfi Coast	阿马尔菲海岸
#033B9A	Amalfitan Azure	阿马尔菲天蓝
#E86EAD	Amaranth	苋菜
#7B2331	Amaranth Blossom	苋菜花
#9F2B68	Amaranth Deep Purple	苋菜色 深紫色
#F19CBB	Amaranth Pink	苋菜粉色
#723F89	Amaranth Purple	苋菜紫
#D3212D	Amaranth Red	苋菜红
#5F4053	Amaranthine	苋菜素
#AB6F60	Amaretto	阿玛雷托
#C09856	Amaretto Sour	苦杏仁酸酒
#FFF1D4	Amarillo Bebito	阿马里洛·贝比托
#FBF1C3	Amarillo Yellow	阿马里洛黄
#551199	Amarklor Violet	阿马克洛紫罗兰
#B85045	Amaryllis	朱顶红
#806568	Amazing Amethyst	惊人的紫水晶
#A9A797	Amazing Boulder	惊人的巨石
#BEB5A9	Amazing Grey	惊人的灰色
#017F9D	Amazing Sky	神奇的天空
#387B54	Amazon	亚马逊
#EBEBD6	Amazon Breeze	亚马逊微风
#505338	Amazon Depths	亚马逊深处
#31837E	Amazon Drift	亚马逊漂流
#606553	Amazon Foliage	亚马逊叶
#786A4A	Amazon Green	亚马逊绿
#686747	Amazon Jungle	亚马逊丛林
#ECECDC	Amazon Mist	亚马逊薄雾
#7E8C7A	Amazon Moss	亚马逊苔藓
#80E45F	Amazon Parrot	亚马逊鹦鹉
#948F54	Amazon Queen	亚马逊女王
#777462	Amazon River	亚马逊河
#E6B2B8	Amazon River Dolphin	亚马逊河海豚
#7E7873	Amazon Stone	亚马逊石
#ABAA97	Amazon Vine	亚马逊藤
#AA6644	Amazonian	亚马逊
#A7819D	Amazonian Orchid	亚马逊兰花
#00C4B0	Amazonite	天河石
#0D2F5A	Ambassador Blue	蓝色大使
#FFBF00	Amber	琥珀
#C69C6A	Amber Autumn	琥珀秋
#D7A361	Amber Brew	琥珀酿造
#B46A4D	Amber Brown	琥珀棕
#F6BC77	Amber Dawn	琥珀黎明
#BA843C	Amber Essence	琥珀精华
#C79958	Amber Glass	琥珀玻璃
#F29A39	Amber Glow	琥珀辉光
#C19552	Amber Gold	琥珀金
#AC8A41	Amber Green	琥珀绿
#D0A592	Amber Grey	琥珀灰
#BA9971	Amber Leaf	琥珀叶
#EED1A5	Amber Moon	琥珀月
#F9D975	Amber Pearl	琥珀珍珠
#B18140	Amber Romance	琥珀浪漫
#C0863F	Amber Sienna	琥珀赭色
#FF9988	Amber Sun	琥珀太阳
#FFAFA3	Amber Tide	琥珀潮汐
#D78B55	Amber Wave	琥珀波浪
#FAB75A	Amber Yellow	琥珀黄
#AA8559	Amberized	琥珀化
#E7E7E6	Ambience White	氛围白
#F8EDE0	Ambient Glow	环境光
#C2E2E7	Ambient Light	环境光
#97653F	Ambit	范围
#DFB77D	Ambitious	雄心勃勃
#F0CB97	Ambitious Amber	雄心勃勃的琥珀
#E9687E	Ambitious Rose	雄心勃勃的玫瑰
#C6E1BC	Ambrosia	仙馔
#EEE9D3	Ambrosia Coffee Cake	仙馔咖啡蛋糕
#FFF4EB	Ambrosia Ivory	仙馔象牙
#F4DED3	Ambrosia Salad	仙馔沙拉
#47AE9C	Ambrosial Oceanside	安布罗西尔欧申赛德
#6A5ACD	Ameixa	阿梅克萨
#BECCC2	Amelia	阿米莉亚
#FEA7BD	Amélie’s Tutu	艾米丽的芭蕾舞短裙
#34546D	America’s Cup	美洲杯
#7595AB	American Anthem	美国国歌
#A73340	American Beauty	美国丽人
#3B3B6D	American Blue	美国蓝
#391802	American Bronze	美国古铜
#52352F	American Mahogany	美国桃花心木
#63403A	American Milking Devon	美国德文奶牛
#FF8B00	American Orange	美国橙
#FF9899	American Pink	美国粉
#B32134	American Red	美国红
#626E71	American River	美国河
#995544	American Roast	美国烤肉
#FF033E	American Rose	美国玫红
#551B8C	American Violet	美国紫罗兰
#EFDCD4	American Yorkshire	美国约克郡
#0477B4	Americana	美洲风情
#463732	Americano	美式咖啡
#9966CC	Amethyst	紫水晶
#ECEAEC	Amethyst Cream	紫水晶奶油
#4F3C52	Amethyst Dark Violet	紫水晶深紫罗兰
#8F00FF	Amethyst Ganzstar	紫水晶甘兹星
#776985	Amethyst Gem	紫水晶宝石
#9085C4	Amethyst Grey	紫水晶灰
#9C89A1	Amethyst Grey Violet	紫水晶灰紫罗兰
#A0A0AA	Amethyst Haze	紫水晶霾
#D0C9C6	Amethyst Ice	紫水晶冰
#CFC2D1	Amethyst Light Violet	紫水晶浅紫罗兰
#926AA6	Amethyst Orchid	紫水晶兰花紫
#9C8AA4	Amethyst Paint	紫水晶油漆
#9B91A1	Amethyst Phlox	紫水晶福禄考
#BD97CF	Amethyst Show	紫水晶展
#95879C	Amethyst Smoke	紫水晶烟
#CDC7D5	Amethyst Tint	紫水晶调
#DED1E0	Ametrine Quartz	紫黄晶石英
#783E48	Amfissa Olive	阿姆菲萨橄榄
#DF965B	Amiable Orange	亲切橙
#E6DDBE	Amish Bread	阿米什面包
#3A5F4E	Amish Green	阿米什·格林
#A58D6D	Ammonite Fossil	菊石化石
#1560BD	Amnesia Blue	失忆症蓝
#F8FBEB	Amnesiac White	失忆白
#DDCC22	Amok	阿莫克
#EE3377	Amor	爱慕
#BB22AA	Amora Purple	阿莫拉紫
#AE2F48	Amore	爱茉莉
#967D96	Amorous	多情的
#B1A7B7	Amorphous Rose	无定形玫瑰
#EE5851	Amour	恋情
#F5E6EA	Amour Frais	爱慕·弗赖斯
#C8C5D7	Amourette	情人
#E0DFE8	Amourette Eternelle	永恒的恋人
#556CB5	Amparo Blue	安帕罗蓝
#264C47	Amphibian	两栖类
#384E47	Amphitrite	安菲特里特
#9F8672	Amphora	双耳瓶
#3F425A	Amphystine	安菲斯汀
#7D9D72	Amulet	护身符
#01748E	Amulet Gem	护身符宝石
#69045F	Amygdala Purple	杏仁核紫色
#94568C	àn Zǐ Purple	暗紫
#00BB44	Anaheim Pepper	阿纳海姆胡椒
#8CCEEA	Anakiwa	阿纳基瓦
#BFB6A7	Analytical Grey	分析灰
#DB304A	Anarchist	无政府主义者
#DE0300	Anarchy	无政府状态
#D0C1C3	Ancestral	祖传
#DDCDA6	Ancestral Gold	祖传黄金
#D8C7C2	Ancestral Haze	祖先的阴霾
#D0D0D0	Ancestral Water	祖传水
#9E90A7	Ancestry Violet	祖先紫罗兰
#7A5145	Ancho Pepper	凤尾椒
#596062	Anchor Grey	锚灰
#435D8B	Anchor Point	锚点
#2C3641	Anchorman	主持人
#9EBBCD	Anchors Away	锚已离
#2B3441	Anchors Aweigh	起锚
#756F6B	Anchovy	凤尾鱼
#EFEEDC	Ancient	古老
#DA6304	Ancient Bamboo	古老竹
#73754C	Ancient Bonsai	古老盆景
#AA6611	Ancient Brandy	古老白兰地
#9C5221	Ancient Bronze	古老古铜
#624147	Ancient Burgundy	古老勃艮第
#99522B	Ancient Chest	古老木箱
#9F543E	Ancient Copper	古老铜
#DCC9A8	Ancient Doeskin	古老鹿皮
#746550	Ancient Earth	古老土
#BB9A71	Ancient Fresco	古老壁画
#A44769	Ancient Fuchsia	古老紫红
#73FDFF	Ancient Ice	古老冰
#E3AF8E	Ancient Inca	古印加
#F1E6D1	Ancient Ivory	古老象牙
#D6D8CD	Ancient Kingdom	古老王国
#837C6F	Ancient Labyrinth	古代迷宫
#483C32	Ancient Lavastone	古代熔岩
#953D55	Ancient Magenta	古老品红
#D1CCB9	Ancient Marble	古老大理石
#959651	Ancient Maze	古代迷宫
#895B8A	Ancient Murasaki Purple	古代紫
#6A5536	Ancient Olive	古老橄榄
#DDD4CE	Ancient Pages	古代书页
#898D91	Ancient Pewter	古老锡器
#444B43	Ancient Pine	古老松
#774411	Ancient Planks	古代木板
#5A3D3F	Ancient Prunus	古李属
#922A31	Ancient Red	古老红
#CCC1AB	Ancient Relic	远古遗物
#70553D	Ancient Root	古老根
#843F5B	Ancient Royal Banner	古代皇家旗帜
#E0CAC0	Ancient Ruins	远古遗迹
#F0E4D1	Ancient Scroll	上古卷轴
#83696E	Ancient Shelter	古代庇护所
#765640	Ancient Spice	古老辛香
#DED8D4	Ancient Stone	古老石
#E7D082	Ancient Treasure	古老珍宝
#A09083	Ancient Wonder	古老奇迹
#EECD00	Ancient Yellow	古老黄
#AFCDC7	Andean Opal Green	安第斯蛋白石绿
#90B19D	Andean Slate	安第斯板岩
#C1A097	Andes Ash	安第斯山脉白蜡木
#78D8D9	Andes Sky	安第斯天空
#424036	Andiron	安迪龙
#633737	Andorra	安道尔
#B58338	Andouille	安杜耶
#FAF0D3	Andover Cream	安多弗奶油
#A4C639	Android Green	安卓绿色
#ABCDEE	Andromeda Blue	仙女座蓝
#882D4C	Anemone	银莲花
#F9EFE4	Anemone White	银莲花白
#BEB6AB	Anew Grey	焕新灰
#AFA8AE	Angel Aura	天使光环
#83C5CD	Angel Blue	天使蓝
#DCAF9F	Angel Breath	天使呼吸
#A3BDD3	Angel Falls	天使瀑布
#B8ACB4	Angel Finger	天使手指
#F0E8D9	Angel Food	天使蛋糕
#D7A14F	Angel Food Cake	天使蛋糕
#004225	Angel Green	天使绿
#D2D6DB	Angel Hair Silver	天使发银
#A17791	Angel Heart	天使心
#BBC6D9	Angel in Blue Jeans	蓝牛仔天使
#CEC7DC	Angel Kiss	天使吻
#C6F0E7	Angel of Death Victorious	凯旋死神
#E19640	Angel Shark	天使鲨
#9BC2D7	Angel Sol	天使索尔
#DDDFD8	Angel Touch	天使触感
#F3DFD7	Angel Wing	天使翼
#F3F1E6	Angel’s Feather	天使的羽毛
#E2D9D3	Angel’s Sigh	天使的叹息
#F6DD34	Angel’s Trumpet	天使喇叭花
#DBDFD4	Angel’s Whisper	天使的低语
#F2DCD7	Angelic	天使
#BBC6D6	Angelic Blue	天使蓝
#E9D9DC	Angelic Choir	天使合唱团
#EECC33	Angelic Descent	天使降临
#F4D9CB	Angelic Pink	天使粉
#E3DFEA	Angelic Sent	天使派
#EBE9D8	Angelic Starlet	天使小星
#F4EDE4	Angelic White	天使白
#F4EFEE	Angelic Wings	天使翅膀
#F4DFA7	Angelic Yellow	天使黄
#EACFC2	Angelico	安吉利科
#D8DEE7	Angélique Grey	安吉莉克·格雷
#DD0055	Anger	愤怒
#DACAB1	Angora	安哥拉毛
#EDE7DE	Angora Goat	安哥拉毛山羊
#EBDFEA	Angora Pink	安哥拉毛粉
#D9D6C3	Angora Whisper	安哥拉毛低语
#F4F6EC	Angraecum Orchid	兰花
#F04E45	Angry Flamingo	愤怒火烈鸟
#9799A6	Angry Gargoyle	愤怒的石像鬼
#EEBBBB	Angry Ghost	愤怒鬼
#37503D	Angry Gremlin	愤怒的小魔怪
#EE9911	Angry Hornet	愤怒大黄蜂
#4E6665	Angry Ocean	愤怒海洋
#FFCC55	Angry Pasta	愤怒的意大利面
#D82029	Angry Tomato	愤怒番茄
#B9ABAD	Aniline Mauve	苯胺淡紫
#F4E6CE	Animal Cracker	动物饼干
#BCC09E	Animal Kingdom	动物王国
#ED9080	Animated Coral	动画珊瑚
#CCC14D	Anime	动漫
#FF7A83	Anime Blush	动漫腮红
#E5D5AE	Anise Biscotti	茴香脆饼
#F4E3B5	Anise Flower	茴芹花
#B0AC98	Anise Grey Yellow	茴芹灰黄
#CDA741	Aniseed	茴香
#8CB684	Aniseed Leaf Green	茴香叶绿
#91A0B7	Anita	安妮塔
#CDCA9F	Anjou Pear	安茹梨
#F5D547	Anna Banana	安娜·香蕉
#8C5341	Annatto	红木
#6B475D	Annis	安尼斯
#E17861	Annular	环形
#89A4CD	Anode	阳极
#BDBFC8	Anon	匿名
#DADCD3	Anonymous	匿名
#C7BBA4	Another One Bites the Dust	又一粒尘埃落定
#016884	Ansel	安塞尔
#B05D4A	Ant Red	蚁红
#4B789B	Antarctic Blue	南极蓝
#0000BB	Antarctic Circle	南极圈
#35383F	Antarctic Deep	南极深渊
#EDDEE6	Antarctic Love	南极之恋
#BFD2D0	Antarctica	南极洲
#B19664	Antelope	羚羊
#7F684E	Anthill	蚁丘
#28282D	Anthracite	无烟煤
#3D475E	Anthracite Blue	无烟煤蓝
#373F42	Anthracite Grey	无烟煤灰色
#73293B	Anthracite Red	无烟煤红
#BEBDBC	Anti Rainbow Grey	反彩虹灰
#F2F3F4	Anti-Flash White	防闪白
#256D73	Antigua	安提瓜岛
#06B1C4	Antigua Blue	安提瓜蓝
#83C2CD	Antigua Sand	安提瓜沙
#FFE7C8	Antigua Sunrise	安提瓜日出
#BDDFD8	Antiguan	安提瓜岛
#3B5E8D	Antilles Blue	安的列斯蓝
#8AA277	Antilles Garden	安的列斯花园
#C7C8C1	Antimony	锑
#946644	Antiquarian Brown	古色古香的棕色
#BA8A45	Antiquarian Gold	古金
#8D8AA0	Antiquate	古董
#8B846D	Antique	古旧
#9C867B	Antique Bear	古旧熊
#926B43	Antique Bourbon	古旧波本
#6C461F	Antique Brass	古旧黄铜
#704A07	Antique Bronze	古旧古铜
#553F2D	Antique Brown	古旧棕
#E4D2BB	Antique Buff	古旧浅黄
#352126	Antique Burgundy	古旧勃艮第
#F0BAA4	Antique Cameo	古旧浮雕
#F4E1D6	Antique Candle Light	古旧烛浅
#A7856D	Antique Chest	古旧木箱
#FDF6E7	Antique China	古旧瓷
#B5B8A8	Antique Coin	古旧硬币
#9E6649	Antique Copper	古旧铜
#FFC7B0	Antique Coral	古旧珊瑚
#7E6C5F	Antique Earth	古旧土
#915C83	Antique Fuchsia	古旧紫红
#8E5E5E	Antique Garnet	古旧石榴石
#B59E5F	Antique Gold	古旧金
#2C6E62	Antique Green	古旧绿
#69576D	Antique Grey	古旧灰
#CDBACB	Antique Heather	古旧石楠
#B39355	Antique Honey	古旧蜂蜜
#B07F9E	Antique Hot Pink	古旧艳粉
#7B7062	Antique Iron	古旧铁
#F9ECD3	Antique Ivory	古旧象牙
#C5BBA8	Antique Kilim	古董基里姆
#FDF2DB	Antique Lace	古旧蕾丝
#9E8E7E	Antique Leather	古旧皮革
#FAEEDB	Antique Linen	古旧亚麻
#F1E9D7	Antique Marble	古旧大理石
#BBB0B1	Antique Mauve	古旧淡紫
#7A973B	Antique Moss	古旧苔藓
#F4F0E8	Antique Paper	古旧纸
#EAD8C1	Antique Parchment	古旧羊皮纸
#BAC5BB	Antique Patina	古旧铜绿
#EBD7CB	Antique Pearl	古旧珍珠
#957747	Antique Penny	古旧便士
#E8E3E3	Antique Petal	古旧花瓣
#C27A74	Antique Pink	古旧粉
#98211A	Antique Port Wine	古旧波特酒
#7D4F51	Antique Red	古旧红
#997165	Antique Rose	古旧玫红
#72393F	Antique Rosewood	古旧花梨木
#978466	Antique Royal Gold	古旧皇家金
#841B2D	Antique Ruby	古旧红宝石
#918E8C	Antique Silver	古旧银
#6E7173	Antique Tin	古旧锡
#BB9973	Antique Treasure	古旧珍宝
#004E4E	Antique Turquoise	古旧青
#928BA6	Antique Viola	古旧中提琴
#ECE6D5	Antique White	古旧白
#F3D3A1	Antique Wicker Basket	古董柳条篮
#B6A38D	Antique Windmill	古董风车
#BDCCC1	Antiqued Aqua	古董水色
#8A6C57	Antiquities	古物
#C1A87C	Antiquity	古代
#957A76	Antler	鹿角
#864F3E	Antler Moth	鹿角蛾
#C0AD96	Antler Velvet	鹿角绒
#B09391	Antoinette	安托瓦内特
#E7C2B4	Antoinette Pink	安托瓦内特·粉红
#312231	Anubis Black	阿努比斯黑
#C68E3F	Anzac	安扎克
#00800C	Ao	奥
#27B692	Aoife’s Green	奥伊夫的绿色
#006442	Aotake Bamboo	青竹
#31827B	Apatite Blue	磷灰石蓝
#BBFF99	Apatite Crystal Green	磷灰石水晶绿
#8A843B	Apeland	阿普兰
#E35A63	Aphrodisiac	春药
#45E9C1	Aphrodite Aqua	阿芙罗狄蒂阿夸
#EEFFFF	Aphrodite’s Pearls	阿佛洛狄忒的珍珠
#DD14AB	Aphroditean Fuchsia	阿佛洛狄忒淡紫
#B5D0A2	Apium	芹菜
#284FBD	Apnea Dive	呼吸暂停潜水
#F4711E	Apocalyptic Orange	末日橙
#99CCFF	Apocyan	阿波氰
#C8C4C2	Apollo	阿波罗
#748697	Apollo Bay	阿波罗湾
#E5E5E1	Apollo Landing	阿波罗登陆
#DDFFFF	Apollo’s White	阿波罗的白
#C6D6C4	Apothecary Jar	药剂罐
#848B80	Appalachian Forest	阿巴拉契亚森林
#CFB989	Appalachian Trail	阿巴拉契亚小径
#876E52	Appaloosa Spots	阿帕卢萨斑纹
#C2BCA9	Apparition	显形
#66AA00	Appetising Asparagus	开胃芦笋
#B1E5AA	Appetite	食欲
#858C9B	Applause Please	请掌声
#DDBCA0	Apple Blossom	苹果花
#D5E69D	Apple Bob	苹果鲍勃
#9C6757	Apple Brown Betty	苹果棕贝蒂
#8E5151	Apple Butter	苹果黄油
#F81404	Apple Cherry	苹果樱桃
#DA995F	Apple Cider	苹果酒
#A67950	Apple Cinnamon	苹果肉桂
#F4EED8	Apple Core	苹果核心
#B8D7A6	Apple Cream	苹果奶油
#E19C55	Apple Crisp	苹果清冽
#FEE5C9	Apple Crunch	苹果酥脆
#DBDBBC	Apple Cucumber	苹果黄瓜
#FDDFAE	Apple Custard	苹果蛋奶
#EDF4EB	Apple Flower	苹果花
#CC9350	Apple Fritter	苹果油条
#4B4247	Apple Herb Black	苹果草药黑
#A69F8D	Apple Hill	苹果丘陵
#BDD0B1	Apple Ice	苹果冰
#BFCA87	Apple II Beige	苹果II米色
#93D6BF	Apple II Blue	苹果II蓝
#DA680E	Apple II Chocolate	苹果II巧克力
#04650D	Apple II Green	苹果II绿
#25C40D	Apple II Lime	苹果II青柠
#DC41F1	Apple II Magenta	苹果II品红
#AC667B	Apple II Rose	苹果II玫红
#DDAABB	Apple Infusion	苹果浸液
#8B974E	Apple Jack	苹果杰克
#BDAD13	Apple Jade	苹果翡翠
#F9FDD9	Apple Martini	苹果马提尼
#93C96A	Apple Orchard	苹果果园
#CAAB94	Apple Pie	苹果派
#883E3F	Apple Polish	苹果亮泽
#F4EBD2	Apple Sauce	苹果酱
#C2A377	Apple Sauce Cake	苹果酱蛋糕
#A77C53	Apple Seed	苹果种子
#F1F0BF	Apple Slice	苹果片
#E8C194	Apple Turnover	苹果酥卷
#EA8386	Apple Valley	苹果山谷
#B59F62	Apple Wine	苹果酒红
#903F45	Apple-a-Day	一天一苹果
#8AC479	Applegate	阿普尔盖特
#CDEACD	Applemint	苹果薄荷
#F3F5E9	Applemint Soda	苹果薄荷汽水
#929637	Appletini	阿普蒂尼
#6EB478	Appleton	阿普尔顿
#8B97A5	Approaching Dusk	临近黄昏
#039487	Approval Green	批准绿色
#CED5E4	Après-Ski	滑雪后活动
#FFB16D	Apricot	杏
#FEC382	Apricot Appeal	杏子的魅力
#FEAEA5	Apricot Blush	杏绯红
#BF6553	Apricot Brandy	杏白兰地
#CC7E5B	Apricot Brown	杏棕
#CD7E4D	Apricot Buff	杏浅黄
#FFC782	Apricot Butter	杏黄油
#DA8923	Apricot Chicken	杏鸡
#F1BD89	Apricot Cream	杏奶油
#FFBB80	Apricot Flower	杏花
#EEDED8	Apricot Foam	杏泡沫
#FFD2A0	Apricot Fool	杏奶油杯
#F3CFB7	Apricot Freeze	杏冻
#FFC7A0	Apricot Froth	杏泡沫
#F5D7AF	Apricot Gelato	杏意式冰淇淋
#EEAA22	Apricot Glazed Chicken	杏酱烤鸡
#FFCE79	Apricot Glow	杏辉光
#FFAAAA	Apricot Haze	杏霾
#FFF6E9	Apricot Ice	杏冰
#F8CC9C	Apricot Ice Cream	杏冰奶油
#FBBE99	Apricot Iced Tea	杏冰茶
#E2C3A6	Apricot Illusion	杏幻觉
#EEA771	Apricot Jam	杏果酱
#FECFB5	Apricot Lily	杏百合
#B47756	Apricot Mix	杏混合
#C37248	Apricot Mocha	杏摩卡
#FCDFAF	Apricot Mousse	杏慕斯
#ECAA79	Apricot Nectar	杏花蜜
#F8C4B4	Apricot Obsession	杏子迷恋
#C86B3C	Apricot Orange	杏橙
#EEB192	Apricot Preserves	杏果酱
#E8917D	Apricot Red	杏红
#FBCD9F	Apricot Sherbet	杏果子露
#E8A760	Apricot Sorbet	杏冰糕
#F1C095	Apricot Soufflé	杏子舒芙蕾
#F1B393	Apricot Spring	杏春
#DA8C53	Apricot Tan	杏棕褐
#FBA57D	Apricot Wash	杏洗
#FAE0C2	Apricot Whisper	杏低语
#F7F0DB	Apricot White	杏白
#F7BD81	Apricot Yellow	杏黄
#D8A48F	Apricotta	杏
#F6D0D8	April Blush	四月绯红
#1FB57A	April Fool’s Red	愚人节红
#A9B062	April Green	四月绿
#909245	April Hills	四月山丘
#8B3D2F	April Love	四月爱
#CCD9C9	April Mist	四月薄雾
#9BADA8	April Rain	四月雨
#DADEB5	April Showers	四月阵雨
#FBE198	April Sunshine	四月阳光
#B4CBD4	April Tears	四月泪
#B1C1B8	April Thicket	四月灌木丛
#C5CFB1	April Wedding	四月婚礼
#D5E2E5	April Winds	四月风
#0FF0FE	Aqua	水色
#B5DFC9	Aqua Bay	水色海湾
#7ACAD0	Aqua Belt	水族腰带
#96D3D8	Aqua Bloom	水色绽放
#79B6BC	Aqua Blue	水色蓝
#D8E8E4	Aqua Breeze	水色微风
#01F1F1	Aqua Cyan	水色青
#3896A7	Aqua Dance	水色舞
#014B43	Aqua Deep	水色深
#B7C9B5	Aqua Dream	水色梦
#85C7A6	Aqua Eden	水之伊甸园
#038E85	Aqua Experience	水上体验
#96E2E1	Aqua Fiesta	水上嘉年华
#A1BAAA	Aqua Foam	水色泡沫
#5FA777	Aqua Forest	水色森林
#4A9FA3	Aqua Fresco	水色湿壁画
#A9D1D7	Aqua Frost	水色霜
#D2E8E0	Aqua Glass	水色玻璃
#9DD5C8	Aqua Glow	水色辉光
#12E193	Aqua Green	水色绿
#889FA5	Aqua Grey	水色灰
#D9DDD5	Aqua Haze	水色霾
#A1DAD7	Aqua Island	水色岛
#30949D	Aqua Lake	水色湖
#A0C9CB	Aqua Mist	水色薄雾
#08787F	Aqua Nation	水族国度
#BCE8DD	Aqua Oasis	水色绿洲
#05696B	Aqua Obscura	暗水
#DDF2EE	Aqua Pura	纯水
#63A39C	Aqua Rapids	水色急流
#539F91	Aqua Revival	水色复兴
#61A1A9	Aqua Sea	水色海
#70BBBF	Aqua Sky	水色天空
#8C9FA0	Aqua Smoke	水色烟
#D3E4E6	Aqua Sparkle	水色闪光
#85CED1	Aqua Splash	水色飞溅
#A5DDDB	Aqua Spray	水色浪花
#E8F3E8	Aqua Spring	水色春
#DBE4DC	Aqua Squeeze	水挤压
#E5F1EE	Aqua Tint	水色调
#00A29E	Aqua Velvet	水色绒
#56B3C3	Aqua Verde	水色绿
#7BBDC7	Aqua Vitale	维他水
#00937D	Aqua Waters	水色水域
#BFDFDF	Aqua Whisper	水色低语
#A0E3D1	Aqua Wish	水族愿望
#7CD8D6	Aqua Zing	水族之星
#9CB0B3	Aqua-Sphere	水球
#E1F0EA	Aquacade	水上乐园
#006F49	Aquadazzle	水炫
#7B9F82	Aquadulce	阿夸杜塞
#E3ECED	Aquafir	阿夸菲尔
#57B7C5	Aqualogic	水逻辑
#2EE8BB	Aquamarine	海蓝
#71D9E2	Aquamarine Blue	海蓝
#B3C4BA	Aquamarine Dream	海蓝梦
#82CDAD	Aquamarine Ocean	海蓝海洋
#00A800	Aquamentus Green	水绿色
#61AAB1	Aquarelle	水彩
#E8E0D5	Aquarelle Beige	水彩米色
#BFE0E4	Aquarelle Blue	水彩蓝
#E2F4E4	Aquarelle Green	水彩绿
#EDC8FF	Aquarelle Lilac	水彩丁香紫
#DBF4D8	Aquarelle Mint	水彩薄荷
#FBE8E0	Aquarelle Orange	水彩橙
#FBE9DE	Aquarelle Pink	水彩粉
#D8E1F1	Aquarelle Purple	水彩紫
#FEDDDD	Aquarelle Red	水彩红
#BCE4EB	Aquarelle Sky	水彩天空
#F4EEDA	Aquarelle Yellow	水彩黄
#356B6F	Aquarium	水族馆
#66CDAA	Aquarium Blue	水族馆蓝
#0A98AC	Aquarium Diver	水族馆潜水员
#2DB0CE	Aquarius	水瓶座
#4D5AF3	Aquarius Mood Indigo	水瓶座的心情 靛蓝
#559999	Aquarius Reef Base	宝瓶座礁基地
#89C6B7	Aquastone	水石
#99C1CC	Aquatic	水生
#41A0B4	Aquatic Cool	水族清凉
#BFD6D1	Aquatic Edge	水生边缘
#49999A	Aquatic Green	水绿色
#ADE6DB	Aquatic Mist	水雾
#A6B5A9	Aquatone	阿夸托内
#60B3BC	Aqueduct	渡槽
#59B6D9	Aquella	阿奎拉
#388D95	Aqueous	水性
#E2ECED	Aquifer	含水层
#88ABB4	Aquitaine	阿基坦
#ADAD9C	Ara Glen	阿拉格伦
#82ACC4	Arabella	阿拉贝拉
#CD5F42	Arabesque	蔓藤花纹
#CD9945	Arabian Bake	阿拉伯烘焙
#016C84	Arabian Nights	阿拉伯夜
#A14C3F	Arabian Red	阿拉伯红
#DDC6B1	Arabian Sands	阿拉伯沙
#786E97	Arabian Silk	阿拉伯丝
#934C36	Arabian Spice	阿拉伯辛香
#C9FFFA	Arabian Veil	阿拉伯面纱
#6F4D3F	Arabic Coffee	阿拉伯咖啡
#C0FFEE	Arabica Mint	阿拉比卡薄荷
#7A552E	Arable Brown	耕地棕色
#B06455	Aragon	阿拉贡
#47BA87	Aragon Green	阿拉贡绿
#E4E0D4	Aragonite	文石
#6A95B1	Aragonite Blue	文石蓝
#948E96	Aragonite Grey	文石灰
#F3F1F3	Aragonite White	文石白
#EC8254	Araigaki Orange	新井橙
#3F4635	Arame Seaweed Green	阿拉梅海藻绿
#FF7013	Arancio	阿兰西奥
#274A5D	Arapawa	阿拉帕瓦
#93A344	Arathi Highlands	阿拉希高地
#ADD8E1	Araucana Egg	南洋杉蛋
#A18D71	Arava	阿拉瓦
#CDA182	Arbol de Tamarindo	罗望子树
#BBC3AD	Arbor Vitae	侧柏
#70BA9F	Arboretum	植物园
#C1C2B4	Arbour Hollow	乔木空心
#CCDDFF	Arc Light	弧光灯
#EE3311	Arcade Fire	拱廊之火
#0022CC	Arcade Glow	街机发光
#EDEBE2	Arcade White	街机白
#00AC8D	Arcadia	阿卡迪亚
#A3C893	Arcadian Green	田园绿
#3B6C3F	Arcala Green	阿卡拉绿
#98687E	Arcane	奥术
#5260E1	Arcane Brew	奥术酿造
#6A2F2F	Arcane Red	奥术红
#6A0002	Arcavia Red	阿卡维亚红
#8E785C	Archaeological Site	考古遗址
#6E6A5E	Archaeology	考古学
#CAC69D	Archisa	阿奇萨
#6F6D5F	Architect	建筑师
#7195A6	Architecture Blue	建筑蓝色
#6B6A69	Architecture Grey	建筑灰
#9F8C73	Archivist	档案管理员
#648589	Arctic	极地
#CBD8E5	Arctic Air	极地空气
#D9E5EB	Arctic Blizzard	极地暴雪
#95D6DC	Arctic Blue	极地蓝
#B2CCD9	Arctic Circle	北极圈
#E6E3DF	Arctic Cotton	极地棉
#EBE4BE	Arctic Daisy	极地雏菊
#E3E5E8	Arctic Dawn	极地黎明
#816678	Arctic Dusk	极地黄昏
#AFBEC1	Arctic Feelings	北极情怀
#DAEAE4	Arctic Flow	北极流
#E7E7E2	Arctic Fox	极地狐
#C9D1E9	Arctic Glow	极地辉光
#45BCB3	Arctic Green	极地绿
#BBCCDD	Arctic Grey	极地灰
#B6BDD0	Arctic Ice	极地冰
#6F7872	Arctic Lichen Green	极地地衣绿
#D0FF14	Arctic Lime	极地青柠
#345C61	Arctic Nights	极地夜
#66C3D0	Arctic Ocean	极地海洋
#B8DFF8	Arctic Paradise	极地天堂
#C7DAED	Arctic Rain	极地雨
#B7ABB0	Arctic Rose	极地玫红
#9BBACB	Arctic Sunrise	极地日出
#6D584C	Arctic Tundra	极地苔原
#00FCFC	Arctic Water	极地水
#E9EAE7	Arctic White	极地白
#E2DEDF	Ardcoat	硬涂层
#E5756A	Ardent Coral	热情珊瑚
#232F2C	Ardósia	阿多西亚
#DD2200	Ares Red	战神红
#62584C	Ares Shadow	阿瑞斯之影
#9D6646	Argan Oil	摩洛哥坚果油
#888888	Argent	银色
#CECAC3	Argento	阿尔真托
#BDBDB7	Argos	阿尔戈斯
#348A5D	Argyle	阿盖尔
#895C79	Argyle Purple	阿盖尔紫
#C48677	Argyle Rose	阿盖尔玫瑰
#E3E4E2	Aria	咏叹调
#F9E8D8	Aria Ivory	咏叹调象牙
#DCD6C6	Arid Landscape	干旱景观
#B6B4A9	Arid Plains	干旱平原
#AED7EA	Ariel	爱丽儿
#B2A5D3	Ariel’s Delight	爱丽儿的喜悦
#FAF0DF	Aristocrat Ivory	贵族象牙
#ECCEB9	Aristocrat Peach	贵族桃子
#457E93	Aristocratic	贵族式
#354655	Aristocratic Blue	贵族蓝
#DDAACC	Aristocratic Pink	贵族粉色
#980B4A	Aristocratic Velvet	贵族天鹅绒
#EEB377	Arizona	亚利桑那州
#AD735A	Arizona Clay	亚利桑那粘土
#DDAB93	Arizona Dust	亚利桑那尘埃
#00655A	Arizona Stone	亚利桑那石
#EBBCB9	Arizona Sunrise	亚利桑那州日出
#669264	Arizona Tree Frog	亚利桑那树蛙
#E8DAC3	Arizona White	亚利桑那白
#9F7B35	Arlington Bronze	阿灵顿青铜
#536762	Armada	舰队
#484A46	Armadillo	犰狳
#7D4638	Armadillo Egg	犰狳蛋
#926A25	Armageddon Dunes	末日沙丘
#D3A907	Armageddon Dust	末日尘埃
#AD916C	Armagnac	雅文邑
#74857F	Armour	盔甲
#030303	Armour Wash	盔甲洗
#747769	Armoured Steel	铠装钢
#6A6B65	Armoury	军械库
#5B6F61	Army Canvas	陆军帆布
#6C7735	Army Golf	陆军高尔夫
#4B5320	Army Green	军绿色
#8A806B	Army Issue	陆军问题
#838254	Army Issue Green	陆军发行绿色
#BF8F37	Arnica	山金车
#E59B00	Arnica Yellow	山金车黄
#D3C1C5	Aroma	香气
#96D2D6	Aroma Blue	芳香蓝
#A1C4A8	Aroma Garden	香薰花园
#F9970C	Aromango	阿罗芒果
#706986	Aromatic	芳香
#FFCECB	Aromatic Breeze	芳香微风
#98C945	Aromatic Herbs	香草
#F2FF26	Aromatic Lemon	芳香柠檬
#879BA3	Arona	阿罗纳
#A1B670	Around the Gills	脸色发青
#776600	Arousing Alligator	唤醒鳄鱼
#5C546E	Arraign	提审
#BB8246	Arrakis Spice	阿拉基斯香料
#5A3532	Arresting Auburn	夺目赤褐
#927257	Arrow Creek	箭溪
#C7A998	Arrow Quiver	箭袋
#A28440	Arrow Rock	箭岩
#5C503A	Arrow Shaft	箭杆
#514B40	Arrowhead	箭头
#58728A	Arrowhead Lake	箭头湖
#F9EAEB	Arrowhead White	箭头白
#F8DECF	Arrowroot	葛根
#E4DECF	Arrowroote	葛根
#827A67	Arrowtown	箭镇
#B3861E	Arrowwood	阿罗伍德
#3B444B	Arsenic	砷
#896956	Art and Craft	艺术与工艺
#CDACA0	Art Deco Pink	艺术装饰粉
#623745	Art Deco Red	艺术装饰红
#94897C	Art District	艺术区
#C06F70	Art House Pink	艺术屋粉
#A29AA0	Art Nouveau Glass	新艺术风格玻璃
#9C932F	Art Nouveau Green	新艺术风格绿色
#A08994	Art Nouveau Violet	新艺术风格紫罗兰色
#CA9D8D	Artefact	人工制品
#65A98F	Artemesia Green	蒿绿
#D2A96E	Artemis	阿尔忒弥斯
#DDDDEE	Artemis Silver	阿尔忒弥斯银
#E3EBEA	Artemisia	蒿属
#711518	Arterial	动脉
#A6BEE1	Artesian Pool	自流池
#007DB6	Artesian Water	自流水
#5EB2AA	Artesian Well	自流井
#A8B1AD	Artful	巧妙的
#91B4B3	Artful Aqua	艺术水族
#80505D	Artful Magenta	巧妙的洋红色
#CC6C82	Artful Pink	巧妙的粉色
#8F9779	Artichoke	洋蓟
#A19676	Artichoke Dip	朝鲜蓟浸
#517345	Artichoke Green	洋蓟绿
#E4D588	Artichoke Heart	洋蓟心
#C19AA5	Artichoke Mauve	洋蓟淡紫
#D9CA93	Artichoke Mist	洋蓟薄雾
#E6E2D3	Artifice	诡计
#A1A1A1	Artificial Intelligence Grey	人工智能灰
#FF43A4	Artificial Strawberry	人造草莓
#41B45C	Artificial Turf	人造草坪
#746F67	Artillery	火炮
#8F5C45	Artisan	工匠
#AFBFC4	Artisan Blue	工匠蓝
#B99779	Artisan Crafts	工匠工艺品
#117471	Artisan Green	工匠绿
#AC5B50	Artisan Red	工匠红
#B09879	Artisan Tan	工匠棕褐
#DAC2AF	Artisan Tea	工匠茶
#845E40	Artisan Tile	工匠瓷砖
#F2AB46	Artisans Gold	工匠金
#01343A	Artist Blue	艺术家蓝
#EEE4D2	Artist’s Canvas	艺术家的画布
#37393E	Artist’s Charcoal	艺术家的木炭
#A1969B	Artist’s Shadow	艺术家的影子
#987387	Artiste	艺术家
#434053	Artistic Licence	艺术许可
#5C6B65	Artistic Stone	艺术石
#C3B1AC	Artistic Taupe	艺术灰褐色
#D0D2E9	Artistic Violet	艺术紫
#F5C68B	Arts & Crafts Gold	工艺品金奖
#7D6549	Arts and Crafts	工艺品
#CCA537	Aru Ressha	阿鲁雷沙
#D1DED3	Aruba Aqua	阿鲁巴水上乐园
#7DD4D6	Aruba Blue	阿鲁巴蓝
#54B490	Aruba Green	阿鲁巴绿
#75AD5B	Arugula	芝麻菜
#E9D66B	Arylide Yellow	芳基黄
#48929B	Asagi Blue	浅蓝
#455559	Asagi Koi	浅木锦鲤
#F7BB7D	Asagi Yellow	浅黄
#FCEF01	Asfar Yellow	阿斯法黄
#BEBAA7	Ash	灰
#D7BEA5	Ash Blonde	灰金发
#98623C	Ash Brown	灰棕
#E8D3D1	Ash Cherry Blossom	灰樱桃花
#8C6F54	Ash Gold	灰金
#C1B5A9	Ash Grey	烟灰
#B9B3BF	Ash Grove	灰小树林
#A88E8B	Ash Hollow	灰谷
#D9DDE5	Ash in the Air	空中灰烬
#737486	Ash Mauve	灰淡紫
#998E91	Ash Pink	灰粉
#E8D3C7	Ash Plum	灰梅紫
#B5817D	Ash Rose	灰玫红
#AABB99	Ash Tree	梣树
#CECFD6	Ash Tree Bark	梣树皮
#9695A4	Ash Violet	灰紫罗兰
#E9E4D4	Ash White	灰白
#F0BD7E	Ash Yellow	灰黄
#B495A4	Ashberry	阿什伯里
#C9BFB2	Ashen	灰白
#994444	Ashen Brown	灰白棕
#B2A79D	Ashen Grey	灰白灰
#9B9092	Ashen Plum	灰白梅紫
#D3CABF	Ashen Tan	灰白棕褐
#8C7A7B	Ashen Violet	灰白紫罗兰
#646B7A	Ashen Whisper	灰白低语
#94A9B7	Ashen Wind	灰白风
#104071	Ashenvale Nights	灰谷之夜
#45575E	Asher Benjamin	亚瑟·本杰明
#B8B5AD	Ashes	灰烬
#BBB3A2	Ashes to Ashes	尘归尘
#A3A1A5	Ashland Heights	阿什兰高地
#8398A9	Ashley Blue	阿什利·布鲁
#D2D9DA	Ashlin Grey	阿什林·格雷
#A7A49F	Ashlite	阿什利特
#4A79BA	Ashton Blue	阿什顿蓝
#7B8EB0	Ashton Skies	阿什顿天空
#EDD6AE	Ashwood	白蜡木
#DBD4C3	Asiago	阿夏戈
#ECE0CD	Asian Fusion	亚洲融合
#E8E0CD	Asian Ivory	亚洲象牙
#D4B78F	Asian Jute	亚洲黄麻
#AE9156	Asian Pear	亚洲梨
#118822	Asian Spice	亚洲辛香
#8B818C	Asian Violet	亚洲紫罗兰
#B8B0A5	Ask Me Anything	尽管问
#88DDBB	āsmānī Sky	阿司马尼天空
#70B2CC	Aspara	阿斯帕拉
#77AB56	Asparagus	芦笋
#96AF54	Asparagus Cream	芦笋奶油
#B9CB5A	Asparagus Fern	芦笋蕨
#D2CBB4	Asparagus Green	芦笋绿
#576F44	Asparagus Sprig	芦笋小枝
#6A8E22	Asparagus Sultan	苏丹芦笋
#DAC98E	Asparagus Yellow	芦笋黄
#83A494	Aspen Aura	白杨光环
#C6BCAD	Aspen Branch	白杨枝条
#FFD662	Aspen Gold	白杨金
#72926B	Aspen Green	白杨绿
#A39B92	Aspen Grey	白杨灰
#6A8D88	Aspen Hush	白杨寂静
#CFD7CB	Aspen Mist	白杨薄雾
#F0F0E7	Aspen Snow	白杨雪
#687F7A	Aspen Valley	白杨山谷
#EDF1E3	Aspen Whisper	白杨低语
#F6DF9F	Aspen Yellow	白杨黄
#130A06	Asphalt	沥青
#474C55	Asphalt Blue	沥青蓝
#5E5E5D	Asphalt Grey	沥青灰
#A08A80	Aspiration	愿望
#A2C1C0	Aspiring Blue	渴望蓝色
#2D4F83	Assassin	刺客
#F60206	Assassin’s Red	刺客红
#E1D0B2	Assateague Sand	阿萨蒂格沙
#1C4374	Assault	突击
#867BA9	Aster	紫菀
#9BACD8	Aster Flower Blue	紫菀花蓝
#D4DAE2	Aster Petal	紫菀花瓣
#8881B0	Aster Purple	紫菀紫
#8F629A	Aster Violetta	紫菀紫菀
#F091A9	Astilbe	落新妇
#DD482B	Astorath Red	阿斯托拉红
#7E7565	Astoria Grey	阿斯托利亚·格雷
#EDD5A6	Astra	阿斯特拉
#376F89	Astral	星界
#363151	Astral Aura	星体光环
#203943	Astral Nomad	星界游牧者
#8EC2E7	Astral Spirit	星界之灵
#77FF77	Astro Arcade Green	Astro街机绿
#899FB9	Astro Bound	太空束缚
#5383C3	Astro Nautico	天文诺蒂科
#6D5ACF	Astro Purple	天文紫
#937874	Astro Sunset	天文日落
#797EB5	Astro Zinger	阿斯特罗·辛格
#757679	Astrogranite	星花岗岩
#3B424C	Astrogranite Debris	星花岗岩碎片
#2D96CE	Astrolabe Reef	星盘礁
#445172	Astronaut	宇航员
#214559	Astronaut Blue	宇航员蓝
#E8F2EB	Astronomer	天文学家
#474B4A	Astronomical	天文数字
#6B7C85	Astronomicon Grey	天文灰
#AFB4B6	Astroscopus Grey	天象灰
#67A159	Astroturf	阿斯特罗草皮
#273E51	Asurmen Blue Wash	阿苏曼蓝色水洗
#17181C	Aswad Black	阿斯瓦德黑
#E7EEE1	At Ease	轻松自在
#9E9985	At Ease Soldier	安逸的士兵
#E7D9B9	At the Beach	海滩
#A3ABB8	Atelier	工作室
#003A6C	Ateneo Blue	雅典耀蓝
#DCD7CC	Athena	雅典娜
#66DDFF	Athena Blue	雅典娜蓝
#E9B4C3	Athena Pink	雅典娜粉红
#92A18A	Athenian Green	雅典绿
#3F74B1	Athens	雅典
#DCDDDD	Athens Grey	雅典灰
#6D8E44	Athonian Camoshade	雅典迷彩
#D5CBB2	Aths Special	雅典特辑
#FF7E02	Ati-Ati Amber	阿蒂阿蒂琥珀
#008997	Atlantic Blue	大西洋蓝
#CBE1EE	Atlantic Breeze	大西洋微风
#2B2F41	Atlantic Charter	大西洋宪章
#294F58	Atlantic Deep	大西洋深
#001166	Atlantic Depths	大西洋深处
#D7CEB9	Atlantic Fig Snail	大西洋无花果蜗牛
#A5B4AC	Atlantic Foam	大西洋泡沫
#4B8EB0	Atlantic Gull	大西洋鸥
#00629A	Atlantic Mystique	大西洋的神秘
#13336F	Atlantic Navy	大西洋海军蓝
#A7D8E4	Atlantic Ocean	大西洋海洋
#DCD5D2	Atlantic Sand	大西洋沙
#3B5F83	Atlantic Schooner	大西洋纵帆船
#708189	Atlantic Shoreline	大西洋海岸线
#3E586E	Atlantic Tide	大西洋潮汐
#B598C3	Atlantic Tulip	大西洋郁金香
#264243	Atlantic Waves	大西洋浪
#336172	Atlantis	亚特兰蒂斯
#006477	Atlantis Myth	亚特兰蒂斯神话
#5CA0A7	Atlas Cedar	阿特拉斯雪松
#667A6E	Atlas Cedar Green	阿特拉斯雪松绿
#82193A	Atlas Red	阿特拉斯红
#EDE5CF	Atlas White	阿特拉斯·怀特
#0099DD	Atmosphere	气氛
#899697	Atmospheric	大气
#C2D0E1	Atmospheric Pressure	大气压
#ACE1F0	Atmospheric Soft Blue	大气柔和蓝
#2B797A	Atoll	环礁
#FFCF9E	Atoll Sand	环礁沙
#8F9CAC	Atom Blue	原子蓝
#3D4B52	Atomic	原子
#0097C3	Atomic Blue	原子蓝
#B9FF03	Atomic Lime	原子青柠
#F88605	Atomic Orange	原子橙
#FB7EFD	Atomic Pink	原子粉
#00FA9A	Atomic Spring	原子春
#FF9966	Atomic Tangerine	原子柑橘
#F1EEE4	Atrium White	中庭白
#994240	Attar of Rose	玫瑰精油
#CCBCA9	Attic Linen	阁楼亚麻布
#A1BCA9	Attica	阿提卡
#A48884	Attitude	态度
#7C7D75	Attitude Grey	态度灰色
#3F4258	Attorney	律师
#9E6759	Au Chico	奥奇科
#F4F2E2	Au Clair de la Lune	月之光
#F6A694	Au Contraire	反面
#FF9D45	Au Gratin	焗烤面包
#B99D83	Au Lait Ole	欧蕾
#E5E1CE	Au Natural	天然
#E8CAC0	Au Naturel	自然
#3F3130	Auberge	客栈
#372528	Aubergine	茄
#F2E4DD	Aubergine Flesh	茄子肉
#8B762C	Aubergine Green	茄绿
#6E5861	Aubergine Grey	茄灰
#3B2741	Aubergine Mauve	茄淡紫
#5500AA	Aubergine Perl	茄子珀尔
#712F2C	Auburn	赤褐
#B58271	Auburn Glaze	赤褐釉
#78342F	Auburn Lights	赤褐光
#D8A394	Auburn Wave	赤褐波浪
#B5ACB7	Audition	试镜
#AE8087	Audrey’s Blush	奥黛丽绯红
#9F9292	Auger Shell	螺旋钻壳
#E6E1D6	August Moon	八月月
#FFD79D	August Morning	八月早晨
#90AA0B	Augustus Asparagus	奥古斯都芦笋
#7C7469	Aumbry	奥姆布里
#7C0087	Aunt Violet	紫阿姨
#B2A8A1	Aura	光环
#DEE2E4	Aura White	光环白
#FDEE00	Aureolin	奥雷林
#C48919	Auric	奥里克
#E8BC6D	Auric Armour Gold	金金护甲
#AA6A44	Auric Copper	金铜
#32FFDC	Aurichalcite	铝辉石
#533552	Auricula Purple	耳耳紫
#6E7F80	AuroMetalSaurus	金色金属龙
#EBD147	Aurora	极光
#556B87	Aurora Borealis	北极光
#6ADC99	Aurora Green	极光绿
#D3C5C4	Aurora Grey	极光灰
#963B60	Aurora Magenta	极光品红
#EC7042	Aurora Orange	极光橙
#E881A6	Aurora Pink	极光粉
#C13435	Aurora Red	极光红
#595682	Aurora Splendour	极光辉煌
#72B2AF	Aurora Teal	极光青
#438273	Aussie Surf	澳大利亚冲浪
#726848	Austere	严峻
#BEBFB2	Austere Grey	朴素灰色
#F4C4A5	Australian Apricot	澳大利亚杏
#84A194	Australian Jade	澳大利亚翡翠
#EFF8AA	Australian Mint	澳大利亚薄荷
#CC9911	Australien	澳大利亚人
#E7B53B	Australium Gold	澳金
#DEE6E7	Austrian Ice	奥地利冰
#6B5446	Authentic Brown	正宗棕色
#EADDC6	Authentic Tan	正宗棕褐色
#C38743	Autumn Fox	秋狐
#C6C7C5	Autonomous	自主
#AF865B	Autumn	秋
#D2A888	Autumn Air	秋意
#CDA449	Autumn Apple Yellow	秋苹果黄
#F9986F	Autumn Arrival	秋至
#816B68	Autumn Ashes	秋灰烬
#E3AD59	Autumn Avenue	秋日大道
#9D6F46	Autumn Bark	秋树皮
#D9922E	Autumn Blaze	秋焰
#ECCCA6	Autumn Blonde	秋金发
#FFE0CB	Autumn Bloom	秋绽放
#E4D1C0	Autumn Blush	秋绯红
#FBE6C1	Autumn Child	秋孩子
#447744	Autumn Crocodile	秋鳄鱼
#EA6F5B	Autumn Enchantment	秋天的魅力
#67423B	Autumn Fall	秋落
#507B49	Autumn Fern	秋蕨
#BE7D33	Autumn Fest	秋季盛宴
#A28B36	Autumn Festival	秋节日
#C44E4F	Autumn Fire	秋火
#AFB8BA	Autumn Fog	秋雾
#B3573F	Autumn Glaze	秋釉
#E9874E	Autumn Glimmer	秋光
#FF8812	Autumn Glory	秋荣光
#E5C382	Autumn Glow	秋辉光
#7D623C	Autumn Gold	秋金
#E6AE76	Autumn Gourd	秋葫芦
#B2ABA7	Autumn Grey	秋灰
#827B53	Autumn Grove	秋小树林
#D4C2B1	Autumn Haze	秋霾
#B9674E	Autumn Ivy	秋常春藤
#E47227	Autumn Landscape	秋风景
#9D8D66	Autumn Laurel	秋月桂
#B56A4C	Autumn Leaf	秋叶
#7A560E	Autumn Leaf Brown	秋叶棕
#D07A04	Autumn Leaf Orange	秋叶橙
#623836	Autumn Leaf Red	秋叶红
#6E4440	Autumn Leaves	秋叶
#CEA48E	Autumn Malt	秋季麦芽
#D26F16	Autumn Maple	秋枫
#ACB78E	Autumn Meadow	秋草地
#F7B486	Autumn Mist	秋薄雾
#3B5861	Autumn Night	秋夜
#EE9950	Autumn Orange	秋橙
#9D9093	Autumn Orchid	秋兰花紫
#158078	Autumn Pine Green	秋松绿
#99451F	Autumn Red	秋红
#9B423F	Autumn Ridge	秋山岭
#C2452D	Autumn Robin	秋知更鸟
#A4746E	Autumn Russet	秋赤褐
#AEA26E	Autumn Sage	秋鼠尾草
#D19957	Autumn Spice	秋辛香
#FE9A50	Autumn Splendour	秋辉煌
#F38554	Autumn Sunset	秋日落
#AB662E	Autumn Surprise	秋惊喜
#AE704F	Autumn Umber	秋赭褐
#FAE2CF	Autumn White	秋白
#FBD1B6	Autumn Wind	秋风
#C9A0DC	Autumn Wisteria	秋紫藤
#E99700	Autumn Yellow	秋黄
#BA7A61	Autumn’s Hill	秋天的山丘
#AD5928	Autumnal	秋季
#106B21	Avagddu Green	阿瓦格杜·格林
#799B96	Avalon	阿瓦隆
#FF77EE	Avant-Garde Pink	前卫粉色
#576E6A	Aventurine	东陵
#D2C2B0	Avenue Tan	大道棕褐
#FFAA1D	Averland Sunset	阿维兰日落
#C6E3E8	Aviary Blue	鸟舍蓝
#7D6049	Aviator	飞行员
#F4C69F	Avid Apricot	狂热的杏子
#C5B47F	Aviva	英杰华
#568203	Avocado	牛油果
#B7BF6B	Avocado Cream	牛油果奶油
#3E4826	Avocado Dark Green	牛油果深绿
#87A922	Avocado Green	牛油果绿
#555337	Avocado Pear	牛油果梨
#39373B	Avocado Peel	牛油果皮
#4E3E1F	Avocado Stone	牛油果石
#90B134	Avocado Toast	牛油果吐司
#CDD6B1	Avocado Whip	牛油果奶霜
#CCBDB4	Avorio	阿沃里奥
#A7A3BB	Awaken	觉醒
#E3DAE9	Awakened	觉醒
#BB9E9B	Awakening	觉醒
#315886	Award Blue	奖蓝
#54617D	Award Night	颁奖之夜
#FEF0DE	Award Winning White	获奖白
#E3EBB1	Awareness	意识
#F0D6CF	Awe	敬畏
#CCC1DA	Awesome Aura	令人敬畏的光环
#A7B2D4	Awesome Violet	很棒的紫罗兰
#D208CC	Awkward Purple	尴尬的紫色
#90413E	Awning Red	遮阳篷红
#6B4730	Axe Handle	斧柄
#756050	Axinite	斧石
#BAB6CB	Axis	轴
#FFF0DF	Axolotl	蝾螈
#665500	Ayahuasca Vine	死藤水藤
#763568	Ayame Iris	菖蒲
#A07254	Ayrshire	艾尔郡
#D73B5D	Azalea	杜鹃
#EFC0CB	Azalea Flower	杜鹃花
#4A6871	Azalea Leaf	杜鹃叶
#F9C0C4	Azalea Pink	杜鹃粉
#BA7462	Azalea Pot	杜鹃壶
#A5B546	Azeitona	阿泽托纳
#7C968B	Azores	亚速尔群岛
#0085A7	Azores Blue	亚速尔群岛蓝
#4C6CB3	Azraq Blue	阿兹拉克蓝
#B13916	Azshara Vein	艾萨拉矿脉
#293432	Aztec	阿兹特克
#FFEFBC	Aztec Aura	阿兹特克光环
#9E8352	Aztec Brick	阿兹特克砖
#C46943	Aztec Copper	阿兹特克铜
#E7B347	Aztec Glimmer	阿兹特克微光
#C39953	Aztec Gold	阿兹特克金
#33BB88	Aztec Jade	阿兹特克翡翠
#4DB5D7	Aztec Sky	阿兹特克天空
#84705B	Aztec Temple	阿兹特克寺
#00D6E2	Aztec Turquoise	阿兹特克青
#BB0066	Aztec Warrior	阿兹特克战士
#96514D	Azuki Bean	红豆
#672422	Azuki Red	红豆红
#1D5DEC	Azul	蓝
#0089C4	Azul Caribe	加勒比蔚蓝
#C9E3EB	Azul Cielito Lindo	阿祖尔·西埃利托·林多
#537FAF	Azul Pavo Real	蓝孔雀皇家
#36454F	Azul Petróleo	石油蓝
#E2EFF2	Azul Primavera	蓝色春日
#C0CFC7	Azul Tequila	蓝龙舌兰酒
#6ABAC4	Azul Turquesa	蓝色绿松石
#211D49	Azulado	阿祖拉多
#007FFF	Azure	蔚蓝
#4D91C6	Azure Blue	蔚蓝
#053976	Azure Dragon	蔚蓝龙
#006C81	Azure Green Blue	蔚蓝绿蓝
#DDDCE1	Azure Hint	蔚蓝微意
#7BBBC8	Azure Lake	蔚蓝湖
#F0FFF1	Azure Mist	蔚蓝薄雾
#007F1F	Azure Radiance	蔚蓝光辉
#B0E0F6	Azure Sky	蔚蓝天空
#2B9890	Azure Tide	蔚蓝潮汐
#59BAD9	Azurean	蔚蓝
#DBE9F4	Azureish White	天青白色
#CC81F0	Azuremyst Isle	秘蓝岛
#8FA0D5	Azureno	阿祖鲁诺
#497F73	Azurite Water Green	蓝铜矿水绿
#2E5894	B’dazzled Blue	B’眩晕蓝
#EDB367	Ba-Dum Ching!	巴丹清！
#610023	Baal Red Wash	巴力红洗
#EEBB88	Baba Ganoush	巴巴·甘努什
#BECFCD	Babbling Brook	潺潺溪流
#A7BAD3	Babbling Creek	潺潺溪流
#DC7B7C	Babe	贝贝
#876FA3	Babiana	巴比亚娜
#ABCCC3	Baby Aqua	婴儿水色
#E9E3CE	Baby Artichoke	婴儿洋蓟
#C3C3B8	Baby Barn Owl	仓鸮宝宝
#6F5944	Baby Bear	婴儿熊
#9C4A62	Baby Berries	婴儿莓
#FAEFE9	Baby Blossom	婴儿花
#A2CFFE	Baby Blue	婴儿蓝
#A1CAF1	Baby Blue Eyes	婴儿蓝眼
#BBB98A	Baby Bok Choy	小白菜
#B7CADB	Baby Boots	婴儿靴
#ABCAEA	Baby Bunting	婴儿彩旗
#8C665C	Baby Burro	布罗宝宝
#87BEA3	Baby Cake	婴儿蛋糕
#FFEDA2	Baby Chick	小鸡
#F3ACB9	Baby Fish Mouth	鱼嘴宝宝
#F0D0B0	Baby Fragrance	婴儿香氛
#C8BA63	Baby Frog	婴儿蛙
#FFDFE8	Baby Girl	婴儿女孩
#8ABD7B	Baby Grass	婴儿草
#8CFF9E	Baby Green	婴儿绿
#D0A7A8	Baby Jane	宝贝简
#FFA468	Baby Melon	婴儿瓜
#8FCBDC	Baby Motive	婴儿动机
#FFB7CE	Baby Pink	婴儿粉
#FEFEFA	Baby Powder	婴儿粉
#CA9BF7	Baby Purple	婴儿紫
#A1A5A8	Baby Seal	婴儿海豹
#89A882	Baby Spinach	婴儿菠菜
#A78B81	Baby Sprout	婴儿芽
#F5C9DA	Baby Steps	婴儿学步
#BABABA	Baby Talk Grey	宝宝语灰色
#66B9D6	Baby Tears	婴儿泪
#DCC2CB	Baby Tone	婴儿调
#EEFFDD	Baby Tooth	婴儿牙
#5D6942	Baby Vegetable	宝宝蔬菜
#4D5588	Baby Whale	婴儿鲸
#FFAEC1	Baby’s Blanket	婴儿毯
#E8C1C2	Baby’s Booties	婴儿靴
#D8E4E8	Baby’s Breath	满天星
#EECCBB	Babyccino	巴比奇诺
#C8E4E7	Babymoon Blue	婴儿月蓝
#945759	Baca Berry	巴卡浆果
#8A3A3C	Bacchanalia Red	酒神红
#95122C	Bacchic Burgundy	勃艮第酒神
#8FAACA	Bachelor Blue	学士蓝色
#4ABBD5	Bachelor Button	学士按钮
#FDDEA5	Bachimitsu Gold	八光黄金
#16141C	Back in Black	黑
#015F7F	Back of Beyond	天涯海角
#6B625B	Back Stage	后台
#726747	Back to Basics	回到基础
#BDB98F	Back to Nature	自然
#C1853B	Back to School	学校
#7C725F	Backcountry	边远地区
#A7A799	Backdrop	背景
#FCF0E5	Backlight	背光
#FFDF4F	Backlit Lemon	背光柠檬
#A19250	Backroom Ember	幕后余烬
#687078	Backwater	回水
#4A6546	Backwoods	边远地区
#879877	Backyard	后院
#DF3F32	Bacon Strips	培根条
#F1C983	Bad Hair Day	糟糕的头发日
#F2E5B4	Bad Moon Yellow	坏月黄
#0A0908	Badab Black Wash	巴达布黑色水洗
#B4DA55	Badass Grass	坏蛋草
#B5695A	Badlands	荒地
#FF6316	Badlands Orange	荒地橙
#936A5B	Badlands Sunset	荒地日落
#D5BCB3	Badlands Taupe	荒地灰褐色
#D3A194	Badshahi Brown	巴德夏希棕
#E1BD88	Bag of Gold	包金
#F6CD9B	Bagel	贝果
#1C5544	Bagpiper	风笛
#B5936A	Baguette	法棍
#25597F	Bahama Blue	巴哈马蓝
#B9D1DA	Bahama Breezes	巴哈马微风
#3FA49B	Bahaman Bliss	巴哈曼极乐
#12ABBE	Bahaman Sea	巴哈曼海
#58C1CD	Baharroth Blue	巴哈罗斯蓝
#A9C01C	Bahia	巴伊亚
#C4C5AD	Bahia Grass	巴伊亚草
#ECEFEF	Bái Sè White	白色白
#887938	Baikō Brown	白光棕
#8A8EC9	Bailey Bells	贝利·贝尔斯
#8273FD	Bainganī	班加尼
#4B5445	Baize	白泽
#C7CDA8	Baize Green	白泽绿
#D2C1A8	Baja	巴哈
#66A6D9	Baja Blue	巴哈蓝
#FFF8D1	Baja White	巴哈白
#B34646	Baked Apple	烘苹果
#9C4856	Baked Bahama	烤巴哈马
#B2754D	Baked Bean	烘豆
#DAD3CC	Baked Biscotti	烤脆饼
#DACBA9	Baked Bread	烘面包
#EDE9D7	Baked Brie	烤布里干酪
#A35445	Baked Clay	烘黏土
#89674A	Baked Cookie	烘饼干
#EEC8BC	Baked Ham	烘火腿
#B69E87	Baked Potato	烘土豆
#DF9876	Baked Salmon	烘鲑粉
#E5D3BC	Baked Scone	烘司康
#9B775E	Baked Sienna	烘赭色
#E6D4A5	Bakelite	电木
#D7995D	Bakelite Gold	胶木金
#C6B788	Bakelite Yellow	胶木黄
#BF8284	Baker Rose	贝克·罗斯
#FF92AE	Baker-Miller Pink	贝克米勒粉红
#D0B393	Baker’s Bread	面包师的面包
#5C3317	Baker’s Chocolate	面包师的巧克力
#CEB997	Baker’s Dozen	贝克的十几个
#C98F70	Baker’s Dream	贝克的梦想
#F0F4F2	Bakery Box	面包盒
#AB9078	Bakery Brown	面包棕
#EFB435	Baklava	果仁蜜饼
#273F4B	Bakos Blue	巴科斯蓝
#D1DBC2	Balance	平衡
#C3C5A7	Balance Green	平衡绿色
#D7D2D1	Balanced	平衡
#C0B2A2	Balanced Beige	平衡米色
#AFD3DA	Balboa	巴尔博亚
#E2BCB8	Balcony Rose	阳台玫瑰
#D78E6B	Balcony Sunset	阳台日落
#165A90	Baleine Blue	巴莱恩蓝
#CF994B	Bales of Brown	成捆的棕色
#6F5937	Bali Batik	巴厘岛蜡染
#5E9EA0	Bali Bliss	巴厘岛极乐
#8A8E93	Bali Deep	巴厘岛深海
#849CA9	Bali Hai	巴厘海
#F6E8D5	Bali Sand	巴厘岛沙
#F1A177	Balinese Sunset	巴厘岛日落
#21ABCD	Ball Blue	球蓝
#525661	Ball Gown	舞会礼服
#CAB6C6	Ballad	歌谣
#F2CFDC	Ballerina	芭蕾舞者
#E8DED6	Ballerina Beauty	芭蕾舞者美
#F9EAEA	Ballerina Gown	芭蕾舞礼服
#F7B6BA	Ballerina Pink	芭蕾舞者粉
#F0DEE0	Ballerina Silk	芭蕾舞者丝
#F2BBB1	Ballerina Tears	芭蕾舞者泪
#C8647F	Ballerina Tutu	芭蕾舞短裙
#F7D5D4	Ballet	芭蕾
#FC8258	Ballet Cream	芭蕾奶油
#D3ADB1	Ballet Rose	芭蕾玫红
#FFC5B3	Ballet Skirt	芭蕾舞裙
#FCA2AD	Ballet Slippers	芭蕾舞鞋
#F2E7D8	Ballet White	芭蕾白
#B2B29C	Ballie Scott Sage	巴莉·斯科特·塞奇
#323477	Ballpoint Indigo	靛蓝圆珠笔
#DAD3C8	Ballroom Belle	舞厅美女
#A6B3C9	Ballroom Blue	宴会厅蓝
#85928E	Ballroom Slippers	舞厅拖鞋
#58A83B	Ballyhoo	大肆宣传
#C5D8DE	Balmy	温和的
#5C6F64	Balmy Palm Tree	温和的棕榈树
#B4DCD3	Balmy Seas	温和的海洋
#9C6B08	Balor Brown	巴洛尔棕
#CBBB92	Balsa Stone	轻木石
#9A7550	Balsa Wood	轻木木
#BEC4B7	Balsam	香脂
#36574E	Balsam Branch	香脂枝条
#CBA874	Balsam Brown	香脂棕
#909E91	Balsam Fir	香脂冷杉
#120D07	Balsam of Peru	秘鲁香脂
#B19338	Balsam Pear	香脂梨
#434340	Balsamic Reduction	香醋还原
#130D07	Balsamico	巴尔萨米科
#A47552	Balthasar Gold	巴尔塔萨金
#279D9F	Baltic	波罗的海
#FBB782	Baltic Amber	波罗的海琥珀
#6C969A	Baltic Blue	波罗的海蓝
#9FBBDA	Baltic Bream	波罗的海鲷
#3AA098	Baltic Green	波罗的海绿
#135952	Baltic Prince	波罗的海王子
#3C3D3E	Baltic Sea	波罗的海海
#125761	Baltic Trench	波罗的海海沟
#00A49A	Baltic Turquoise	波罗的海青
#8EDACC	Bambino	班比诺
#E3DEC6	Bamboo	竹
#C1ABA0	Bamboo Beige	竹米色
#C87F00	Bamboo Brown	竹棕
#454A48	Bamboo Charcoal	竹炭
#B1A979	Bamboo Forest	竹森林
#82994C	Bamboo Grass Green	竹草绿
#99B243	Bamboo Leaf	竹叶
#E5DA9F	Bamboo Mat	竹凉席
#BCAB8C	Bamboo Screen	竹屏
#A3B6A4	Bamboo Shoot	竹笋
#C6CFAD	Bamboo White	竹白
#AE884B	Bamboo Yellow	竹黄
#5A1991	Banaf? Violet	巴纳夫斯紫罗兰
#A50B5E	Banafsaji Purple	巴纳夫萨吉紫
#FAF3A6	Banan-Appeal	巴南-上诉
#FFFC79	Banana	香蕉
#EFE073	Banana Ball	香蕉球
#F8F739	Banana Bandanna	香蕉头巾
#FFDE7B	Banana Biscuit	香蕉饼干
#933E49	Banana Blossom	香蕉花
#FDC838	Banana Boat	香蕉船
#F7E82E	Banana Bombshell	香蕉重磅炸弹
#FFCF73	Banana Bread	香蕉面包
#E8D82C	Banana Brick	香蕉砖
#F7EAB9	Banana Br?lée	香蕉布丁
#D6D963	Banana Chalk	香蕉粉笔
#EEDD00	Banana Clan	香蕉族
#FFF49C	Banana Cream	香蕉奶油
#E7D3AD	Banana Crepe	香蕉可丽饼
#FCF3C5	Banana Custard	香蕉蛋奶
#F1D548	Banana Drama	香蕉戏
#FFDF38	Banana Farm	香蕉园
#EEFE02	Banana Flash	香蕉闪光
#DDD5B6	Banana Frappé	香蕉冰沙
#F1D3B2	Banana Ice Cream	香蕉冰奶油
#FFFB08	Banana King	香蕉王
#9D8F3A	Banana Leaf	香蕉叶
#FBE7B2	Banana Mania	香蕉狂热
#FAFE4B	Banana Mash	香蕉泥
#FFF7AD	Banana Milk	香蕉奶
#EDE6CB	Banana Milkshake	香蕉奶昔
#95A263	Banana Palm	香蕉棕榈
#FFE774	Banana Peel	香蕉皮
#FDD630	Banana Pepper	香蕉胡椒
#F7EFD7	Banana Pie	香蕉派
#D0C101	Banana Powder	香蕉粉
#F3DB00	Banana Propaganda	香蕉宣传
#F4EFC3	Banana Pudding	香蕉布丁
#B29705	Banana Puree	香蕉泥
#FFE292	Banana Republic	香蕉共和国
#F6F5D7	Banana Sparkes	香蕉火花
#F7EEC8	Banana Split	香蕉船
#FFE135	Banana Yellow	香蕉黄
#FAE7B5	Banana Yoghurt	香蕉酸奶
#E4D466	Bananarama	巴纳纳拉玛
#DBBE97	Bananas Foster	香蕉福斯特
#00A86C	Banaue Jade	巴拿威玉
#666A47	Bancha	番茶
#816E54	Bancroft Village	班克罗夫特村
#D7A97C	Band-Aid	创可贴
#01578F	Bandana	头巾
#E0D3BD	Banded Tulip	带状郁金香
#878466	Bandicoot	班迪科特
#871466	Bane of Royalty	皇室之祸
#937F6D	Baneblade Brown	毒刃棕色
#BC393B	Bang	邦
#BBAA88	Bangalore	班加罗尔
#006A4F	Bangladesh Green	孟加拉绿
#D2B762	Banh Bot Loc Dumpling	水晶虾饺
#745E6F	Banished Brown	放逐的棕色
#3E4652	Bank Blue	银行蓝
#757374	Bank Vault	银行金库
#A6B29A	Banksia	山龙眼属
#4B5539	Banksia Leaf	山龙眼叶
#016876	Bankson Lake	班克森湖
#A28557	Banner Gold	旗帜金
#806B5D	Bannister Brown	班尼斯特棕
#E1E0D6	Bannister White	班尼斯特怀特
#DAF0E6	Banshee	女妖
#AF6C5D	Bantam Egg	矮脚鸡蛋
#98AB8C	Banyan Serenity	榕树宁静
#8D793E	Banyan Tree	悦榕庄
#E6490B	Baptism by Fire	火的洗礼
#E9546B	Bara Red	巴拉红
#551100	Baragon Brown	巴拉贡棕
#4B2D2A	Barako Brew	巴拉科啤酒
#3E6676	Barbados	巴巴多斯
#006665	Barbados Bay	巴巴多斯湾
#B8A983	Barbados Beige	巴巴多斯米色
#2766AC	Barbados Blue	巴巴多斯蓝
#AF0A30	Barbados Cherry	巴巴多斯樱桃
#FF0FF3	Barbara	芭芭拉
#F78C5A	Barbarian	野蛮人
#A17308	Barbarian Leather	野蛮人皮革
#A84734	Barbarossa	巴巴罗萨
#C26157	Barbecue	烧烤
#471C0F	Barbecue Sauce	烧烤酱
#8B031C	Barbera	巴贝拉
#EE1133	Barberry	小檗
#D2C61F	Barberry Bush	小檗布什
#E1D4BC	Barberry Sand	小檗沙
#F3BD32	Barberry Yellow	伏牛黄
#FE46A5	Barbie Pink	芭比粉红
#E15ACB	Barbiecore	巴比科
#C4B39C	Barcelona Beige	巴塞罗那米色
#926A46	Barcelona Brown	巴塞罗那棕
#FF9500	Barcelona Orange	巴塞罗那橙
#817E6D	Bare	素
#E8D3C9	Bare Beige	素米色
#EEDDCC	Bare Bone	素骨白
#DCD4C3	Bare Market	裸市
#D6E3E7	Bare Mintimum	极简薄荷
#EFC9B7	Bare Necessity	基本所需
#F2E1DD	Bare Pink	素粉
#BAE9E0	Barely Aqua	微泛水色
#E4CCD4	Barely Berry	微泛莓色
#DDAADD	Barely Bloomed	含苞初放
#DDE0DF	Barely Blue	微蓝
#DD6655	Barely Brown	微棕
#F8E9C2	Barely Butter	微泛黄油
#CCBDB9	Barely Mauve	微泛淡紫
#FFE9C7	Barely Peach	微泛桃色
#EDEBDB	Barely Pear	微泛梨色
#F8D7DD	Barely Pink	微粉
#FFE3CB	Barely Ripe Apricot	将熟杏子
#EDE0E3	Barely Rose	微玫
#E1E3DD	Barely White	微白
#D5D3C0	Barest Celadon	极淡青瓷
#C5D9DB	Barest Hint of Blue	一丝蓝意
#D5D3C7	Barest Hush	万籁俱寂
#94AC02	Barf Green	呕吐绿
#68534A	Bargeboard Brown	封檐板棕
#BCAFA2	Barista	咖啡师
#BB8D4E	Barista’s Favourite	咖啡师的最爱
#9E7B5C	Barite	重晶石
#708E95	Baritone	男中音
#F4E1C5	Barium	钡
#8FFF9F	Barium Green	钡绿
#5F5854	Bark	树皮
#73532A	Bark Brown	树皮棕
#AB9004	Bark Sawdust	树皮锯末
#ADC6DA	Barking Creek	巴金溪
#C5B497	Barking Prairie Dog	草原犬鼠吠
#D5B37E	Barley	大麦
#B6935C	Barley Corn	大麦玉米
#C7BCAE	Barley Field	大麦田
#FBF2DB	Barley Groats	大麦碎粒
#F7E5B7	Barley White	大麦白
#8E5959	Barn Door	谷仓门
#8B4044	Barn Red	谷仓红
#4D332A	Barn Swallow	家燕
#AC1DB8	Barney	巴尼
#A00498	Barney Purple	巴尼紫
#9C9481	Barnfloor	谷仓地板
#554D44	Barnwood	巴恩伍德
#87857E	Barnwood Ash	巴恩伍德灰
#9E9589	Barnwood Grey	巴恩伍德灰色
#5DAC51	Barnyard Grass	稗草
#71000E	Barolo	巴罗洛
#929899	Barometer	晴雨表
#A785A7	Baroness	男爵夫人
#847098	Baroness Mauve	淡紫男爵夫人
#5A4840	Baronial Brown	男爵棕
#DDAA22	Baroque	巴洛克风格
#95B6B5	Baroque Blue	巴洛克蓝
#AECCCB	Baroque Chalk Soft Blue	巴洛克粉笔柔蓝
#5F5D64	Baroque Grey	巴洛克灰
#7B4F5D	Baroque Red	巴洛克红
#B35A66	Baroque Rose	巴洛克玫瑰
#452E39	Barossa	巴罗莎
#F0B069	Barrel	桶
#8B6945	Barrel Aged	桶陈年
#9E3C31	Barrel Sponge	桶装海绵
#8E7E67	Barrel Stove	桶炉
#B9ABA3	Barren	贫瘠
#F5D1B2	Barrett Quince	巴雷特昆斯
#84623E	Barricade	路障
#009BB5	Barrier Reef	堡礁
#A2A59E	Barrister Grey	大律师灰
#9F8E71	Barro Verde	巴罗维德
#989998	Basalt	玄武岩
#4D423E	Basalt Black	玄武岩黑
#C15154	Basashi Red	巴萨希红
#575C3A	Base Camp	大本营
#BB9955	Base Sand	基地沙
#F4EADC	Baseball Base	棒球基地
#E3EDED	Bashful	害羞的
#6994CF	Bashful Blue	羞涩的蓝
#B2B0AC	Bashful Emu	害羞的鸸鹋
#D0D2E3	Bashful Lilac	害羞的丁香
#D9CDE5	Bashful Pansy	害羞的三色堇
#B88686	Bashful Rose	害羞的玫瑰
#DBC3B6	Basic Coral	基本珊瑚
#C3B69F	Basic Khaki	基本卡其色
#879F84	Basil	罗勒
#828249	Basil Chiffonade	罗勒雪纺纱
#54622E	Basil Green	罗勒绿
#E2E6DB	Basil Icing	罗勒糖霜
#6C5472	Basil Mauve	罗勒淡紫
#529D6E	Basil Pesto	罗勒青酱
#B7E1A1	Basil Smash	罗勒粉碎
#4A9FA7	Basilica Blue	大教堂蓝
#9AB38D	Basilisk	蛇怪
#BCECAC	Basilisk Lizard	蛇怪蜥蜴
#B9DEE4	Basin Blue	盆蓝
#C0A98B	Basket Beige	篮米色
#C8C0B8	Basket of Bobbins	线轴篮
#F4CC3C	Basket of Gold	篮金
#EE6730	Basketball	篮球
#BDA286	Basketry	篮子
#CAAD92	Basketweave Beige	篮纹米色
#EBE1C9	Basmati White	印度香米白
#5F6033	Basque Green	巴斯克绿
#D3C1CB	Bassinet	摇篮
#C9B196	Basswood	椴木
#839E83	Basswood Green	椴木绿
#FFCC88	Bastard Amber	混色琥珀
#2C2C32	Bastille	巴士底狱灰
#4D4A4A	Bastion Grey	堡垒灰
#7E7466	Bat Wing	蝙蝠翼
#FEFF00	Bat-Signal	蝙蝠信号
#EE3366	Bat’s Blood Soup	蝙蝠血汤
#87B2C9	Batch Blue	批量蓝色
#45392F	Batch Brew	批量冲泡
#1B7598	Bateau	小船
#7A5F5A	Bateau Brown	小船棕
#D8E9DB	Bath	浴
#E6F2EA	Bath Bubbles	浴泡泡
#0A696A	Bath Green	浴绿
#411900	Bath in Chocolate	巧克力浴
#BBDED7	Bath Salt Green	浴盐绿
#62BAA8	Bath Turquoise	浴青
#88EEEE	Bath Water	浴水
#C2E0E3	Bathe Blue	沐浴蓝色
#93C9D0	Bathing	沐浴
#428267	Bathing Beauty	沐浴美容
#7E738B	Batik Lilac	丁香蜡染
#9C657E	Batik Pink	蜡染粉色
#656E72	Batman	蝙蝠侠
#866F5A	Baton	接力棒
#B8292B	Baton Rouge	巴吞鲁日
#1F1518	Bats Cloak	蝙蝠斗篷
#EDE2D4	Battered Sausage	面糊香肠
#1DACD4	Battery Charged Blue	满电蓝
#74828F	Battle Blue	战斗蓝
#2B7414	Battle Cat	战猫
#7E8270	Battle Dress	战斗服
#9C9C82	Battle Harbour	巴特尔港
#9C9895	Battleship	战列舰
#828F72	Battleship Green	战舰绿
#6F7476	Battleship Grey	战舰灰
#11CC55	Battletoad	战蟾蜍
#595438	Batu Cave	黑风洞
#3F4040	Bauhaus	包豪斯
#006392	Bauhaus Blue	包豪斯蓝
#CFB49E	Bauhaus Buff	包豪斯浅黄色
#B0986F	Bauhaus Gold	包豪斯金奖
#CCC4AE	Bauhaus Tan	包豪斯谭
#4D5E42	Bavarian	巴伐利亚
#1C3382	Bavarian Blue	巴伐利亚蓝
#FFF9DD	Bavarian Cream	巴伐利亚奶油
#20006D	Bavarian Gentian	巴伐利亚龙胆
#749A54	Bavarian Green	巴伐利亚绿
#ACBF93	Bavarian Hops	巴伐利亚啤酒花
#4D3113	Bavarian Sweet Mustard	巴伐利亚甜芥末
#B3E2D3	Bay	海湾
#AFA490	Bay Area	湾区
#773300	Bay Brown	海湾棕
#9899B0	Bay Fog	海湾雾
#214048	Bay Isle Pointe	湾岛普安特
#86793D	Bay Leaf	海湾叶
#85C5C8	Bay Mist	海湾薄雾
#BFC9D0	Bay of Hope	海湾希望
#353E64	Bay of Many	众湾
#D2CDBC	Bay Salt	海湾盐
#C5BEAE	Bay Sands	海湾沙
#FBE6CD	Bay Scallop	海湾扇贝
#325F8A	Bay Site	海湾站点
#018486	Bay Teal	海湾青
#6A819E	Bay View	海湾景
#BFC2BF	Bay Waves	海湾浪
#747F89	Bay Wharf	海湾码头
#7B9AAD	Bay’s Water	湾水
#275A5D	Bayberry	杨梅
#D0D9C7	Bayberry Frost	杨梅霜
#B6AA89	Bayberry Wax	杨梅蜡
#0098D4	Bayern Blue	拜仁蓝
#268483	Bayou	河口
#017992	Bayou Serenade	河口小夜曲
#BEB48E	Bayou Shade	河口荫凉处
#89CEE0	Bayshore	湾岸
#5FC9BF	Bayside	贝赛德
#C9D8E4	Baywater Blue	贝沃特蓝
#8F7777	Bazaar	集市
#FFA6C9	Bazooka Pink	火箭筒粉色
#A35046	BBQ	烧烤
#F4E3E7	Be Mine	属于我
#EC9DC3	Be My Valentine	做我的情人
#A5CB66	Be Spontaneous	顺其自然
#9B983D	Be Yourself	做你自己
#EFE4BB	Beach	海滩
#ADB864	Beach Bag	海滩包
#EFC700	Beach Ball	沙滩球
#B2E4CD	Beach Blanket	沙滩毯
#5F9CA2	Beach Blue	海滩蓝
#CEAB90	Beach Boardwalk	海滩木板路
#91CBBF	Beach Breeze	海滩微风
#A69081	Beach Cabana	海滩小屋
#665A38	Beach Casuarina	海滩木麻黄
#CAAB84	Beach Coast Buff	海滩海岸浅黄
#94ADB0	Beach Cottage	海滩小屋
#C6BB9C	Beach Dune	海滩沙丘
#CDE0E1	Beach Foam	海滩泡沫
#96DFCE	Beach Glass	海滩玻璃
#DCDDB8	Beach Grass	海滩草
#EDD481	Beach House	海滩屋
#CCDCDE	Beach House Blue	海滩屋蓝
#BDA2C4	Beach Lilac	海滩丁香紫
#FBD05C	Beach Party	海滩派对
#FBB88B	Beach Sand	海滩沙
#71CBD2	Beach Sparkle	海滩闪光
#FCE3B3	Beach Towel	沙滩巾
#FEDECA	Beach Trail	海滩小径
#819AAA	Beach Umbrella	沙滩伞
#4F7694	Beach View	海滩景
#DCE1E2	Beach Wind	海滩风
#CAC0B0	Beach Woods	海滩树林
#D8E3E5	Beachcomber	比奇科默
#E4C683	Beachcombing	海滩梳理
#FBEDD7	Beaches of Cancun	坎昆的海滩
#ACDBDB	Beachside Drive	海滨大道
#C3B296	Beachside Villa	海滨别墅
#D2B17A	Beachwalk	海滩步道
#E6D0B6	Beachy Keen	比奇热衷
#EBE8B9	Beacon	灯塔
#265C98	Beacon Blue	灯塔蓝
#F2C98A	Beacon Yellow	灯塔黄
#494D8B	Beaded Blue	蓝色串珠
#8D6737	Beagle Brown	比格犬棕
#33FFFF	Beaming Blue	灿蓝
#FFF8DF	Beaming Sun	灿阳
#4A1207	Bean	豆
#68755D	Bean Counter	精打细算
#685C27	Bean Green	豆绿
#8B6B51	Bean Pot	豆壶
#91923A	Bean Shoot	豆芽
#F3F9E9	Bean Sprout	豆芽
#EBF0E4	Bean White	豆白
#4E8747	Beanpole	豆杆
#31AA74	Beanstalk	豆茎
#766E65	Bear	熊
#AE6B52	Bear Claw	熊爪
#836452	Bear Creek	熊小溪
#796359	Bear Hug	熊抱
#5B4A44	Bear in Mind	牢记于心
#5A4943	Bear Rug	熊地毯
#7D756D	Bearsuit	熊装
#B08F69	Beast Hide	兽皮
#680C08	Beastly Red	兽红
#663300	Beasty Brown	野兽棕色
#6E6A44	Beat Around the Bush	绕圈子
#73372D	Beaten Copper	打铜
#4E0550	Beaten Purple	捶打紫
#D1BE92	Beaten Track	僻径
#448844	Beating Around the Bush	拐弯抹角
#5F8748	Beatnik	垮掉的一代
#BCD4E6	Beau Blue	美丽的蓝色
#7DB39E	Beau Monde	美丽世界
#0C6064	Beau Vert	绿美
#80304C	Beaujolais	博若莱
#92774C	Beaumont Brown	博蒙特棕
#553F44	Beauport Aubergine	博波尔茄子
#186DB6	Beautiful Blue	美丽的蓝色
#686D70	Beautiful Darkness	美丽的黑暗
#B6C7E3	Beautiful Dream	美丽的梦想
#8DA936	Beautiful Mint	美丽的薄荷
#866B8D	Beauty	美
#C99680	Beauty and the Beach	美海滩
#EBB9B3	Beauty Bush	美灌木丛
#834F44	Beauty Patch	美人斑
#BE5C87	Beauty Queen	美女王
#C79EA2	Beauty Secret	美秘密
#604938	Beauty Spot	美容点
#926F5B	Beaver	海狸
#997867	Beaver Fur	海狸毛皮
#9F8170	Beaver Kit	海狸套件
#60564C	Beaver Pelt	海狸毛皮
#F4EEE0	Béchamel	贝夏梅尔
#607879	Becker Blue	贝克尔蓝
#7F7353	Becker Gold	贝克尔金
#85A699	Beckett	贝克特
#4BEC13	Becquerel	贝克勒尔
#B893AB	Bed of Roses	称心如意
#D3B9CC	Bedazzled	眼花缭乱
#968775	Bedbox	床箱
#AA8880	Bedford Brown	贝德福德棕
#9E9D99	Bedrock	基岩
#C3ACB2	Bedroom Plum	卧室梅子
#ADB7C1	Bedside Manner	床边的态度
#E1B090	Bedtime Story	睡前故事
#F1BA55	Bee	蜜蜂
#FFAA33	Bee Cluster	蜂群
#F2CC64	Bee Hall	蜜蜂厅
#735B3B	Bee Master	蜜蜂大师
#EBCA70	Bee Pollen	蜂花粉
#FEFF32	Bee Yellow	蜜蜂黄
#E8D9D2	Bee’s Knees	绝妙
#5B4F3B	Beech	山毛榉
#574128	Beech Brown	山毛榉棕
#758067	Beech Fern	山毛榉蕨
#D7B59A	Beech-Nut	山毛榉坚果
#6E5955	Beechwood	山毛榉木
#B64701	Beef Bourguignon	勃艮第牛肉
#A85D2E	Beef Hotpot	牛肉火锅
#A25768	Beef Jerky	牛肉干
#8A4512	Beef Noodle Broth	牛肉面汤
#BB5533	Beef Patties	牛肉饼
#DEBEEF	Beefy Pink	肉粉色
#E1B781	Beehive	蜂巢
#F6E491	Beekeeper	养蜂人
#FCAA12	Beer	啤酒
#449933	Beer Garden	啤酒花园
#773311	Beer Glazed Bacon	啤酒釉面培根
#E9D7AB	Beeswax	蜂蜡
#BF7E41	Beeswax Candle	蜂蜡蜡烛
#F5D297	Beeswing	蜂翼
#7E203F	Beet Red	甜菜红
#D4265D	Beet Wave	甜菜波浪
#90306A	Beetiful Magenta	美丽的洋红色
#55584C	Beetle	甲虫
#663F44	Beetroot	甜菜根
#D33376	Beetroot Purple	甜菜根紫
#C58F9D	Beetroot Rice	甜菜根饭
#736A86	Beets	甜菜
#96496D	Befitting	适合
#4D6A77	Before the Storm	暴风雨前
#BD6F56	Before Winter	入冬前
#5A4D39	Beggar	乞丐
#FA6E79	Begonia	秋海棠
#C3797F	Begonia Rose	秋海棠玫红
#848E8A	Beguile	贝吉勒
#5E6F8E	Beguiling Blue	迷人的蓝色
#AFA7AC	Beguiling Mauve	迷人的淡紫
#E6DAA6	Beige	米色
#BBC199	Beige and Sage	米色鼠尾草
#D6C5B4	Beige Chalk	米色粉笔
#CFB095	Beige Ganesh	米色象神
#E0D8B0	Beige Green	米色绿
#C5A88D	Beige Intenso	米色强化
#987A5B	Beige Intuition	米色直觉
#E2DAC6	Beige Linen	米色亚麻
#DE9408	Beige Red	米色红
#CFC8B8	Beige Royal	米色皇家
#FFC87C	Beige Topaz	米色黄玉
#ECCC9B	Beignet	贝涅特
#3E7DAA	Beijing Blue	北京蓝
#A9A2A3	Beijing Moon	北京月亮
#25A26F	Bejewelled	宝石迷阵
#819AC1	Bel Air Blue	贝莱尔蓝
#9BBCC3	Bel Esprit	贝尔精神
#558D4F	Belfast	贝尔法斯特
#BB937F	Belfry Brick	钟楼砖
#9BA29E	Belgian Block	比利时块
#F7EFD0	Belgian Blonde	比利时金发
#F9F1E2	Belgian Cream	比利时奶油
#8D7560	Belgian Sweet	比利时甜美
#F3DFB6	Belgian Waffle	比利时华夫饼
#DBC7A8	Believable Buff	可信的增益
#7FD3D3	Belize	伯利兹
#B9C3B3	Belize Green	伯利兹绿
#618B97	Bell Blue	铃蓝
#A475B1	Bell Heather	铃石楠
#DAD0BB	Bell Tower	铃塔
#574057	Bella	贝拉
#93C3B1	Bella Green	贝拉·格林
#DAC5BD	Bella Mia	贝拉·米娅
#E08194	Bella Pink	贝拉粉
#40465D	Bella Sera	贝拉·塞拉
#0B695B	Bella Vista	贝拉维斯塔
#220011	Belladonna	颠茄
#ADC3A7	Belladonna’s Leaf	颠茄叶
#B7DFF3	Bellagio Fountains	贝拉吉奥喷泉
#F2B400	Bellagio Gold	贝拉吉奥黄金
#E3CBC0	Belle of the Ball	舞会美女
#5D66AA	Bellflower	风铃草
#E1E9EF	Bellflower Blue	风铃草蓝
#B2A5B7	Bellflower Violet	风铃草紫
#F4C9B1	Bellini	贝利尼
#F5C78E	Bellini Fizz	贝里尼菲兹
#EDE3A1	Bells and Whistles Gold	花里胡哨的黄金
#773B38	Belly Fire	腹火
#00817F	Belly Flop	翻肚皮
#626A60	Belmont Green	贝尔蒙特格林
#B3B4DD	Beloved	心爱的
#E9D3D4	Beloved Pink	心爱的粉色
#FFBA24	Beloved Sunflower	心爱的向日葵
#0A2F7C	Below the Surface	表面以下
#87CDED	Below Zero	低于零
#EFF2F1	Beluga	白鲸
#D7D2D2	Beluga Song	白鲸之歌
#E3DBC3	Belvedere Cream	丽城霜
#F0F1E1	Belyi White	贝雷·怀特
#694977	Benevolence	仁爱
#DD1188	Benevolent Pink	仁慈粉红
#CC974D	Bengal	孟加拉
#38738B	Bengal Blue	孟加拉蓝
#8E773F	Bengal Grass	孟加拉草
#8F2E14	Bengala Red	孟加拉红
#913225	Bengara Red	班加拉红
#B85241	Beni Shoga	红庄我
#BB7796	Benifuji	红藤
#F35336	Benihi Red	红色
#5A4F74	Benikakehana Purple	红花紫
#44312E	Benikeshinezumi Purple	红绫纯紫
#78779B	Benimidori Purple	红紫
#007BAA	Benitoite	蓝锥矿
#FB8136	Beniukon Bronze	贝尼乌孔青铜
#000011	Benthic Black	底栖黑
#CC363C	Bento Box	便当盒
#00D973	Benzol Green	苯绿
#D8CFB6	Berber	柏柏尔人
#95C703	Bergamot	佛手柑
#F59D59	Bergamot Orange	佛手柑橙
#B8C7DB	Beribboned	丝带状
#4B596E	Bering Sea	白令海
#3D6D84	Bering Wave	白令波
#7E613F	Berkeley Hills	伯克利山
#F0E1CF	Berkshire Lace	伯克希尔蕾丝
#5588CC	Berlin Blue	柏林蓝
#FF6989	Berlin Pink	柏林粉红
#1B7D8D	Bermuda	百慕大
#8CB1C2	Bermuda Blue	百慕大蓝
#6B8BA2	Bermuda Grey	百慕大灰
#9D5A8F	Bermuda Onion	百慕大洋葱
#DACBBF	Bermuda Sand	百慕大沙
#F9EEE3	Bermuda Shell	百慕大壳
#F0E9BE	Bermuda Son	百慕大儿子
#6F8C9F	Bermuda Triangle	百慕大三角
#6BC271	Bermudagrass	狗牙根
#386171	Bermudan Blue	百慕大蓝
#E20909	Bern Red	伯尔尼红
#AB7CB4	Berries Galore	浆果丰富
#F2B8CA	Berries N’ Cream	浆果奶油
#990F4B	Berry	浆果
#662277	Berry Blackmail	贝瑞勒索
#FF017F	Berry Blast	浆果爆发
#9E8295	Berry Bliss	浆果极乐
#32607A	Berry Blue	浆果蓝
#264B56	Berry Blue Green	浆果蓝绿
#B88591	Berry Blush	浆果绯红
#BB5588	Berry Boost	浆果增强剂
#7D5857	Berry Brandy	浆果白兰地
#A08497	Berry Bright	浆果亮
#544F4C	Berry Brown	浆果棕
#AC72AF	Berry Burst	浆果爆发
#77424E	Berry Bush	浆果灌木丛
#EFCEDC	Berry Butter	浆果黄油
#A6AEBB	Berry Chalk	浆果粉笔
#4F4763	Berry Charm	浆果魅力
#F8E3DD	Berry Cheesecake	浆果芝士蛋糕
#3F000F	Berry Chocolate	浆果巧克力
#765269	Berry Conserve	浆果果酱
#9A8CA2	Berry Cream	浆果奶油
#AA6772	Berry Crush	浆果碎
#9B1C5D	Berry Curious	贝里好奇
#B3A1C6	Berry Frappé	浆果冰沙
#EBDED7	Berry Frost	浆果霜
#EDC3C5	Berry Good	浆果好
#655883	Berry Jam	浆果果酱
#673B66	Berry Light	浆果浅
#555A90	Berry Mix	浆果混合
#B6CACA	Berry Mojito	浆果莫吉托
#84395D	Berry Patch	浆果块
#4F6D8E	Berry Pie	浆果派
#D6A5CD	Berry Popsicle	浆果冰棒
#A0688D	Berry Pretty	浆果漂亮
#E5A2AB	Berry Riche	贝里·里奇
#992244	Berry Rossi	贝里·罗西
#895360	Berry Smoothie	浆果冰沙
#64537C	Berry Syrup	浆果糖浆
#ECD5D9	Berry Taffy	浆果太妃糖
#D78BAD	Berry Twist	浆果扭
#624D55	Berry Wine	浆果酒红
#D75E6C	Berrylicious	浆果美味
#45DCFF	Berta Blue	贝尔塔蓝
#BFE4D4	Beru	贝鲁
#7082A4	Berwick Berry	贝里克·贝瑞
#71DCB8	Beryl	绿柱石
#BCBFA8	Beryl Green	绿柱石绿
#E2E3DF	Beryl Pearl	绿柱石珍珠
#A16381	Beryl Red	绿柱石红
#E9E5D7	Beryllonite	铍石
#D4BA9D	Bespoke	定制
#685E5B	Bessie	贝西
#C6B49C	Best Beige	最佳米色
#5D513E	Best Bronze	最佳铜奖
#B9B7BD	Best in Show	最佳表演奖
#01809F	Best of Both Worlds	两全其美
#F7F2D9	Best of Summer	夏季最佳
#BD5442	Best of the Bunch	最好的一群
#CD343D	Bestial Blood	兽血
#6B3900	Bestial Brown	野兽棕色
#992211	Bestial Red	兽红
#D38A57	Bestigor	贝斯蒂戈尔
#7D655C	Betalain Red	甜菜红
#352925	Betel Nut Dye	槟榔染料
#CADBBD	Bethany	伯大尼
#EE0022	Bethlehem Red	伯利恒红
#EAEEDA	Bethlehem Superstar	伯利恒超级巨星
#73C9D9	Betsy	贝特西
#3A6B66	Betta Fish	斗鱼
#EBE2CB	Better Than Beige	比米色更好
#EDE1BE	Beurre Blanc	白啤酒
#7ACCB8	Bevelled Glass	斜角玻璃
#75AC16	Bevelled Grass	斜角草
#6A393C	Bewitched	着魔了
#75495E	Bewitching	妖娆
#BBD0E3	Bewitching Blue	迷人的蓝色
#AAEEFF	Beyond the Clouds	超越云层
#F7D6BA	Beyond the Pale	超越苍白
#688049	Beyond the Pines	超越松树
#005784	Beyond the Sea	超越大海
#0A3251	Beyond the Stars	超越星星
#D7E0EB	Beyond the Wall	墙外
#DBB0D3	Bff	好友
#70C0E2	Bff Blue	好朋友蓝色
#947706	Bhūrā Brown	布拉棕
#1C5022	Bia?owie?a Forest	比亚沃维扎森林
#F4EFE0	Bianca	比安卡
#3DCFC2	Bianchi Green	比安奇·格林
#FFE58C	Bicycle Yellow	自行车黄
#802C3A	Bicyclette	自行车
#A9B9B5	Bidwell Blue	比德韦尔蓝
#B19C8F	Bidwell Brown	比德韦尔棕
#507CA0	Biedermeier Blue	比德迈蓝
#1BA169	Biel-Tan Green	比尔-坦绿
#F0908D	Bierwurst	啤酒香肠
#908C84	Big Apple	大苹果
#AFABA0	Big Band	大乐队
#FF0099	Big Bang Pink	大爆炸粉色
#FFDA8B	Big Bus Yellow	大巴士黄色
#7ECBE2	Big Chill	大寒气
#B98675	Big Cypress	大柏
#5D6B75	Big Daddy Blue	蓝色大爸爸
#9C2542	Big Dip O’ruby	大倾角奥红宝石
#41494B	Big Dipper	北斗七星
#99A38E	Big Fish	大鱼
#DADBE1	Big Fish to Fry	大鱼要煎
#E88E5A	Big Foot Feet	大脚 脚
#B79E94	Big Horn Mountains	大角山
#34708F	Big Ocean Wave	大海洋波浪
#CDE2DE	Big Sky	大天空
#85C4C9	Big Sky Country	大天空乡村
#ACDDAF	Big Spender	大手笔
#334046	Big Stone	大石
#886E54	Big Stone Beach	大石海滩
#B3CADC	Big Sur	大
#3F6E8E	Big Sur Blue Jade	大蓝翡翠
#96D0D1	Big Surf	大冲浪
#FFEE22	Big Yellow Streak	大黄色条纹
#FFFF33	Big Yellow Taxi	大黄色出租车
#715145	Bigfoot	大脚怪
#20120E	Bighorn Sheep	大角羊
#4E5E7F	Bijou Blue	宝石蓝
#A33D3B	Bijou Red	宝石红
#676B55	Bijoux Green	宝石绿
#7B222A	Biking Red	骑行红
#C3C0B1	Biking Trail	自行车道
#3E8027	Bilbao	毕尔巴鄂
#71777E	Bilberry	越橘
#B5C306	Bile	胆汁
#E39F08	Bilious Brown	胆汁棕
#A9D171	Bilious Green	胆绿
#1B6F81	Billabong	比拉邦
#AD7C35	Billet	钢坯
#00AF9F	Billiard	台球
#276B40	Billiard Ball	台球
#305A4A	Billiard Green	台球绿
#50846E	Billiard Room	台球室
#155843	Billiard Table	台球桌
#01B44C	Billiards Cloth	台球布
#83C0E5	Billow	巨浪
#D8DEE3	Billowing Clouds	滚滚云彩
#D2E3E3	Billowing Sail	滚滚风帆
#6E726A	Billowing Smoke	滚滚浓烟
#AFC7CD	Billowy Breeze	微风徐徐
#F6F0E9	Billowy Clouds	滚滚云朵
#4C77A4	Billycart Blue	比利车蓝
#AE99D2	Biloba Flower	银杏花
#F4E4CD	Biloxi	比洛克西
#0075B8	Biloxi Blue	比洛克西蓝
#E3C9A1	Biltmore Buff	比特摩尔浅黄
#410200	Biltong	比尔通
#54682B	Bimi Green	比米格林
#007A91	Bimini Blue	比米尼蓝
#010101	Binary Black	二元黑
#616767	Binary Star	双星
#8B3439	Bindi Dot	宾迪点
#B0003C	Bindi Red	宾迪红
#AF4967	Bing Cherry Pie	宾樱桃派
#433D3C	Binrouji Black	宾柔吉黑
#465F9E	Bio Blue	生物蓝
#FFEFD5	Biogenic Sand	生物砂
#FBFB4C	Biohazard Suit	生化危机套装
#91A135	Biology Experiments	生物学实验
#55EEFF	Bioluminescence	生物发光
#66FF55	Biopunk	生物朋克
#889900	BioShock	生化奇兵
#EEEE44	Biotic Grasp	生物之握
#EEDD55	Biotic Orb	生物球
#3F3726	Birch	桦
#D9C3A1	Birch Beige	桦米色
#899A8B	Birch Forest	桦森林
#637E1D	Birch Leaf Green	桦叶绿
#DFB45F	Birch Strain	桦木株系
#F6EEDF	Birch White	桦白
#CCBEAC	Birchwood	桦木
#806843	Birchy Woods	桦树林
#CDDFE7	Bird Bath Blue	鸟浴蓝
#7B929E	Bird Blue	鸟蓝
#7F92A0	Bird Blue Grey	鸟蓝灰
#D0C117	Bird Flower	鸟花
#FFF1CF	Bird’s Child	鸟的孩子
#AACCB9	Bird’s Egg Green	鸟蛋绿
#CFBB9B	Bird’s Nest	鸟巢
#AB823D	Bird’s-Eye	鸟瞰图
#E4C495	Bird’s-Eye Maple	鸟眼枫木
#6C483A	Birdhouse Brown	鸟舍棕色
#E9E424	Birdie	小鸟
#89ACDA	Birdie Num Num	小鸟数 数
#E2C28E	Birdseed	鸟食
#2F3946	Biro Blue	比罗蓝
#224634	Birōdo Green	比罗多绿
#FCE9DF	Birth of a Star	一颗明星的诞生
#F6EBC2	Birth of Venus	维纳斯的诞生
#E9D2CC	Birthday Cake	生日蛋糕
#CFA2AD	Birthday Candle	生日蜡烛
#9BDCB9	Birthday King	生日王
#E2C7B6	Birthday Suit	生日套装
#79547A	Birthstone	诞生石
#2F3C53	Biscay	比斯开岛
#097988	Biscay Bay	比斯开湾
#55C6A9	Biscay Green	比斯开绿
#D8C3A7	Biscotti	比斯科蒂
#FEEDCA	Biscuit	饼干
#E6BFA6	Biscuit Beige	饼干米色
#F9CCB7	Biscuit Cream	饼干奶油
#E3CFB8	Biscuit Crumbs	饼干屑
#E8DBBD	Biscuit Dough	饼干面团
#C473A9	Bishop Red	主教红
#486C7A	Bismarck	俾斯麦
#6E4F3A	Bison	野牛
#9F9180	Bison Beige	野牛米色
#584941	Bison Brown	野牛棕
#B5AC94	Bison Hide	野牛兽皮
#FFE4C4	Bisque	浓汤
#E5D2B0	Bisque Tan	浓汤棕褐
#3D2B1F	Bistre	比斯特雷
#967117	Bistre Brown	比斯特棕
#705950	Bistro	小酒馆
#395551	Bistro Green	绿色小酒馆
#ECE3DC	Bistro Napkin	小酒馆餐巾
#E3B8B7	Bistro Pink	粉红小酒馆
#ECE8E1	Bistro White	小酒馆白
#DD5599	Bit of Berry	一点浆果
#D9E3E5	Bit of Blue	一点蓝色
#CAD7DE	Bit of Heaven	天堂的一点
#E1E5AC	Bit of Lime	一点石灰
#F4F2EC	Bit of Sugar	一点糖
#FFBB11	Bitcoin	比特币
#D47D72	Bite My Tongue	咬我的舌头
#ECEBCE	Bite the Bullet	咬紧牙关
#88896C	Bitter	苦
#8D7470	Bitter Briar	苦野蔷薇
#4F2923	Bitter Chocolate	苦巧克力
#769789	Bitter Clover Green	苦三叶草绿
#6ECB3C	Bitter Dandelion	苦蒲公英
#669841	Bitter Leaf	苦叶
#D2DB32	Bitter Lemon	苦柠檬
#CFFF00	Bitter Lime	苦青柠
#31CD31	Bitter Lime and Defeat	苦涩的石灰和失败
#262926	Bitter Liquorice	苦甘草
#CFD1B2	Bitter Melon	苦瓜
#D5762B	Bitter Orange	苦橙
#97A18D	Bitter Sage	苦鼠尾草
#856D9E	Bitter Violet	苦紫罗兰
#FEA051	Bittersweet	苦乐参半
#4F2B17	Bittersweet Chocolate	苦乐参半的巧克力
#5B5354	Bittersweet Molasses	苦乐参半的糖蜜
#BF4F51	Bittersweet Shimmer	苦甜微光
#CBB49A	Bittersweet Stem	苦乐参半
#E7D2C8	Bizarre	奇怪的
#000000	Black	黑
#5B5D53	Black Bamboo	黑竹
#474A4E	Black Bay	黑海湾
#4E4B4A	Black Bean	黑豆
#23262B	Black Beauty	黑美
#2F2F48	Black Blueberry	黑蓝莓
#454749	Black Boudoir	黑闺房
#0F282F	Black Box	黑盒
#2E2F31	Black Cat	黑猫
#102C33	Black Chasm	黑色深渊
#2C1620	Black Cherry	黑樱桃
#252321	Black Chestnut Oak	黑栗橡
#441100	Black Chocolate	黑巧克力
#3E3231	Black Coffee	黑咖啡
#54626F	Black Coral	黑珊瑚
#4E434D	Black Dahlia	黑大丽花
#8A779A	Black Diamond Apple	黑钻石苹果
#545562	Black Dragon’s Cauldron	黑龙鼎
#90ABD9	Black Drop	黑滴
#A66E7A	Black Elder	黑长老
#50484A	Black Elegance	黑优雅
#12221D	Black Emerald	黑祖母绿
#45524F	Black Evergreen	黑常绿
#112222	Black Feather	黑羽毛
#484B5A	Black Flame	黑焰
#5E6354	Black Forest	黑森林
#29485A	Black Forest Blue	黑森林蓝
#424740	Black Forest Green	黑森林绿
#4F4842	Black Fox	黑狐
#4E4444	Black Garnet	黑石榴石
#001111	Black Glaze	黑釉
#384E49	Black Green	黑绿
#24272E	Black Grey	黑灰
#E0DED7	Black Haze	黑霾
#9C856C	Black Headed Gull	黑头鸥
#444647	Black Heron	黑鹭
#C89180	Black Hills Gold	黑山丘金
#010203	Black Hole	黑洞
#202030	Black Howl	黑嚎
#110033	Black Htun	黑吞
#4D5051	Black Ice	黑冰
#2B3042	Black Iris	黑鸢尾
#0F1519	Black Is Back	黑
#74563D	Black Jasmine Rice	黑茉莉米
#351E1C	Black Kite	黑风筝
#010B13	Black Knight	黑骑士
#3F3E3E	Black Lacquer	黑漆
#474C4D	Black Lead	黑铅
#253529	Black Leather Jacket	黑色皮夹克
#3A3B3B	Black Liquorice	黑甘草
#646763	Black Locust	黑刺槐
#4F4554	Black Magic	黑魔法
#858585	Black Mana	黑魔力
#222244	Black Market	黑市场
#383740	Black Marlin	黑马林鱼
#222211	Black Mesa	黑台地
#060606	Black Metal	黑金属
#4B4743	Black Mocha	黑摩卡
#4E4F4E	Black Oak	黑橡
#323639	Black of Night	黑夜
#3B3C36	Black Olive	黑橄榄
#2A272C	Black Onyx	黑缟玛瑙
#525463	Black Orchid	黑兰花紫
#424242	Black Panther	黑豹
#1E272C	Black Pearl	黑珍珠
#33654A	Black Pine Green	黑松绿
#77606F	Black Plum	黑梅紫
#4F5552	Black Pool	黑池
#34342C	Black Powder	黑粉
#654B37	Black Power	黑力量
#A44A56	Black Pudding	黑布丁
#694D27	Black Queen	黑女王
#16110D	Black Raspberry	黑覆盆子
#484C51	Black Ribbon	黑丝带
#343E54	Black River Falls	黑河瀑布
#2C2D3C	Black Rock	黑岩石
#331111	Black Rooster	黑公鸡
#532934	Black Rose	黑玫红
#24252B	Black Russian	黑俄国
#220022	Black Sabbath	黑色安息日
#434B4D	Black Sable	黑貂
#302833	Black Safflower	黑红花
#5B4E4B	Black Sand	黑沙
#434555	Black Sapphire	黑宝石蓝
#052462	Black Sea Night	黑海夜
#BFAFB2	Black Shadows	黑影
#0F0D0D	Black Sheep	黑羊
#332211	Black Slug	黑蛞蝓
#3E3E3F	Black Smoke	黑烟
#19443C	Black Soap	黑皂
#545354	Black Space	黑太空
#4C5752	Black Spruce	黑云杉
#E5E6DF	Black Squeeze	黑色挤压
#0E191C	Black Stallion	黑种马
#434342	Black Suede	黑麂皮
#332200	Black Swan	黑天鹅
#464647	Black Tie	黑色领带
#353235	Black Tortoise	黑陆龟
#463D3E	Black Truffle	黑松露
#2C4364	Black Turmeric	黑姜黄
#1F1916	Black Umber	黑赭褐
#222233	Black Velvet	黑绒
#2B2C42	Black Violet	黑紫罗兰
#5E4F46	Black Walnut	黑核桃
#0C0C0C	Black Wash	黑洗
#E5E4DB	Black White	黑白
#E5B6A2	Black-Eyed Peach	黑眼桃
#3E1825	Black-Hearted	黑心
#292C2C	Blackadder	黑爵士
#43182F	Blackberry	黑莓
#2E2848	Blackberry Black	黑莓黑
#4C3938	Blackberry Burgundy	黑莓勃艮第
#404D6A	Blackberry Cobbler	黑莓馅饼
#4F3357	Blackberry Cordial	黑莓甜酒
#D9D3DA	Blackberry Cream	黑莓奶油
#633654	Blackberry Deep Red	黑莓深红
#62506B	Blackberry Farm	黑莓农场
#504358	Blackberry Harvest	黑莓丰收
#87657E	Blackberry Jam	黑莓果酱
#507F6D	Blackberry Leaf Green	黑莓叶绿
#A58885	Blackberry Mocha	黑莓摩卡
#64242E	Blackberry Pie	黑莓派
#C1A3B9	Blackberry Sorbet	黑莓冰糕
#563342	Blackberry Tart	黑莓塔
#8F5973	Blackberry Tint	黑莓调
#5C3C55	Blackberry Wine	黑莓酒红
#E5BDDF	Blackberry Yoghurt	黑莓酸奶
#3F444C	Blackbird	黑鸟
#FCE7E4	Blackbird’s Egg	黑鸟蛋
#274C43	Blackboard Green	黑板绿
#2E183B	Blackcurrant	黑醋栗
#52383D	Blackcurrant Conserve	黑加仑果酱
#5C4F6A	Blackcurrant Elixir	黑醋栗灵药
#442200	Blackened Brown	黑褐色
#504D53	Blackened Pearl	黑珍珠
#77150E	Blackened Sun	变黑的太阳
#662266	Blackest Berry	最黑的浆果
#403330	Blackest Brown	黑棕色
#7A5901	Blackfire Earth	黑火地球
#453B32	Blackish Brown	黑褐色
#5D6161	Blackish Green	黑绿色
#5B5C61	Blackish Grey	黑灰色
#51504D	Blackjack	二十一点
#221133	Blacklist	黑名单
#220066	Blackmail	勒索
#020F03	Blackn’t	不黑
#0E0702	Blackout	停电
#F7E856	Blacksmith Fire	铁匠之火
#8470FF	Blackthorn Berry	黑刺李浆果
#4C606B	Blackthorn Blue	黑刺李蓝
#739C69	Blackthorn Green	黑刺李绿
#545663	Blackwater	黑水公司
#696268	Blackwater Park	黑水公园
#494E52	Blackwood	黑木
#6A9266	Blade Green	刀锋绿
#D43C35	Blade Runner Red	银翼杀手红色
#758269	Bladed Grass	刀锋草
#6A8561	Bladerunner	银翼杀手
#A1BDE0	Blair	布莱尔
#D9D0C2	Blanc	白
#F1EEE2	Blanc Cassé	布兰卡塞
#E4E7E4	Blanc de Blanc	白白
#F8F9F4	Blanca Peak	布兰卡峰
#F6DCD0	Blanched	漂白
#FFEBCD	Blanched Almond	白杏仁
#CCBEB6	Blanched Driftwood	漂白浮木
#949579	Blanched Thyme	白灼百里香
#EBEAE5	Blanco	布兰科
#AFA88B	Bland	平淡
#74915F	Bland Celery	平淡芹菜
#FFEFD6	Blank Canvas	空白画布
#505150	Blank Space	空白空间
#8B9CAC	Blank Stare	茫然凝视
#9CD33C	Blanka Green	布兰卡·格林
#9E8574	Blanket Brown	毯子棕色
#00C08E	Blarney	巧言令色
#027944	Blarney Stone	巧言石
#3356AA	Blasphemous Blue	亵渎蓝
#E57E37	Blast Burn	爆炸燃烧
#A57164	Blast-Off Bronze	爆炸铜牌
#6C3550	Blasted Lands Rocks	诅咒之地岩石
#FA8C4F	Blaze	烈焰
#420420	Blaze It Dark Magenta	烈焰深品红
#FE6700	Blaze Orange	烈焰橙
#B8524B	Blazer	西装外套
#E94E41	Blazing	炽热
#F3AD63	Blazing Autumn	炽热秋
#FFA035	Blazing Bonfire	熊熊篝火
#FF0054	Blazing Dragonfruit	火龙果
#FFA64F	Blazing Orange	炽热橙
#FEE715	Blazing Yellow	炽热黄
#E35F1C	Blazon Skies	火焰天空
#EBE1CE	Bleach White	漂白
#F3EAD5	Bleached Almond	漂白杏仁
#FBCAAD	Bleached Apricot	漂白杏
#BCE3DF	Bleached Aqua	漂白水色
#D0C7C3	Bleached Bare	漂白裸色
#8B7F78	Bleached Bark	漂白树皮
#DFDDD0	Bleached Beige	漂白米色
#EFD9A8	Bleached Bone	漂白骨白
#2C2133	Bleached Cedar	漂白雪松
#FFD6D1	Bleached Coral	漂白珊瑚
#6D76A1	Bleached Denim	漂白牛仔蓝
#788878	Bleached Grey	漂白灰
#E2E6D1	Bleached Jade	漂白翡翠
#F3ECE1	Bleached Linen	漂白亚麻
#C7A06C	Bleached Maple	漂白枫
#EAE5D5	Bleached Meadow	漂白草地
#55BB88	Bleached Olive	漂白橄榄
#D9D1BA	Bleached Pebble	漂白卵石
#D5C3AA	Bleached Sand	漂白沙
#F6E5DA	Bleached Shell	漂白壳
#F3F3F2	Bleached Silk	漂白丝
#BAD7AE	Bleached Spruce	漂白云杉
#FBE8A8	Bleached Sunflower	漂白向日葵
#DDD2A9	Bleached Wheat	漂白小麦
#DFE3E8	Bleached White	漂白
#C7C7C3	Bleaches	漂白剂
#9B1414	Bleeding Crimson	流血的猩红
#C02E4C	Bleeding Heart	流血的心
#A9C4C4	Blende Blue	布伦德蓝
#F8E3A4	Blended Fruit	混合水果
#FFFBE8	Blended Light	混合光
#4499CC	Blessed Blue	祝福蓝
#007BA1	Bleu Ciel	蓝天
#AAC0C4	Bleu Clair	布鲁·克莱尔
#318CE7	Bleu de France	法国蓝
#9CC2BF	Bleu Nattier	布鲁·纳蒂尔
#4488FF	Bleuchatel Blue	布勒沙泰尔蓝
#BCAEA1	Blind Date	相亲
#223300	Blind Forest	黑暗森林
#4A4F51	Blindfold	蒙眼
#5A5E61	Blindfolded	蒙住眼睛
#EEF0CE	Bling Bling	布林布林
#0033FF	Blinking Blue	蓝色闪烁
#66CC00	Blinking Terminal	闪烁终端
#7AC7E1	Bliss Blue	极乐蓝
#DDC4D4	Blissful	幸福的
#AA1188	Blissful Berry	幸福浆果
#B2C8D8	Blissful Blue	幸福蓝
#E5D2DD	Blissful Light	极乐之光
#D5DAEE	Blissful Meditation	极乐冥想
#FFAC39	Blissful Orange	幸福橙
#EAEED8	Blissful Serenity	幸福宁静
#DAB6CD	Blissfully Mine	幸福地属于我
#AAFFEE	Blister Pearl	吸塑珍珠
#FF6C51	Blistering Mars	炽热的火星
#0099D1	Blithe	无忧蓝
#90BDBD	Blithe Blue	欢乐蓝
#C0C1B9	Blithe Mood	愉快的心情
#E5EBED	Blizzard	暴雪
#A3E3ED	Blizzard Blue	暴雪蓝
#D6D8D1	Blizzard Fog	暴雪雾
#1151B4	Blizzy Blueberry	暴风蓝莓
#D0B8BF	Blobfish	水滴鱼
#E8BC50	Blockchain Gold	区块链黄金
#560319	Bloedworst	最血腥
#FAF0BE	Blond	金发
#DCBD92	Blonde	金发
#F2EFCD	Blonde Beauty	金发美
#EFE2C5	Blonde Curl	金发卷发
#EDC558	Blonde Girl	金发女孩
#D6B194	Blonde Lace	金发蕾丝
#F6EDCD	Blonde Shell	金发壳
#AB7741	Blonde Wood	金发木
#E5D0B1	Blonde Wool	金发羊毛
#770001	Blood	血
#770011	Blood Brother	血兄弟
#FF474C	Blood Burst	血爆发
#EA1822	Blood Donor	献血者
#67080B	Blood God	血神
#C30B0A	Blood Kiss	血吻
#543839	Blood Mahogany	血桃花心木
#D83432	Blood Moon	血月
#85323C	Blood Oath	血誓
#E0413A	Blood of My Enemies	我敌人的鲜血
#640F09	Blood of Zeus	宙斯之血
#8A0303	Blood Omen	血预兆
#D1001C	Blood Orange	血橙
#FE4B03	Blood Orange Juice	血橙汁
#630F0F	Blood Organ	血液器官
#771111	Blood Pact	血之契约
#73404D	Blood Rose	血玫红
#AA2222	Blood Rush	血涌
#B03060	Blood Thorn	血刺
#BB5511	Bloodhound	寻血猎犬
#E97451	Bloodletter	放血者
#882200	Bloodline	血统
#6B1C1A	Bloodlust	嗜血
#F02723	Bloodmyst Isle	秘血岛
#BA271A	Bloodshed	流血事件
#B52F3A	Bloodsport	血腥运动
#413431	Bloodstone	鸡血石
#880011	Bloodthirsty	嗜血
#F8D7D0	Bloodthirsty Beige	嗜血米色
#C6101E	Bloodthirsty Lips	嗜血的嘴唇
#9B0503	Bloodthirsty Vampire	嗜血吸血鬼
#EC1837	Bloodthirsty Warlock	嗜血术士
#703F00	Bloodtracker Brown	血迹棕色
#BA0105	Bloody Mary	血腥玛丽
#AA1144	Bloody Periphylla	血色周叶草
#FF004D	Bloody Pico-8	血腥Pico8
#CA1F1B	Bloody Red	血腥红
#A81C1D	Bloody Ruby	血腥红宝石
#DA2C43	Bloody Rust	血腥锈
#C53D43	Bloody Safflower	血腥红花
#CC4433	Bloody Salmon	血腥鲑粉
#FFAF75	Bloom	绽放
#D7E2EE	Blooming Aster	盛开的紫菀
#E77F71	Blooming Dahlia	盛开的大丽花
#BA93AF	Blooming Lilac	盛开丁香
#D89696	Blooming Perfect	绽放完美
#88777E	Blooming Wisteria	盛开的紫藤
#A598C4	Bloomsberry	布卢姆斯伯里
#FEE9D8	Blossom	花
#AACCEE	Blossom Blue	花蓝
#A3A7CC	Blossom Mauve	花淡紫
#C3B3B9	Blossom Powder	花粉
#E5D2C9	Blossom Time	花时光
#FBD6CA	Blossom Tint	花调
#FFC9DB	Blossom Tree	花树
#E1C77D	Blossom Yellow	花黄
#DE5346	Blossoming Dynasty	盛开王朝
#E79ACB	Blossoms in Spring	春暖花开
#67B7C6	Blouson Blue	蓝色夹克
#F6DEE0	Blowing Kisses	飞吻
#D2D1D0	Blowing Smoke	冒烟
#658499	Blowout	井喷
#0000FF	Blue	蓝
#25415D	Blue Accolade	蓝色荣誉
#B1C6C7	Blue Agave	蓝龙舌兰
#89A3AE	Blue Alps	蓝阿尔卑斯
#5A79BA	Blue Android Base	蓝色安卓底座
#F8B800	Blue Angels Yellow	蓝色天使黄色
#A7CFCB	Blue Angora	蓝安哥拉毛
#0085A1	Blue Arc	蓝弧
#A9B7B8	Blue Arrow	蓝色箭头
#414654	Blue Ash	蓝灰
#406482	Blue Ashes	蓝灰烬
#007EC7	Blue Aster	蓝紫菀
#50A7D9	Blue Astro	蓝色天文
#00B3E1	Blue Atoll	蓝环礁
#6C7386	Blue Aura	蓝光环
#7498BD	Blue Ballad	蓝色歌谣
#B4C7DB	Blue Ballerina	蓝芭蕾舞者
#576B6B	Blue Ballet	蓝芭蕾
#6976A3	Blue Batik	蓝色蜡染
#ABDEE3	Blue Bauble	蓝色小玩意
#619AD6	Blue Bay	蓝海湾
#2D5360	Blue Bayberry	蓝杨梅
#BEC4D3	Blue Bayou	蓝河口
#017CB8	Blue Bazaar	蓝色集市
#5A809E	Blue Beads	蓝色珠子
#7498BF	Blue Beauty	蓝美
#220099	Blue Beetle	蓝甲虫
#40638E	Blue Beret	蓝色贝雷帽
#91B8D9	Blue Beyond	蓝色超越
#00BBEE	Blue Bikini	蓝色比基尼
#237FAC	Blue Bird Day	蓝鸟白天
#86B8CB	Blue Bird Morning	蓝鸟早晨
#52593B	Blue Black Crayfish	蓝黑小龙虾
#6B7F81	Blue Blood	蓝血
#94A4B9	Blue Blouse	蓝色衬衫
#2242C7	Blue Blue	蓝蓝
#CBD1CF	Blue Blush	蓝绯红
#6181A3	Blue Boater	蓝色船夫
#52B4CA	Blue Bobbin	蓝色线轴
#01A7AE	Blue Bolero	蓝色短上衣
#00B9FB	Blue Bolt	蓝闪电
#C8DDEE	Blue Booties	蓝色短靴
#0033EE	Blue Bouquet	蓝花束
#A4C3D7	Blue Bows	蓝色蝴蝶结
#70B8D0	Blue Brocade	蓝锦缎
#A6D7EB	Blue Bubble	蓝泡泡
#309CD0	Blue Burst	蓝爆发
#A1A2BD	Blue Buzz	蓝色嗡嗡声
#A0B7BA	Blue by You	蓝
#A5CDE1	Blue Calico	蓝印花
#55A7B6	Blue Calypso	蓝卡利普索
#2F36BA	Blue Cardinal Flower	蓝红衣凤头鸟花
#9CD0E4	Blue Carpenter Bee	蓝木匠蜂
#7B9EB0	Blue Cascade	蓝层叠
#41788A	Blue Catch	蓝色捕获
#4B8CA9	Blue Chaise	蓝色躺椅
#94C0CC	Blue Chalk	蓝粉笔
#5671A7	Blue Chamber	蓝室
#5599FF	Blue Chaos	蓝色混沌
#262B2F	Blue Charcoal	蓝炭
#82C2DB	Blue Charm	蓝魅力
#80693D	Blue Cheese Olive	蓝奶酪橄榄
#70A6B8	Blue Chiffon	蓝雪纺
#408F90	Blue Chill	蓝寒气
#1D5699	Blue Chip	蓝筹股
#77B7D0	Blue Chrysocolla	蓝色硅孔雀石
#6B9194	Blue Clay	蓝黏土
#A7D8E8	Blue Click	蓝色点击
#627188	Blue Cloud	蓝云
#2B3040	Blue Coal	蓝煤
#0088DC	Blue Cola	蓝可乐
#4411DD	Blue Copper Ore	蓝铜矿石
#1D5A6E	Blue Coral	蓝珊瑚
#9EBDD6	Blue Crab Escape	蓝蟹逃离
#6591A8	Blue Cruise	蓝巡航
#6FEBE3	Blue Crystal Landscape	蓝水晶风景
#7EB4D1	Blue Cuddle	蓝色拥抱
#84A5DC	Blue Cue	蓝色提示
#CBDBD7	Blue Cypress	蓝柏
#44DDEE	Blue Dacnis	蓝丹尼斯
#415E9C	Blue Dahlia	蓝大丽花
#A2C6D3	Blue Dam	蓝坝
#2FA1DA	Blue Damselfly	蓝豆娘
#0094BB	Blue Danube	蓝色多瑙河
#0078F8	Blue Darknut	蓝黑坚果
#518FD1	Blue Dart	蓝镖
#3A7A9B	Blue Dart Frog	蓝箭蛙
#668DB7	Blue Dazzle	蓝炫目
#4428BC	Blue Depression	蓝色抑郁症
#2C3A64	Blue Depths	蓝深处
#0B67BE	Blue Diamond	蓝钻石
#35514F	Blue Dianne	蓝色黛安
#BCC5CF	Blue Dolphin	蓝海豚
#76799E	Blue Dove	蓝鸽
#879294	Blue Driftwood	蓝色浮木
#4A5C94	Blue Dude	蓝色家伙
#8C959D	Blue Dusk	蓝黄昏
#375673	Blue Earth	蓝土
#8DBBC9	Blue Echo	蓝回声
#035E7B	Blue Edge	蓝边缘
#97D5EA	Blue Effervescence	蓝色泡腾
#6D9FD1	Blue Electress	蓝色女歌手
#5588EE	Blue Elemental	蓝色元素
#51529C	Blue Ember	蓝色余烬
#0F5A5E	Blue Emerald	蓝祖母绿
#D1EDEF	Blue Emulsion	蓝色乳液
#0D6376	Blue Enchantment	蓝色结界
#6DC1AC	Blue Energy	蓝能量
#384883	Blue Estate	蓝色庄园
#0652FF	Blue et une Nuit	蓝色与夜晚
#253F74	Blue Expanse	蓝色广阔
#2B2F43	Blue Exult	蓝色狂喜
#75AEBD	Blue Eye Samurai	蓝眼武士
#7DABD0	Blue Eyes	蓝眼
#2C3B4D	Blue Fantastic	蓝色梦幻
#AED9EC	Blue Feather	蓝羽毛
#324C61	Blue Fedora	蓝色软呢帽
#ADB6AC	Blue Fescue	蓝羊茅
#577FAE	Blue Fin	蓝鳍
#51645F	Blue Fir	蓝冷杉
#00AADD	Blue Fire	蓝火
#007290	Blue Fjord	蓝色峡湾
#3B506F	Blue Flag	蓝旗
#005E88	Blue Flame	蓝焰
#DDEBED	Blue Flax	蓝亚麻
#C8D2CD	Blue Flower	蓝花
#B4CCC2	Blue Fluorite	蓝色萤石
#9BABBB	Blue Fog	蓝雾
#ACB0A9	Blue Fox	蓝狐
#86D2C1	Blue Frosting	蓝糖霜
#2D4470	Blue Funk	蓝色放克
#A2B8CE	Blue Garter	蓝色吊袜带
#4B3C8E	Blue Gem	蓝宝石
#6666FF	Blue Genie	蓝色精灵
#B8DCDC	Blue Glass	蓝玻璃
#56597C	Blue Glaze	蓝釉
#92C6D7	Blue Glint	蓝色闪光
#B2D4DD	Blue Glow	蓝辉光
#CDD7DF	Blue Gossamer	蓝游丝
#69A2D5	Blue Gourami	蓝色吻口鱼
#76798D	Blue Granite	蓝花岗岩
#3A383F	Blue Graphite	蓝石墨
#007A7C	Blue Grass	蓝草
#137E6D	Blue Green	蓝绿
#7CCBC5	Blue Green Gem	蓝绿宝石
#D8EEED	Blue Green Rules	蓝绿规则
#56B78F	Blue Green Scene	蓝绿色场景
#758DA3	Blue Grey	蓝灰
#50A2CA	Blue Grotto	蓝洞
#9ABCDC	Blue Grouse	蓝松鸡
#BDBACE	Blue Haze	蓝霾
#5566FF	Blue Heath Butterfly	蓝荒原蝶
#AEBBC1	Blue Heather	蓝石楠
#5B7E98	Blue Heaven	蓝天堂
#939CAB	Blue Heeler	蓝高跟鞋
#006384	Blue Heist	蓝色抢劫
#6666EE	Blue Hepatica	蓝肝
#939EC5	Blue Heron	蓝鹭
#324A8B	Blue Highlight	蓝色高光
#D0EEFB	Blue Hijab	蓝色盖头
#1E454D	Blue Hill	蓝丘陵
#289DBE	Blue Horizon	蓝地平线
#A2BAD2	Blue Horror	蓝色恐怖
#2A6F73	Blue Hosta	蓝色玉簪
#0034AB	Blue Hour	蓝色时刻
#394D60	Blue Hue	蓝色调
#8394C5	Blue Hyacinth	蓝风信子
#BBC3DD	Blue Hydrangea	蓝绣球花
#539CCC	Blue Iguana	蓝鬣蜥
#535A7C	Blue Indigo	蓝靛蓝
#566977	Blue Insignia	蓝色徽章
#7F809C	Blue Intrigue	蓝色阴谋
#587EBE	Blue Iolite	蓝色堇青石
#6264A6	Blue Iris	蓝鸢尾
#22AAAA	Blue Island	蓝岛
#597193	Blue Jacket	蓝色夹克
#828596	Blue Jasmine	蓝茉莉
#C1EBFF	Blue Java Banana	蓝爪哇香蕉
#5588DD	Blue Jay	冠蓝鸦
#01708A	Blue Jay Crest	冠蓝鸦冠
#5DADEC	Blue Jeans	蓝色牛仔裤
#465383	Blue Jewel	蓝宝石
#002D72	Blue Jinn’s	蓝金的
#BCE6E8	Blue Karma	蓝色业力
#1D7881	Blue Kelp	蓝海带
#E2E5E2	Blue Kiss	蓝吻
#00626F	Blue Lagoon	蓝泻湖
#2E5169	Blue Lava	蓝熔岩
#006284	Blue League	蓝色联盟
#779ECB	Blue Lechery	蓝色淫荡
#032A62	Blue Leviathan	蓝色利维坦
#ACDFDD	Blue Light	蓝浅
#7FCCE2	Blue Limewash	蓝色石灰水
#5A5E6A	Blue Linen	蓝亚麻
#A6BCE2	Blue Lips	蓝唇
#28314D	Blue Lobelia	蓝色半边莲
#0055AA	Blue Lobster	蓝龙虾
#486D83	Blue Loneliness	蓝色孤独
#C8D7D2	Blue Lullaby	蓝色摇篮曲
#B2C4CD	Blue Luna	蓝月
#012389	Blue Lust	蓝泽
#007593	Blue Luxury	蓝色奢华
#5F34E7	Blue Magenta	蓝品红
#553592	Blue Magenta Violet	蓝品红紫罗兰
#9AC0DE	Blue Magpie	蓝喜鹊
#68C2F5	Blue Mana	蓝魔力
#6594BC	Blue Marble	蓝大理石
#6A5BB1	Blue Marguerite	蓝色玛格丽特
#1FCECB	Blue Martina	蓝色玛蒂娜
#52B4D3	Blue Martini	蓝马提尼
#C9DCE7	Blue Me Away	蓝
#67A6AC	Blue Mercury	蓝水星
#014C76	Blue Meridian	蓝色子午线
#5A6370	Blue Metal	蓝金属
#5C6D7C	Blue Mirage	蓝海市蜃楼
#5BACC3	Blue Mist	蓝薄雾
#637983	Blue Monday	蓝周一
#7A808D	Blue Mood	蓝情绪
#3992A8	Blue Moon	蓝月
#588496	Blue Moon Bay	蓝月海湾
#21426B	Blue Mosque	蓝色清真寺
#759DBE	Blue Mountain	蓝山
#2539BF	Blue Murder	蓝色谋杀案
#1199FF	Blue Nebula	蓝色星云
#414657	Blue Nights	蓝夜
#779FB9	Blue Nile	蓝尼罗
#D2DDE0	Blue Nuance	蓝色细微差别
#29518C	Blue Nude	蓝色裸体
#88A4AE	Blue Nuthatch	蓝色五子雀
#647E9C	Blue Oar	蓝桨
#296D93	Blue Oasis	蓝绿洲
#26428B	Blue Oblivion	蓝色遗忘
#009DC4	Blue Ocean	蓝海洋
#4F6997	Blue Odyssey	蓝色奥德赛
#015193	Blue Olympus	蓝色奥林巴斯
#124168	Blue Opal	蓝蛋白石
#0020EF	Blue Overdose	蓝色过量
#5577EE	Blue ?yster Cult	蓝牡蛎崇拜
#2282A8	Blue Paisley	蓝色佩斯利
#01546D	Blue Palisade	蓝色栅栏
#5095C3	Blue Paradise	蓝天堂
#8080FF	Blue Party Parrot	蓝派对鹦鹉
#C5D9E3	Blue Pearl	蓝珍珠
#2200FF	Blue Pencil	蓝铅笔
#BCD7DF	Blue Perennial	蓝色多年生植物
#075158	Blue Period	蓝色时期
#5B92AC	Blue Persia	蓝色波斯
#D2E6E8	Blue Phlox	蓝福禄考
#B5A3C5	Blue Pink	蓝粉
#545E6A	Blue Planet	蓝色星球
#5B7A9C	Blue Plate	蓝盘
#30363C	Blue Plaza	蓝广场
#95B9D6	Blue Pointer	蓝色指针
#A1B1C2	Blue Pot	蓝壶
#64617B	Blue Potato	蓝土豆
#6A808F	Blue Prince	蓝王子
#ABC4DB	Blue Prism	蓝色棱镜
#729CC2	Blue Promise	蓝色承诺
#5729CE	Blue Purple	蓝紫
#43505E	Blue Quarry	蓝色采石场
#335287	Blue Quartz	蓝石英
#4BA4A9	Blue Racer	蓝色赛车手
#58CFD4	Blue Radiance	蓝光辉
#C4D6E1	Blue Raindrop	蓝色雨滴
#00177D	Blue Ranger	蓝色游侠
#0CBFE9	Blue Raspberry	蓝覆盆子
#3AA2C6	Blue Raspberry Seed	蓝覆盆子种子
#CCD7E1	Blue Reflection	蓝倒影
#B0D8E7	Blue Refrain	蓝色副歌
#303048	Blue Regal	蓝庄严
#376298	Blue Regatta	蓝色帆船赛
#285991	Blue Regent	蓝色摄政王
#4E5878	Blue Review	蓝色评论
#0066FF	Blue Ribbon	蓝丝带
#3E6490	Blue Ribbon Beauty	蓝丝带美
#B3D9F3	Blue Rice	蓝米
#75A6BB	Blue Ridge Mist	蓝山岭薄雾
#B7BDC6	Blue Rinse	蓝色冲洗
#377D95	Blue Rodeo	蓝色牛仔竞技表演
#D8F0D2	Blue Romance	蓝浪漫
#292D74	Blue Rose	蓝玫红
#29217A	Blue Royale	蓝色皇家
#0066DD	Blue Ruin	蓝色废墟
#575F6A	Blue Sabre	蓝色军刀
#57747A	Blue Sage	蓝鼠尾草
#24549A	Blue Sail	蓝帆
#126180	Blue Sapphire	蓝宝石蓝
#666A76	Blue Sari	蓝色纱丽
#9AD6E8	Blue Sarong	蓝色纱笼
#494D58	Blue Sash	蓝色腰带
#9EB6D0	Blue Satin	蓝缎面
#0033BB	Blue Screen of Death	蓝屏死机
#546E77	Blue Sentinel	蓝色哨兵
#293F54	Blue Shade Wash	蓝暗调洗
#758CA4	Blue Shadow	蓝暗影
#B9CACC	Blue Shale	蓝页岩
#BACBC4	Blue Shamrock	蓝三叶草绿
#9BB3BC	Blue Shell	蓝壳
#B3DAE2	Blue Shimmer	蓝闪烁
#6B8C93	Blue Shoal	蓝浅滩
#7593CB	Blue Shock	蓝色冲击
#93BDE7	Blue Shutters	蓝色百叶窗
#D0DCE8	Blue Silk	蓝丝
#95AFDC	Blue Skies Today	蓝天空今天
#8CA6B5	Blue Skylights	蓝色天窗
#5A5F68	Blue Slate	蓝石板
#008793	Blue Slushie	蓝色雪泥
#5786B4	Blue Smart	蓝色智能
#D7E0E2	Blue Smoke	蓝烟
#4A87CB	Blue Sonki	蓝松基
#404956	Blue Sou’wester	蓝色苏韦斯特
#0077FF	Blue Sparkle	蓝闪光
#3B5C6C	Blue Spell	蓝咒语
#2E85B1	Blue Splash	蓝飞溅
#ADC5C9	Blue Spruce	蓝云杉
#508A9A	Blue Square	蓝色方块
#577284	Blue Stone	蓝石
#2266BB	Blue Streak	蓝色条纹
#95CDD8	Blue Stream	蓝溪流
#687B92	Blue Suede	蓝麂皮
#484B62	Blue Suede Shoes	蓝色绒面革鞋
#829D99	Blue Surf	蓝冲浪
#1B4556	Blue Syzygy	蓝色西吉
#2A4B6E	Blue Tang	蓝唐
#3FA4D2	Blue Tango	蓝探戈
#475C62	Blue Tapestry	蓝挂毯
#849DA2	Blue Tea	蓝茶
#5885A2	Blue Team Spirit	蓝色团队精神
#ADC0D6	Blue Thistle	蓝蓟
#677F86	Blue Thunder	蓝雷
#9FD9D7	Blue Tint	蓝调
#4466FF	Blue Titmouse	蓝山雀
#0190C0	Blue to the Bone	蓝骨白
#BABFC5	Blue to You	蓝
#2B4057	Blue Tone Ink	蓝调墨
#65AECE	Blue Topaz	蓝黄玉
#042993	Blue Torus	蓝色环面
#4997D0	Blue Tourmaline	蓝色电气石
#A9B8C8	Blue Tribute	蓝色致敬
#4376AB	Blue Triumph	蓝色凯旋
#120A8F	Blue Trust	蓝色信托
#5C4671	Blue Tulip	蓝郁金香
#C9DBE5	Blue Tulle	蓝色薄纱
#6F95C1	Blue Tuna	蓝金枪鱼
#50ABAE	Blue Turquoise	蓝青
#1E7EAE	Blue Vacation	蓝色假期
#4E83BD	Blue Vault	蓝色穹顶
#AECBE5	Blue Veil	蓝面纱
#0D6183	Blue Velvet	蓝绒
#397C80	Blue Venus	蓝维纳斯
#4E32B2	Blue Violet	蓝紫罗兰
#3D4457	Blue Vortex	蓝漩涡
#1E3442	Blue Whale	蓝鲸
#A8BBBA	Blue Willow	蓝柳
#2E4556	Blue Wing Teal	蓝翼青
#00827C	Blue Winged Teal	蓝翅水鸭
#404664	Blue Wonder	蓝奇迹
#5A77A8	Blue Yonder	蓝色那边
#5B6676	Blue Zephyr	蓝色和风
#3C4354	Blue Zodiac	蓝色生肖
#24313D	Blue-Black	蓝黑色
#005F7A	Blue-Collar	蓝领
#2277CC	Blue-Eyed Boy	蓝眼睛的男孩
#5C767F	Blue-Eyed Cryptid	蓝眼隐秘生物
#0000DD	Bluealicious	蓝色爱丽丝
#ABB5C4	Bluebeard	蓝胡子
#333399	Bluebell	蓝铃花
#9999CC	Bluebell Frost	蓝铃花霜
#464196	Blueberry	蓝莓
#836268	Blueberry Blush	蓝莓绯红
#8C99B3	Blueberry Buckle	蓝莓扣
#586E84	Blueberry Dream	蓝莓梦
#4D8CB9	Blueberry Festival	蓝莓节日
#CC66DD	Blueberry Glaze	蓝莓釉
#C6D8E4	Blueberry Ice	蓝莓冰
#D01343	Blueberry Lemonade	蓝莓柠檬水
#CBCCDF	Blueberry Mist	蓝莓薄雾
#5588AB	Blueberry Muffin	蓝莓松饼
#627099	Blueberry Patch	蓝莓块
#314D67	Blueberry Pie	蓝莓派
#5488C0	Blueberry Popover	蓝莓爆米花
#8290A6	Blueberry Soda	蓝莓苏打
#5E96C3	Blueberry Soft Blue	蓝莓柔蓝
#3F4050	Blueberry Tart	蓝莓塔
#24547D	Blueberry Twist	蓝莓扭
#D1D4DB	Blueberry Whip	蓝莓搅打
#00A9B8	Bluebird	蓝鸫
#6F9DB3	Bluebird Feather	蓝鸫羽毛
#7395B8	Bluebird’s Belly	蓝鸟的肚子
#1C1CF0	Bluebonnet	矢车菊
#8ECFE8	Bluebottle	蓝瓶苍蝇
#4F9297	Bluebound	蓝界
#6ABCDA	Bluebrite	蓝莓
#535A61	Blued Steel	蓝钢
#324C64	Bluedgeons	蓝剑
#35637C	Blueprint	蓝图
#6F8479	Blueridge Fir	蓝岭冷杉
#1F66FF	Bluerocratic	蓝政
#296A9D	Blues	蓝调
#99BADD	Blues White Shoes	蓝调白鞋
#2D47FF	Blueshift	蓝移
#6081A2	Bluestone Path	青石路
#7C9AB5	Bluesy Note	蓝调音符
#3C69E7	Bluetiful	蓝色的
#9EBED8	Bluette	布鲁内特
#E2E6E0	Bluewash	蓝洗
#375978	Bluey	布鲁伊
#D2BD9E	Bluff Stone	崖石
#2976BB	Bluish	偏蓝
#413F44	Bluish Black	偏蓝黑
#10A674	Bluish Green	偏蓝绿
#748B97	Bluish Grey	偏蓝灰
#D0D5D3	Bluish Lilac Purple	偏蓝丁香紫
#703BE7	Bluish Purple	偏蓝紫
#6666BB	Bluish Purple Anemone	偏蓝紫银莲花
#89CFDB	Bluish Water	偏蓝水
#305C71	Blumine	布卢明
#B5BBC7	Blunt	钝器
#8D6C7A	Blunt Violet	钝紫罗兰
#5539CC	Blurple	模糊
#F29E8E	Blush	绯红
#EDD5C7	Blush Beige	绯红米色
#DD99AA	Blush Bomb	腮红炸弹
#DE5D83	Blush d’Amour	爱之腮红
#CC88DD	Blush Essence	绯红精华
#FF6F91	Blush Hour	腮红时间
#EABCC0	Blush Kiss	绯红吻
#D9E6E0	Blush Mint	绯红薄荷
#DCCBD1	Blush of Hyacinth	绯红风信子
#DCD1D5	Blush of Morn	绯红晨
#F0BCBE	Blush Rush	绯红涌
#E2E0D8	Blush Sand	绯红沙
#DEE1ED	Blush Sky	绯红天空
#EE88CC	Blushed Bombshell	脸红的重磅炸弹
#F0E0D2	Blushed Cotton	腮红棉
#DEC5D3	Blushed Velvet	腮红丝绒
#F0D1C3	Blushing	绯红
#FBBCA7	Blushing Apricot	绯红杏
#EEDAD1	Blushing Bride	脸红的新娘
#DD9999	Blushing Bud	绯红蕾
#FFCDAF	Blushing Cherub	脸红的小天使
#FFBF99	Blushing Cinnamon	绯红肉桂
#EBD5CA	Blushing Coconut	绯红椰子
#D3D4E5	Blushing Lilac	绯红丁香紫
#FFD79F	Blushing Peach	绯红桃
#E09B81	Blushing Rose	绯红玫红
#F3CACB	Blushing Senorita	脸红的女士
#D9B1D6	Blushing Sky	绯红天空
#E3A1B8	Blushing Tulip	绯红郁金香
#4A5A6F	Bluster Blue	狂风蓝
#4411FF	Blustering Blue	狂暴的蓝色
#D6DFE7	Blustery Day	大风日
#6F848C	Blustery Sky	风大的天空
#B6C5C1	Blustery Wind	狂风
#1D5BD6	Bnei Brak Bay	布内布拉克湾
#7F7755	Boa	蟒蛇
#EDE7D5	Board & Batten	板和板条
#757760	Boardman	博德曼
#C7B6AA	Boardwalk Sashay	木板路萨沙伊
#6C6B6A	Boat Anchor	船锚
#2D5384	Boat Blue	船蓝
#C0448F	Boat Orchid	船兰花紫
#577190	Boathouse	船库
#087170	Boating Green	划船绿
#243256	Boatswain	水手长
#97C5DA	Bobby Blue	鲍比·布鲁
#EADFD0	Bobcat Whiskers	山猫须
#22BB11	Boboli Gardens	波波里花园
#5D341A	Bock	博克
#DF8F67	Bockwurst	博克香肠
#B2619D	Bodacious	大胆的
#5E81C1	Bodega Bay	博德加湾
#B09870	Bodhi Tree	菩提树
#3D4652	Boeing Blue	波音蓝
#973443	Boerewors	波尔沃斯
#BAB796	Bog	泥炭沼
#BAC3B9	Bog Fog	泥炭沼雾
#8B8274	Bogart	鲍嘉
#116F26	Bogey Green	柏忌格林
#663B3A	Bogong Moth	博公蛾
#3B373C	Bohemian Black	波西米亚黑
#0000AA	Bohemian Blue	波西米亚蓝
#9D777C	Bohemian Jazz	波西米亚爵士乐
#B8B3C8	Bohemianism	波西米亚主义
#7B684D	Boho	波西米亚风
#E58787	Boho Blush	波西米亚腮红
#B96033	Boho Copper	波西米亚铜
#00EE11	Boiling Acid	沸腾的酸
#FF3300	Boiling Magma	沸腾的岩浆
#A59C9B	Boiling Mud	沸腾的泥浆
#D7E9E8	Boiling Point	沸点
#BCCAB3	Bok Choy	白菜
#2A2725	Bokara Grey	博卡拉·格雷
#879550	Bold Avocado	大胆牛油果
#1D6575	Bold Bolection	大胆的选择
#796660	Bold Brandy	大胆白兰地
#8C5E55	Bold Brick	大胆砖
#463D2F	Bold Eagle	大胆鹰
#EAD56D	Bold Gold	大胆金
#2A814D	Bold Irish	大胆爱尔兰
#7A4549	Bold Sangria	大胆桑格利亚红
#79443B	Bole	伯乐
#88464A	Bolero	波莱罗
#DEBB32	Bollywood	宝莱坞
#FFFBAB	Bollywood Gold	宝莱坞黄金
#9C6F6C	Bologna	博洛尼亚
#FFCFDC	Bologna Sausage	博洛尼亚香肠
#BB4400	Bolognese	博洛尼亚
#393939	Boltgun Metal	爆弹枪金属
#D8BABC	Bombay Pink	孟买粉红
#5E496A	Bon Vivant	邦维旺
#8BAEB2	Bon Voyage	一路顺风
#304471	Bona Fide	善意
#CBB9AB	Bona Fide Beige	真正的米色
#E6E2D7	Bonaire	博内尔岛
#523B2C	Bonanza	富矿
#8C4268	Bonbon Red	糖果红
#16698C	Bondi	邦迪
#0095B6	Bondi Blue	邦迪蓝
#E0D7C6	Bone	骨白
#9D7446	Bone Brown	骨白棕
#F3EDDE	Bone China	骨白瓷
#E7ECE6	Bone Dust	骨白尘
#D7D0C0	Bone Trace	骨迹
#F1E1B0	Bone White	骨白
#E1F2F0	Bone-Chilling	令人毛骨悚然
#BB9977	Boneyard	墓地
#F78058	Bonfire	篝火
#D7951F	Bonfire Glow	篝火发光
#DE6A41	Bonfire Night	篝火之夜
#D7AF7A	Bonfire Toffee	篝火太妃糖
#D2C2B2	Bongo Drum	邦戈鼓
#DECE96	Bongo Skin	邦戈皮肤
#DFD7D2	Bonjour	卓悦
#F54D79	Bonker Pink	疯狂粉红
#3A4866	Bonne Nuit	美好的夜晚
#8DBBD1	Bonnie Blue	邦妮·蓝
#FDEFD2	Bonnie Cream	邦妮奶油
#E4D1BC	Bonnie Dune Beach	邦尼沙丘海滩
#7C644A	Bonnie’s Bench	邦妮的长凳
#C58EAB	Bonny Belle	邦妮·贝尔
#787B54	Bonsai	盆景
#9E9E7C	Bonsai Garden	盆景花园
#B8B19A	Bonsai Pot	盆景壶
#C5D1B2	Bonsai Tint	盆景调
#6C6D62	Bonsai Trunk	盆景树干
#FFA00A	Bonus Level	奖金等级
#5E6B44	Bonza Green	邦扎格林
#84AFD5	Boo Blue	嘘蓝
#9BB53C	Booger	鼻屎
#00FF77	Booger Buster	鼻屎克星
#119944	Boogie Blast	布吉爆炸
#805D5B	Book Binder	书籍装订机
#8C3432	Bookstone	书石
#EBE3DE	Bookworm	书虫
#AFC2CF	Boot Cut	启动剪切
#DDAF8E	Boot Hill Ghost	布特山幽灵
#793721	Bootstrap Leather	靴带皮革
#7FC6BE	Booty Bay	藏宝海湾
#92D0D0	Bora Bora Shore	波拉波拉岛海岸
#507EA4	Borage	琉璃苣
#5566CC	Borage Blue	琉璃苣蓝
#7B002C	Bordeaux	波尔多红
#EFBCDE	Bordeaux Hint	波尔多红微意
#5C3944	Bordeaux Leaf	波尔多红叶
#6F2C4F	Bordeaux Red	波尔多红
#C69B58	Borderline	边界线
#EE1166	Borderline Pink	边缘粉红
#717E73	Boreal	北方
#DEDD98	Bored Accent Green	无聊强调绿
#8C9C9C	Boredom	无聊
#FF8E51	Boredom Buster	无聊克星
#06470C	Borg Drone	博格无人机
#054907	Borg Queen	博格女王
#63B365	Boring Green	无聊的绿色
#D9B1AA	Borlotti Bean	博洛蒂豆
#A76244	Borneo	婆罗洲
#8C2C24	Borscht	罗宋汤
#C09056	Bosc Pear	博斯克·梨
#76A0AF	Bosco Blue	博斯科蓝
#552C1C	Boson Brown	玻色子棕
#E7DBE1	Bōsōzoku Pink	暴走族粉色
#008468	Bosphorus	博斯普鲁斯海峡
#015D75	Bosporus	博斯普鲁斯海峡
#4C3D4E	Bossa Nova	博萨诺瓦
#767C9E	Bossa Nova Blue	博萨诺瓦蓝
#CB8EB1	Bossy-Pants Pink	霸道粉
#438EAC	Boston Blue	波士顿蓝
#87544E	Boston Brick	波士顿砖
#614432	Boston Brown Bread	波士顿黑面包
#90966D	Boston Fern	波士顿蕨
#685043	Boston Legacy	波士顿遗产
#A2345C	Bōtan	牡丹
#4D6E2F	Botanical	植物
#227700	Botanical Beauty	植物美
#A3BFB9	Botanical Bliss	植物极乐
#44AA11	Botanical Garden	植物花园
#77976E	Botanical Green	植物绿
#12403C	Botanical Night	植物夜
#A7E6D4	Botanical Tint	植物调
#9AD28C	Botanist	植物学家
#B70272	Botticelli	波提切利
#FBDFD6	Botticelli Angel	波提切利天使
#238E50	Bottle Glass	玻璃瓶
#006A4E	Bottle Green	深绿色
#E8EDB0	Bottlebrush Blossom	洗瓶刷花
#095BAF	Bottled Sea	瓶装海
#9B6944	Bottled Ship	瓶装船
#BFC4C9	Bottlefly Wings	瓶蝇翅膀
#6A7074	Bottlenose Dolphin	宽吻海豚
#CC0077	Bottom of My Heart	我的心底
#DAB27D	Boudin	布丹
#D9C0AB	Boudoir Beige	闺房米色
#7EA3D2	Boudoir Blue	闺房蓝
#9884B9	Bougainvillaea	九重葛
#576145	Boughs of Pine	松树枝
#7C817C	Boulder	巨石
#655E4E	Boulder Brown	巨石棕
#8C9496	Boulder Creek	巨石小溪
#D40701	Boulevardier	林荫大道
#49A462	Bouncy Ball Green	弹力球绿色
#5B6D84	Boundless	无边无际
#5A8299	Bountiful Blue	丰富的蓝色
#E4C36C	Bountiful Gold	丰富的黄金
#A78199	Bouquet	花束
#AF6C3E	Bourbon	波本
#EC842F	Bourbon Peach	波本桃
#E6BE8A	Bourbon Spice	波本辛香
#6C5654	Bourbon Truffle	波本松露
#EE0066	Bourgeois	布尔乔亚
#637A72	Bournonite Green	勃诺耐特绿
#E1CEAD	Boutique Beige	精品米色
#8CC1D6	Boutonniere	胸花
#52585C	Bovine	牛科
#BE2633	Bow Tie	领结
#126DA8	Bowen Blue	鲍文蓝
#006585	Bowerbird Blue	园丁鸟蓝色
#BFDEAF	Bowling Green	鲍灵格林
#D7BD92	Bowman Beige	鲍曼米色
#587176	Bowman Blue	鲍曼蓝
#536B1F	Bowser Shell	库巴外壳
#D6D1C8	Bowstring	弓弦
#898790	Box Office	票房
#873D30	Boxcar	棚车
#707B71	Boxwood	黄杨木
#EFE4A5	Boxwood Yellow	黄杨木黄
#8CACD6	Boy Blue	男孩蓝
#B3111D	Boy Red	男孩红
#635C53	Boycott	抵制
#9F4E3E	Boynton Canyon	博因顿峡谷
#873260	Boysenberry	博伊森伯里
#A1395D	Boysenberry Pink	波森莓粉色
#F1F3F9	Boysenberry Shadow	波森莓阴影
#2A96D5	Boyzone	男孩地带
#014182	Bracing Blue	支撑蓝色
#5B3D27	Bracken	蕨菜
#31453B	Bracken Fern	蕨菜
#626F5D	Bracken Green	蕨菜绿
#84726C	Bradford Brown	布拉德福德棕
#77675B	Braid	辫子
#E9B578	Braided Mat	编织垫
#E1D0AF	Braided Raffia	编织拉菲草
#00EEFF	Brain Freeze	大脑冻结
#F2AEB1	Brain Pink	脑粉色
#B5B5B5	Brainstem Grey	脑干灰色
#D1D3C0	Brainstorm	头脑风暴
#74685A	Brainstorm Bronze	头脑风暴铜奖
#65635B	Braintree	布伦特里
#EE0033	Brake Light Trails	刹车灯轨迹
#503629	Bramble Bush	黑莓丛灌木丛
#C71581	Bramble Jam	黑莓丛果酱
#9BA29D	Brampton Grey	布兰普顿灰色
#A9704C	Bran	麸皮
#9A7F55	Branching-Out Olive	橄榄枝
#0070FF	Brandeis Blue	布兰代斯蓝
#706F64	Brandenburg Gate	勃兰登堡门
#A37C79	Brandied Apple	白兰地苹果
#C27275	Brandied Apricot	白兰地杏子
#CC7753	Brandied Melon	白兰地甜瓜
#EAE2D1	Brandied Pears	白兰地梨
#DCB68A	Brandy	白兰地
#F3E2DC	Brandy Alexander	布兰迪·亚历山大
#AA5412	Brandy Bear	白兰地熊
#73342A	Brandy Brown	白兰地棕
#F3BB8F	Brandy Butter	白兰地黄油
#C07C40	Brandy Punch	白兰地宾治
#B6857A	Brandy Rose	白兰地玫红
#B58E8B	Brandy Snaps	白兰地脆片
#490206	Brandywine	白兰地酒
#5555AA	Brandywine Raspberry	白兰地酒覆盆子
#E69DAD	Brandywine Spritz	白兰地雪碧
#B5A642	Brass	黄铜
#E7BD42	Brass Balls	黄铜球
#DFAC4C	Brass Buttons	黄铜纽扣
#B9A70F	Brass Knuckle	指节铜套
#E1A84B	Brass Mesh	黄铜网
#DBBD76	Brass Nail	铜钉
#773B2E	Brass Scorpion	黄铜蝎
#D3B280	Brass Trumpet	黄铜喇叭
#B58735	Brass Yellow	黄铜黄
#CFA743	Brassed Off	黄铜关闭
#788879	Brassica	芸苔属
#F3BC6B	Brasso	布拉索
#D5AB2C	Brassy	黄铜色
#776022	Brassy Brass	黄铜 黄铜
#D8AB39	Brassy Tint	黄铜色
#454743	Brattle Spruce	脆皮云杉
#582F2B	Bratwurst	腊肠
#897058	Braun	布劳恩
#A0524E	Bravado Red	虚张声势红
#015B6D	Brave New Teal	勇敢的新青色
#FF631C	Brave Orange	勇敢的橙子
#968DB8	Brave Purple	勇敢的紫色
#D3E7E9	Bravo Blue	布拉沃蓝
#8C80B9	Bravo!	太棒了！
#A87F12	Brazen	厚颜无耻
#7B6623	Brazen Brass	黄铜
#CE7850	Brazen Orange	黄铜橙
#856765	Brazil Nut	巴西坚果
#7F5131	Brazilian Brown	巴西棕
#AF915D	Brazilian Citrine	巴西黄水晶
#296D23	Brazilian Green	巴西绿
#D8C6B4	Brazilian Sand	巴西沙
#31D652	Brazilianite	巴西石
#FFD182	Bread and Butter	面包黄油
#AB8659	Bread Basket	面包篮
#E4D4BE	Bread Crumb	面包屑
#B78B43	Bread Crust	面包酥
#DCD6D2	Bread Flavour	面包味
#E6BC89	Bread Pudding	面包布丁
#B48C56	Breadstick	面包棒
#FFFABD	Break of Day	黎明
#B2E1EE	Break the Ice	打破僵局
#CEDAC3	Breakaway	脱离
#424D60	Breakaway Blue	分离蓝
#E5EDED	Breaker	断路器
#517B78	Breaker Bay	布雷克湾
#F6E3D3	Breakfast Biscuit	早餐饼干
#6D5542	Breakfast Blend	早餐混合
#B8E4F5	Breaking the Ice	打破僵局
#00A0B0	Breaking Wave	破浪
#C4D9CE	Breaktime	休息时间
#D1DEE4	Breakwater	防波堤
#EBF1E9	Breakwater White	防波堤白
#DCE7CB	Breath of Celery	呼吸芹菜
#EE0011	Breath of Fire	呼吸火
#C7DBE4	Breath of Fresh Air	呼吸鲜空气
#BDD1CE	Breath of Green	呼吸绿
#E9E1A7	Breath of Spring	呼吸春
#D1D2B8	Breathe	呼吸
#015348	Breathe Deeply	深呼吸
#DFDAE0	Breathless	气喘吁吁
#536193	Breathtaking	令人惊叹的
#C3ACB7	Breathtaking Evening	令人惊叹的夜晚
#809BAC	Breathtaking View	令人惊叹的景色
#5E9948	Bredon Green	布莱登·格林
#795D34	Breen	布林
#AEC9EA	Breeze	微风
#C4DFE8	Breeze in June	微风六月
#F4706E	Breeze of Chilli	微风辣椒
#CFFDBC	Breeze of Green	微风绿
#D6DBC0	Breezeway	微风大道
#C2DDE6	Breezy	微风
#D9E4DE	Breezy Aqua	微风轻水
#F7F2D7	Breezy Beige	微风米
#BAD9E5	Breezy Blue	微风蓝
#BDC4B8	Breezy Day	微风日
#C1D9E9	Breezy Touch	微风触感
#CECEDF	Breezy Violet	微风紫
#2D567C	Breonne Blue	布罗讷蓝
#A9203E	Bresaola	布雷绍拉
#0080FF	Brescian Blue	布雷西亚蓝
#AA5555	Bretzel Brown	布雷泽尔棕
#715243	Brevity Brown	简洁棕色
#E68364	Brewed Mustard	煮芥末
#777788	Brewing Storm	酝酿风暴
#745443	Briar	野蔷薇
#C07281	Briar Rose	野蔷薇玫红
#695451	Briar Wood	野蔷薇木
#A03623	Brick	砖
#77603F	Brick Brown	砖棕
#B22122	Brick by Brick	砖砖
#AB685F	Brick Dust	砖尘
#B38070	Brick Fence	砖栅栏
#956159	Brick Hearth	砖炉
#C14A09	Brick Orange	砖橙
#C2977C	Brick Path	砖径
#93402F	Brick Paver	砖摊铺机
#8F1402	Brick Red	砖红
#D2A161	Brick Yellow	砖黄
#A75C3D	Brick-A-Brack	一砖一瓦
#864A36	Brickhouse	布里克豪斯
#DB5856	Bricks of Hope	希望之砖
#825943	Bricktone	布里克通
#986971	Brickwork Red	砖砌红
#B33A22	Bricky Brick	砖块
#AB6A64	Brickyard	砖厂
#EBBDB8	Bridal Bouquet	新娘捧花
#F8EBDD	Bridal Heath	新娘希思
#D1949C	Bridal Rose	新娘玫瑰
#E5D3CC	Bridal Scent	新娘香氛
#E7E1DE	Bridal Veil	新娘头纱
#E5E7E5	Bridal Wreath	新娘花环
#EFE7EB	Bride	新娘
#FAE6DF	Bridesmaid	伴娘
#817F6E	Bridge Troll Grey	桥巨魔灰色
#004683	Bridgeport	布里奇波特
#527065	Bridgewater	布里奇沃特
#BCD7E2	Bridgewater Bay	布里奇沃特湾
#575144	Bridgewood	布里奇伍德
#8F7D70	Bridle Leather	缰绳皮革
#A29682	Bridle Path	缰绳路径
#545E4F	Brierwood Green	布莱尔伍德格林
#4FA1C0	Brig	双桅船
#DDCFBF	Brig O’doon	布里格·奥杜恩
#365D73	Brigade	旅
#0063A0	Brigadier Blue	蓝准将
#B5DDEB	Bright and Breezy	明亮微风
#0BF9EA	Bright Aqua	亮水色
#0165FC	Bright Blue	亮蓝
#8A2BE2	Bright Blue Violet	亮蓝紫罗兰
#9DA7CF	Bright Bluebell	亮蓝铃花
#90B3C2	Bright Bluebonnet	明亮的矢车菊
#A05822	Bright Bronze	亮古铜
#533B32	Bright Brown	亮棕
#FFC42A	Bright Bubble	亮泡泡
#1CAC78	Bright Camouflage	亮迷彩
#1DACD6	Bright Cerulean	亮蔚蓝
#ADBFC8	Bright Chambray	明亮的青年布
#DFFF11	Bright Chartreuse	亮查特酒绿
#FFC6A5	Bright Citrus	亮柑橘
#EFCF9B	Bright Clove	亮丁香
#3C6098	Bright Cobalt	亮钴蓝
#41FDFE	Bright Cyan	亮青
#CD5B26	Bright Delight	亮喜悦
#EEE9F9	Bright Dusk	亮黄昏
#FEFFCA	Bright Ecru	亮本白
#5A4E88	Bright Eggplant	亮茄紫
#728A51	Bright Forest	亮森林
#CF9F52	Bright Gold	亮金
#3844F4	Bright Greek	亮希腊
#66FF00	Bright Green	亮绿
#EBECF0	Bright Grey	亮灰
#FFD266	Bright Halo	亮光环
#ECBE63	Bright Idea	好主意
#6F00FE	Bright Indigo	亮靛蓝
#F1E78C	Bright Khaki	亮卡其
#9F3645	Bright Lady	亮女士
#F0EDD1	Bright Laughter	灿烂的笑声
#BF94E4	Bright Lavender	亮薰衣草紫
#8DCE65	Bright Lettuce	亮生菜
#2DFE54	Bright Light Green	亮浅绿
#D891EF	Bright Lilac	亮丁香紫
#87FD05	Bright Lime	亮青柠
#65FE08	Bright Lime Green	亮青柠绿
#C1B9AA	Bright Loam	亮壤土
#FF08E8	Bright Magenta	亮品红
#979AAA	Bright Manatee	明亮的海牛
#FF8830	Bright Mango	亮芒果
#EB7E00	Bright Marigold	亮万寿菊
#C32148	Bright Maroon	亮栗色
#011993	Bright Midnight	亮午夜
#98FF98	Bright Mint	亮薄荷
#F6F1E5	Bright Moon	亮月
#225869	Bright Nautilus	明亮的鹦鹉螺
#1974D2	Bright Navy Blue	亮海军蓝
#2D5E22	Bright Nori	明亮的海苔
#F0E8DA	Bright Ocarina	明亮的陶笛
#9CBB04	Bright Olive	亮橄榄
#FF7034	Bright Orange	亮橙
#549C38	Bright Parrot	亮鹦鹉
#BE03FD	Bright Purple	亮紫
#FF000D	Bright Red	亮红
#C51959	Bright Rose	亮玫红
#FFCF09	Bright Saffron	亮藏红花
#D1CEB4	Bright Sage	亮鼠尾草
#FC0E34	Bright Scarlet	亮猩红
#9FE2BF	Bright Sea Green	亮海绿
#B1AA9C	Bright Sepia	亮深褐
#D68A59	Bright Sienna	亮赭色
#02CCFE	Bright Sky Blue	亮天空蓝
#76C1E1	Bright Spark	明亮的火花
#DDE2E6	Bright Star	亮星
#ECBD2C	Bright Sun	亮太阳
#01F9C6	Bright Teal	亮青
#08E8DE	Bright Turquoise	亮青
#D19FE8	Bright Ube	宇部亮
#826644	Bright Umber	亮赭褐
#AD0AFD	Bright Violet	亮紫罗兰
#F6F2F1	Bright White	亮白
#F5EFE8	Bright Winter Cloud	亮冬云
#FACE6D	Bright Yarrow	亮西洋蓍草
#FFFE42	Bright Yellow	亮黄
#9DFF00	Bright Yellow Green	亮黄绿
#757CAE	Bright Zenith	明亮的天顶
#E2681B	Brihaspati Orange	布里哈斯帕蒂橙
#DAB77F	Brik Dough	砖面团
#FDFDFD	Brilliance	辉煌
#0094A7	Brilliant	辉煌
#3399FF	Brilliant Azure	辉煌蔚蓝
#EFC5B5	Brilliant Beige	辉煌米色
#0075B3	Brilliant Blue	辉煌蓝
#AD548F	Brilliant Carmine	辉煌胭脂红
#F0DBAA	Brilliant Gold	辉煌金
#88B407	Brilliant Green	辉煌绿
#EFC600	Brilliant Impression	辉煌印象
#F4BBFF	Brilliant Lavender	辉煌薰衣草紫
#545454	Brilliant Liquorice	辉煌甘草
#8C6143	Brilliant Oak	辉煌橡
#009CB7	Brilliant Sea	辉煌海
#A9B0B4	Brilliant Silver	辉煌银
#00A68B	Brilliant Turquoise	辉煌青
#E8EEFE	Brilliant White	辉煌白
#E8E5D8	Brilliant Yellow	辉煌黄
#A3DAD4	Brilliante	辉煌
#7A958C	Brimming Over	满溢
#FFBD2B	Brimstone	硫磺
#C2C190	Brimstone Butterfly	硫磺蝴蝶
#82776B	Brindle	斑纹
#FB607F	Brink Pink	边缘粉红色
#08808E	Briny	布里尼
#DFCFC3	Brioche	布里欧修
#E15F65	Briquette	煤球
#515051	Briquette Grey	煤灰
#D2E0EF	Brisa de Mar	滨海布里萨
#6D829D	Brisk Blue	亮蓝色
#AAA97F	Brisk Olive	鲜橄榄
#6E4534	Brisket	牛胸肉
#A28450	Bristle Grass	猪鬃草
#93836F	Bristol Beige	布里斯托尔米色
#558F91	Bristol Blue	布里斯托尔蓝
#83A492	Bristol Green	布里斯托尔绿
#A09073	Britches	马裤
#FEDE8F	Brite Gold	布莱特金
#7D7081	British Grey Mauve	英国灰淡紫
#BCAF97	British Khaki	英国卡其
#35427B	British Mauve	英国淡紫
#FF0015	British Phone Booth	英国电话亭
#05480D	British Racing Green	英国赛车绿
#F4C8DB	British Rose	英国玫红
#5F6672	British Shorthair	英国短毛猫
#4C7E86	Brittany Blue	布列塔尼蓝
#F3D8E0	Brittany’s Bow	布列塔尼的弓
#EAAE47	Brittlebush	布里特尔布什
#94975D	Broad Bean	蚕豆
#BBDDFF	Broad Daylight	光天化日之下
#014421	Broadleaf Forest	阔叶林
#034A71	Broadwater Blue	布罗德沃特蓝
#145775	Broadway	百老汇
#FEE07C	Broadway Lights	百老汇灯光
#8C87C5	Brocade	锦缎
#7B4D6B	Brocade Violet	锦缎紫罗兰
#8FA277	Broccoflower	西兰花
#87B364	Broccoli	西兰花
#4B5338	Broccoli Green	西兰花绿
#008833	Broccoli Paradise	西兰花天堂
#486262	Brochantite Green	铜绿
#FFDD88	Broiled Flounder	烤比目鱼
#74BBFB	Broken Blue	碎蓝
#060310	Broken Tube	断管
#EEEBE3	Broken White	碎白
#A79781	Bronco	野马
#A87900	Bronze	古铜
#3A4856	Bronze Blue	古铜蓝
#FBC378	Bronze Blush	古铜绯红
#825E2F	Bronze Brown	古铜棕
#EB9552	Bronze Cup	古铜杯
#6E6654	Bronze Fig	古铜无花果
#8D8752	Bronze Green	古铜绿
#585538	Bronze Icon	青铜图标
#AA8031	Bronze Leaf	古铜叶
#6D6240	Bronze Medal	铜牌
#A37F44	Bronze Mist	古铜薄雾
#584C25	Bronze Olive	古铜橄榄
#E6BE9C	Bronze Sand	古铜沙
#CC5533	Bronze Satin	古铜缎面
#BC8040	Bronze Storm	古铜风暴
#434C28	Bronze Tone	古铜调
#B08D57	Bronze Treasure	古铜珍宝
#737000	Bronze Yellow	古铜黄
#DD6633	Bronzed	古铜色
#9B7E4E	Bronzed Brass	古铜色黄铜
#D78A6C	Bronzed Orange	古铜色橙色
#69605A	Brood	布罗德
#5E6D6E	Brooding Storm	沉思风暴
#AFDDCC	Brook Green	溪绿
#DACECD	Brook Trout	溪鳟鱼
#E7EEEE	Brooklet	布鲁克莱特
#586766	Brooklyn	布鲁克林
#6D4B3F	Brooklyn Brownstone	布鲁克林褐砂石
#5A7562	Brookside	布鲁克赛德
#99B792	Brookview	布鲁克维尤
#EECC24	Broom	扫帚
#74462D	Broomstick	扫帚
#B0B7C6	Brother Blue	蓝哥
#653700	Brown	棕
#B86D29	Brown Alpaca	棕羊驼
#4A3F37	Brown Bear	棕熊
#4A3832	Brown Beauty	棕美
#CC8833	Brown Beige	棕米色
#53331E	Brown Bramble	棕黑莓丛
#B08F6A	Brown Branch	棕枝条
#D4C5A9	Brown Bread	棕面包
#C2AE93	Brown Bunny	棕小兔
#AC7C00	Brown Butter	棕黄油
#876140	Brown Button	棕色按钮
#C5C2AD	Brown Buzz	棕蜂鸣
#995555	Brown Cerberus	棕色地狱犬
#5F1933	Brown Chocolate	棕巧克力
#C37C59	Brown Clay	棕黏土
#4A2C2A	Brown Coffee	棕咖啡
#654321	Brown Countdown	棕色倒计时
#594537	Brown Derby	棕色德比鞋
#89491A	Brown Eyed Girl	棕色眼睛的女孩
#9E6B4A	Brown Eyes	棕眼
#544A42	Brown Fox	棕狐
#706C11	Brown Green	棕绿
#8D8468	Brown Grey	棕灰
#D3B793	Brown Hare	棕兔
#5E442C	Brown Hen	棕色母鸡
#F485AC	Brown Knapweed	棕色矢车菊
#97382C	Brown Labrador	棕色拉布拉多
#7B2039	Brown Magenta	棕品红
#662211	Brown Moelleux	棕·莫勒克斯
#D8CBB5	Brown Mouse	棕鼠
#DFAC59	Brown Mustard	棕芥末
#B96902	Brown Orange	棕橙
#C2AA90	Brown Owl	棕猫头鹰
#8A5640	Brown Patina	棕铜绿
#4E403B	Brown Pepper	棕胡椒
#3C241B	Brown Pod	棕色豆荚
#AE8E65	Brown Rabbit	棕兔
#922B05	Brown Red	棕红
#DABD84	Brown Rice	棕米
#735852	Brown Ridge	棕山岭
#8D736C	Brown Rose	棕玫红
#BC9B4E	Brown Rum	棕朗姆
#AF593E	Brown Rust	棕锈
#F7945F	Brown Sand	棕沙
#4A290D	Brown Study	沉思棕
#5B4F41	Brown Suede	棕麂皮
#AB764E	Brown Sugar	棕糖
#C8AE96	Brown Sugar Coating	红糖衣
#CF7A4B	Brown Sugar Glaze	棕糖釉
#BCA792	Brown Teepee	棕色圆锥形帐篷
#906151	Brown Thrush	棕色画眉鸟
#37290E	Brown Tumbleweed	棕色风滚草
#704E40	Brown Velvet	棕绒
#B4674D	Brown Wood	棕木
#DD9966	Brown Yellow	棕黄
#DDBDA3	Brown-Bag It	自带午餐棕
#79512C	Brown-Noser	马屁精棕
#BB4433	Browned Off	受够了棕
#964B00	Brownie	布朗尼
#916D56	Brownie Scout	布朗尼侦察兵
#9C6D57	Brownish	偏棕
#413936	Brownish Black	偏棕黑
#6A6E09	Brownish Green	偏棕绿
#86775F	Brownish Grey	偏棕灰
#CB7723	Brownish Orange	偏棕橙
#C27E79	Brownish Pink	偏棕粉
#76424E	Brownish Purple	偏棕紫
#8D746F	Brownish Purple Red	偏棕紫红
#9E3623	Brownish Red	偏棕红
#C9B003	Brownish Yellow	偏棕黄
#785441	Brownstone	褐砂石
#6E615F	Browse Brown	浏览棕色
#D3B99B	Bruin Spice	棕熊香料
#7E4071	Bruise	瘀伤
#5D3954	Bruised Bear	伤痕累累的熊
#5B4148	Bruised Burgundy	伤痕勃艮第
#3B1921	Bruised Plum	伤痕累累的李子
#C6C6C2	Brume	布鲁姆
#664238	Brunette	布鲁内特
#829E2C	Bruni Green	布鲁尼·格林
#2A1B0E	Brunneophobia	布鲁新恐惧症
#5E4662	Brunneous	布伦尼厄斯
#9BA9CA	Brunnera Blue	布伦纳拉蓝
#433430	Bruno Brown	布鲁诺棕
#236649	Brunswick	不伦瑞克
#1B4D3E	Brunswick Green	不伦瑞克绿
#B2654E	Bruschetta	布鲁舍塔
#FF6347	Bruschetta Tomato	意式烤面包番茄
#B99684	Brush	刷子
#D4E1ED	Brush Blue	刷蓝
#DB9351	Brushed Clay	拉丝粘土
#C7C8C9	Brushed Metal	拉丝金属
#7D7A79	Brushed Nickel	拉丝镍
#F8A060	Brushed Orange	拉丝橙色
#F1DFBA	Brushstroke	一笔
#8C5939	Brushwood	灌木丛
#CC6611	Brusque Brown	布鲁斯克棕
#EE00FF	Brusque Pink	粗犷的粉色
#6C7C6D	Brussels	布鲁塞尔
#665E0D	Brussels Sprout Green	抱子甘蓝绿
#AA9B78	Brussels Sprouts	抱子甘蓝
#E61626	Brutal Doom	残酷的厄运
#FF00BB	Brutal Pink	残酷粉红
#0022DD	Brutally Blue	残酷的蓝色
#A6BEA6	Bryophyte	苔藓植物
#9FE010	Bryopsida Green	羽藻纲绿色
#90E4C1	Bubble Algae	气泡藻类
#E8E0E9	Bubble Bath	泡泡浴
#00B800	Bubble Bobble Green	泡泡龙绿色
#0084FF	Bubble Bobble P2	泡泡龙P2
#D3A49A	Bubble Shell	泡泡壳
#43817A	Bubble Turquoise	泡泡青
#FF85FF	Bubblegum	泡泡糖
#CC55EE	Bubblegum Baby Girl	泡泡糖婴儿女孩
#F887C7	Bubblegum Beam	泡泡糖梁
#FF01B7	Bubblegum Bright	泡泡糖亮
#EECCEE	Bubblegum Crisis	泡泡糖危机
#FFBADF	Bubblegum Heart	泡泡糖心
#F092D6	Bubblegum Kisses	泡泡糖吻
#F6B0BA	Bubblegum Pink	泡泡糖粉
#E7FEFF	Bubbles	泡泡
#D3E3E5	Bubbles in the Air	泡泡空气
#EAD8C0	Bubbly	起泡的
#77CCFF	Bubbly Barracuda	泡泡梭鱼
#C68400	Bubonic Brown	黑褐色
#FDF5D7	Bucatini Noodle	布卡蒂尼面条
#6E5150	Buccaneer	海盗
#035B8D	Buccaneer Blue	海盗蓝
#AA1111	Büchel Cherry	布切尔樱桃
#674834	Buckeye	七叶树
#996655	Bucking Bronco	逆行野马
#89A068	Buckingham Gardens	白金汉花园
#6B5140	Buckingham Palace	白金汉宫
#D9C3A6	Buckram Binding	巴克拉姆绑定
#D4BA8C	Buckskin	鹿皮
#C9A169	Buckskin Pony	鹿皮小马
#A76F1F	Buckthorn Brown	沙棘棕
#D4DCD6	Buckwheat	荞麦
#EFE2CF	Buckwheat Flour	荞麦粉
#E0D8A7	Buckwheat Groats	荞麦碎粒
#B9A4B0	Buckwheat Mauve	荞麦淡紫
#1B6634	Bucolic	田园风光
#98ACB0	Bucolic Blue	田园蓝
#A5A88F	Bud	蕾
#79B465	Bud Green	蕾绿
#E9E3D3	Bud’s Sails	巴德的风帆
#553D3E	Budapest Brown	布达佩斯棕
#E5E1E6	Budapest Pastel	布达佩斯粉彩
#FCE2C4	Budder Skin	芽皮
#BC9B1B	Buddha Gold	佛金
#37B575	Buddha Green	佛绿
#FFBB33	Buddha’s Love Handles	佛陀的爱心把手
#DEEABD	Budding Bloom	含苞待放
#EDECD4	Budding Fern	发芽的蕨类植物
#C4D1BF	Budding Green	萌芽的绿色
#EEF0D7	Budding Leaf	发芽的叶子
#F3D4BF	Budding Peach	桃子发芽
#976538	Buddy Buddy	巴迪巴迪
#84C9E1	Budgie Blue	虎皮鹦鹉蓝
#63424B	Budōnezumi Grape	布顿涅葡萄
#F4DCC1	Buenos Aires	布宜诺斯艾利斯
#F0DC82	Buff	浅黄
#D9CFBE	Buff It	浅黄
#AA7733	Buff Leather	浅黄皮革
#FFBB7C	Buff Orange	浅黄橙
#E8D0B9	Buff Tone	浅黄调
#F0B967	Buff Yellow	浅黄
#F25A1A	Buffallo Sauce	水牛酱
#AE9274	Buffalo Bill	水牛比尔
#695645	Buffalo Dance	水牛舞
#705046	Buffalo Herd	水牛群
#BB9F6A	Buffalo Hide	水牛兽皮
#95786C	Buffalo Soldier	水牛士兵
#E2AC78	Buffalo Trail	水牛小径
#DD9475	Buffed Copper	抛光铜
#AEAFB9	Buffed Plum	抛光李子
#A79C81	Buffhide	布夫皮德
#868929	Buffy Citrine	黄水晶
#BB8F4F	Bugle Boy	号角男孩
#D3973C	Bugle Call	号角
#CD5B45	Bugman’s Glow	巴格曼的光芒
#AFAFA7	Building Block	积木
#E9E3DA	Built on Sand	建在沙子上
#73A263	Bulbasaur	妙蛙种子
#94B1B6	Bulfinch Blue	红腹灰雀蓝
#480607	Bulgarian Rose	保加利亚玫红
#636153	Bull Kelp	公牛海带
#6B605B	Bull Ring	公牛环
#75442B	Bull Shot	公牛子弹
#FAF1C8	Bullet Hell	弹幕地狱
#CD4646	Bullfighters Red	斗牛士红
#8A966A	Bullfrog	牛蛙
#B9030A	Bullseye	靶心
#359E6B	Bulma Hair	布尔玛头发
#6D5837	Bulrush	芦苇
#0777BC	Bumangués Blue	布曼格斯蓝
#F5F1DE	Bumble Baby	大黄蜂宝宝
#FFC82A	Bumblebee	大黄蜂
#674961	Bunchberry	班奇伯里
#FFC58A	Bundaberg Sand	班达伯格沙
#E5B584	Bundle of Wheat	一捆小麦
#CBBEAA	Bungalow Beige	米色平房
#AD947B	Bungalow Brown	平房棕
#AD8047	Bungalow Gold	黄金平房
#E4C590	Bungalow Maple	枫树平房
#CEBE9F	Bungalow Taupe	灰褐色平房
#E4D3C8	Bungalow White	平房白色
#696156	Bungee Cord	弹力绳
#988F7B	Bunglehouse Beige	邦格尔豪斯米色
#46616E	Bunglehouse Blue	邦格尔豪斯蓝
#292C2F	Bunker	地堡
#6C4522	Bunni Brown	布尼棕
#F1B5CC	Bunny Cake	小兔蛋糕
#F9D9D2	Bunny Ears	兔子耳朵
#FB8DA6	Bunny Fluff	兔子绒毛
#F3ECEA	Bunny Hop	兔子跳
#DEC3C9	Bunny Pink	小兔粉
#D3BFC4	Bunny Soft	小兔柔
#FFE3F4	Bunny Tail	小兔尾
#FAD9DD	Bunny’s Nose	兔子的鼻子
#2B3449	Bunting	彩旗
#35537C	Bunting Blue	彩旗蓝
#79B0B6	Buoyancy	浮力
#65707E	Buoyant	浮力
#84ADDB	Buoyant Blue	浮力蓝
#717867	Burdock	牛蒡
#746C8F	Bureaucracy	官僚主义
#900020	Burgundy	勃艮第
#DADBA0	Burgundy Grey	勃艮第灰
#811D45	Burgundy Orchid	勃艮第兰花紫
#7E7150	Burgundy Snail	勃艮第蜗牛
#6C403E	Burgundy Wine	勃艮第酒红
#DBBC4B	Buried Gold	埋金
#772200	Buried Lust	埋藏的欲望
#D28B42	Buried Treasure	埋藏的宝藏
#D4DEE8	Burj Khalifa Fountain	哈利法塔喷泉
#353E4F	Burka Black	罩袍黑色
#8B7753	Burlap	粗麻布
#81717E	Burlap Grey	粗麻布灰
#6E314F	Burlat Red	布拉特红
#8F4C3A	Burled Redwood	树节红木
#695641	Burley Wood	白肋木
#A17874	Burlwood	布尔伍德
#DEB887	Burlywood	伯莱伍德
#94B1A0	Burma Jade	缅甸玉
#BC8143	Burmese Gold	缅甸金
#520B00	Burned	烧毁
#6F4B3E	Burned Brown	烧焦的棕色
#234537	Burnham	伯纳姆
#884736	Burning Brier	燃烧荆棘
#A0403E	Burning Bush	燃烧灌木丛
#F79D72	Burning Coals	燃烧的煤炭
#FF1166	Burning Fireflies	燃烧的萤火虫
#FFB162	Burning Flame	燃烧焰
#CCAA77	Burning Gold	燃烧金
#8F8B72	Burning Idea	燃烧的想法
#FF7124	Burning Orange	燃烧橙
#FF0599	Burning Raspberry	燃烧覆盆子
#D08363	Burning Sand	燃烧沙
#742100	Burning Steppes	燃烧平原
#EB5030	Burning Tomato	燃烧番茄
#EE9922	Burning Trail	燃烧小径
#150AEC	Burning Ultrablue	燃烧超蓝
#C48D82	Burnished Apricot	擦亮杏
#6A3D36	Burnished Bark	擦亮树皮
#8B664E	Burnished Brandy	擦亮白兰地
#9C7E40	Burnished Bronze	擦亮古铜
#A17A74	Burnished Brown	擦亮棕
#BE9167	Burnished Caramel	擦亮焦糖
#D2CCC4	Burnished Clay	擦亮黏土
#BB8833	Burnished Copper	擦亮铜
#FCE5BF	Burnished Cream	擦亮奶油
#AA9855	Burnished Gold	擦亮金
#C5AEB1	Burnished Lilac	擦亮丁香紫
#734842	Burnished Mahogany	擦亮桃花心木
#C8CBC8	Burnished Metal	擦亮金属
#716A62	Burnished Pewter	擦亮锡器
#794029	Burnished Russet	擦亮赤褐
#7B5847	Burns Cave	伯恩斯洞穴
#D0A664	Burnside	伯恩赛德
#B0724A	Burnt Almond	焦杏仁
#746572	Burnt Ash	焦灰
#9A4E12	Burnt Bagel	焦贝果
#4D3B3C	Burnt Bamboo	焦竹
#B45241	Burnt Brick	焦砖
#A47C53	Burnt Butter	焦黄油
#846242	Burnt Caramel	焦焦糖
#271B10	Burnt Coffee	焦咖啡
#C56A39	Burnt Copper	焦铜
#E57568	Burnt Coral	焦珊瑚
#582124	Burnt Crimson	焦深红
#885533	Burnt Crust	焦壳
#9D4531	Burnt Earth	焦土
#75625E	Burnt Grape	焦葡萄
#8D4035	Burnt Henna	烧焦的指甲花
#A87F28	Burnt Honey	焦蜂蜜
#420303	Burnt Maroon	焦栗色
#BB4F35	Burnt Ochre	焦赭
#736F54	Burnt Olive	焦橄榄
#CC5500	Burnt Orange	焦橙
#743D68	Burnt Orchid	焦兰花紫
#CA955C	Burnt Pumpkin	焦南瓜
#9F2305	Burnt Red	焦红
#853C47	Burnt Russet	焦赤褐
#A93400	Burnt Sienna	焦赭色
#82634E	Burnt Terra	焦大地
#774645	Burnt Tile	焦瓷砖
#AB7E5E	Burnt Toffee	焦太妃
#8A3324	Burnt Umber	焦赭褐
#D5AB09	Burnt Yellow	焦黄
#6832E3	Burple	伯普尔
#EED7C1	Burrito	墨西哥卷
#947764	Burro	布罗
#DEB368	Burst of Gold	爆发金
#ACD243	Burst of Lime	爆发青柠
#FCE282	Bursting Lemon	爆裂柠檬
#FF6700	Burtuqali Orange	布尔图卡利橙
#0D2E1C	Bush	灌木丛
#A28D82	Bush Buck	布什·巴克
#A0BCD0	Bush Viper	灌木丛蝰蛇
#9FA993	Bushel	蒲式耳
#7F7B73	Bushland Grey	丛林灰
#E5A1A0	Bussell Lace	布塞尔蕾丝
#3E4B69	Buster	巴斯特
#3300CC	Busty Blue	丰满的蓝色
#F4FF00	Busy Bee	忙碌的蜜蜂
#B69983	Butcher Paper	屠夫纸
#FFFF81	Butter	黄油
#BA843A	Butter & Syrup	黄油糖浆
#C28A35	Butter Base	黄油基地
#C88849	Butter Bronze	黄油古铜
#FDFF52	Butter Cake	黄油蛋糕
#A67A4C	Butter Caramel	黄油焦糖
#F0E4B2	Butter Cookie	黄油饼干
#FEE5BA	Butter Creme	黄油奶油
#FFDD99	Butter Cupcake	黄油纸杯蛋糕
#FCE9AD	Butter Fingers	黄油手指
#AA6600	Butter Fudge	黄油软糖
#F5E5AB	Butter Honey	黄油蜂蜜
#F5E5DA	Butter Icing	黄油糖霜
#CFE7CB	Butter Lettuce	黄油生菜
#F6DFB2	Butter Muffin	黄油松饼
#F9E097	Butter Ridge	黄油山岭
#C38650	Butter Rum	黄油朗姆
#FEE99F	Butter Tart	黄油塔
#F4E0BB	Butter Up	黄油
#FDDEBD	Butter White	黄油白
#FFFD74	Butter Yellow	黄油黄
#FFF4C4	Butterball	黄油球
#AF7934	Butterbeer	黄油啤酒
#F1C766	Butterblond	金发黄油
#C5AE7C	Butterbrot	黄油面包
#EFE0CD	Buttercream	奶油
#F5EDD7	Buttercream Frosting	奶油糖霜
#DA9429	Buttercup	毛茛属
#F1F458	Buttercup Glow	毛茛发光
#E3C2A3	Buttercup Yellow	毛茛黄
#ECE2B7	Buttered	涂黄油
#FFF0A4	Buttered Popcorn	黄油爆米花
#9D702E	Buttered Rum	黄油朗姆酒
#F7F0D2	Buttered Up	涂黄油
#F7BE5B	Butterfield	巴特菲尔德
#CADEA5	Butterfly	蝶
#2099BB	Butterfly Blue	蝶蓝
#68578C	Butterfly Bush	蝶灌木丛
#908ABA	Butterfly Garden	蝶花园
#0B6863	Butterfly Green	蝶绿
#F0DEDC	Butterfly Kisses	蝶吻
#F8CFB4	Butterfly Wing	蝶翼
#FFF7DB	Buttermelon	酪瓜
#FFFEE4	Buttermilk	酪乳
#FFA177	Butternut	胡桃
#D99E66	Butternut Pie	胡桃派
#E59752	Butternut Pizazz	胡桃活力
#FC7604	Butternut Squash	胡桃南瓜
#CF9A5D	Butternut Tree	胡桃树
#7E6F59	Butternut Wood	胡桃木
#FDB147	Butterscotch	奶油糖果
#D3B090	Butterscotch Amber	奶油糖果琥珀
#D7AD62	Butterscotch Bliss	奶油糖果极乐
#F1C882	Butterscotch Cake	奶油糖果蛋糕
#C48446	Butterscotch Glaze	奶油糖果釉
#A97D54	Butterscotch Mousse	奶油糖果慕斯
#B08843	Butterscotch Ripple	奶油糖果波纹
#DBB486	Butterscotch Sundae	奶油糖果圣代
#D9A05F	Butterscotch Syrup	奶油糖果糖浆
#C68F65	Butterum	黄油
#FFC283	Buttery	黄油味
#F6E19C	Buttery Croissant	黄油牛角面包
#D4B185	Buttery Leather	黄油皮革
#FFB19A	Buttery Salmon	黄油三文鱼
#F1EBDA	Buttery White	黄油白
#24A0ED	Button Blue	按钮蓝色
#4F3A32	Button Eyes	纽扣眼
#ECE6C8	Button Mushroom	蘑菇
#F0C641	Buzz	嗡嗡声
#FFD756	Buzz-In	嗡嗡声
#5F563F	Buzzard	秃鹰
#017A79	Buzzards Bay	秃鹰湾
#E6B261	Buzzworthy	值得关注的
#816A38	By Gum	天哪
#8D999E	By the Sea	海
#A5BA93	Byakuroku Green	白六绿
#918E8A	Bygone	过去的
#B6C4D2	Bypass	旁路
#31667D	Byron Place	拜伦广场
#C5DCE0	Byte Blue	字节蓝
#BD33A4	Byzantine	拜占庭式
#006C6E	Byzantine Blue	拜占庭蓝
#AB7141	Byzantine Copper	拜占庭铜
#6A79F7	Byzantine Night Blue	拜占庭夜蓝
#702963	Byzantium	拜占庭
#C33140	C-3PO	C-3PO金
#83BCE5	C’est la Vie	这就是生活
#003AFF	C64 Blue	C64蓝
#4E7FFF	C64 NTSC	C64 NTSC色
#6F6ED1	C64 Purple	C64紫
#4A2E32	Cab Sav	赤霞珠红
#7F6473	Cabal	阴谋集团
#8EC1C0	Cabana Bay	卡巴纳湾
#5B9099	Cabana Blue	蓝色小屋
#DCA901	Cabana Glow	辉光小屋
#C88567	Cabana Melon	卡巴纳瓜
#CD526C	Cabaret	歌舞表演
#7C8EA6	Cabaret Charm	歌舞表演魅力
#87D7BE	Cabbage	卷心菜
#724C7B	Cabbage Blossom Violet	卷心菜花紫罗兰
#807553	Cabbage Green	卷心菜绿
#DFE8D0	Cabbage Leaf	卷心菜叶
#93C460	Cabbage Patch	卷心菜田
#4C5544	Cabbage Pont	卷心菜桥
#C59F91	Cabbage Rose	卷心菜玫红
#8E5B68	Cabernet	赤霞珠
#6D3445	Cabernet Craving	赤霞珠渴望
#5E5349	Cabin Fever	小屋狂热
#5D4D47	Cabin in the Woods	树林中的小屋
#574038	Cabin Plank	小屋木板
#CEC0AA	Cabo	卡波
#A8A4A1	Caboose	守车
#6B5848	Cacao	可可
#80442F	Cacao Nibs	可可粒
#B5CEE0	Cache Blue	缓存蓝色
#D3C296	Cache of Camel	骆驼缓存
#F3D9BA	Cachet Cream	贵妃霜
#9F0000	Cacodemon Red	卡科德蒙红
#5B6F55	Cactus	仙人掌
#F6C79D	Cactus Blooms	仙人掌开花
#D8E5DD	Cactus Blossom	仙人掌花
#AF416B	Cactus Flower	仙人掌花
#7B8370	Cactus Garden	仙人掌花园
#56603D	Cactus Green	仙人掌绿
#B1A386	Cactus Hill	仙人掌丘陵
#9C9369	Cactus Sand	仙人掌沙
#C1E0A3	Cactus Spike	仙人掌穗
#88976B	Cactus Valley	仙人掌山谷
#D0F7E4	Cactus Water	仙人掌水
#009977	Cadaverous	苍白的
#3E354D	Caddies Silk	丝绸球童
#536872	Cadet	学员
#5F9EA0	Cadet Blue	学员蓝色
#91A3B0	Cadet Grey	学员格雷
#3B5964	Cadet Song	学员歌
#90766E	Cadian	卡迪安
#984961	Cadillac	凯迪拉克
#C0362C	Cadillac Coupe	凯迪拉克轿跑车
#0A1195	Cadmium Blue	镉蓝
#006B3C	Cadmium Green	镉绿
#ED872D	Cadmium Orange	镉橙
#B60C26	Cadmium Purple	镉紫
#E30022	Cadmium Red	镉红
#7F3E98	Cadmium Violet	镉紫
#FFF600	Cadmium Yellow	镉黄
#FFEE66	Caduceus Gold	杖金
#EEDD22	Caduceus Staff	杖
#ECD0B1	Caen Stone	卡昂石
#986860	Café	咖啡馆
#AA8E74	Café Américaine	美式咖啡厅
#A57C5B	Café au Lait	牛奶咖啡
#8A9B98	Café Blue	咖啡馆蓝
#C79685	Café Crème	咖啡馆奶油
#889944	Café de Paris	咖啡馆巴黎
#5E4C48	Cafe Expreso	咖啡厅
#D6C6B4	Cafe Latte	咖啡拿铁
#B98F6F	Café Miel	米尔咖啡馆
#4B3621	Café Noir	黑咖啡
#9A7F79	Cafe Ole	奥莱咖啡馆
#ECC1C2	Cafe Pink	咖啡粉
#AE8774	Café Renversé	伦韦尔咖啡馆
#6A4928	Cafe Royale	皇家咖啡馆
#885511	Caffeinated Cinnamon	含咖啡因的肉桂
#8A796A	Caffeine	咖啡因
#26B7B5	Caicos Turquoise	凯科斯绿松石
#0A6B92	Cairns	凯恩斯
#C46D29	Cajeta	卡耶塔
#5F3E41	Cajun Brown	卡津棕
#A45A4A	Cajun Red	卡津红
#C3705F	Cajun Spice	卡真香料
#F0EDDB	Cake Batter	蛋糕糊
#E8D4BB	Cake Crumbs	蛋糕屑
#FCE0A8	Cake Dough	蛋糕面团
#F9DFE5	Cake Frosting	蛋糕糖霜
#EDC9D0	Cake Pop	蛋糕流行
#F6CAC3	Cake Pop Pink	蛋糕流行粉
#F8C649	Cakepop Sorbet	蛋糕冰糕
#1E4D2B	Cal Poly Pomona Green	加州保利波莫纳格林
#0AC2C2	Cala Benirrás Blue	卡拉贝尼拉斯蓝
#F8EB97	Calabash	葫芦
#728478	Calabash Clash	葫芦冲突
#F4A6A3	Calabrese	卡拉布雷塞
#FCFFA4	Calamansi	卡拉曼西
#C4CC7A	Calamansi Green	卡拉曼西绿
#80FFCC	Calamine Blue	炉甘石蓝
#E7E1DD	Calc Sinter	钙烧结矿
#DDEEFF	Calcareous Sinter	钙质烧结矿
#94B2B2	Calcite Blue	方解石蓝
#52605F	Calcite Grey Green	方解石灰绿色
#F2F4E8	Calcium	钙
#EEE9D9	Calcium Rock	钙岩
#A1CCB1	Calculus	微积分
#31639C	Caledor Sky	卡勒多天空
#C1A188	Calfskin	小牛皮
#0485D1	Calgar Blue	卡尔加蓝
#A57E98	Cali Lily	卡利百合
#005726	Caliban Green	卡利班绿
#D5B185	Calico	印花布
#C48E36	Calico Cat	印花布猫
#3D4E67	Calico Dress	印花布裙
#9C9584	Calico Rock	印花布岩
#E5C1B3	Calico Rose	印花布玫红
#95594A	Caliente	卡连特
#E98C3A	California	加州
#E6B76C	California Chamois	加州麂皮
#E3AA94	California Coral	加州珊瑚
#93807F	California Dreamin’	加州梦
#DEC569	California Dreaming	加州梦
#FCA716	California Girl	加州女孩
#95743F	California Gold Rush	加州淘金热
#BBC5E2	California Lilac	加州丁香紫
#FCBE6A	California Peach	加州桃
#A83C3F	California Poppy	加州罂粟
#A09574	California Roll	加州卷
#959988	California Sagebrush	加州山艾树
#C5AD9A	California Stucco	加州灰泥
#CA1850	California Sunset	加州日落
#CA4B65	California Wine	加州酒红
#42364C	Call It a Night	今晚就到此为止吧
#F2DFB5	Calla	马蹄莲
#747D3B	Calla Green	马蹄莲绿
#E4EAED	Calla Lily	马蹄莲
#59636A	Calligraphy	书法
#C89A8D	Calliope	卡利俄佩
#798052	Calliste Green	卡里斯特·格林
#CACFD3	Callisto	木卫四
#DFE9E6	Calm	平静
#EED2AE	Calm Air	平静空气
#5E9D47	Calm Balm	镇静膏
#E9ECE4	Calm Breeze	平静微风
#D0D4CF	Calm Cool and Collected	冷静、冷静、镇定
#C6B0B9	Calm Cupid	平静的丘比特
#7CAACF	Calm Day	平静白天
#A7B0D5	Calm Interlude	平静的插曲
#DEE2EB	Calm Iridescence	平静的虹彩
#E5EDE2	Calm Thoughts	平静的思绪
#EAE3E9	Calm Tint	平静调
#E7FAFA	Calm Waters	平静水域
#CFD3A2	Calming Effect	镇静作用
#EEE0D1	Calming Retreat	平静的静修
#B2A2C1	Calming Silver Lavender	舒缓银薰衣草
#AAB7C1	Calming Space	平静的空间
#68A895	Calmness	冷静
#6D5044	Calthan Brown	卡尔森棕
#3D7188	Calypso	卡吕普索
#C53A4B	Calypso Berry	卡吕普索浆果
#EC4A61	Calypso Coral	卡吕普索珊瑚
#2E5F60	Calypso Green	卡吕普索绿
#D978F0	Calypso Orchid	卡吕普索兰花紫
#DE6B66	Calypso Red	卡吕普索红
#FE828C	Camaron Pink	卡马伦粉红
#206937	Camarone	卡马罗内
#A3C1AD	Cambridge Blue	剑桥蓝
#8C633C	Cambridge Leather	剑桥皮革
#ACB8B4	Cambridge Lily	剑桥百合
#C69F59	Camel	骆驼
#A56639	Camel Brown	骆驼棕
#CC9944	Camel Cardinal	骆驼红衣凤头鸟
#C5B39A	Camel Coat	骆驼外套
#E0CB82	Camel Cord	骆驼绳
#BB6600	Camel Fur	骆驼毛皮
#DBB8A4	Camel Hair	骆驼发
#F5B784	Camel Hair Coat	骆驼发外套
#C1AA91	Camel Hide	骆驼兽皮
#E5743B	Camel Red	骆驼红
#B68B45	Camel Ride	骑骆驼
#AF8751	Camel Spider	骆驼蜘蛛
#AC8A2A	Camel Toe	骆驼趾
#BAAE9D	Camel Train	骆驼火车
#817667	Camel’s Hump	骆驼的驼峰
#C5AA85	Camelback	驼背
#D3B587	Camelback Mountain	驼背山
#E2AF60	Cameleer	骆驼
#F6685A	Camellia	山茶
#CD739D	Camellia Pink	山茶粉
#E94E6D	Camellia Rose	山茶玫红
#803A4B	Camelot	卡米洛特
#FBF3DF	Camembert	卡蒙贝尔奶酪
#F2DEBC	Cameo	浮雕
#DFC1C3	Cameo Appearance	客串外观
#7097A2	Cameo Blue	浮雕蓝
#BE847D	Cameo Brown	浮雕棕
#F3E2C3	Cameo Cream	浮雕奶油
#DCE6E5	Cameo Green	浮雕绿
#EBCFC9	Cameo Peach	浮雕桃
#EFBBCC	Cameo Pink	浮雕粉
#DDCAAF	Cameo Role	客串角色
#F7DFD7	Cameo Rose	浮雕玫红
#EBDFD8	Cameo Stone	浮雕石
#EED8BA	Cameo White	浮雕白
#60746D	Cameroon Green	喀麦隆绿
#EEB5B4	Camille Pink	卡米尔粉
#FCD9C7	Camisole	吊带背心
#7F8F4E	Camo	迷彩
#8C8475	Camo Beige	迷彩米色
#747F71	Camo Clay	迷彩粘土
#A5A542	Camo Green	迷彩绿
#3C3910	Camouflage	迷彩
#4B6113	Camouflage Green	迷彩绿
#A28F5C	Camouflage Olive	迷彩橄榄
#FCF7DB	Campanelle Noodle	康帕尼拉面
#3473B7	Campanula	风铃
#6C6D94	Campanula Purple	风铃紫
#CE5F38	Campfire	营火
#DDD9CE	Campfire Ash	篝火灰
#B67656	Campfire Blaze	营火火焰
#D5D1CB	Campfire Smoke	营火烟雾
#D0A569	Campground	露营地
#B4C2A2	Camping Grounds	露营地
#B6AFA0	Camping Tent	露营帐篷
#67786E	Camping Trip	露营旅行
#D08A9B	Can Can	康康舞
#EAE2DD	Canada Goose Eggs	加拿大鹅蛋
#415A53	Canadian Fir	加拿大冷杉
#8F9AA4	Canadian Lake	加拿大湖
#CAB266	Canadian Maple	加拿大枫
#EDD8C3	Canadian Pancake	加拿大薄煎饼
#2E7B52	Canadian Pine	加拿大松
#579ACA	Canadian Tuxedo	加拿大燕尾服
#9CC2C5	Canal Blue	运河蓝
#969281	Canal Street	运河街
#818C72	Canaletto	卡纳莱托
#FDFF63	Canary	金丝雀
#FFCE52	Canary Diamond	金丝雀钻石
#EFDE75	Canary Feather	金丝雀羽毛
#D0CCA9	Canary Grass	金丝雀草
#CCD6BC	Canary Green	金丝雀绿
#E9D4A9	Canary Island	金丝雀岛
#91A1B5	Canary Wharf	金丝雀码头
#27A0A8	Cancer Seagreen Scarab	巨蟹座海绿圣甲虫
#BAC4D5	Candela	坎德拉
#E1C161	Candelabra	烛台
#6CC3E0	Candid Blue	坦白蓝
#C3BC90	Candidate	候选人
#B95B6D	Candied Apple	蜜饯苹果
#331166	Candied Blueberry	蜜饯蓝莓
#BFA387	Candied Ginger	蜜饯姜
#838252	Candied Lime	蜜饯酸橙
#D8FFF3	Candied Snow	蜜饯雪
#F9A765	Candied Yams	蜜饯山药
#C3BDAA	Candle Bark	烛树皮
#FFF4A1	Candle Flame	烛焰
#FFE8C3	Candle Glow	烛辉光
#F9EBBF	Candle in the Wind	风中之烛
#F2EACF	Candle Wax	烛蜡
#E09B6E	Candle Yellow	烛黄
#FCD917	Candlelight	烛光
#CEB3BE	Candlelight Dinner	烛光晚餐
#FCF4E2	Candlelight Ivory	烛光象牙
#F8A39D	Candlelight Peach	烛光桃
#F7F0C7	Candlelight Yellow	烛光黄
#F1EDE0	Candlelit Beige	烛光米色
#FFF1D5	Candlestick Point	烛台点
#F2EBD3	Candlewick	烛芯
#FF9B87	Candy	糖果
#FF0800	Candy Apple Red	糖果苹果红
#FFB7D5	Candy Bar	糖果棒
#F7BFC2	Candy Cane	拐杖糖
#EF9FAA	Candy Coated	糖果涂层
#FCFC5D	Candy Corn	糖果玉米
#E9AEF2	Candy Dreams	糖果梦
#C25D6A	Candy Drop	糖果滴
#E8A7E2	Candy Floss	棉花糖
#FFF0DE	Candy Floss Cupcake	棉花糖蛋糕
#7755EE	Candy Grape Fizz	糖果葡萄气泡
#33AA00	Candy Grass	糖果草
#33CC00	Candy Green	糖果绿
#F5A2A1	Candy Heart Pink	糖果心粉
#FABEB5	Candy Kisses	糖果吻
#F3DFE3	Candy Mix	糖果混合
#FF63E9	Candy Pink	糖果粉
#895D8B	Candy Violet	糖果紫罗兰
#FF9E76	Candyman	糖果人
#EDC9D8	Candytuft	糖果簇
#E3B982	Cane Sugar	蔗糖
#DDBB99	Cane Sugar Glaze	蔗糖釉
#977042	Cane Toad	甘蔗蟾蜍
#009BB3	Caneel Bay	卡尼尔湾
#D7B69A	Canewood	坎恩伍德
#F7E4CC	Cannellini Beans	意大利卷豆
#BCB09E	Cannery Park	罐头厂公园
#EDECDB	Cannoli Cream	奶油甜馅煎饼卷奶油
#484335	Cannon Ball	炮弹
#3C4142	Cannon Barrel	炮筒
#251706	Cannon Black	加农黑
#646C64	Cannon Grey	加农灰
#DDC49E	Canoe	独木舟
#1D5671	Canoe Blue	独木舟蓝色
#F7EB7A	Canola Oil	菜籽油
#728F02	Canopy	天篷
#AABFD8	Canopy Bed	四柱床
#FFD479	Cantaloupe	哈密瓜
#FEB079	Cantaloupe Slice	哈密瓜片
#FFB355	Cantaloupe Smile	哈密瓜微笑
#AC8D74	Cantankerous Coyote	脾气暴躁的土狼
#96887F	Cantankerous Hippo	脾气暴躁的河马
#5E5347	Canteen	食堂
#F6D3BB	Canter Peach	坎特·桃子
#CEC5AF	Cantera	坎特拉
#B9C3E6	Canterbury Bells	坎特伯雷钟声
#B2AB94	Canterbury Cathedral	坎特伯雷大教堂
#E7E1D1	Canterbury Cream	坎特伯雷奶油
#649C97	Canton	广州
#BAE7C7	Canton Jade	广州玉
#BB8855	Canvas	画布
#E6DFD2	Canvas Cloth	画布布
#E2D7C6	Canvas Luggage	帆布行李箱
#CCB88D	Canvas Satchel	帆布挎包
#DDD6C6	Canvas Tan	画布棕褐
#607B8E	Canyon Blue	峡谷蓝
#CB7D6F	Canyon Clay	峡谷黏土
#ECE3D1	Canyon Cliffs	峡谷悬崖
#AEAFBB	Canyon Cloud	峡谷云
#DDC3B7	Canyon Dusk	峡谷黄昏
#B18575	Canyon Earth	峡谷土
#E5E1CC	Canyon Echo	峡谷回声
#97987F	Canyon Falls	峡谷瀑布
#F1B8AC	Canyon Hush	峡谷寂静
#49548F	Canyon Iris	峡谷鸢尾
#A7A4C0	Canyon Mist	峡谷薄雾
#EEDACB	Canyon Peach	峡谷桃
#B47571	Canyon Rose	峡谷玫红
#F2D6AA	Canyon Sand	峡谷沙
#93625B	Canyon Stone	峡谷石
#DD8869	Canyon Sunset	峡谷日落
#D6B8A9	Canyon Trail	峡谷小径
#8A7E5C	Canyon Verde	峡谷绿
#C3B39F	Canyon View	峡谷景
#A14935	Canyon Wall	峡谷墙
#E3E5DF	Canyon Wind	峡谷风
#F5DED1	Canyonville	坎宁维尔
#1FA774	Cǎo Lǜ Grass	草绿
#4E5552	Cape Cod	科德角
#557080	Cape Cod Bay	科德角湾
#91A2A6	Cape Cod Blue	科德角蓝
#FEE0A5	Cape Honey	海角蜂蜜
#D8D6D7	Cape Hope	海角希望
#FFB95A	Cape Jasmine	海角茉莉
#50818B	Cape Lee	李角
#75482F	Cape Palliser	帕利瑟角
#0092AD	Cape Pond	海角池塘
#F6CDB8	Cape Sands	海角沙
#3C4754	Cape Storm	海角风暴
#01554F	Cape Verde	海角绿
#D9CED2	Capella	卡佩拉
#847640	Caper Green	刺山柑绿
#78728C	Capercaillie Mauve	卡佩卡利淡紫
#897A3E	Capers	刺山柑
#FCEBCE	Capetown Cream	开普敦奶油
#1A4157	Capital Blue	首都蓝
#DBD0A8	Capital Grains	资本谷物
#E6BA45	Capital Yellow	大写黄
#008F4C	Capitalino Cactus	资本仙人掌
#D9544D	Capocollo	卡波科洛
#822A10	Caponata	卡波纳塔
#704A3A	Cappuccino	卡布奇诺
#B4897D	Cappuccino Bombe	卡布奇诺炸弹
#E1DDCD	Cappuccino Cosmico	卡布奇诺宇宙
#E0D0C2	Cappuccino Foam	卡布奇诺泡沫
#C8B089	Cappuccino Froth	卡布奇诺泡沫
#00BFFF	Capri	卡普里岛
#0089A8	Capri Breeze	卡普里岛微风
#F1F0D6	Capri Cream	卡普里奶油
#AC839C	Capri Fashion Pink	卡普里岛时尚粉色
#ABE2D6	Capri Water Blue	卡普里岛水蓝色
#F1CD9F	Capricious	反复无常
#BB00DD	Capricious Purple	任性的紫色
#FECB51	Capricorn Golden Key	摩羯座金钥匙
#7E7A75	Caps	帽子
#6D8A74	Capsella	荠菜属
#76392E	Capsicum Red	辣椒红
#007EB0	Capstan	绞盘
#005171	Captain Blue	蓝船长
#9B870C	Captain Kirk	柯克船长
#828080	Captain Nemo	尼莫船长
#557088	Captains Blue	蓝色船长
#947CAE	Captivated	着迷
#D8CACE	Captivating	迷人
#F4D9B1	Captivating Cream	迷人霜
#005B6A	Captive	俘虏
#2CBAA3	Capture	捕获
#6E6D4A	Capulet Olive	凯普莱特·奥利弗
#592720	Caput Mortuum	卡普特·莫图姆
#5D473A	Carafe	玻璃水瓶
#795F4D	Cara?be	卡拉伊贝
#552233	Carambar	卡兰巴尔
#EFEBD1	Carambola	杨桃
#AF6F09	Caramel	焦糖
#B87A59	Caramel Apple	焦糖苹果
#CC8654	Caramel Bar	焦糖棒
#B18775	Caramel Brown	焦糖棕
#8E5626	Caramel Café	焦糖咖啡馆
#B3715D	Caramel Candy	焦糖糖果
#D4AF85	Caramel Cloud	焦糖云
#BB7711	Caramel Coating	焦糖涂层
#F4B58F	Caramel Cream	焦糖奶油
#C39355	Caramel Crumb	焦糖屑
#B98C5D	Caramel Cupcake	焦糖纸杯蛋糕
#B8623B	Caramel Dream	焦糖梦
#D9AD7F	Caramel Drizzle	焦糖细雨
#E3AF64	Caramel Essence	焦糖精华
#FFD59A	Caramel Finish	焦糖饰面
#B1936D	Caramel Gold	焦糖金
#EEC9AA	Caramel Ice	焦糖冰
#B08A61	Caramel Kiss	焦糖吻
#9D652B	Caramel Kisses	焦糖吻
#8C6342	Caramel Latte	焦糖拿铁
#C58D4B	Caramel Macchiato	焦糖玛奇朵
#E5CAA4	Caramel Mousse	焦糖慕斯
#EEBB99	Caramel Powder	焦糖粉
#B3804D	Caramel Sauce	焦糖酱
#A78045	Caramel Suede	焦糖麂皮
#A9876A	Caramel Sundae	焦糖圣代
#8F6A4F	Caramel Swirl	焦糖漩涡
#C27E43	Caramel Toffee	焦糖太妃
#D58A37	Caramelise	焦糖
#BA947F	Caramelised	焦糖化
#AD5A28	Caramelised Maple	焦糖枫木
#EF924A	Caramelised Orange	焦糖橙
#C56F2B	Caramelised Peach	焦糖桃子
#E7D5AD	Caramelised Pears	焦糖梨
#A17B4D	Caramelised Pecan	焦糖山核桃
#6E564A	Caramelised Walnut	焦糖核桃
#D69E6B	Caramelo Dulce	焦糖杜尔塞
#9C0013	Caraquenian Crimson	卡拉克尼亚深红
#8C6E54	Caravel Brown	卡拉维尔棕
#A19473	Caraway	葛缕子
#6D563C	Caraway Brown	葛缕子棕
#DFD5BB	Caraway Seeds	香菜种子
#AB9975	Caraway Shield	香菜盾
#316382	Carbide	硬质合金
#333333	Carbon	碳
#373C4F	Carbon Blue	碳蓝
#545554	Carbon Copy	抄送
#565B58	Carbon Dating	碳测年
#2E2E2E	Carbon Fibre	碳纤维
#7B808B	Carbon Footprint	碳足迹
#00512C	Card Table Green	卡桌绿色
#AAAA77	Cardamom	豆蔻
#D7E2BC	Cardamom Fragrance	小豆蔻香氛
#989057	Cardamom Green	豆蔻绿
#837165	Cardamom Spice	豆蔻辛香
#C19A6C	Cardboard	硬纸板
#E4DDCE	Carded Wool	粗梳羊毛
#1B3427	Cardin Green	卡丁·格林
#C41E3A	Cardinal	红衣凤头鸟
#2C284C	Cardinal Mauve	红衣凤头鸟淡紫
#8C055E	Cardinal Pink	红衣凤头鸟粉
#D10929	Cardinal Rage	红衣主教之怒
#9B365E	Cardinal Red	红衣凤头鸟红
#B33125	Cardinal’s Cassock	红衣主教的袈裟
#9AAE8C	Cardoon	卡东
#957B38	Cardueline Finch	红雀
#DCE9E9	Carefree	无忧无虑
#A6CDDE	Carefree Sky	无忧无虑的天空
#FAAFC8	Caregiver Pink	照顾者粉红色
#C99AA0	Careys Pink	凯里斯粉红
#8F755B	Cargo	货物
#C8C5A7	Cargo Green	货绿
#CDC4AE	Cargo Pants	工装裤
#CFCDBB	Cargo River	货运河
#CAF0E5	Caribbean	加勒比
#1AC1DD	Caribbean Blue	加勒比蓝
#93C5DD	Caribbean Coast	加勒比海岸
#C07761	Caribbean Coral	加勒比珊瑚
#3F9DA9	Caribbean Cruise	加勒比巡航
#006E6E	Caribbean Current	加勒比洋流
#007180	Caribbean Dream	加勒比梦
#00CC99	Caribbean Green	加勒比绿
#CADEEA	Caribbean Mist	加勒比薄雾
#D5DCCE	Caribbean Pleasure	加勒比海的乐趣
#0087A7	Caribbean Sea	加勒比海
#819ECB	Caribbean Sky	加勒比天空
#00697C	Caribbean Splash	加勒比飞溅
#F5DAAA	Caribbean Sunrise	加勒比日出
#126366	Caribbean Swim	加勒比海游泳
#009D94	Caribbean Turquoise	加勒比青
#147D87	Caribe	加勒比
#816C5E	Caribou	北美驯鹿
#CDA563	Caribou Herd	驯鹿群
#E68095	Carissima	卡里西玛
#F5F9CB	Carla	卡拉
#A87376	Carley’s Rose	卡利的玫瑰
#45867C	Carlisle	卡莱尔
#915F3D	Carmel	卡梅尔
#927F76	Carmel Mission	卡梅尔使命
#8D6B3B	Carmel Woods	卡梅尔伍兹
#B98970	Carmelite	加尔默罗会
#BB534C	Carmelito	卡梅利托
#7C383F	Carmen	卡门
#903E2F	Carmen Miranda	卡门·米兰达
#D60036	Carmine	胭脂红
#AD4B53	Carmine Carnation	胭脂红康乃馨
#EB4C42	Carmine Pink	胭脂红粉
#FF0038	Carmine Red	胭脂红
#E35B8F	Carmine Rose	胭脂红玫红
#B31C45	Carmoisine	卡莫瓦辛
#5B3A24	Carnaby Tan	卡纳比·谭
#940008	Carnage Red	屠杀红
#BB8866	Carnal Brown	肉欲棕
#EF9CB5	Carnal Pink	肉欲粉红
#FD798F	Carnation	康乃馨
#F9C0BE	Carnation Bloom	康乃馨绽放
#F5C0D0	Carnation Bouquet	康乃馨花束
#EDB9AD	Carnation Coral	康乃馨珊瑚
#915870	Carnation Festival	康乃馨节日
#CE94C2	Carnation Rose	康乃馨玫红
#B31B1B	Carnelian	红玉髓
#EB882C	Carnival	嘉年华
#98BEB5	Carnival Glass	嘉年华玻璃
#006E7A	Carnival Night	嘉年华之夜
#991111	Carnivore	食肉动物
#FFCAC3	Caro	卡罗
#885C4E	Carob Brown	角豆棕
#5A484B	Carob Chip	角豆片
#338DAE	Carol	卡罗尔
#77A135	Carol’s Purr	卡罗尔的咕噜声
#CBEFCB	Carolina	卡罗莱纳州
#8AB8FE	Carolina Blue	卡罗莱纳蓝
#008B6D	Carolina Green	卡罗莱纳格林
#D8DF80	Carolina Parakeet	卡罗莱纳鹦鹉
#FF1500	Carolina Reaper	卡罗莱纳死神
#FFB850	Carolling Candlelight	颂歌烛光
#FBA52E	Carona	卡罗纳
#FDB793	Carotene	胡萝卜素
#F8DBE0	Carousel Pink	旋转木马粉色
#E34234	Carpaccio	生牛肉片
#DEE3C0	Carpathian Dawn	喀尔巴阡黎明
#905755	Carpe Diem	及时行乐
#00AA33	Carpet Moss	地毯苔藓
#905D36	Carrageen Moss	卡拉胶苔藓
#EEEBE4	Carrara	卡拉拉
#E8E7D7	Carrara Marble	卡拉拉大理石
#6C6358	Carriage	马车
#958D79	Carriage Door	车厢门
#254D48	Carriage Green	马车绿
#8C403D	Carriage Red	马车红
#8A8DC4	Carriage Ride	乘坐马车
#7E7265	Carriage Stone	马车石
#5D6367	Carriage Wheel	马车轮
#FFB756	Carriage Yellow	马车黄
#889398	Carrier Pigeon Blue	信鸽蓝色
#A82A70	Carroburg Crimson	卡罗堡深红
#FD6F3B	Carrot	胡萝卜
#BF6F31	Carrot Cake	胡萝卜蛋糕
#FE7A04	Carrot Curl	胡萝卜卷曲
#CBD3C1	Carrot Flower	胡萝卜花
#FC5A1F	Carrot Lava	胡萝卜熔岩
#ED9121	Carrot Orange	胡萝卜橙
#DF7836	Carrot Stick	胡萝卜棍
#EEEEFF	Carte Blanche	全权委托
#405978	Carter’s Scroll	卡特的卷轴
#BB9E7E	Carton	纸箱
#D01722	Cartoon Violence	卡通暴力
#665537	Cartwheel	侧手翻
#937A62	Carved Wood	木雕
#F0C39F	Carving Party	雕刻派对
#CF6837	Casa de Oro	金之家
#CACFE6	Casa del Mar	卡萨德尔玛
#C49CA5	Casa Talec	塔莱克之家
#ABB790	Casa Verde	佛得角之家
#F0B253	Casablanca	卡萨布兰卡
#3F545A	Casal	卡萨尔
#FECE5A	Casandora Yellow	卡桑多拉黄
#7C4549	Casandra	卡桑德拉
#D4EDE6	Cascade	小瀑布
#E7DBCA	Cascade Beige	层叠米色
#A1C2B9	Cascade Green	层叠绿
#697F8E	Cascade Tour	瀑布之旅
#234893	Cascade Twilight	小瀑布暮光
#ECF2EC	Cascade White	小瀑布白
#F7F5F6	Cascading White	倾泻白
#EE4433	Cascara	卡斯卡拉
#A47149	Cashew	腰果
#FCF9BD	Cashew Cheese	腰果奶酪
#EDCCB3	Cashew Nut	腰果坚果
#D1B399	Cashmere	羊绒
#A5B8D0	Cashmere Blue	羊绒蓝
#CDA291	Cashmere Clay	羊绒黏土
#CB8097	Cashmere Rose	羊绒玫红
#FEF2D2	Cashmere Sweater	羊绒衫
#D6B484	Cashmere Wrap	羊绒裹身布
#F9F2B3	Casino Lights	赌场灯
#A49186	Casket	棺材
#AAB5B8	Casper	卡斯帕
#4F6F91	Caspian Sea	里海
#AEC7DB	Caspian Tide	里海潮汐
#BB7700	Cassandra’s Curse	卡桑德拉的诅咒
#E7C084	Cassava Cake	木薯蛋糕
#E0CDDA	Cassia Buds	决明子花蕾
#AED0C9	Cassiopeia	仙后座
#623C1F	Cassiterite Brown	锡石棕
#64645A	Cast Iron	铸铁
#6DBAC0	Castaway	漂流者
#D0C19F	Castaway Beach	卡斯特威海滩
#7A9291	Castaway Cove	漂流湾
#607374	Castaway Lagoon	漂流泻湖
#CFAF83	Castell Harlech	卡斯特哈莱赫
#455440	Castellan Green	卡斯特兰绿
#A27040	Castellina	卡斯特利纳
#677727	Castelvetrano Olive	卡斯特尔韦特拉诺橄榄
#FFFFE8	Caster Sugar	细砂糖
#D4B3AA	Castilian Pink	卡斯蒂利亚粉红
#4586C7	Casting Sea	铸海蓝
#9DA7A0	Casting Shadow	投射阴影
#E0D5CA	Castle Beige	城堡米色
#95827B	Castle Hill	城堡丘陵
#EFDCCA	Castle in the Clouds	云中城堡
#D1EAED	Castle in the Sky	天空之城
#BDAEB7	Castle Mist	城堡薄雾
#8B6B47	Castle Moat	城堡护城河
#C5BAAA	Castle Path	城堡径
#EADEC7	Castle Ridge	城堡山岭
#525746	Castle Stone	城堡石
#C2BBA2	Castle Wall	城堡墙
#A0A5A5	Castlegate	城堡门
#5F5E62	Castlerock	卡斯尔罗克
#00564F	Castleton Green	卡斯尔顿格林
#A80020	Castlevania Heart	恶魔城之心
#676A64	Castor Grey	蓖麻灰
#44232F	Castro	卡斯特罗
#498090	Casual Blue	休闲蓝
#95BAC2	Casual Day	休闲日
#DFD5C8	Casual Elegance	休闲优雅
#A09D98	Casual Grey	休闲灰
#D3C5AF	Casual Khaki	休闲卡其色
#8FABD6	Casual Water	休闲水
#ECBAC0	Cat Nose	猫鼻子
#636D70	Cat Person	猫人
#CDDFBB	Cat Woman	猫女
#E7E7E3	Cat’s Cream	猫霜
#D6A75D	Cat’s Eye Marble	猫眼大理石
#0071A0	Cat’s Purr	猫的呼噜声
#475742	Catachan Green	卡塔尚绿
#E2DCCC	Catacomb Bone	地下墓穴骨头
#DBD7D0	Catacomb Walls	地下墓穴墙壁
#429395	Catalan	加泰罗尼亚语
#72A49F	Catalina	卡塔利娜
#062A78	Catalina Blue	卡塔利娜蓝
#5C7884	Catalina Coast	卡塔利娜海岸
#859475	Catalina Green	卡塔利娜绿
#EFAC73	Catalina Tile	卡塔利娜瓷砖
#C5D0D5	Catalyst Grey	催化剂灰
#90C4B4	Catarina Green	卡塔琳娜绿
#703642	Catawba	卡托巴
#634049	Catawba Grape	卡托巴葡萄
#6C685E	Catch of the Day	当日渔获
#B5DCD8	Catch the Wave	抓住浪潮
#66A545	Caterpillar	毛毛虫
#657D82	Catfish	鲶鱼
#9D632D	Cathay Spice	国泰香料
#ACAAA7	Cathedral	大教堂
#7A999C	Cathedral Glass	大教堂玻璃
#ABA9A7	Cathedral Grey	大教堂灰
#80796E	Cathedral Stone	大教堂石
#015158	Cathedral View	大教堂景
#00FF55	Cathode Green	阴极绿
#CCA800	Catkin Yellow	柳絮黄
#9E4D28	Catlinite	卡特琳石
#C9A8CE	Catmint	猫薄荷
#80AA95	Catnip	猫薄荷
#6F6066	Catnip Wood	猫薄荷木
#8EA5B6	Cats and Dogs	猫和狗
#595452	Catskill Brown	卡茨基尔棕
#E0E4DC	Catskill White	卡茨基尔白
#917546	Cattail Brown	香蒲棕
#B64925	Cattail Red	香蒲红
#BB7B51	Cattle Drive	赶牛
#4A4649	Catwalk	走秀
#BE4236	Caught Red-Handed	当场抓获
#599C99	Caulerpa Lentillifera	扁叶茎
#EBE5D0	Cauliflower	花椰菜
#F2E4C7	Cauliflower Cream	花椰菜奶油
#6F788F	Causeway	铜锣湾
#11DD00	Caustic Green	苛性绿
#D5DDE5	Cautious Blue	谨慎蓝
#DFD8D9	Cautious Grey	谨慎灰
#DAE4DE	Cautious Jade	谨慎玉
#3F4C5A	Cavalry	骑兵
#990003	Cavalry Brown	骑兵棕
#DCE2CE	Cavan	卡文
#52B7C6	Cave Lake	洞穴湖
#86736E	Cave of the Winds	风之洞
#AA1100	Cave Painting	洞穴壁画
#D6E5E2	Cave Pearl	洞穴珍珠
#625C58	Caveman	穴居人
#FED200	Cavendish	卡文迪什
#A08D7A	Cavern	洞穴
#B69981	Cavern Clay	洞穴粘土
#CEC3B3	Cavern Echo	洞穴回声
#92987D	Cavern Moss	洞穴苔藓
#E0B8B1	Cavern Pink	洞穴粉红
#947054	Cavern Sand	洞穴沙
#515252	Cavernous	海绵状
#2B2C30	Caviar	鱼子酱
#533E39	Caviar Black	鱼子酱黑
#772244	Caviar Couture	鱼子酱时装
#72939E	Cavolo Nero	卡沃洛·尼禄
#A6D0D6	Cay	沙洲
#941100	Cayenne	卡宴辣椒
#52798D	Cayman Bay	开曼湾
#495A44	Cayman Green	开曼绿
#9271A7	Ce Soir	晚会
#463430	Cedar	雪松
#C95A49	Cedar Chest	雪松木箱
#788078	Cedar Forest	雪松森林
#686647	Cedar Glen	雪松谷
#69743E	Cedar Green	雪松绿
#BF6955	Cedar Grove	雪松小树林
#B7BCAD	Cedar Mill	雪松磨坊
#8B786F	Cedar Plank	雪松木板
#A96A50	Cedar Plank Salmon	雪松板鲑鱼
#9B6663	Cedar Ridge	雪松山岭
#91493E	Cedar Staff	雪松法杖
#A97367	Cedar Wood	雪松木
#711A00	Cedar Wood Finish	雪松木饰面
#DDA896	Cedarville	塞达维尔
#92A1CF	Ceil	天花板
#E9EBE7	Ceiling Bright White	天花板亮白色
#ACE1AF	Celadon	青瓷
#007BA7	Celadon Blue	青瓷蓝
#CCD4CB	Celadon Glaze	青瓷釉
#2F847C	Celadon Green	青瓷绿
#7EBEA5	Celadon Porcelain	青瓷瓷器
#B1DAC6	Celadon Sorbet	青瓷冰糕
#C6CAB8	Celadon Tint	青瓷调
#EBE667	Celandine	白屈菜
#B8BFAF	Celandine Green	白屈菜绿
#9D86AD	Celeb City	名人城
#E6C17A	Celebration	庆典
#008BC4	Celebration Blue	庆典蓝
#B4C04C	Celery	芹菜
#D4E0B3	Celery Bunch	芹菜束
#C5CC7B	Celery Green	芹菜绿
#E1D792	Celery Heart	芹菜心
#EAEBD1	Celery Ice	芹菜冰
#C1FD95	Celery Mousse	芹菜慕斯
#C5BDA5	Celery Powder	芹菜粉
#D4E4BA	Celery Root	芹菜根
#D0D8BE	Celery Satin	芹菜缎面
#E1DF9A	Celery Sceptre	芹菜权杖
#9ED686	Celery Sprig	芹菜小枝
#CAEDD0	Celery Stick	芹菜棍
#CCEEC2	Celery Victor	芹菜维克多
#DBD9CD	Celery White	芹菜白
#B2FFFF	Celeste	蔚蓝
#406374	Celeste Blue	蔚蓝
#007894	Celestial	天体
#11CC00	Celestial Alien	天体外星
#2C4D69	Celestial Blue	天体蓝
#0A2538	Celestial Canvas	天体画布
#DAEAF6	Celestial Cathedral	天体大教堂
#DD4455	Celestial Coral	天体珊瑚
#EAD97C	Celestial Crown	天体王冠
#992266	Celestial Dragon	天体龙
#EAEBE9	Celestial Glow	天体辉光
#2DDFC1	Celestial Green	天体绿
#7C94B3	Celestial Horizon	天体地平线
#091F92	Celestial Indigo	天体靛蓝
#C7DAE8	Celestial Light	天体浅
#E3D4B9	Celestial Moon	天体月
#9C004A	Celestial Pink	天体粉
#3C7AC2	Celestial Plum	天体梅紫
#85C1C4	Celestine	塞莱斯廷
#24A4C8	Celestine Spring	塞莱斯廷泉
#99A7AB	Celestra Grey	塞莱斯特拉·格雷
#B5C7D2	Celestyn	塞莱斯廷
#826167	Celine	席琳
#75553F	Cellar Door	地窖门
#DDB582	Cellini Gold	切利尼金
#3A4E5F	Cello	大提琴
#515153	Celluloid	赛璐珞
#E76A35	Celosia Orange	鸡冠花橙
#2B3F36	Celtic	凯尔特
#246BCE	Celtic Blue	凯尔特蓝
#006940	Celtic Clover	凯尔特三叶草
#1F6954	Celtic Green	凯尔特绿
#C5D4CE	Celtic Grey	凯尔特灰
#F5E5CE	Celtic Linen	凯尔特亚麻
#00886B	Celtic Queen	凯尔特女王
#2E4C5B	Celtic Rush	凯尔特急流
#AADEB2	Celtic Spring	凯尔特春
#8BAB68	Celuce	塞卢斯
#725671	Cembra Blossom	森布拉花
#A5A391	Cement	水泥
#7B737B	Cement Feet	水泥脚
#B5ABA4	Cement Greige	水泥灰米
#C0C7D0	Cemetery Ash	公墓灰烬
#3E7FA5	Cendre Blue	森德雷蓝
#327A68	Census	人口普查
#90673F	Centaur	半人马座
#8B6A4F	Centaur Brown	半人马棕色
#B3A7A6	Centennial Rose	百年玫瑰
#F7E077	Centeōtl Yellow	中心黄
#008B56	Center Field	中心场
#6D2400	Centipede Brown	蜈蚣棕
#C08F45	Centra	森特拉
#685549	Centre Earth	地球中心
#817A69	Centre Ridge	中心山脊
#C8C7CB	Centre Stage	舞台中央
#9C7B87	Century’s Last Sunset	世纪最后的日落
#FCFFF9	Ceramic	陶瓷
#EDD1AC	Ceramic Beige	陶瓷米色
#16A29A	Ceramic Blue Turquoise	陶瓷蓝青
#A05843	Ceramic Brown	陶瓷棕
#E8A784	Ceramic Glaze	陶瓷釉
#3BB773	Ceramic Green	陶瓷绿
#908268	Ceramic Pot	陶瓷壶
#FEFEE0	Ceramite White	陶粒白
#EFD7AB	Cereal Flake	谷物片
#CCCBCD	Cerebellum Grey	小脑灰
#CCCCCC	Cerebral Grey	脑灰
#D69E59	Ceremonial Gold	礼仪金
#91998E	Ceremonial Grey	礼仪灰
#C38B82	Ceremonial Ochre	礼仪赭色
#2A2756	Ceremonial Purple	仪式紫色
#997B00	Cerignola Olive	切里尼奥拉橄榄
#AD134E	Cerise	樱桃红
#EC3B83	Cerise Pink	樱桃红粉
#DE3163	Cerise Red	樱桃红
#F2BDA2	Certain Peach	某种桃
#55AAEE	Cerulean	蔚蓝
#2A52BE	Cerulean Blue	蔚蓝
#6D9BC3	Cerulean Frost	蔚蓝霜
#8CC6CB	Cerulean Skies	蔚蓝天空
#ACBFCD	Cerulean Tint	蔚蓝调
#337EFF	Ceruleite	蓝晶石
#001440	Cetacean Blue	鲸豚蓝
#33431E	Ceylanite	硅兰石
#F3E9D6	Ceylon Cream	锡兰奶油
#D4AE40	Ceylon Yellow	锡兰黄
#756858	Ceylonese	锡兰语
#007AA5	CG Blue	CG蓝
#E03C31	CG Red	CG红
#56FFFF	CGA Blue	CGA蓝
#FC0FC0	CGA Pink	CGA粉
#77926F	Chá Lǜ Green	茶绿
#FFDB92	Cha-Cha-Cha	恰恰
#EC7D2C	Chaat Masala	查特玛莎拉
#FDE9E0	Chablis	夏布利
#F6E0CF	Chafed Wheat	磨碎的小麦
#008B62	Chagall Green	夏加尔绿
#EBCFAE	Chai	印度奶茶
#F9CBA0	Chai Latte	印度奶茶拿铁
#BD7C4F	Chai Spice	印度奶茶辛香
#A97B2D	Chai Tea	印度奶茶
#EFD7B3	Chai Tea Latte	印度奶茶拿铁
#708090	Chain Gang Grey	链帮灰色
#847E78	Chain Link	链节
#81777F	Chain Mail	锁子甲
#A4A6A4	Chain Reaction	连锁反应
#C1B2B3	Chaise Mauve	贵妃淡紫
#8B5E8F	Chakra	脉轮
#DDDD99	Chalcedony	玉髓
#4B6057	Chalcedony Green	玉髓绿
#6770AE	Chalcedony Violet	玉髓紫
#C29867	Chalet	小木屋
#5A6E41	Chalet Green	绿色木屋
#EDEAE5	Chalk	粉笔
#EAEBE6	Chalk Dust	粉笔尘
#E0CEB7	Chalkware	粉笔器
#DFC281	Chalky	白垩色
#D0EBF1	Chalky Blue White	白垩色蓝白
#CD7A50	Challah Bread	白面包
#475877	Chambray	钱布雷布
#93AECE	Chambray Blue	青年布蓝
#CEDAAC	Chameleon	变色龙
#C0C2A0	Chameleon Tango	变色龙探戈
#E8CD9A	Chamois	麂皮
#F0E1D0	Chamois Cloth	麂皮布
#AD8867	Chamois Leather	麂皮皮革
#B3A385	Chamois Tan	麂皮棕褐
#986E19	Chamois Yellow	麂皮黄
#A0785A	Chamoisee	羚羊
#E4C697	Chamomile	洋甘菊
#DAC395	Chamomile Tea	洋甘菊茶
#E9D2AC	Champagne	香槟
#D4C49E	Champagne Beige	香槟米色
#F0E1C5	Champagne Bliss	香槟极乐
#DDCEAD	Champagne Bubbles	香槟泡泡
#F1E4CB	Champagne Burst	香槟爆发
#E3D7AE	Champagne Cocktail	香槟鸡尾酒
#EBD3E4	Champagne Elegance	香槟优雅
#F6ECE2	Champagne Flute	香槟长笛
#D7C1B4	Champagne Glee	香槟欢乐合唱团
#E8D6B3	Champagne Gold	香槟金
#C5B067	Champagne Grape	香槟葡萄
#F3E5DD	Champagne Ice	香槟冰
#FFDFB0	Champagne Orange	香槟橙
#FADDC4	Champagne Peach	香槟桃
#E3D6CC	Champagne Rose	香槟玫红
#F8EEC4	Champagne Tickle	香槟痒痒
#F4E1C6	Champagne Toast	香槟吐司
#EFD4AE	Champagne Wishes	香槟愿望
#949089	Champignon	香菇
#7B5986	Champion	冠军
#606788	Champion Blue	冠军蓝
#435572	Champlain Blue	尚普兰蓝
#A0A6A9	Chance of Rain	下雨的可能性
#A5BCBA	Chance of Showers	有阵雨的机会
#ECBA5D	Chandra Cream	钱德拉霜
#F4AFCD	Changeling Pink	幻形灵粉色
#B6927C	Changing Seasons	季节变化
#F1C3C2	Channel	频道
#04D8B2	Channel Marker Green	通道标记绿色
#A0928D	Channel Seal Grey	通道密封灰色
#EEE8D2	Chanoyu	茶之汤
#FFC66E	Chanterelle	鸡油菌
#A28776	Chanterelle Sauce	鸡油菌酱
#870000	Chanticleer	殿堂级
#EDB8C7	Chantilly	尚蒂伊
#F1E2DE	Chantilly Lace	尚蒂伊蕾丝
#0F0F0F	Chaos Black	混沌黑
#740600	Chaotic Red	混沌红
#BB2266	Chaotic Roses	混乱玫瑰
#E5D0B0	Chaparral	丛林
#DEE5EC	Chapeau Violet	起首紫罗兰
#B0D2E7	Chapel Blue	教堂蓝
#BBD1E2	Chapel Choir	教堂合唱团
#EDE2AC	Chapel Wall	教堂墙
#644B41	Chaps	查普斯
#9F9369	Chapter	章
#B79779	Char Latte	查拿铁
#394043	Charade	夏利
#504D4C	Charadon Granite	查拉东花岗岩
#343837	Charcoal	炭
#5D625C	Charcoal Briquette	木炭块
#595758	Charcoal Dust	炭尘
#5D5B56	Charcoal Sketch	炭笔素描
#474F43	Charcoal Smoke	炭烟
#60605E	Charcoal Smudge	木炭涂抹
#949D8D	Charcoal Tint	炭调
#48553F	Chard	瑞士甜菜
#F8EADF	Chardon	查尔顿
#EFE8BC	Chardonnay	霞多丽
#632A60	Charisma	魅力
#E7C180	Charismatic	魅力型
#EE2244	Charismatic Red	魅力红
#9AC1DC	Charismatic Sky	魅力天空
#9F414B	Charleston Cherry	查尔斯顿樱桃
#C09278	Charleston Chocolate	查尔斯顿巧克力
#232B2B	Charleston Green	查尔斯顿格林
#995500	Charlie Brown	查理·布朗
#948263	Charlie Horse	查理·马
#E2E483	Charlock	查洛克
#A4DCE6	Charlotte	夏洛特
#D0748B	Charm	魅力
#E68FAC	Charm Pink	魅力粉
#EBCFC7	Charmed	迷住了
#A1A1A0	Charmed Chalice	迷人的圣杯
#007F3A	Charmed Green	魅力绿
#FF90A2	Charming Cherry	迷人的樱桃
#D4E092	Charming Green	迷人绿
#11BB44	Charming Nature	迷人的自然风光
#F5AD75	Charming Peach	迷人桃子
#EDD3D2	Charming Pink	迷人粉色
#8C7281	Charming Violet	迷人的紫罗兰
#6A577F	Charoite Violet	紫龙晶紫
#F1EBEA	Charolais Cattle	夏洛莱牛
#A1A29C	Charon	卡戎
#3E0007	Charred Brown	烧焦的棕色
#553B3D	Charred Chocolate	烧焦的巧克力
#885132	Charred Clay	烧焦的粘土
#5B4E4A	Charred Hickory	烧焦的山核桃木
#C01205	Charsiu	查尔休
#B2CCE1	Charted	绘制图表
#69B2CF	Charter	宪章
#546E91	Charter Blue	宪章蓝
#C1F80A	Chartreuse	查特酒绿
#E4DCC6	Chartreuse Frost	查特酒绿霜
#DAD000	Chartreuse Shot	查特酒一饮
#B5CC18	Chartreuse Spark	黄绿色火花
#16A3CB	Charybdis	卡律布狄斯
#876044	Chasm	鸿沟
#63B521	Chasm Green	深渊绿
#9944EE	Chaste Blossoms	贞洁之花
#F79A3E	Chat Orange	聊天橙子
#B5A28A	Chateau	城堡
#5B4B44	Chateau Brown	城堡棕
#A2AAB3	Chateau de Chillon	西庸城堡
#419F59	Chateau Green	城堡绿
#7C583A	Chateau Mantle	地幔城堡
#DBA3CE	Chateau Rose	玫瑰庄园
#B3ABB6	Chatelle	沙泰勒
#2C5971	Chathams Blue	查塔姆斯蓝
#B0AB9C	Chatroom	聊天室
#89B386	Chatty Cricket	健谈的蟋蟀
#A09287	Chatura Beige	查图拉米色
#C7E2C6	Chayote	佛手瓜
#ED214D	Che Guevara Red	切格瓦拉红
#EEB15D	Cheater	骗子
#EE9A09	Cheddar	切达干酪
#D2AD87	Cheddar Biscuit	切达饼干
#F0843A	Cheddar Cheese	切达干酪
#F9C982	Cheddar Chunk	切达干酪块
#F5D4B5	Cheddar Corn	切达玉米
#B67DAF	Cheddar Pink Mauve	切达粉淡紫
#A55A55	Cheek Red	腮红
#7B4D3A	Cheeky Chestnut	厚脸皮栗子
#DCC7C0	Cheerful Heart	欢快心
#FFE195	Cheerful Hue	欢快色调
#FDA471	Cheerful Tangerine	欢快柑橘
#D3D7E7	Cheerful Whisper	欢快低语
#7E4258	Cheerful Wine	欢快酒红
#FFC723	Cheerful Yellow	欢快黄
#BCCB08	Cheerly Kiwi	快乐的猕猴桃
#C09962	Cheers!	干杯！
#F08A88	Cheery	开朗
#FFA600	Cheese	奶酪
#FDDE45	Cheese It Up	奶酪
#FF9613	Cheese Please	请加奶酪
#FFE4BE	Cheese Powder	奶酪粉
#FFB96F	Cheese Puff	奶酪泡芙
#DFAD51	Cheese Wiz	奶酪奇才
#FFFCDA	Cheesecake	芝士蛋糕
#FFCC77	Cheesus	奶酪
#EEB033	Cheesy Cheetah	俗气的猎豹
#F0E093	Cheesy Frittata	奶酪菜肉馅煎蛋饼
#FAE195	Cheesy Grin	俗气的笑容
#F3F4F5	Chef’s Hat	厨师帽
#CC3B3B	Chef’s Kiss	厨师之吻
#A3D1E8	Chefchaouen Blue	舍夫沙万蓝
#88A95B	Chelsea Cucumber	切尔西黄瓜
#546D66	Chelsea Garden	切尔西花园
#95532F	Chelsea Gem	切尔西宝石
#B6B7B0	Chelsea Grey	切尔西·格雷
#BEAC9F	Chelsea Mauve	切尔西淡紫
#F94009	Chéng Hóng Sè Orange	橙红
#A6CD91	Chenille	雪尼尔
#F1E7D6	Chenille Spread	雪尼尔传播
#F9EFE2	Chenille White	雪尼尔白
#DEC371	Chenin	白诗南
#22BBFF	Cherenkov Radiation	切伦科夫辐射
#F4E3CB	Cherish Cream	珍爱霜
#E6E4DA	Cherish Is the Word	珍惜这句话
#CCACD7	Cherish the Moment	珍惜当下
#BA97B1	Cherished	珍惜
#FC9293	Cherished One	珍惜的人
#AC0132	Chernobog	切尔诺博格
#E3DCDA	Chernobog Breath	切尔诺伯格呼吸
#F5CD82	Cherokee	切罗基
#DD7722	Cherokee Dignity	切罗基尊严
#824E4A	Cherokee Red	切诺基红
#A22452	Cherries Jubilee	樱桃禧年
#CF0234	Cherry	樱桃
#908279	Cherry Bark	樱桃树皮
#9F4D65	Cherry Berry	樱桃浆果
#AD5344	Cherry Blink	樱桃眨眼
#F5C1D5	Cherry Blossom	樱桃花
#FFB7C5	Cherry Blossom Pink	樱桃花粉
#FFC9DD	Cherry Blush	樱桃绯红
#B73D3F	Cherry Bomb	樱桃炸弹
#E26B81	Cherry Brandy	樱桃白兰地
#FFBBB4	Cherry Chip	樱桃片
#883F41	Cherry Cobbler	樱桃馅饼
#8E5E65	Cherry Cocoa	樱桃可可
#894C3B	Cherry Cola	樱桃可乐
#EBBED3	Cherry Cordial	樱桃甜酒
#C71414	Cherry Crush	樱桃迷恋
#BD6973	Cherry Fizz	樱桃气泡
#FBDAE8	Cherry Flower	樱桃花
#F392A0	Cherry Foam	樱桃泡沫
#CB6276	Cherry Fruit	樱桃果
#CC5160	Cherry Hill	樱桃丘陵
#DD98A6	Cherry Ice	樱桃冰
#BD9095	Cherry Juice	樱桃汁
#6C2C45	Cherry Juice Red	樱桃汁红
#A32E39	Cherry Kiss	樱桃吻
#B15E67	Cherry Kisses	樱桃吻
#C8385A	Cherry Lolly	樱桃棒棒糖
#6A332D	Cherry Mahogany	樱桃桃花心木
#A57C7A	Cherry Mocha	樱桃摩卡
#AC495C	Cherry on Top	上面有樱桃
#FE314B	Cherry Paddle Pop	樱桃冰棒
#F9E7F4	Cherry Pearl	樱桃珍珠
#620B15	Cherry Picking	樱桃采摘
#BD2C22	Cherry Pie	樱桃派
#C7607B	Cherry Pink	樱桃粉
#A10047	Cherry Plum	樱桃梅紫
#A64137	Cherry Race	樱桃赛跑
#F7022A	Cherry Red	樱桃红
#C92435	Cherry Sangria	樱桃桑格利亚红
#D81D26	Cherry Shine	樱桃光泽
#FF0044	Cherry Soda	樱桃苏打
#E76178	Cherry Static	樱桃静态
#933D3E	Cherry Tart	樱桃塔
#B7938F	Cherry Taupe	樱桃灰褐
#F2013F	Cherry Tomato	樱桃番茄
#DFB7B4	Cherry Tree	樱桃树
#E10646	Cherry Velvet	樱桃绒
#B04556	Cherry Wine	樱桃酒红
#B22743	Cherryade	樱桃酒
#F79890	Cherrystone	樱桃石
#651A14	Cherrywood	樱桃木
#848182	Chert	燧石
#F5D7DC	Cherub	小天使
#FFE6F1	Cherubic	天使般的
#ABBD90	Chervil Leaves	山萝卜叶
#FFE9C5	Chess Ivory	国际象棋象牙
#876B4B	Chester Brown	切斯特棕
#742802	Chestnut	栗
#9A6844	Chestnut Beach	栗海滩
#C19C86	Chestnut Bisque	栗浓汤
#6D1008	Chestnut Brown	栗棕
#BCA486	Chestnut Butter	栗黄油
#8E5637	Chestnut Chest	栗木箱
#EBC795	Chestnut Dressing	栗沙拉酱
#874E2D	Chestnut Glaze	栗釉
#AB8508	Chestnut Gold	栗金
#2A4F21	Chestnut Green	栗绿
#60281E	Chestnut Leather	栗皮革
#6D3C32	Chestnut Peel	栗皮
#852E19	Chestnut Plum	栗梅紫
#6C333F	Chestnut Red	栗红
#CD5252	Chestnut Rose	栗玫红
#ADFF2F	Chestnut Shell	栗壳
#995D3B	Chestnut Stallion	栗色种马
#EAF1E6	Chestnut White	栗白
#516FA0	Chesty Bond	胸部邦德
#666FB4	Chetwode Blue	切特沃德蓝
#F6F2E8	Cheviot	切维奥特
#E6B0AF	Chewing Gum	口香糖
#E292B6	Chewing Gum Pink	口香糖粉红色
#977043	Chewy Caramel	耐嚼焦糖
#9F918A	Cheyenne Rock	夏安岩
#D52B2D	Chi-Gong	气功
#EEECB5	Chia	奇亚籽
#734342	Chianti	基安蒂
#A4725A	Chic Brick	别致砖
#D8EBD6	Chic Green	别致绿
#CFCCC5	Chic Grey	别致灰
#EDE1C8	Chic Magnet	魅力磁铁
#F0D1C8	Chic Peach	别致桃
#7C9270	Chic Shade	别致暗调
#AA9788	Chic Taupe	别致灰褐
#5B5D56	Chicago	芝加哥
#B6DBE9	Chicago Blue	芝加哥蓝
#CAC2BD	Chicago Fog	芝加哥雾
#96ADBA	Chicago Skyline	芝加哥天际线
#E2C555	Chicco d’Oro	奇科多罗
#7E6072	Chicha Morada	奇查·莫拉达
#BF7D80	Chick Flick	小鸡弗利克
#FFCF65	Chickadee	山雀
#DD2222	Chicken Comb	鸡冠
#CC8822	Chicken Masala	玛莎拉鸡
#FBE98E	Chickery Chick	鸡鸡
#EFE7DF	Chickpea	鹰嘴豆
#D9DFE3	Chickweed	繁缕
#D9EEB4	Chicon	奇康
#A78658	Chicory	菊苣
#4D3730	Chicory Coffee	菊苣咖啡
#66789A	Chicory Flower	菊苣花
#BBAB75	Chicory Green	菊苣绿
#5F423F	Chicory Root	菊苣根
#6A5637	Chieftain	酋长
#F0F5BB	Chiffon	雪纺
#DBC963	Chifle Yellow	雪芙黄
#EAE5C5	Child of Heaven	孩子天堂
#F0F4F8	Child of Light	孩子浅
#C68D37	Child of the Moon	孩子月
#220077	Child of the Night	孩子夜
#E7BCD4	Child’s Play	儿童游戏
#E26D68	Childhood Crush	童年暗恋
#A5A8D6	Childish Wonder	幼稚的奇迹
#E8C0CF	Childlike	童趣
#A1CED7	Children’s Soft Blue	儿童柔和蓝色
#D05E34	Chilean Fire	智利火
#F9F7DE	Chilean Heath	智利荒原
#C9CBC1	Chilean Sea Bass	智利海鲈鱼
#D1D5E7	Chill in the Air	空气中寒意
#256D8D	Chill of the Night	夜寒
#EC4236	Chilled Chilly	冰镇 冰镇
#CBCDB2	Chilled Cucumber	冰鲜黄瓜
#FFE696	Chilled Lemonade	冰镇柠檬水
#E4EFDE	Chilled Mint	冰镇薄荷
#6D4052	Chilled Wine	冰镇酒
#BE4B41	Chilli	辣椒
#4B1C35	Chilli Black Red	辣椒黑红
#CC5544	Chilli Cashew	辣椒腰果
#985E2B	Chilli Con Carne	辣椒酱
#E93A0E	Chilli Crab	辣椒蟹
#F0B692	Chilli Dip	辣椒酱
#8D7040	Chilli Green	辣椒绿
#9D453C	Chilli Oil	辣椒油
#AC1E3A	Chilli Pepper	辣椒胡椒
#BC4E40	Chilli Sauce	辣椒酱
#CA7C74	Chilli Soda	辣椒苏打
#8AAEC3	Chilly Blue	清冷蓝
#FD9989	Chilly Spice	清冷辛香
#E5F1ED	Chilly White	清冷白
#74626D	Chimaera	奇美拉
#C89B75	Chimaera Brown	奇美拉棕
#B16355	Chimayo Red	奇马约红
#C7CA86	Chimes	编钟
#4A5257	Chimney	烟囱
#3C4247	Chimney Smoke	烟囱烟雾
#272F38	Chimney Sweep	烟囱清扫工
#DD3355	Chin-Chin Cherry	钦钦樱桃
#444C60	China Aster	瓷紫菀
#5A6C80	China Blue	瓷蓝
#8A7054	China Cinnamon	瓷肉桂
#718B9A	China Clay	瓷黏土
#F8F0E5	China Cup	瓷杯
#F3E4D5	China Doll	中国娃娃
#3A6468	China Green Blue	瓷绿蓝
#FBF3D3	China Ivory	瓷象牙
#BCC9C7	China Light Green	瓷浅绿
#3D5C77	China Pattern	瓷器纹样
#DF6EA1	China Pink	瓷粉
#AD2B10	China Red	瓷红
#A8516E	China Rose	瓷玫红
#034F7C	China Seas	瓷海
#E3D1CC	China Silk	瓷丝
#EAE6D9	China White	瓷白
#464960	Chinaberry	楝树
#D6C2D2	Chinaberry Bloom	楝树花
#9C8E7B	Chinchilla	龙猫
#D0BBA7	Chinchilla Chenille	龙猫雪尼尔
#7F746E	Chinchilla Grey	龙猫灰
#4D5AAF	Chinese Bellflower	桔梗
#111100	Chinese Black	中国黑
#365194	Chinese Blue	中国蓝
#CD8032	Chinese Bronze	中国古铜
#AB381F	Chinese Brown	中国棕
#F1D7CB	Chinese Cherry	中国樱桃
#CB5251	Chinese Dragon	中国龙
#006967	Chinese Garden	中国花园
#DDAA00	Chinese Gold	中国金
#F34723	Chinese Goldfish	中国金鱼
#D0DB61	Chinese Green	中国绿
#EBDBCA	Chinese Hamster	中国仓鼠
#E09E87	Chinese Ibis Brown	中国鹮棕
#3F312B	Chinese Ink	中国墨
#CBD1BA	Chinese Jade	中国翡翠
#60C7C2	Chinese Lacquer	中国漆
#F09056	Chinese Lantern	中国灯笼
#CCD6B0	Chinese Leaf	中国叶
#A4BE5C	Chinese Money Plant	金钱草
#FF3366	Chinese New Year	中国新年
#AA381E	Chinese Night	中国夜
#F37042	Chinese Orange	中国橙
#DE70A1	Chinese Pink	中国粉
#3A5F7D	Chinese Porcelain	中国瓷器
#720B98	Chinese Purple	中国紫
#CD071E	Chinese Red	中国红
#B94047	Chinese Safflower	中国红花
#D8D3B2	Chinese Silk	中国丝
#DDDCEF	Chinese Silver	中国银
#ACAD98	Chinese Tea Green	中国茶绿
#8FBFBD	Chinese Tzu	中国慈子
#92698F	Chinese Violet	中国紫罗兰
#E2E5DE	Chinese White	中国白
#DBD2BB	Chino	奇诺
#7C8C87	Chinois Green	中国绿
#9DD3A8	Chinook	奇努克
#C8987E	Chinook Salmon	奇努克鲑鱼
#554747	Chinotto	奇诺托
#D5C7B9	Chintz	印花棉布
#ECBCB6	Chintz Rose	印花布玫瑰
#CFA14A	Chipmunk	花栗鼠
#AA4433	Chipolata	奇波拉塔
#683E3B	Chipotle Paste	墨西哥辣椒酱
#DDD618	Chips Provencale	普罗旺斯薯条
#026B67	Chitin Green	甲壳素绿
#AEB2C0	Chivalrous	侠义
#C7662A	Chivalrous Fox	侠狐
#816558	Chivalrous Walrus	侠义海象
#5D99B1	Chivalry	骑士精神
#BF784E	Chivalry Copper	侠铜
#4D5637	Chive	细香葱
#4F3650	Chive Bloom	细香葱绽放
#86619F	Chive Blossom	细香葱花
#A193BF	Chive Flower	细香葱花
#56AE57	Chlorella Green	小球藻绿
#93D8C2	Chloride	氯化物
#5E8E82	Chlorite	绿泥石
#44891A	Chlorophyll	叶绿素
#B3D6C3	Chlorophyll Cream	叶绿素霜
#4AFF00	Chlorophyll Green	叶绿素绿
#75876E	Chlorosis	失绿症
#B4835B	Choco Biscuit	巧克力饼干
#993311	Choco Chic	巧克力别致
#63493E	Choco Death	巧克力之死
#7D5F53	Choco Loco	巧克力乐可
#F9BC08	Chocobo Feather	陆行鸟羽毛
#993300	Chocoholic	巧克力狂
#D2691E	Chocolate	巧克力
#773333	Chocolate Bar	巧克力棒
#775130	Chocolate Bells	巧克力铃
#782A2E	Chocolate Bhut Jolokia	巧克力断魂椒
#7F6054	Chocolate Bliss	巧克力极乐
#7E4F35	Chocolate Bonbon	巧克力夹心糖
#765841	Chocolate Caliente	巧克力卡连特
#452207	Chocolate Castle	巧克力城堡
#8A4438	Chocolate Cherry	巧克力樱桃
#928178	Chocolate Chiffon	巧克力雪纺
#AB4231	Chocolate Chilli	巧克力辣椒
#6E5F52	Chocolate Chip	巧克力片
#6B574A	Chocolate Chunk	巧克力块
#644D42	Chocolate Coco	巧克力可可
#58111A	Chocolate Cosmos	巧克力宇宙
#8B4121	Chocolate Covered	巧克力覆盖
#A89581	Chocolate Cream Pie	巧克力奶油派
#605647	Chocolate Cupcake	巧克力纸杯蛋糕
#916D5E	Chocolate Curl	巧克力卷曲
#96786D	Chocolate Delight	巧克力喜悦
#6B5947	Chocolate Diamonds	巧克力钻石
#674848	Chocolate Eclair	巧克力泡芙
#623D2E	Chocolate Escape	巧克力逃离
#8E473B	Chocolate Explosion	巧克力爆炸
#5C3612	Chocolate Fantasies	巧克力幻想
#603932	Chocolate Fondant	巧克力翻糖
#9A3001	Chocolate Fondue	巧克力火锅
#9E5B40	Chocolate Fountain	巧克力喷泉
#DED5C8	Chocolate Froth	巧克力泡沫
#8F786C	Chocolate Heart	巧克力心
#3C1421	Chocolate Kiss	巧克力吻
#66433B	Chocolate Lab	巧克力拉布拉多
#993322	Chocolate Lust	巧克力欲望
#7A463A	Chocolate Magma	巧克力岩浆
#331100	Chocolate Melange	巧克力混合物
#976F4C	Chocolate Milk	巧克力奶
#998069	Chocolate Moment	巧克力时刻
#B5A39C	Chocolate Oatmeal	巧克力燕麦
#BB5544	Chocolate Oatmeal Cookie	巧克力燕麦饼干
#884400	Chocolate Pancakes	巧克力煎饼
#3F2F31	Chocolate Plum	巧克力梅紫
#A58C7B	Chocolate Powder	巧克力粉
#66424D	Chocolate Praline	巧克力果仁糖
#60504B	Chocolate Pretzel	巧克力椒盐卷饼
#6F6665	Chocolate Pudding	巧克力布丁
#714F29	Chocolate Rain	巧克力雨
#4D3635	Chocolate Red	巧克力红
#76604E	Chocolate Ripple	巧克力波纹
#4E1B0B	Chocolate Rush	巧克力奔涌
#5C4945	Chocolate Soul	巧克力灵魂
#8C6C6F	Chocolate Sparkle	巧克力闪光
#6F4E43	Chocolate Sprinkle	巧克力洒
#84563C	Chocolate Stain	巧克力染色
#68574B	Chocolate Swirl	巧克力漩涡
#956E5F	Chocolate Temptation	巧克力的诱惑
#5F4940	Chocolate Therapy	巧克力疗法
#403534	Chocolate Torte	巧克力果仁蛋糕
#612E32	Chocolate Truffle	巧克力松露
#7F7453	Chocolate Velvet	巧克力绒
#937979	Chocolaty	巧克力
#F2E1D1	Choice Cream	精选面霜
#8F583C	Chōjicha Brown	丁子茶棕色
#92000A	Chokecherry	苦樱桃
#867578	Choo Choo	楚楚
#C7BCA1	Chopped Almonds	杏仁碎
#336B4B	Chopped Chive	切碎的香葱
#B6C2A1	Chopped Dill	切碎的莳萝
#E0D1B8	Chopsticks	筷子
#B77795	Choral Singer	合唱歌手
#AA0011	Chorizo	香肠
#8E8987	Chorus of Elephants	大象合唱团
#8C9632	Chorus of Frogs	青蛙合唱团
#FF6301	Chos Garden Marigold	乔斯花园万寿菊
#B95754	Chōshun Red	长春红
#EBCF7D	Choux à la Crème	奶油泡芙
#E5D2B2	Chowder Bowl	杂烩碗
#382161	Christalle	克里斯塔勒
#71A91D	Christi	克里斯蒂
#009094	Christina Brown	克里斯蒂娜棕
#2A8FBD	Christmas Blue	圣诞蓝
#5D2B2C	Christmas Brown	圣诞棕
#CAA906	Christmas Gold	圣诞金
#3C8D0D	Christmas Green	圣诞绿
#68846A	Christmas Holly	圣诞冬青
#477266	Christmas Ivy	圣诞常春藤
#D56C2B	Christmas Orange	圣诞橙
#6E5A49	Christmas Ornament	圣诞饰品
#E34285	Christmas Pink	圣诞粉
#564342	Christmas Pudding	圣诞布丁
#4D084B	Christmas Purple	圣诞紫
#B01B2E	Christmas Red	圣诞红
#FFDDBB	Christmas Rose	圣诞玫红
#E1DFE0	Christmas Silver	圣诞银
#D4C5BA	Christobel	克里斯托贝尔
#F6BBCA	Christy’s Smile	克里斯蒂的微笑
#292929	Chromaphobic Black	嫌色黑
#E1DFE1	Chrome	铬
#A8A9AD	Chrome Aluminium	铬铝
#CDC8D2	Chrome Chalice	镀铬圣杯
#E7EDDD	Chrome Green	铬绿
#CAC7B7	Chrome White	铬白
#FFA700	Chrome Yellow	铬黄
#82CAFC	Chromis Damsel Blue	克罗米斯少女蓝
#06B48B	Chromophobia Green	恐色绿
#3E4265	Chronicle	编年史
#72A8D1	Chronus Blue	时空蓝
#C35458	Chrysanthemum	菊花
#9DB8AB	Chrysanthemum Leaf	菊花叶
#004F39	Chrysocolla Dark Green	硅孔雀石深绿色
#378661	Chrysocolla Green	硅孔雀石绿
#006B57	Chrysocolla Medium Green	硅孔雀石中绿色
#8E9849	Chrysolite	贵橄榄石
#39334A	Chrysomela Goettingensis	哥廷叶叶甲
#8FB2A3	Chrysopal Light Green	金盏花浅绿色
#4A2200	Chrysophobia	恐绿症
#ADBA98	Chrysoprase	绿玉髓
#613521	Chubby Chocolate	胖乎乎的巧克力
#B43548	Chubby Kiss	胖乎乎的吻
#BF413A	Chuckles	咯咯笑
#91C1C6	Chuff Blue	查夫蓝
#1559DB	Chun-Li Blue	春丽蓝
#FFC84B	Chunky Bee	矮胖的蜜蜂
#CFCDCF	Chupacabra Grey	卓柏卡布拉灰色
#3D4161	Church Blue	教堂蓝
#B3B5AF	Church Mouse	教堂老鼠
#4D4D58	Churchill	丘吉尔
#A49A85	Churchill Downs	丘吉尔唐斯
#9F5E4E	Chutney	酸辣酱
#A97765	Chutney Brown	酸辣酱棕
#0F0809	Chyornyi Black	乔尔尼黑
#DE9D7C	Ciao	再见
#938A43	Cider Mill	苹果酒磨坊
#8A946F	Cider Pear Green	苹果酒梨绿
#AE8167	Cider Spice	苹果酒辛香
#B98033	Cider Toddy	苹果酒托迪
#E7D6AF	Cider Yellow	苹果酒黄
#A5CEE8	Cielo	切洛
#7D4E38	Cigar	雪茄
#9C7351	Cigar Box	雪茄盒
#78857A	Cigar Smoke	雪茄烟
#EE5500	Cigarette Glow	香烟发光
#4A5C52	Cilantro	香菜
#CECBAE	Cilantro Cream	香菜奶油
#6B3D38	Cimarron	西马龙
#242A2E	Cinder	煤渣
#7C787B	Cinder Fox	灰烬狐狸
#FBD7CC	Cinderella	灰姑娘
#FFC6C4	Cinderella Pink	灰姑娘粉红
#95878E	Cinema Screen	影院屏幕
#98817B	Cinereous	灰质的
#730113	Cinnabar	朱砂
#634D45	Cinnabark	朱砂
#D26911	Cinnamon	肉桂
#CF8D6C	Cinnamon Brandy	肉桂白兰地
#9E6A19	Cinnamon Brown	肉桂棕
#FFBF6E	Cinnamon Buff	肉桂浅黄
#AC4F06	Cinnamon Bun	肉桂面包
#E8DDCF	Cinnamon Cake	肉桂蛋糕
#B15D63	Cinnamon Candle	肉桂烛
#794344	Cinnamon Cherry	肉桂樱桃
#D1A79C	Cinnamon Cocoa	肉桂可可
#705742	Cinnamon Crumble	肉桂碎
#A37D5A	Cinnamon Crunch	肉桂脆
#A97673	Cinnamon Diamonds	肉桂钻石
#EDBC9B	Cinnamon Foam	肉桂泡沫
#D3B191	Cinnamon Frost	肉桂霜
#DBBBA7	Cinnamon Ice	肉桂冰
#EBDAB5	Cinnamon Milk	肉桂奶
#D5B199	Cinnamon Mocha	肉桂摩卡
#BB9988	Cinnamon Roast	肉桂烤肉
#C0737A	Cinnamon Roll	肉桂卷
#C2612C	Cinnamon Rufous	肉桂红褐色
#B78153	Cinnamon Sand	肉桂沙
#CD607E	Cinnamon Satin	肉桂缎面
#BA9275	Cinnamon Scone	肉桂司康
#9C5736	Cinnamon Sparkle	肉桂闪光
#935F43	Cinnamon Spice	肉桂辛香
#B05127	Cinnamon Stick	肉桂棍
#C9543A	Cinnamon Stone	肉桂石
#B64C2D	Cinnamon Sunset	肉桂日落
#DEC0AD	Cinnamon Tea	肉桂茶
#8D7D77	Cinnamon Toast	肉桂吐司
#9F7250	Cinnamon Twist	肉桂扭
#DAB2A4	Cinnamon Whip	肉桂奶霜
#A6646F	Cinnapink	肉桂粉
#FFFF88	Cinque Foil	五箔
#5D3B2E	Cioccolato	乔科拉托
#AA7691	Cipher	密码
#C8CEC3	Cipollino	奇波利诺
#6258C4	Circumorbital Ring	眶周环
#FC5E30	Circus	马戏团
#AD835C	Circus Peanut	马戏花生
#954A4C	Circus Red	马戏红
#D6E4E1	Cirrus Blue	卷云蓝
#A9B0B6	Cistern	蓄水池
#6A7F8B	Citadel	城堡
#9EABAD	Citadel Blue	城堡蓝
#F6B906	Citra	西特拉
#E4D00A	Citrine	黄水晶
#933709	Citrine Brown	黄水晶棕
#FAF7D6	Citrine White	黄水晶白
#E9E89B	Citrino	西特里诺
#D5C757	Citron	香橼
#DEFF00	Citron Goby	柚子虾虎鱼
#66BB77	Citronella	香茅属
#B8AF23	Citronelle	香茅内尔
#C4AA27	Citronette	西特罗内特
#DBB239	Citronite	柠檬石
#CD9C2B	Citronne	香茅
#9FB70A	Citrus	柑橘
#E1793A	Citrus Blast	柑橘爆发
#E4DE8E	Citrus Butter	柑橘黄油
#D0D557	Citrus Delight	柑橘喜悦
#F9A78D	Citrus Hill	柑橘丘陵
#F6B96B	Citrus Honey	柑橘蜂蜜
#B3D157	Citrus Leaf	柑橘叶
#C3DC68	Citrus Lime	柑橘青柠
#F7EDDE	Citrus Mist	柑橘薄雾
#D26643	Citrus Notes	柑橘香调
#B7BB6B	Citrus Peel	柑橘皮
#FDEA83	Citrus Punch	柑橘宾治
#EDE0AE	Citrus Rind	柑橘皮
#F2C6A7	Citrus Sachet	柑橘香包
#E2CD52	Citrus Spice	柑橘辛香
#FFC400	Citrus Splash	柑橘飞溅
#E6D943	Citrus Sugar	柑橘糖
#8BC34A	Citrus Surge	柑橘激增
#D7C275	Citrus Yellow	柑橘黄
#EDC85A	Citrus Zest	柑橘皮
#6E674B	City Arboretum	城植物园
#675C49	City Bench	城市长凳
#E0E0DC	City Brume	布鲁姆市
#C0B9AC	City Dweller	城市居民
#0022AA	City Hunter Blue	城市猎人蓝
#DFE6EA	City Lights	城光
#A79B8A	City Loft	城市阁楼
#B3ADA4	City of Bridges	桥梁之城
#FAE6CB	City of Diamonds	钻石之城
#E6B4A6	City of Pink Angels	粉红天使之城
#525C61	City Rain	城雨
#663333	City Roast	城烤肉
#D8D3C3	City Steam	城蒸汽
#888C8C	City Storm	城风暴
#BAB2AB	City Street	城市街
#D1A67D	City Sunrise	城日出
#AEABA5	City Tower	城塔
#DAE3E7	Cityscape	城市景观
#C56138	Civara	西瓦拉
#DBE9DF	Clair de Lune	月光
#838493	Clairvoyance	千里眼
#480656	Clairvoyant	千里眼
#DAD1C0	Clam	蛤蜊
#F4D9AF	Clam Chowder	蛤蜊浓汤
#EBDBC1	Clam Up	蛤蜊
#E0D1BB	Clambake	蛤蜊
#EDD0B6	Clamshell	翻盖式
#680018	Claret	干红
#C84C61	Claret Red	干红
#E69C23	Clarified Butter	澄清黄油
#FEA15B	Clarified Orange	澄清橙
#002255	Clarinet	单簧管
#EAF0E0	Clarity	清晰度
#684976	Clary	克拉里
#C7C0CE	Clary Sage	快乐鼠尾草
#BBAAA1	Classic	经典
#6E7042	Classic Avocado	经典牛油果
#7C5261	Classic Berry	经典浆果
#0F4E81	Classic Blue	经典蓝
#A38BBF	Classic Bouquet	经典花束
#6D624E	Classic Bronze	经典古铜
#6A493D	Classic Brown	经典棕
#6B8885	Classic Calm	经典平静
#F4F4F0	Classic Chalk	经典粉笔
#974146	Classic Cherry	经典樱桃
#9197A3	Classic Cloud	经典云
#B7B2AC	Classic Cool	经典冷
#7A9494	Classic Damask	经典花缎
#888782	Classic French Grey	经典法国灰
#C9A367	Classic Gold	经典金
#3EB753	Classic Green	经典绿
#A39D93	Classic Grey	经典灰
#ACACA7	Classic Greyscale	经典灰度
#F2E0C3	Classic Ivory	经典象牙
#DBC79F	Classic Khaki	经典卡其
#F0EADC	Classic Light Buff	经典浅浅黄
#728284	Classic Movie	经典电影
#685E3F	Classic Olive	经典橄榄
#C52534	Classic Red	经典红
#FBCCE7	Classic Rose	经典玫红
#D6BCAA	Classic Sand	经典沙
#B9B9B4	Classic Silver	经典银
#D3BCA4	Classic Taupe	经典灰褐
#E4CEAE	Classic Terra	经典大地
#71588D	Classic Waltz	经典华尔兹
#EBB875	Classical Gold	古典金
#8B7989	Classical Violet	古典紫罗兰
#ECE1CB	Classical White	经典白
#F8D492	Classical Yellow	经典黄
#AEACAD	Classy	优雅
#BB99AA	Classy Mauve	优雅的淡紫
#887E82	Classy Plum	优雅的李子
#911F21	Classy Red	优雅红
#B66A50	Clay	黏土
#DACEBE	Clay Angel	黏土天使
#BDC8B3	Clay Ash	黏土灰
#E1C68F	Clay Bake	粘土烘烤
#8A7D69	Clay Bath	黏土浴
#D5D1C3	Clay Beige	黏土米色
#A9765D	Clay Court	黏土球场
#897E59	Clay Creek	黏土小溪
#A48374	Clay Dusk	黏土黄昏
#F8DCA3	Clay Dust	黏土尘
#AF604D	Clay Figure	泥人
#C8C1B6	Clay Figurine	泥人
#D8A686	Clay Fire	黏土火
#BD856C	Clay Ground	黏土地面
#A68779	Clay Marble	黏土大理石
#D37959	Clay Mug	粘土杯
#AE895D	Clay Ochre	黏土赭
#BDB298	Clay Pebble	黏土卵石
#D9C8B7	Clay Pipe	粘土管
#774433	Clay Play	黏土嬉戏
#C3663F	Clay Pot	黏土壶
#956A66	Clay Ridge	黏土山岭
#CDCACE	Clay Slate Wacke	粘土板岩瓦克
#D4823C	Clay Terrace	粘土台
#83756C	Clayton	克莱顿
#969283	Claytone	克莱通
#D8DDB6	Clean Air	洁净空气
#EFF0E9	Clean Buffer	清洁缓冲区
#F6E9D3	Clean Canvas	洁净画布
#8FE0C6	Clean Green	洁净绿
#4EC0ED	Clean Pool	洁净池
#577396	Clean Slate	洁净石板
#CCBCB0	Clean Sweep	一网打尽
#C4EAE0	Clear Aqua	清澈水色
#247AFD	Clear Blue	清澈蓝
#60949B	Clear Brook	清澈溪
#F6E6E4	Clear Calamine	清除炉甘石
#DAE8E1	Clear Camouflage Green	清澈迷彩绿
#1E90FF	Clear Chill	清澈寒气
#DFDBD8	Clear Cinnamon	清澈肉桂
#BAB6B2	Clear Concrete	清澈水泥
#98CECD	Clear Cove	清澈小湾
#DFEFEA	Clear Day	清澈白天
#12732B	Clear Green	清澈绿
#A3BBDA	Clear Lake Trail	清澈湖小径
#766CB0	Clear Mauve	清澈淡紫
#FAF6EA	Clear Moon	清澈月
#214F86	Clear Night Sky	清澈夜天空
#EE8800	Clear Orange	清澈橙
#64005E	Clear Plum	清澈梅紫
#B4CCCB	Clear Pond	清澈池塘
#412A7A	Clear Purple	清澈紫
#CE261C	Clear Red	清澈红
#EAE7DA	Clear Sand	清澈沙
#E8F7FD	Clear Skies	清澈天空
#8ECCFE	Clear Sky	清澈天空
#E0DDD3	Clear Stone	清澈石
#CAD6DA	Clear to See	清晰可见
#008A81	Clear Turquoise	清澈青
#E2EAE7	Clear View	清澈景
#367588	Clear Viridian	清澈常春
#E7F0F7	Clear Vision	清澈视觉
#A3BEC4	Clear Vista	清澈远景
#AAD5DB	Clear Water	清澈水
#66BBDD	Clear Weather	天气晴朗
#F1F1E6	Clear Yellow	清澈黄
#C4DBCB	Clearly Aqua	显然水色
#7E6596	Clematis	铁线莲
#3C3D8A	Clematis Blue	铁线莲蓝
#98B652	Clematis Green	铁线莲绿
#E05AEC	Clematis Magenta	铁线莲品红
#E96E00	Clementine	克莱门汀
#FF9D0A	Clementine Earring	克莱门汀耳环
#FFAD01	Clementine Jelly	柑橘果冻
#00507F	Cleo’s Bath	克莱奥的浴室
#007590	Cleopatra	克利奥帕特拉
#795088	Cleopatra’s Gown	克利奥帕特拉的礼服
#F4E6E0	Clerestory	天窗
#F6EBEE	Clichy White	克利希怀特
#5D8FBD	Cliff Blue	悬崖蓝
#D0AB8C	Cliff Brown	悬崖棕
#C5AE80	Cliff Ridge	悬崖山岭
#B19475	Cliff Rock	悬崖岩石
#ECDDD4	Cliff Swallow	悬崖燕
#DDC5AA	Cliff’s View	悬崖景观
#6F8165	Cliffside Park	悬崖公园
#E5E1CD	Climate Change	气候变化
#466082	Climate Control	气候控制
#58714A	Climbing Ivy	攀登常春藤
#B2CFD3	Clinical Soft Blue	临床软蓝色
#463623	Clinker	熟料
#663145	Clinker Red	熟料红
#A1B841	Clipped Grass	剪掉的草
#A6937D	Clippership Twill	帆船斜纹布
#550055	Cloak and Dagger	斗篷与匕首
#605E63	Cloak Grey	斗篷灰
#916660	Cloak of Mystery	斗篷神秘
#002211	Clock Chimes Thirteen	钟声十三响
#E07630	Clockwork Orange	发条橙
#72573D	Clockworks	发条
#0773AF	Cloisonné	景泰蓝
#A58235	Cloisonné Gold	景泰蓝金
#99B090	Cloistered Garden	隐世花园
#5F6C84	Clooney	克鲁尼
#361D0A	Close but No Cigar	功亏一篑
#D5D6CF	Close Knit	紧密针织
#25252C	Closed Shutter	关闭快门
#E1DED9	Closet Skeletons	衣柜里的骷髅
#F3EFCD	Clotted Cream	凝固奶油
#991115	Clotted Red	凝结红
#E4F0EF	Cloud	云
#DFE7EB	Cloud Abyss	云深渊
#F6F1FE	Cloud Break	破云
#ADB5BC	Cloud Cover	云层覆盖
#F1EEE8	Cloud Dancer	云舞者
#A4ABAB	Cloud Mountain	云山
#F9CEC6	Cloud Number Nine	九号云
#F1E2C4	Cloud of Cream	云奶油
#C2BCB1	Cloud Over London	云伦敦
#FAF9F8	Cloud Petal	云花瓣
#FFA168	Cloudberry	云莓
#7B7777	Cloudburst	暴雨
#1F75FE	Clouded Blue	云蓝色
#628468	Clouded Pine	云松
#7D93A2	Clouded Sky	乌云密布的天空
#D1D0D1	Clouded Vision	视力模糊
#D6EAFC	Cloudless	无云
#9AB1BF	Cloudless Day	无云的日子
#D8D7D3	Cloudy	多云
#ACC2D9	Cloudy Blue	多云蓝
#177245	Cloudy Camouflage	多云迷彩
#FFA812	Cloudy Carrot	多云胡萝卜
#87715F	Cloudy Cinnamon	多云肉桂
#DFE6DA	Cloudy Day	多云白天
#B0A99F	Cloudy Desert	多云沙漠
#ECE3E1	Cloudy Grey	多云灰
#E3BC6F	Cloudy Honey	多云蜂蜜
#9D7AAC	Cloudy Plum	多云梅紫
#6699AA	Cloudy Sea	多云海
#C2D5DA	Cloudy Sky	多云天空
#E4BD76	Cloudy Sunset	多云日落
#A6A096	Cloudy Today	多云今天
#B1C6D6	Cloudy Valley	多云山谷
#4B5F56	Cloudy Viridian	常年多云
#876155	Clove	丁香
#766051	Clove Brown	丁香棕
#C8805F	Clove Bud	丁香蕾
#A96232	Clove Dye	丁香染料
#523F21	Clove Yellow Brown	丁香黄棕
#B0705D	Clovedust	丁香尘
#008F00	Clover	三叶草
#1C6A53	Clover Brook	三叶草溪
#006C44	Clover Green	三叶草绿
#F0E2BC	Clover Honey	三叶草蜂蜜
#6FC288	Clover Mist	三叶草薄雾
#4A9D5B	Clover Patch	三叶草田
#CD9BC4	Clover Pink	三叶草粉
#C4D056	Clown Green	小丑绿
#E94257	Clown Nose	小丑鼻子
#8BC3E1	Club Cruise	俱乐部巡航
#464159	Club Grey	俱乐部灰
#834370	Club Mauve	俱乐部淡紫
#6B977A	Club Moss	俱乐部苔藓
#3E4A54	Club Navy	俱乐部海军蓝
#E2EDEB	Club Soda	俱乐部苏打
#F8DE7E	Club-Mate	俱乐部伙伴
#2B245A	Cluedo Night	线索之夜
#D3B683	Clumsy Caramel	笨拙的焦糖
#E8E2E0	Clytemnestra	克吕泰涅斯特拉
#4978A9	Co Pilot	副驾驶
#CADFEC	CO?	二氧化碳
#003527	Coach Green	教练绿
#3B3B3D	Coal Hard Truth	煤炭的真相
#220033	Coal Mine	煤矿
#777872	Coal Miner	煤矿工人
#53555E	Coal Tipple	煤倒
#181B26	Coarse Wool	粗毛
#F6E6DB	Coast Cream	海岸奶油
#BDD4D1	Coast to Coast	海岸海岸
#F0EBD9	Coastal Beige	海岸米色
#E0F6FB	Coastal Breeze	海岸微风
#538F94	Coastal Calm	海岸平静
#B4C0AF	Coastal Crush	海岸迷恋
#727B76	Coastal Dusk	海岸黄昏
#505D7E	Coastal Fjord	沿海峡湾
#B0E5C9	Coastal Foam	海岸泡沫
#E5E8E4	Coastal Fog	海岸雾
#80B9C0	Coastal Fringe	沿海边缘
#006E7F	Coastal Jetty	海岸防波堤
#D2E8EC	Coastal Mist	海岸薄雾
#9FA694	Coastal Plain	海岸平原
#C9A985	Coastal Sand	海岸沙
#9EA4A6	Coastal Sea Fog	海岸海雾
#7D807B	Coastal Storm	海岸风暴
#2D4982	Coastal Surf	海岸冲浪
#BDFFCA	Coastal Trim	沿海装饰
#9E9486	Coastal Villa	海岸别墅
#8293A0	Coastal Vista	海岸远景
#7DB7DB	Coastal Waters	海岸水域
#4398BC	Coastline Blue	海岸线蓝色
#6E6C5B	Coastline Trail	海岸线步道
#2E2F30	Coated	涂层
#9999FF	Cobalite	钴矿
#030AA7	Cobalt	钴蓝
#02367D	Cobalt Blue Tarantula	钴蓝色狼蛛
#4D585B	Cobalt Cannon	钴炮
#4E719D	Cobalt Flame	钴蓝焰
#0072B5	Cobalt Glaze	钴蓝釉
#648FC4	Cobalt Glow	钴蓝辉光
#94FF94	Cobalt Green	钴蓝绿
#353739	Cobalt Night	钴蓝夜
#0264AE	Cobalt Stone	钴蓝石
#7A6455	Cobble Brown	鹅卵石棕色
#C4AB7D	Cobbler	补鞋匠
#B2967E	Cobbler Shop	鞋匠店
#A89A8E	Cobblestone	鹅卵石
#9E8779	Cobblestone Path	鹅卵石路
#CFC7B9	Cobblestone Street	鹅卵石街
#B08E08	Cobra Leather	眼镜蛇皮革
#996515	Cobre	科布雷
#B56D5D	Cobrizo	柯布里佐
#BD9D95	Coca Mocha	可口可乐摩卡
#F8B862	Cochin Chicken	科钦鸡
#9D2933	Cochineal Red	胭脂红
#DDCDB3	Cochise	科奇斯
#FF88BB	Cochonnet	科琼内特
#58C8B6	Cockatoo	凤头鹦鹉
#A46422	Cockatrice Brown	鸡蛇棕
#E3C6AF	Cockleshell	贝壳
#BC5378	Cockscomb Red	鸡冠红
#5A7AA2	Cocktail Blue	鸡尾酒蓝
#8EB826	Cocktail Green	鸡尾酒绿
#FD9A52	Cocktail Hour	鸡尾酒时间
#9FA36C	Cocktail Olive	鸡尾酒橄榄
#DCE2AD	Cocktail Onion	鸡尾酒洋葱
#D1BBA1	Coco	可可
#E4DCC9	Coco Malt	可可麦芽
#994A25	Coco Muck	可可·穆克
#9B7757	Coco Rum	可可朗姆酒
#EEDD88	Coco-Lemon Tart	可可柠檬挞
#1C1C1A	Coco’s Black	可可的黑色
#875F42	Cocoa	可可
#4F3835	Cocoa Bean	可可豆
#A08882	Cocoa Berry	可可浆果
#35281E	Cocoa Brown	可可棕
#F5F4C1	Cocoa Butter	可可黄油
#B9A39A	Cocoa Craving	可可渴望
#DBC8B6	Cocoa Cream	可可奶油
#967859	Cocoa Cupcake	可可纸杯蛋糕
#8D725A	Cocoa Delight	可可喜悦
#D0B7A4	Cocoa Dust	可可尘
#C4AD96	Cocoa Froth	可可泡沫
#7D675D	Cocoa Milk	可可奶
#BC9F7E	Cocoa Nib	可可笔尖
#A8816F	Cocoa Nutmeg	可可肉豆蔻
#DFCEC2	Cocoa Parfait	可可冻糕
#967B5D	Cocoa Pecan	可可山核桃
#766A5F	Cocoa Powder	可可粉
#7E6657	Cocoa Shell	可可壳
#A08E7E	Cocoa Whip	可可奶霜
#784848	Cocobolo	可可波罗
#AA8F7A	Cocoloco	可可乐可
#965A3E	Coconut	椰子
#EBE8E7	Coconut Agony	椰子痛苦
#EEEEDD	Coconut Aroma	椰子香气
#F2EFE1	Coconut Butter	椰子黄油
#E1DABB	Coconut Cream	椰子奶油
#F0E2CF	Coconut Cream Pie	椰子奶油派
#E2CEA6	Coconut Crumble	椰子碎
#676D43	Coconut Grove	椰子小树林
#7D6044	Coconut Husk	椰子壳
#DDD4C7	Coconut Ice	椰子冰
#DACAC0	Coconut Macaroon	椰子马卡龙
#EEEBE2	Coconut Milk	椰子奶
#FBF9E1	Coconut Pulp	椰浆
#FEE4B6	Coconut Scent	椰子香
#917A56	Coconut Shell	椰子壳
#F7F1E1	Coconut Twist	椰子扭
#E9EDF6	Coconut White	椰子白
#DEDBCC	Cocoon	茧
#2D3032	Cod Grey	鳕鱼灰
#9C9C9C	Codex Grey	灰色法典
#524B2A	Codium Fragile	脆珊瑚
#8C4040	Codman Claret	科德曼干红葡萄酒
#0E7F78	Coelia Greenshade	柯莉亚·绿荫
#497D93	Coelin Blue	科林蓝
#6F4E37	Coffee	咖啡
#883300	Coffee Addiction	咖啡成瘾
#775511	Coffee Adept	咖啡达人
#DBD6D3	Coffee Bag	咖啡包
#825C43	Coffee Bar	咖啡吧
#362D26	Coffee Bean	咖啡豆
#6F0C0D	Coffee Brick	咖啡砖
#B5987F	Coffee Cake	咖啡蛋糕
#B7997C	Coffee Clay	咖啡黏土
#FFF2D7	Coffee Cream	咖啡奶油
#AB9B9C	Coffee Custard	咖啡蛋奶
#BEA88D	Coffee Diva	咖啡天后
#BF9779	Coffee Gelato	咖啡意式冰淇淋
#302010	Coffee Grounds	咖啡渣
#6C5B4D	Coffee House	咖啡屋
#B19576	Coffee Kiss	咖啡吻
#6A513B	Coffee Liqueur	咖啡利口酒
#A9898D	Coffee Rose	咖啡玫红
#725042	Coffee Shop	咖啡厅
#DF9D5B	Coffee Whip	咖啡奶霜
#A68966	Coffee With Cream	咖啡奶油
#D48C46	Cognac	干邑白兰地
#B98563	Cognac Brown	干邑棕色
#A17B49	Cognac Tint	干邑色
#90534A	Cogswell Cedar	科格斯韦尔雪松
#E0D5E3	Coin Purse	零钱包
#FF4411	Coin Slot	投币口
#C7DE88	Coincidence	巧合
#3C2F23	Cola	可乐
#3C3024	Cola Bubble	可乐泡泡
#C1DCDB	Cold Air Turquoise	寒冷空气青
#154250	Cold and Dark	寒冷深
#BBEEEE	Cold Blooded	冷血
#88DDDD	Cold Blue	寒冷蓝
#785736	Cold Brew Coffee	寒冷酿造咖啡
#C75D42	Cold Brew Tonic	寒冷酿造汤力
#DBFFFE	Cold Canada	寒冷的加拿大
#234272	Cold Current	寒冷洋流
#EFECE3	Cold Foam	寒冷泡沫
#85B3B2	Cold Front Green	冷锋绿
#008B3C	Cold Green	寒冷绿
#9F9F9F	Cold Grey	寒冷灰
#22DDEE	Cold Heights	寒冷高地
#DDE3E6	Cold Light	寒冷浅
#00EEEE	Cold Light of Day	寒冷浅白天
#9BA0EF	Cold Lips	寒冷唇
#E6E5E4	Cold Morning	寒冷早晨
#559C9B	Cold North	寒冷北
#0033DD	Cold Pack	冷敷包
#D09351	Cold Pilsner	冷比尔森啤酒
#BCA5AD	Cold Pink	寒冷粉
#6C2E09	Cold Press Coffee	冷压咖啡
#665B42	Cold Pressed	冷压
#9D8ABF	Cold Purple	寒冷紫
#32545E	Cold Sea Currents	冷海流
#D4E0EF	Cold Shoulder	冷落
#ACBAC5	Cold Snap	冷潮
#FFF7FD	Cold Snow	寒冷雪
#D9E7E6	Cold Soft Blue	寒冷柔蓝
#88BB66	Cold Spring	寒冷春
#262335	Cold Steel	寒冷钢
#7E8692	Cold Trade Winds	寒冷的信风
#CFE1EF	Cold Turbulence	冷湍流
#CAB5B2	Cold Turkey	冷火鸡
#A5D0CB	Cold Turquoise	寒冷青
#D9DFE0	Cold Water	寒冷水
#839FA3	Cold Waterlogged Lab Coat	寒冷浸水的实验室外套
#C2E2E3	Cold Wave	寒冷波浪
#C1E2E3	Cold Well Water	寒冷水
#EDFCFB	Cold White	寒冷白
#E1E3E4	Cold Wind	寒冷风
#B4BCD1	Cold Winter’s Morn	寒冷冬日的早晨
#CEC8B6	Coliseum Marble	体育馆大理石
#536861	Collard Green	羽衣甘蓝
#9B8467	Collectible	收藏品
#EBECDA	Colleen Green	科琳·格林
#BDB7CD	Collensia	科伦西亚
#75BFD2	Cologne	科隆
#EFC944	Colombian Yellow	哥伦比亚黄
#BA7AB3	Colombo Red Mauve	科伦坡红淡紫
#B68238	Colonel Mustard	芥末上校
#B2B1AD	Colonnade Grey	柱廊灰色
#C6C0B6	Colonnade Stone	柱廊石
#EE7766	Colorado Bronze	科罗拉多铜牌
#E09CAB	Colorado Dawn	科罗拉多黎明
#E6994C	Colorado Peach	科罗拉多桃子
#9C9BA7	Colorado Peak	科罗拉多峰
#88AAC4	Colorado Springs	科罗拉多斯普林斯
#B49375	Colorado Trail	科罗拉多步道
#625C91	Colossus	巨像
#C6D2DE	Colour Blind	色盲
#7CB77B	Colour Me Green	把我涂成绿色
#AA5C43	Colourful Leaves	七彩树叶
#009792	Columbia	哥伦比亚
#9BDDFF	Columbia Blue	哥伦比亚蓝
#BEB861	Columbian Gold	哥伦比亚金
#F5DAE3	Columbine	耧斗菜
#D0CBCE	Columbo’s Coat	哥伦布外套
#5F758F	Columbus	哥伦布
#006F37	Column of Oak Green	橡树绿柱
#7F725C	Colusa Wetlands	科卢萨湿地
#F4F0DE	Combed Cotton	精梳棉
#5C92C5	Come Sail Away	快来扬帆远航
#636373	Comet	彗星
#C1DAED	Comet Tail	彗尾
#E3CEB8	Comfort	舒适度
#BEC3BB	Comfort Grey	舒适灰
#D7C0AB	Comforting	安慰
#CC1144	Comforting Cherry	安慰樱桃
#D5E0CF	Comforting Green	舒适的绿色
#C5C3B4	Comforting Grey	舒适的灰色
#64856B	Comfrey	紫草属
#E3D2B6	Comfy Beige	舒适米色
#F3D1C8	Comical Coral	滑稽珊瑚
#DE7485	Coming up Roses	即将到来的玫瑰
#0B597C	Commandes	指挥官
#EDECE6	Commercial White	商业白
#25476A	Commodore	准将
#C8AD7F	Common Chalcedony	普通玉髓
#CD5C5C	Common Chestnut	普通板栗
#FED85D	Common Dandelion	普通蒲公英
#858F94	Common Feldspar	普通长石
#946943	Common Jasper	普通碧玉
#009193	Common Teal	普通青色
#CC0000	Communist	共产党
#D0B997	Community	社区
#4C785C	Como	科莫
#CDCDCD	Compact Disc Grey	光盘灰色
#8A877B	Compass	指南针
#35475B	Compass Blue	指南针蓝色
#E8C89E	Compatible Cream	兼容霜
#847975	Complex Grey	复杂灰色
#9E91AE	Compliment	点赞
#BBC8B2	Composed	沉稳
#7A6E7E	Composer’s Magic	作曲家的魔法
#55CC00	Composite Artefact Green	复合人工制品绿色
#6C3877	Comtesse	伯爵夫人
#B12845	Con Brio	康布里奥
#263130	Concealed Green	隐绿
#405852	Concealment	隐藏
#D5BDA3	Concept Beige	概念米色
#7AC34F	Conceptual	概念
#9E6B75	Concerto	协奏曲
#A0B1AE	Conch	海螺
#DBA496	Conch Pink	海螺粉
#FC8F9B	Conch Shell	海螺壳
#ABB9D7	Conclave	秘密会议
#827F79	Concord	协和
#E2CEB0	Concord Buff	协和浅黄色
#855983	Concord Grape	康科德葡萄
#695A82	Concord Jam	协和果酱
#D2D1CD	Concrete	水泥
#999988	Concrete Jungle	水泥丛林
#5C606E	Concrete Landscape	水泥风景
#8D8A81	Concrete Sidewalk	混凝土人行道
#B98142	Condiment	调味品
#FFFFCC	Conditioner	护发素
#4A6169	Cone Green Blue	锥体绿蓝
#6D7E7D	Coney Island	康尼岛
#F4ECDA	Confection	甜点
#D4B4D5	Confectionary	糖果
#DDCB46	Confetti	五彩纸屑
#A98A6B	Confidence	信心
#E4DFCE	Confident White	自信白
#FFCC13	Confident Yellow	自信黄
#01C08D	Cōng Lǜ Green	丛绿
#E8C3BE	Congo	刚果
#654D49	Congo Brown	刚果棕
#776959	Congo Capture	刚果占领
#00A483	Congo Green	刚果绿
#F98379	Congo Pink	刚果粉红
#02478E	Congress Blue	国会蓝
#100438	Congressional Navy	国会海军
#B1DD52	Conifer	针叶树
#FFDD49	Conifer Blossom	针叶树开花
#885555	Conifer Cone	针叶树锥
#747767	Conifer Green	针叶树绿
#B94E41	Conker	康克
#552200	Conker Brown	康克棕
#654E44	Connaisseur	鉴赏家
#EB6651	Connect Red	连接红色
#898473	Connected Grey	连接灰色
#CCBBEE	Connecticut Lilac	康涅狄格丁香
#175A6C	Connor’s Lakefront	康纳湖畔
#F2D9B8	Cono de Vainilla	科诺·德·瓦尼利亚
#796E54	Conservation	保护
#D1D0C6	Conservative Grey	保守灰
#E4CDAC	Consommé	清汤
#57465D	Conspiracy Velvet	阴谋丝绒
#CD8E7F	Constant Coral	恒珊瑚
#BCCEDB	Constellation	星座
#3C4670	Constellation Blue	星座蓝
#EE8442	Construction Zone	建设区
#F5811A	Consumed by Fire	被火吞噬
#BB4745	Conte Crayon	蜡笔小公子
#BEC6BB	Contemplation	沉思
#70766A	Contemplative	沉思
#BDC0B3	Contented	满足
#C16F68	Contessa	伯爵夫人
#98C6CB	Continental Waters	大陆水域
#DEDEFF	Contrail	轨迹
#F2C200	Contrasting Yellow	对比黄色
#E9D6B0	Convivial Yellow	欢乐黄
#CD98A3	Cooing Doves	咕咕的鸽子
#014E83	Cook’s Bay	库克湾
#FFE2B7	Cookie	饼干
#B19778	Cookie Crumb	饼干屑
#E3B258	Cookie Crust	饼干酥
#AB7100	Cookie Dough	饼干面团
#EEE0B1	Cookies and Cream	饼干和奶油
#96B3B3	Cool	冷
#28394D	Cool Air of Debonair	温文尔雅的凉爽空气
#A9D99C	Cool Aloe	冷芦荟
#C6D86B	Cool as a Cucumber	冷黄瓜
#929291	Cool Ashes	冷灰烬
#C4B47D	Cool Avocado	冷牛油果
#18233D	Cool Balaclavas Are Forever	酷巴拉克拉法帽永远存在
#C6B5A7	Cool Beige	冷米色
#002E63	Cool Black	冷黑
#4984B8	Cool Blue	冷蓝
#6B927C	Cool Bluegrass	酷蓝草
#AE996B	Cool Camel	冷骆驼
#827566	Cool Camo	酷迷彩
#F1D3CA	Cool Cantaloupe	酷哈密瓜
#807B76	Cool Charcoal	冷炭
#BA947B	Cool Clay	冷黏土
#D9D0C1	Cool Concrete	冷水泥
#AD8458	Cool Copper	冷铜
#B0E6E3	Cool Crayon	冷蜡笔
#FBE5D9	Cool Cream	冷奶油
#B88035	Cool Cream Spirit	冷奶油烈酒
#283C44	Cool Current	冷洋流
#96AABA	Cool Customer	酷顾客
#FDFBF8	Cool December	冷十二月
#00606F	Cool Dive	冷潜水
#7B9DAD	Cool Dusk	冷黄昏
#CFCFD0	Cool Elegance	冷优雅
#E7E6ED	Cool Frost	冷霜
#ABACA8	Cool Granite	冷花岗岩
#33B864	Cool Green	冷绿
#8C93AD	Cool Grey	冷灰
#E1EEE6	Cool Icicle	酷冰柱
#BEE7E0	Cool Jazz	冷爵士
#9ACABA	Cool Juniper	冷杜松子
#E97C6B	Cool Lava	冷熔岩
#B3A6A5	Cool Lavender	冷薰衣草紫
#EBD1CD	Cool Melon	冷瓜
#C6DAD5	Cool Mint	冷薄荷
#384248	Cool Operator’s Overalls	酷炫的操作员工作服
#CAE4B2	Cool Peridot	酷橄榄石
#ACAD97	Cool Pine	冷松
#E5CCD1	Cool Pink	冷粉
#AA23FF	Cool Purple	冷紫
#CBB5C6	Cool Quiet	冷安静
#EAF0EB	Cool Reflection	冷倒影
#D9DBCA	Cool Runnings	酷跑
#B4B9AB	Cool Sea Air	冷海空气
#CFE0E4	Cool Sky	冷天空
#D0CCC5	Cool Slate	冷石板
#BBD9C3	Cool Spring	冷春
#0091B3	Cool Tide	冷潮汐
#7295C9	Cool Touch	冷触感
#D5D7D3	Cool Vapour	冷蒸汽
#9BD9E5	Cool Water Lake	冷水湖
#487678	Cool Waters	冷水域
#DAE6E2	Cool White	冷白
#EAEFCE	Cool Yellow	冷黄
#499C9D	Coolbox Ice Turquoise	冷箱冰青
#75B9AE	Cooled Blue	冷蓝色
#FADC97	Cooled Cream	冷奶油
#77BBFF	Cooler Than Ever	比以前更酷
#E6E2E4	Cooling Trend	降温趋势
#006C8D	Copacabana	科帕卡巴纳
#E5D68E	Copacabana Sand	科帕卡巴纳沙
#57748D	Copen Blue	科本蓝
#ADC8C0	Copenhagen	哥本哈根
#21638B	Copenhagen Blue	哥本哈根蓝
#D0851D	Copious Caramel	丰富的焦糖
#B87333	Copper	铜
#B1715A	Copper Beech	铜山毛榉
#E8C1AB	Copper Blush	铜绯红
#9A6051	Copper Brown	铜棕
#77422C	Copper Canyon	铜峡谷
#F4BB92	Copper Cloud	铜云
#DA8A67	Copper Coin	铜硬币
#D89166	Copper Cove	铜小湾
#A35D31	Copper Creek	铜小溪
#D57E52	Copper Harbor	铜港湾
#C48C67	Copper Hide	铜兽皮
#BF4000	Copper Hopper	铜漏斗
#C09078	Copper Lake	铜湖
#B2764C	Copper Mine	铜矿
#398174	Copper Mineral Green	铜矿物绿
#945C54	Copper Mining	铜矿开采
#C29978	Copper Moon	铜月
#AB714A	Copper Mountain	铜山
#9DB4A0	Copper Patina	铜绿
#AD6F69	Copper Penny	铜便士
#946877	Copper Pink	铜粉
#DA8F67	Copper Pipe	铜管
#936647	Copper Pot	铜壶
#3E4939	Copper Pyrite Green	铜黄铁矿绿
#CB6D51	Copper Red	铜红
#F7A270	Copper River	铜河
#6F978E	Copper Roof Green	铜屋顶绿
#996666	Copper Rose	铜玫红
#95524C	Copper Rust	铜锈
#DC8C5D	Copper Tan	铜棕褐
#C18978	Copper Trail	铜小径
#38887F	Copper Turquoise	铜青
#DB8B67	Copper Wire	铜线
#AD6342	Copper-Metal Red	铜金属红
#DA8A88	Copperfield	科波菲尔
#D68755	Copperhead	铜斑蛇
#CF8874	Copperleaf	铜叶
#D98A3F	Coppersmith	铜匠
#7F4330	Coppery Orange	铜橙
#654636	Copra	干椰肉
#FF3800	Coquelicot	虞美人
#E5DCDC	Coquette	风骚
#9D8D8E	Coquina	贝壳灰岩
#BB9A88	Coquina Shell	贝壳灰岩壳
#F4C2C2	Cor-de-Pele	肤色
#FF7F50	Coral	珊瑚
#E29D94	Coral Almond	珊瑚杏仁
#DC938D	Coral Atoll	珊瑚环礁
#DA8C87	Coral Banks	珊瑚礁
#DDB8A3	Coral Bay	珊瑚海湾
#FFBBAA	Coral Beach	珊瑚海滩
#EF9A93	Coral Bead	珊瑚珠
#FBC5BB	Coral Bells	珊瑚铃
#F7C6B1	Coral Bisque	珊瑚浓汤
#F7BEA2	Coral Blossom	珊瑚花
#E5A090	Coral Blush	珊瑚绯红
#DD5544	Coral Burst	珊瑚爆发
#F5D0C9	Coral Candy	珊瑚糖果
#C2B1A1	Coral Clay	珊瑚黏土
#DC958D	Coral Cloud	珊瑚云
#068E9E	Coral Coast	珊瑚海岸
#EE6666	Coral Commander	珊瑚指挥官
#FCCCA7	Coral Confection	珊瑚甜点
#E9ADCA	Coral Corn Snake	珊瑚玉米蛇
#FEAD8C	Coral Correlation	珊瑚相关性
#DDA69F	Coral Cove	珊瑚小湾
#EAD6CE	Coral Cream	珊瑚奶油
#FCD5C5	Coral Dune	珊瑚沙丘
#FFB48A	Coral Dusk	珊瑚黄昏
#EDAA86	Coral Dust	珊瑚尘
#D76A69	Coral Expression	珊瑚表情
#E3A9A2	Coral Fountain	珊瑚喷泉
#FFC39E	Coral Gable	科勒尔盖布尔
#CF8179	Coral Garden	珊瑚花园
#CF714A	Coral Gold	珊瑚金
#ABE2CF	Coral Green	珊瑚绿
#E28980	Coral Haze	珊瑚霾
#FFDDC7	Coral Kiss	珊瑚吻
#FCD6CB	Coral Mantle	珊瑚披风
#E4694C	Coral Orange	珊瑚橙
#E76682	Coral Paradise	珊瑚天堂
#F39081	Coral Passion	珊瑚激情
#F88379	Coral Pink	珊瑚粉
#F7685F	Coral Quartz	珊瑚石英
#C7BCA2	Coral Reef	珊瑚礁石
#F3774D	Coral Rose	珊瑚玫红
#CA884E	Coral Sand	珊瑚沙
#F9A48E	Coral Serenade	珊瑚小夜曲
#F2A37D	Coral Silk	珊瑚丝
#ABD1AF	Coral Springs	珊瑚泉
#DDC3B6	Coral Stone	珊瑚石
#FF8B87	Coral Trails	珊瑚小径
#AB6E67	Coral Tree	珊瑚树
#FEB890	Coral Wisp	珊瑚缕
#F08674	Coralette	科拉莱特
#FF917A	Coralistic	珊瑚色
#DD675A	Coralite	珊瑚石
#F0DFCD	Corallite	珊瑚石
#FEA89F	Corally	珊瑚
#9D6663	Corazon	科拉松
#111122	Corbeau	科尔博
#864C52	Cordial	亲切
#616665	Cordite	堇青石
#EBE0C8	Cordon Bleu Crust	蓝带外壳
#7C3744	Cordova Burgundy	科尔多瓦勃艮第
#893F45	Cordovan	马臀皮
#57443D	Cordovan Leather	科尔多瓦皮革
#404D49	Corduroy	灯芯绒
#594035	Cordwood	考德伍德
#008E8D	Corfu Shallows	科孚浅滩
#8993C3	Corfu Sky	科孚岛天空
#008AAD	Corfu Waters	科孚岛水域
#BBB58D	Coriander	芫荽
#7E7463	Coriander Ochre	芫荽赭
#BA9C75	Coriander Powder	芫荽粉
#BDAA6F	Coriander Seed	芫荽种子
#DEDECF	Corinthian Column	科林斯柱
#E1D1B1	Corinthian Pillar	科林斯柱
#FFA6D9	Corinthian Pink	科林斯粉色
#5A4C42	Cork	软木
#7E6B43	Cork Bark	软木树皮
#CC8855	Cork Brown	软木棕
#C1A98A	Cork Wedge	软木楔子
#CC7744	Cork Wood	软木
#9D805D	Corkboard	软木板
#D1B9AB	Corkscrew Willow	螺旋柳
#BD9B78	Corky	科基
#437064	Cormorant	鸬鹚
#FBEC5D	Corn	玉米
#EEC657	Corn Bread	玉米面包
#E1C595	Corn Chowder	玉米浓汤
#F8F3C4	Corn Field	玉米原野
#8D702A	Corn Harvest	玉米丰收
#F2D6AE	Corn Husk	玉米壳
#CECD95	Corn Husk Green	玉米壳绿
#FFCBA4	Corn Kernel	玉米粒
#DEAA6E	Corn Maze	玉米迷宫
#EE4411	Corn Poppy Cherry	玉米罂粟樱桃
#AB6134	Corn Snake	玉米蛇
#B31B11	Cornell Red	康奈尔红
#BC8F5F	Corner Café	街角咖啡馆
#E3D7BB	Cornerstone	基石
#F0E68C	Cornflake	玉米片
#5170D7	Cornflower	矢车菊蓝
#6C91C5	Cornflower Blue	矢车菊蓝
#FFB0AC	Cornflower Lilac	矢车菊蓝丁香紫
#FFD691	Cornmeal	玉米粉
#EBD5C5	Cornmeal Beige	玉米粉米色
#FFF8DC	Cornsilk	玉米丝
#F4C96C	Cornsilk Yellow	玉米须黄
#A7B25F	Cornstalk	玉米杆
#ED9B44	Cornucopia	丰饶角
#908C53	Cornus Green	山茱萸绿
#4885AA	Cornwall	康沃尔郡
#949488	Cornwall Slate	康沃尔石板
#FFB437	Corona	日冕
#D5A68D	Coronado Dunes	科罗纳多沙丘
#9BA591	Coronado Moss	科罗纳多苔藓
#EDECEC	Coronation	加冕
#59529C	Coronation Blue	加冕蓝
#59728E	Coronet Blue	皇冠蓝
#78A486	Corporate Green	企业绿色
#61513D	Corral	畜栏
#937360	Corral Brown	科拉尔棕
#F18A76	Corralize	畜栏化
#4DA48B	Corrosion Green	腐蚀绿
#772F21	Corrosion Red	腐蚀红
#54D905	Corrosive Green	腐蚀绿
#18576C	Corsair	海盗船
#85AC9D	Corsican	科西嘉岛
#646093	Corsican Blue	科西嘉蓝
#7A85AF	Corsican Purple	科西嘉紫
#A99592	Cortex	皮质
#A4896A	Cortez Chocolate	科尔特斯巧克力
#4A6267	Corundum Blue	刚玉蓝
#95687D	Corundum Red	刚玉红
#E9BA81	Corvette	克尔维特
#A2C7D7	Corydalis Blue	紫堇蓝
#A4C48E	Cos	生菜绿
#D3BED5	Cosmetic Mauve	化妆品淡紫
#F3C1AB	Cosmetic Peach	化妆品桃子
#A56078	Cosmetic Red	化妆品红
#DD669D	Cosmetologist’s Pink	美容师的粉红
#B8B9CB	Cosmic	宇宙
#CFB3A6	Cosmic Aura	宇宙光环
#8B4F90	Cosmic Berry	宇宙浆果
#001000	Cosmic Bit Flip	宇宙比特翻转
#93C3CB	Cosmic Blue	宇宙蓝
#2E2D88	Cosmic Cobalt	宇宙钴蓝
#E77E6C	Cosmic Coral	宇宙珊瑚
#DCE2E5	Cosmic Dust	宇宙尘
#9392AB	Cosmic Energy	宇宙能量
#551155	Cosmic Explorer	宇宙探索者
#30A877	Cosmic Green	宇宙绿
#9601F4	Cosmic Heart	宇宙心
#FFF8E7	Cosmic Latte	宇宙拿铁
#E6A8D7	Cosmic Pink	宇宙粉
#9EA19F	Cosmic Quest	宇宙探索
#CADADA	Cosmic Ray	宇宙射线
#DA244B	Cosmic Red	宇宙红
#AAAAC4	Cosmic Sky	宇宙天空
#090533	Cosmic Void	宇宙虚空
#A09BC6	Cosmo Purple	宇宙紫
#528BAB	Cosmopolitan	大都会
#FCD5CF	Cosmos	宇宙
#003249	Cosmos Blue	宇宙蓝
#4D8AA1	Cossack Dancer	哥萨克舞者
#328E13	Cossack Green	哥萨克绿
#625D2A	Costa Del Sol	太阳海岸
#77BCE2	Costa Rica Blue	哥斯达黎加蓝
#C44041	Costa Rican Palm	哥斯达黎加棕榈
#6477A0	Costume Blue	服装蓝色
#C3A598	Cosy Blanket	舒适的毯子
#AA8F7D	Cosy Cocoa	舒适可可
#F2DDD8	Cosy Cottage	舒适小屋
#E4C38F	Cosy Cover	舒适封面
#F0CCAD	Cosy Coverlet	舒适的被单
#E0DBC7	Cosy Cream	舒适奶油
#FBA765	Cosy Nook	舒适的角落
#EB9F9F	Cosy Summer Sunset	舒适夏日落
#E8E1D0	Cosy White	舒适白
#D1B99B	Cosy Wool	舒适羊毛
#017C85	Cote D’Azur	蔚蓝海岸
#340059	Cotinga Purple	科廷加紫
#DBCDAD	Cotswold Dill	科茨沃尔德莳萝
#789EC5	Cottage Blue	小屋蓝
#357697	Cottage by the Sea	海边小屋
#AFBEB0	Cottage Charm	小屋魅力
#EDDBBD	Cottage Cream	小屋奶油
#DCECDC	Cottage Green	小屋绿
#ACB397	Cottage Hill	小屋丘陵
#828676	Cottage Lattice Green	小屋格子绿
#D9A89A	Cottage Rose	小屋玫红
#A85846	Cottage Spice	小屋辛香
#A08E77	Cottage Walk	小屋漫步
#F7EFDD	Cottage White	小屋白
#FFDAD9	Cottagecore Sunset	小屋日落
#EDDBD7	Cottingley Fairies	科廷利仙子
#EEEBE1	Cotton	棉
#DCC6BA	Cotton & Flax	棉亚麻
#F2F7FD	Cotton Ball	棉球
#F5F1E4	Cotton Blossom	棉花
#E7EFFB	Cotton Boll	棉铃
#FFBCD9	Cotton Candy	棉糖果
#F5BCDE	Cotton Candy Aesthetic	棉花糖美学
#FFC3CB	Cotton Candy Comet	棉花糖彗星
#DD22FF	Cotton Candy Explosions	棉花糖爆炸
#DEC74B	Cotton Candy Grape	棉糖果葡萄
#7596B8	Cotton Cardigan	棉质开衫
#FAF4D4	Cotton Cloth	棉布
#C2E1EC	Cotton Clouds	棉云
#F3E4D3	Cotton Club	棉俱乐部
#91ABBE	Cotton Denim	棉牛仔蓝
#F0EAD8	Cotton Down	棉
#DAD0BD	Cotton Fibre	棉纤维
#F2F0E8	Cotton Field	棉原野
#9090A2	Cotton Flannel	棉法兰绒
#F8F0C7	Cotton Floss	棉线
#F9F4E5	Cotton Fluff	棉绒毛
#D1CCC3	Cotton Grey	棉灰
#066976	Cotton Indigo	棉靛蓝
#E5DFD2	Cotton Knit	棉针织
#EED09C	Cotton Muslin	棉薄纱
#FFFFE7	Cotton Puff	棉泡芙
#F1EBDB	Cotton Ridge	棉山岭
#F7EBDD	Cotton Sheets	棉床单
#FFF8D7	Cotton Tail	棉尾
#E5E1D5	Cotton Tuft	棉簇绒
#FAF1DF	Cotton Whisper	棉低语
#E4E3D8	Cotton White	棉白
#83ABD2	Cotton Wool Blue	棉羊毛蓝
#F5E6C7	Cottonseed	棉籽
#4E2A20	Couch	沙发
#C2B4A7	Couch Potato	沙发土豆
#9A7F78	Cougar	美洲狮
#5E2D10	Count Chocula	乔库拉伯爵
#772277	Count’s Wardrobe	伯爵的衣柜
#9FB6C6	Country Air	乡村空气
#EAE1CB	Country Beige	乡村米色
#717F9B	Country Blue	乡村蓝
#E0D9D5	Country Breeze	乡村微风
#C7C0A7	Country Charm	乡村魅力
#948675	Country Club	乡村俱乐部
#B8A584	Country Cork	乡村软木
#D9C1B7	Country Cottage	乡村小屋
#F1E9D2	Country Dairy	乡村乳业
#B0967C	Country Dweller	乡村居民
#414634	Country House Green	乡村屋绿
#5D7A85	Country Lake	乡村湖
#FCEAD1	Country Lane	乡村巷
#894340	Country Lane Red	乡村巷红
#D7C2A6	Country Linen	乡村亚麻
#1A5A4E	Country Meadow	乡村草地
#DFEBE2	Country Mist	乡村薄雾
#D0BCA2	Country Rubble	乡村瓦砾
#49545A	Country Sky	乡村天空
#7E4337	Country Sleigh	乡村雪橇
#124A42	Country Squire	乡村乡绅
#FFFBD7	Country Summer	乡村夏
#837B68	Country Tweed	乡村粗花呢
#88C096	Country Weekend	乡村周末
#A4A404	Countryside	乡村
#1B4B35	County Green	绿郡
#DAA135	Courgette Yellow	西葫芦黄
#B9B7A0	Court Green	球场绿
#926D9D	Court Jester	宫廷小丑
#CECB97	Court-Bouillon	法式高汤
#D2D3DE	Courteous	有礼貌
#BBAFC1	Courtly Purple	宫廷紫
#C8BDA4	Courtyard	庭院
#718084	Courtyard Blue	庭院蓝
#978D71	Courtyard Green	庭院绿
#E3D3BA	Courtyard Tan	谭庭院
#FFE29B	Couscous	库斯库斯
#55A9D6	Cousteau	库斯托
#86B097	Covent Garden	考文特花园
#8BA9BC	Coventry Blue	考文垂蓝
#494E4F	Cover of Night	之夜封面
#6A3C3B	Covered Bridge	廊桥
#B9BABA	Covered in Platinum	白金覆盖
#726449	Covered Wagon	篷车
#80765F	Covert Green	隐绿
#D4CDD2	Coverts Wood Pigeon	斑尾林鸽
#9BBDB2	Coveted Blue	令人垂涎的蓝色
#B6B3BF	Coveted Gem	令人垂涎的宝石
#F1EDE5	Cow’s Milk	牛奶
#FBF1C0	Cowardly Custard	胆小蛋奶
#FFE481	Cowbell	考贝尔
#443736	Cowboy	牛仔
#695239	Cowboy Boots	牛仔靴
#B27D50	Cowboy Hat	牛仔帽
#7A7F82	Cowboy Spur	牛仔马刺
#763E2D	Cowboy Suede	牛仔麂皮
#8D6B4B	Cowboy Trails	牛仔小径
#6A87AB	Cowgirl Blue	女牛仔蓝
#9E7C60	Cowgirl Boots	女牛仔靴
#92484A	Cowhide	牛皮
#661100	Cowpeas	豇豆
#FFF4F3	Coy	腼腆
#F9DAD8	Coy Pink	腼腆的粉红色
#DC9B68	Coyote	土狼
#81613C	Coyote Brown	土狼棕色
#B08F7F	Coyote Tracks	郊狼足迹
#AE9671	Coyote Wild	土狼野生
#0AAFA4	Cozumel	科苏梅尔
#F0B599	Crab Bisque	蟹浓汤
#D94B28	Crab Curry	蟹咖喱
#004455	Crab Nebula	蟹状星云
#87382F	Crabapple	海棠
#753531	Crabby Apple	酸苹果
#B0A470	Crack Willow	裂柳
#C5B1A0	Cracked Earth	破裂的地球
#4F5152	Cracked Pepper	碎辣椒
#69656A	Cracked Slate	碎石板
#F4DFBD	Cracked Wheat	碎麦
#D1B088	Cracker Bitz	饼干比茨
#D3B9B0	Cracker Crumbs	饼干屑
#F2E7D1	Crackled	裂纹
#A27C4F	Crackled Leather	裂纹皮革
#B3C5CC	Crackling Lake	裂纹湖
#F1D3D9	Cradle Pillow	摇篮枕
#EAC9D5	Cradle Pink	摇篮粉色
#293B4A	Craft	工艺
#B7A083	Craft Brown	工艺棕色
#E3C8AA	Craft Juggler	工艺杂耍者
#8A6645	Craft Paper	牛皮纸
#008193	Craftsman Blue	工匠蓝
#AE9278	Craftsman Brown	工匠棕
#D3B78B	Craftsman Gold	工匠金
#A65648	Crail	克雷尔
#2B8288	Cranach Blue	克拉纳赫蓝
#DB8079	Cranapple	蔓苹果
#E6C4C5	Cranapple Cream	海棠奶油
#9E003A	Cranberry	蔓越莓
#7494B1	Cranberry Blue	蔓越莓蓝
#AB7A71	Cranberry Foule	蔓越莓福勒
#A34F55	Cranberry Jam	蔓越莓果酱
#C27277	Cranberry Pie	蔓越莓派
#7E5350	Cranberry Red	蔓越莓红
#A53756	Cranberry Sauce	蔓越莓酱
#DA5265	Cranberry Splash	蔓越莓飞溅
#893E40	Cranberry Tart	蔓越莓塔
#8E4541	Cranberry Whip	蔓越莓搅
#A65570	Cranbrook	克兰布鲁克
#954C52	Crantini	克兰蒂尼
#EEEE66	Crash Dummy	碰撞假人
#CC88FF	Crash Pink	崩溃粉红
#3E6F87	Crashing Waves	惊涛骇浪
#75674F	Crater	火山口
#4D3E3C	Crater Brown	火山口棕
#C8CED6	Crater Crawler	火山口爬行者
#63797E	Crater Lake	火山口湖
#EEEDD9	Cravat	领带
#016496	Craving Cobalt	渴望钴
#BC763C	Cray	克雷
#1DAC78	Crayola Green	绘儿乐绿
#FE7438	Crayola Orange	绘儿乐橙子
#E5CB3F	Crazy	疯了
#CC1177	Crazy Ex	疯狂的前任
#5EB68D	Crazy Eyes	疯狂的眼睛
#A57648	Crazy Horse	疯马
#F970AC	Crazy Pink	疯狂粉红
#FFFFC2	Cream	奶油
#FEEEA5	Cream and Butter	奶油黄油
#DDCFB9	Cream and Sugar	奶油糖
#F8C49A	Cream Blush	奶油绯红
#E3D0AD	Cream Cake	奶油蛋糕
#EEC051	Cream Can	奶油罐
#D7D3A6	Cream Cheese Avocado	奶油奶酪牛油果
#F4EFE2	Cream Cheese Frosting	奶油奶酪糖霜
#F1F3DA	Cream Clear	奶油清澈
#F2D7B0	Cream Custard	奶油蛋奶
#EAE3D0	Cream Delight	奶油喜悦
#F5F1DA	Cream Filling	奶油馅
#DCC356	Cream Gold	奶油金
#DFD2BE	Cream in My Coffee	奶油咖啡
#EBD1BE	Cream of Mushroom	奶油蘑菇
#F6E4D9	Cream Pink	奶油粉
#FFBB99	Cream Puff	奶油泡芙
#EEE3C6	Cream Silk	奶油丝
#ECCBA0	Cream Snap	奶油快照
#E4C7B8	Cream Tan	奶油棕褐
#A9AABD	Cream Violet	奶油紫罗兰
#F2E0C5	Cream Washed	奶油水洗
#E8DBC5	Cream Wave	奶油波浪
#F2EEE2	Cream White	奶油白
#70804D	Creamed Avocado	奶油牛油果
#FFFCD3	Creamed Butter	奶油黄油
#B79C94	Creamed Caramel	奶油焦糖
#8B6962	Creamed Muscat	奶油麝香葡萄
#BD6883	Creamed Raspberry	奶油覆盆子
#EDD2B7	Creamery	乳品厂
#EFE8DB	Creamy	奶白
#FFE8BD	Creamy Apricot	奶白杏
#D8F19C	Creamy Avocado	奶白牛油果
#FFDAE8	Creamy Axolotl	奶油蝾螈
#FDE1C5	Creamy Beige	奶白米色
#DEBCCD	Creamy Berry	奶白浆果
#F9EEDC	Creamy Cameo	奶白浮雕
#DBCCB5	Creamy Cappuccino	奶白卡布奇诺
#B3956C	Creamy Caramel	奶白焦糖
#E1CFAF	Creamy Chenille	奶油雪尼尔
#FFF5E0	Creamy Cloud Dreams	奶白云梦
#DD7788	Creamy Coral	奶白珊瑚
#FFF2C2	Creamy Corn	奶白玉米
#F9E7BF	Creamy Custard	奶白蛋奶
#EBD0DB	Creamy Freesia	奶白小苍兰
#ECEFE3	Creamy Garlic	奶白大蒜
#F0E2C5	Creamy Gelato	奶白意式冰淇淋
#EEDDAA	Creamy Ivory	奶白象牙
#FFF0B2	Creamy Lemon	奶白柠檬
#DCCAD8	Creamy Mauve	奶白淡紫
#AAFFAA	Creamy Mint	奶白薄荷
#988374	Creamy Mocha	奶白摩卡
#CABDAE	Creamy Mushroom	奶白蘑菇
#D4B88F	Creamy Nougat	奶白牛轧糖
#FFE0AF	Creamy Oat	奶油燕麦
#FCE9D1	Creamy Orange	奶白橙
#FE9C7B	Creamy Orange Blush	奶白橙绯红
#F4A384	Creamy Peach	奶白桃
#B2BFA6	Creamy Spinach	奶白菠菜
#CAC990	Creamy Spinaci	奶油菠菜
#FCD2DF	Creamy Strawberry	奶白草莓
#FFFBB0	Creamy Sunshine Pastel	奶白阳光粉彩
#F7C34C	Creamy Sweet Corn	奶白甜美玉米
#F2E5BF	Creamy Vanilla	奶白香草
#F0E9D6	Creamy White	奶白
#7A6D44	Crease	折痕
#C9CABF	Create	创建
#DCBA42	Credo	信条
#C1A44A	Creed	信条
#AB9D89	Creek Bay	小溪海湾
#928C87	Creek Bend	溪湾
#DBD7D9	Creek Pebble	小溪卵石
#B48AC2	Creeping Bellflower	匍匐的风铃草
#041723	Creeping Death	蠕动的死亡
#C16104	Crema	克雷玛
#FFFFB6	Crème	奶油
#F8EDE2	Creme Angels	奶油天使
#FFE39B	Crème Br?lée	焦糖布丁
#D4B38F	Crème de Caramel	奶油焦糖
#F3E7B4	Crème de la Crème	奶油奶油
#F1FDE9	Crème de Menthe	薄荷奶油
#FDF5E0	Crème de Pêche	奶油酱
#ECEEE6	Crème Fra?che	鲜奶油
#FDD77A	Crème Patissière	奶油糕点
#F1F0E0	Crème Vanille	奶油香草
#CFA33B	Cremini	克雷米尼
#F0E2C4	Cremini Mushroom	奶油蘑菇
#393227	Creole	克里奥尔语
#E7B89A	Creole Cottage	克里奥尔小屋
#C69B4E	Creole Mustard	克里奥尔芥末
#F5D6CC	Creole Pink	克里奥尔粉红
#EE8833	Creole Sauce	克里奥尔酱
#D4BC94	Crepe	可丽饼
#E399CA	Crepe Myrtle	紫薇
#DBD7C4	Crêpe Papier	绉纸
#F0EEE3	Crepe Silk White	可丽饼丝白
#CABEAE	Crepey Chest	绉纱箱
#E7DCCE	Crepuscular	黄昏
#E3DF84	Crescendo	渐强
#EDD1B1	Crescent Cream	新月霜
#F1E9CF	Crescent Moon	新月
#BCA949	Cress Green	水芹绿
#BCB58A	Cress Vinaigrette	水芹油醋汁
#8AAE7C	Cressida	克雷西达
#77A7A9	Cresting Waves	波峰
#B4BCBF	Crestline	克雷斯特莱恩
#598784	Cretan Green	克里特岛绿
#96908B	Crete Shore	克里特岛海岸
#CBB99B	Crewel Tan	克鲁尔·谭
#E4D5BC	Cria Wool	克里亚羊毛
#A6A081	Cricket	蟋蟀
#C7C10C	Cricket Chirping	蟋蟀鸣叫
#C3D29C	Cricket Field	蟋蟀原野
#6A7B6B	Cricket Green	蟋蟀绿
#908A78	Cricket’s Cross	板球十字
#E2CDB1	Crimini Mushroom	克里米尼蘑菇
#8C000F	Crimson	深红
#AD3D1E	Crimson Blaze	深红烈焰
#B44933	Crimson Boy	深红男孩
#C32F40	Crimson Cloud	深红云
#982531	Crimson Garland	深红花环
#BE0032	Crimson Glory	深红荣光
#C13939	Crimson Glow	深红辉光
#980001	Crimson Red	深红
#9A2B43	Crimson Shadows	深红影
#B5413B	Crimson Silk	深红丝
#9F2D47	Crimson Strawberry	深红草莓
#C01B0C	Crimson Sunset	深红日落
#B53111	Crimson Sword	红剑
#B52604	Crimson Velvet Sunset	深红绒日落
#B35138	Crimson Warrior	深红战士
#BB2222	Crisis Red	危机红
#F4EBD0	Crisp Candlelight	清冽烛光
#5D6E3B	Crisp Capsicum	脆辣椒
#CDCCA6	Crisp Celery	清冽芹菜
#A6080E	Crisp Christmas Cranberries	脆圣诞蔓越莓
#B1C8D2	Crisp Collar	脆领
#F4F0E7	Crisp Cotton	清冽棉
#22FFFF	Crisp Cyan	清冽青
#729EB9	Crisp French Blue	清冽法国蓝
#ABC43A	Crisp Green	清冽绿
#4F9785	Crisp Lettuce	清冽生菜
#E7E1D3	Crisp Linen	清冽亚麻
#E9E2D7	Crisp Muslin	清冽薄纱
#F3DCC6	Crisp Wonton	清冽馄饨
#E7DFC1	Crispa	克里斯帕
#E2BD67	Crisps	薯片
#DDAA44	Crispy Chicken Skin	脆皮鸡皮
#7A8F68	Crispy Crunch	脆脆脆脆的
#EBE0CF	Crispy Crust	脆皮
#BB7838	Crispy Gingersnap	脆姜饼
#C49832	Crispy Gold	脆金
#FFBB66	Crispy Samosa	脆皮萨摩萨
#B1A685	Crocker Grove	克罗克格罗夫
#A49887	Crockery	陶器
#706950	Crocodile	鳄鱼
#CADABD	Crocodile Dreams	鳄鱼梦
#777722	Crocodile Eye	鳄鱼眼
#B7AC87	Crocodile Green	鳄鱼绿
#898E58	Crocodile Smile	鳄鱼微笑
#767437	Crocodile Style	鳄鱼风格
#D6D69B	Crocodile Tears	鳄鱼泪
#D1CCC2	Crocodile Tooth	鳄鱼牙
#C071A8	Crocus	番红花
#B99BC5	Crocus Petal	番红花花瓣
#FDF1C7	Crocus Tint	番红花调
#C4AB86	Croissant	牛角包
#F8EFD8	Croissant Crumbs	牛角面包屑
#D69F60	Cronut	甜甜圈
#797869	Crooked River	弯曲的河
#E9BF63	Crop Circle	麦田怪圈
#5C7B97	Cropper Blue	作物蓝
#AC9877	Croque Monsieur	法式三明治先生
#4971AD	Croquet Blue	槌球蓝
#A5A080	Cross Country	越野
#AD2A2D	Cross My Heart	穿过我的心
#60543F	Crossbow	十字弓
#DDB596	Crossed Fingers	交叉手指
#EDD2A3	Crossroads	十字路口
#180614	Crow	乌鸦
#263145	Crow Black	乌鸦黑
#112F4B	Crow Black Blue	乌鸦黑蓝
#102329	Crow Feather	乌鸦羽毛
#220055	Crowberry	红莓
#003447	Crowberry Blue	红莓蓝
#5B4459	Crowd Pleaser	取悦大众
#484E68	Crown Blue	王冠蓝
#701DCE	Crown Chakra	顶轮
#B48C60	Crown Gold	王冠金
#946DAD	Crown Jewels	皇冠上的宝石
#A1A9A9	Crown of Ash	王冠灰
#D8B411	Crown of Liechtenstein	列支敦士登皇冠
#763C33	Crown of Thorns	荆棘王冠
#FFF0C1	Crown Point Cream	王冠点奶油
#D4B597	Crowned One	加冕一号
#5A4F6C	Crowning	加冕
#1C1208	Crowshead	鸦头
#555B59	Crucible	坩埚
#CC0044	Crucified Red	十字红
#21C40E	Crude Banana	生香蕉
#EE2288	Cruel Jewel	残酷宝石
#DD3344	Cruel Ruby	残酷的红宝石
#213638	Cruel Sea	残酷的大海
#B4E2D5	Cruise	巡航
#018498	Cruising	巡航
#EFCEA0	Crumble Topping	碎顶
#A38565	Crumbling Cork	破碎的软木塞
#CABFB4	Crumbling Statue	摇摇欲坠的雕像
#EE66BB	Crumbly Lipstick	易碎口红
#F2B95F	Crunch	嘎吱
#997A5A	Crunch Granola	紧缩格兰诺拉麦片
#EA5013	Crunchy Carrot	脆脆的胡萝卜
#DBC364	Crusade King	十字军之王
#D4CAC5	Crushed Almond	碎杏仁
#D15B9B	Crushed Berries	碎莓
#83515B	Crushed Berry	碎浆果
#FFEDD5	Crushed Cashew	碎腰果
#B7735E	Crushed Cinnamon	碎肉桂
#AE7F71	Crushed Clay	碎黏土
#835A88	Crushed Grape	碎葡萄
#F5A497	Crushed Grapefruit	碎西柚
#C4FFF7	Crushed Ice	碎冰
#D6DDD3	Crushed Limestone	碎石灰岩
#D6B694	Crushed Nutmeg	碎肉豆蔻
#E37730	Crushed Orange	碎橙
#635D46	Crushed Oregano	碎牛至
#E0CFC8	Crushed Out	碎
#E4DDD8	Crushed Peony	碎牡丹
#EFCC44	Crushed Pineapple	碎菠萝
#B06880	Crushed Raspberry	碎覆盆子
#D8CFBE	Crushed Silk	碎丝
#BCAA9F	Crushed Stone	碎石
#445397	Crushed Velvet	碎绒
#673C4C	Crushed Violets	碎紫罗兰
#165B31	Crusoe	克鲁索
#898076	Crust	外壳
#F38653	Crusta	甲壳
#C04E01	Crustose Lichen	结壳地衣
#C3D4E7	Cry Baby Blue	哭宝贝蓝
#427898	Cry Me a River	为我哭泣一条河
#B23C5D	Cry of a Rose	玫瑰的哭泣
#DDECE0	Cryo Freeze	冷冻冷冻
#373B40	Crypt	地穴
#6D434E	Cryptic Light	隐秘之光
#FFE314	Crypto Gold	加密黄金
#A7D8DE	Crystal	水晶
#CEE9A0	Crystal Apple	水晶苹果
#A1D4D1	Crystal Aqua	水晶水色
#365955	Crystal Ball	水晶球
#DBE2E7	Crystal Bay	水晶海湾
#EFEEEF	Crystal Bell	水晶铃
#68A0B0	Crystal Blue	水晶蓝
#E4E6DC	Crystal Brooke	水晶布鲁克
#F4E9EA	Crystal Clear	水晶清澈
#FCCDC1	Crystal Coral	水晶珊瑚
#F8F4ED	Crystal Cut	水晶切面
#6D2C32	Crystal Dark Red	水晶深红
#E1E6F2	Crystal Falls	水晶瀑布
#79D0A7	Crystal Gem	水晶宝石
#DDFFEE	Crystal Glass	水晶玻璃
#A4D579	Crystal Green	水晶绿
#CFC1B8	Crystal Grey	水晶灰
#E7E2D6	Crystal Haze	水晶霾
#88B5C4	Crystal Lake	水晶湖
#A9A3A4	Crystal Noir	水晶暗色
#AFC7BF	Crystal Oasis	水晶绿洲
#D3CFAB	Crystal Palace	水晶宫殿
#E8C3BF	Crystal Pink	水晶粉
#B2E4D0	Crystal Rapids	水晶急流
#B1E2EE	Crystal River	水晶河
#FDC3C6	Crystal Rose	水晶玫红
#D9E5DD	Crystal Salt White	水晶盐白
#5DAFCE	Crystal Seas	水晶海
#006E81	Crystal Teal	水晶青
#B4CEDF	Crystal Waters	水晶水域
#E4D99F	Crystal Yellow	水晶黄
#E9E3DE	Crystalline	结晶
#D9E6E2	Crystalline Falls	水晶瀑布
#DEBBBF	Crystalline Pink	水晶粉色
#ECDFDF	Crystallise	结晶
#4FB3B3	Crystalsong Blue	水晶之歌蓝色
#6E5C4B	Cub	幼崽
#4E6341	Cub Scout	童子军
#623D3D	Cuba Brown	古巴棕
#73383C	Cuba Libre	自由古巴
#927247	Cuban Cigar	古巴雪茄
#C76D6B	Cuban Plaza	古巴广场
#9B555D	Cuban Rhythm	古巴节奏
#BC9B83	Cuban Sand	古巴沙
#B2B6BE	Cube Farm	方块农场
#006400	Cucumber	黄瓜
#BBDD11	Cucumber Bomber	黄瓜轰炸机
#E4EBB1	Cucumber Cream	黄瓜奶油
#A2AC86	Cucumber Crush	黄瓜碎
#466353	Cucumber Green	黄瓜绿
#CDD79D	Cucumber Ice	黄瓜冰
#C2F177	Cucumber Milk	黄瓜奶
#3C773C	Cucumber Queen	黄瓜女王
#9BA373	Cucuzza Verde	库库扎维德
#BCCAE8	Cuddle	拥抱
#C1E0BE	Cuddle Bug	抱抱虫
#EFEFE6	Cuddle Down	拥抱
#AD8068	Cuddlepot	奶锅
#FFFCE4	Cuddly Yarn	可爱毛线
#7BB6C1	Culinary Blue	烹饪蓝
#E69B3A	Culpeo	库尔佩奥
#331233	Cultist Robe	邪教长袍
#F6F4F5	Cultured	有文化
#E5DCD6	Cultured Pearl	养殖珍珠
#E5867B	Cultured Rose	培养玫瑰
#DADBDF	Cumberland Fog	坎伯兰雾
#68655D	Cumberland Grey	坎伯兰格雷
#E5DFDC	Cumberland Sausage	坎伯兰香肠
#A58459	Cumin	孜然
#A06600	Cumin Ochre	孜然赭
#695A45	Cummings Oak	卡明斯橡树
#F19B7D	Cumquat Cream	金橘奶油
#F3F3E6	Cumulus	积云
#B0C6DF	Cumulus Cloud	积云
#FEDD7D	Cup Noodles	杯面
#BAA087	Cup of Cocoa	杯可可
#CAAE7B	Cup of Tea	杯茶
#8A6E53	Cupcake	纸杯蛋糕
#E6C7B7	Cupcake Rose	纸杯蛋糕玫红
#F5B2C5	Cupid	丘比特
#EE6B8B	Cupid’s Arrow	丘比特之箭
#FF22DD	Cupid’s Eye	丘比特之眼
#EEDCDF	Cupid’s Revenge	丘比特的复仇
#406040	Cupidity	贪婪
#DCBC8E	Cupola Yellow	冲天炉黄色
#B09F8F	Cuppa Coffee	一杯茶咖啡
#B89871	Cuppa Tea	一杯茶茶
#008894	Cura?ao Blue	库拉索蓝
#A6A6B6	Curated Lilac	策划丁香
#EAE1CE	Curated White	精选白
#F8E1BA	Curd	凝乳
#BCA483	Curds and Whey	凝乳和乳清
#AA6988	Cure All	治愈一切
#380835	Cured Eggplant	腌茄子
#D3D8D2	Curio	古玩
#988977	Curio Brown	古里奥棕
#D9E49E	Curious	好奇
#3D85B8	Curious Blue	好奇蓝
#DABFA4	Curious Chipmunk	好奇的花栗鼠
#D2BB98	Curious Collection	好奇收藏
#766859	Curlew	鹬
#9C9D76	Curly Grass	卷草
#D8C8BE	Curly Maple	卷曲枫木
#B1A387	Curly Willow	卷毛柳
#884A50	Currant Jam	醋栗果酱
#553E51	Currant Violet	醋栗紫
#D6A332	Curry	咖喱
#845038	Curry Brown	咖喱棕
#F5B700	Curry Bubbles	咖喱泡泡
#CC6600	Curry Powder	咖喱粉
#BE9E6F	Curry Sauce	咖喱酱
#DDAA33	Currywurst	咖喱香肠
#131313	Cursed Black	被诅咒的黑
#666666	Cursed Grey	诅咒灰
#70666A	Curtain Call	谢幕
#FFD6B8	Curtsy	行屈膝礼
#C1C8AF	Cushion Bush	坐垫布什
#FFFD78	Custard	蛋奶
#FBEFD0	Custard Cream	蛋奶奶油
#F8DCAA	Custard Powder	蛋奶粉
#FCEEAE	Custard Puff	蛋奶松
#003839	Customs Green	海关绿
#9E909E	Cut Heather	切石楠
#A01C2D	Cut Ruby	切红宝石
#BA7F38	Cut the Mustard	鲜切芥末
#B391C8	Cut Velvet	切绒
#DD4444	Cute Crab	可爱的螃蟹
#F4E2E1	Cute Little Pink	可爱的小粉红
#8D8D40	Cute Pixie	可爱的小精灵
#E3A49A	Cuticle Pink	角质层粉红色
#F4DDA5	Cutlery Polish	餐具抛光剂
#7FBBC2	Cuttlefish	墨鱼
#5C8173	Cutty Sark	卡蒂萨克号
#00FFFF	Cyan	青
#4E82B4	Cyan Azure	青蔚蓝
#14A3C7	Cyan Blue	青蓝
#28589C	Cyan Cobalt Blue	青钴蓝
#188BC2	Cyan Cornflower Blue	青矢车菊蓝
#00B5B8	Cyan Sky	青天空
#779080	Cyanara	西亚娜拉
#00B7EB	Cyanite	蓝晶石
#001F33	Cyanophobia	蓝视恐惧症
#77C9C2	Cyantific	青色
#58427C	Cyber Grape	网络葡萄
#E6E6FA	Cyber Lavender	网络薰衣草
#00FF26	Cyber Neon Green	网络霓虹绿
#FFD400	Cyber Yellow	网络黄
#FF2077	Cyberpink	赛博粉红
#44484D	Cyberspace	网络空间
#D687BA	Cyclamen	仙客来
#A7598D	Cyclamen Red	仙客来红
#F3E4A7	Cymophane Yellow	猫眼黄
#171717	Cynical Black	愤世嫉俗的黑色
#585D40	Cypress	柏
#6F3028	Cypress Bark Red	柏树皮红
#667C71	Cypress Garden	柏花园
#9E8F57	Cypress Green	柏绿
#6A7786	Cypress Grey Blue	柏灰蓝
#5E6552	Cypress Vine	柏藤
#0F4645	Cyprus	塞浦路斯
#699A88	Cyprus Green	塞浦路斯绿
#ACB7B0	Cyprus Spring	塞浦路斯之春
#CFC5A7	Cyrus Grass	赛勒斯草
#775859	Czarina	沙丽娜
#DEC9A9	Czech Bakery	捷克面包店
#030764	D. Darx Blue	D.达克斯蓝
#516172	Da Blues	蓝调
#AA6179	Daah-Ling	亲爱的
#7E553E	Dachshund	腊肠犬
#2F484E	Dad’s Coupe	爸爸的轿跑车
#D3C1A0	Dad’s Slippers	爸爸的拖鞋
#B0AF8A	Daddy-O	老爹O
#696684	Daemonette Hide	守护进程隐藏
#FFFF31	Daffodil	水仙
#FFE285	Daffodil Yellow	水仙黄
#E8E1D5	Dagger Moth	匕首蛾
#8B4189	Dahlia	大丽花
#F8BBD3	Dahlia Delight	大丽花喜悦
#765067	Dahlia Matte Red	大丽花哑光红
#B05988	Dahlia Mauve	大丽花淡紫
#8774B0	Dahlia Purple	大丽花紫
#D4D4C4	Daikon White	白萝卜
#012731	Daintree	丹特里
#FDC592	Dainty Apricot	精致杏子
#F5DD9D	Dainty Daisy	精致的雏菊
#F4BDB3	Dainty Debutante	精致初出茅庐
#E9DFE5	Dainty Flower	娇娇花
#DECFBB	Dainty Lace	精致蕾丝
#FFCDB9	Dainty Peach	娇嫩的桃子
#ECBCCE	Dainty Pink	精致的粉红色
#C6D26E	Daiquiri Green	代基里绿
#F4E7D4	Dairy Belle	乳品美女
#EDD2A4	Dairy Cream	奶油
#F0B33C	Dairy Made	乳制品
#FED340	Daisy	雏菊
#5B3E90	Daisy Bush	雏菊灌木丛
#FFF09B	Daisy Chain	菊花链
#FCDF8A	Daisy Desi	黛西德西
#F4F3E8	Daisy Field	雏菊原野
#55643B	Daisy Leaf	雏菊叶
#F8F3E3	Daisy White	雏菊白
#D3C29D	Dakota Trail	达科他小径
#E1BD8E	Dakota Wheat	达科他小麦
#664A2D	Dallas	达拉斯
#ECE0D6	Dallas Dust	达拉斯尘埃
#FDDC00	Dallol Yellow	达洛尔黄
#97A3DA	Dalmatian Sage	达尔马提亚鼠尾草
#AFDADF	Daly Waters	戴利·沃特斯
#996D32	Damascene	大马士革
#FCF2DF	Damask	花缎
#D1B3A9	Damask Dunes	锦缎沙丘
#999BA8	Dame Dignity	女士尊严
#5F6171	Damp Basement	潮湿的地下室
#4A4747	Dampened Black	湿黑
#C69EAE	Damsel	少女
#854C65	Damson	达姆森
#583563	Damson Mauve	达姆森淡紫
#DDA0DD	Damson Plum	西洋李
#576780	Dana	达纳
#E6D8CD	Dance of the Goddesses	女神之舞
#064D83	Dance Studio	舞工作室
#D7CBAC	Dance With the Wind	舞风
#DC9399	Dancer	舞者
#94734C	Dancing Bear	舞熊
#FCF3C6	Dancing Butterfly	舞蝶
#254A47	Dancing Crocodiles	跳舞的鳄鱼
#EFC857	Dancing Daisy	舞雏菊
#6E493D	Dancing Dogs	跳舞的狗
#C4BAA1	Dancing Dolphin	舞海豚
#006658	Dancing Dragonfly	舞蜻蜓
#C5CD8F	Dancing Green	舞绿
#ABC5D6	Dancing in the Rain	舞雨
#7B7289	Dancing in the Spring	舞春
#429B77	Dancing Jewel	舞宝石
#C8CC9E	Dancing Kite	舞风筝
#BFC8D8	Dancing Mist	舞薄雾
#016459	Dancing Peacock	舞孔雀
#1C4D8F	Dancing Sea	舞海
#C8A4BD	Dancing Wand	跳舞魔杖
#DFFF00	Dancing-Lady Orchid	舞兰花
#FEDF08	Dandelion	蒲公英
#EAE8EC	Dandelion Floatie	蒲公英漂浮物
#F7EAC1	Dandelion Tea	蒲公英茶
#F0E130	Dandelion Tincture	蒲公英酊剂
#FFF0B5	Dandelion Whisper	蒲公英低语
#FCF2B9	Dandelion Wine	蒲公英酒红
#E3BB65	Dandelion Wish	蒲公英的愿望
#FCD93B	Dandelion Yellow	蒲公英黄
#FACC51	Dandy Lion	丹迪狮子
#FF0E0E	Danger	危险
#595539	Danger Ridge	危险岭
#D00220	Dangerous Affair	危险事件
#CBC5C6	Dangerous Robot	危险机器人
#616B89	Dangerously Elegant	危险优雅
#16F12D	Dangerously Green	危险的绿色
#D84139	Dangerously Red	危险的红色
#5E4235	Daniel Boone	丹尼尔·布恩
#BA9967	Danish Pine	丹麦松
#B4D5D5	Dante Peak	但丁峰
#5B89C0	Danube	多瑙河
#116DB1	Daphne	达芙妮
#715B49	Dapper	精致
#E2C299	Dapper Dingo	衣冠楚楚的野狗
#697078	Dapper Greyhound	精致的灰狗
#947F65	Dapper Tan	精致的谭
#959486	Dapple Grey	斑纹灰
#C5CC9F	Dappled Daydream	斑驳的白日梦
#F2E3C9	Dappled Sunlight	斑驳的阳光
#3A4A3F	Dard Hunter Green	达德猎人绿色
#AB4343	Daredevil	夜魔侠
#DF644E	Daring	大胆
#F0DFE0	Daring Deception	大胆的欺骗
#374874	Daring Indigo	大胆的靛蓝
#1B2431	Dark	深
#353F51	Dark & Stormy	深暴风雨
#9698A3	Dark Ages	黑暗时代
#4F5A62	Dark and Stormy Night	深暴风雨夜
#495252	Dark as Night	深夜
#6A6D6D	Dark Ash	深灰
#5C464A	Dark Berry	深浆果
#533958	Dark Blackberry	深黑莓
#A68A6E	Dark Blond	深金发
#315B7D	Dark Blue	深蓝
#92462F	Dark Brazilian Topaz	深巴西黄玉
#4B4146	Dark Burgundy Wine	深勃艮第酒红
#513116	Dark Catacombs	黑暗地下墓穴
#55504D	Dark Cavern	黑暗洞穴
#333232	Dark Charcoal	深炭
#774D41	Dark Cherry Mocha	深樱桃摩卡
#624A49	Dark Chocolate	深巧克力
#AABB00	Dark Citron	黑柚子
#4C3D31	Dark Clove	深丁香
#33578A	Dark Cobalt Blue	深钴蓝
#843C41	Dark Crimson	深红
#3F4551	Dark Crypt	黑暗地穴
#008B8B	Dark Cyan	深青
#2F1212	Dark Danger	黑暗危险
#005588	Dark Denim	深牛仔蓝
#00334F	Dark Denim Blue	深牛仔蓝
#5A3939	Dark Drama	深戏剧
#332266	Dark Dreams	深梦
#884455	Dark Earth	深土
#3D2004	Dark Ebony	深乌木
#112244	Dark Eclipse	深日蚀
#3B3F42	Dark Elf	黑暗精灵
#00834E	Dark Emerald	深祖母绿
#503D4D	Dark Energy	深能量
#3E3F41	Dark Engine	黑暗引擎
#A4A582	Dark Envy	黑暗嫉妒
#3E554F	Dark Everglade	黑暗沼泽地
#0A480D	Dark Fern	深蕨
#573B4C	Dark Fig Violet	深无花果紫罗兰
#556962	Dark Forest	深森林
#0018A8	Dark Galaxy	深银河
#4F443F	Dark Granite	深花岗岩
#033500	Dark Green	深绿
#363737	Dark Grey	深灰
#4E4459	Dark Grey Mauve	深灰淡紫
#222429	Dark Gunmetal	深青铜色
#666699	Dark Horizon	深地平线
#661122	Dark Humour	黑色幽默
#00416A	Dark Imperial Blue	深帝国蓝
#4D5A7E	Dark Iris	深鸢尾
#66856F	Dark Ivy	深常春藤
#5C8774	Dark Jade	深翡翠
#0B3021	Dark Jungle	深丛林
#333438	Dark Kettle Black	黑水壶黑
#151931	Dark Knight	深骑士
#6A7F7D	Dark Lagoon	深泻湖
#856798	Dark Lavender	深薰衣草紫
#8BBE1B	Dark Lemon Lime	深柠檬青柠
#9C6DA5	Dark Lilac	深丁香紫
#84B701	Dark Lime	深青柠
#7EBD01	Dark Lime Green	深青柠绿
#989A98	Dark Limestone	深石灰岩
#5F574F	Dark LUA Console	暗LUA控制台
#8B008B	Dark Magenta	深品红
#482029	Dark Mahogany	深桃花心木
#994939	Dark Marmalade	深橘子酱
#3C0008	Dark Maroon	深栗色
#110101	Dark Matter	暗物质
#003377	Dark Midnight Blue	深午夜蓝
#515763	Dark Mineral	深矿物
#161718	Dark Moon	深月
#1AB385	Dark Mountain Meadow	深山草地
#40495B	Dark Navy	深海军蓝
#404B57	Dark Night	深夜
#373E02	Dark Olive	深橄榄
#6E5160	Dark Olive Paste	黑橄榄酱
#2E2D30	Dark Onyx	深缟玛瑙
#C65102	Dark Orange	深橙
#251B19	Dark Orchestra	黑暗乐团
#653D7C	Dark Pansy	深三色堇
#665FD1	Dark Periwinkle	深长春花蓝
#606865	Dark Pewter	深锡器
#193232	Dark Pine Green	深松绿
#CB416B	Dark Pink	深粉
#603E53	Dark Potion	深药水
#6B6C89	Dark Prince	深王子
#D9308A	Dark Princess Pink	深公主粉
#2B0F2E	Dark Prom Queen	黑暗舞会女王
#4F3A3C	Dark Puce	深紫褐色
#35063E	Dark Purple	深紫
#6E576B	Dark Purple Grey	深紫灰
#505838	Dark Rainforest	深雨林
#872657	Dark Raspberry	深覆盆子
#3B5150	Dark Reaper	黑暗收割者
#840000	Dark Red	深红
#4A2125	Dark Red Brown	深红棕
#434257	Dark Renaissance	黑暗文艺复兴
#060B14	Dark Rift	黑暗裂缝
#3E4445	Dark River	深河
#4A2D2F	Dark Roast	深烤肉
#B5485D	Dark Rose	深玫红
#02066F	Dark Royalty	黑暗皇室
#45362B	Dark Rum	深朗姆
#6D765B	Dark Sage	深鼠尾草
#A2646F	Dark Sakura	暗樱
#C85A53	Dark Salmon	深鲑粉
#E8957A	Dark Salmon Injustice	黑鲑鱼不义
#3F012C	Dark Sanctuary	黑暗庇护所
#A88F59	Dark Sand	深沙
#082567	Dark Sapphire	深宝石蓝
#4C5560	Dark Sea	深海
#666655	Dark Seagreen	深海绿
#113691	Dark Seashore Night	黑暗的海滨之夜
#3E5361	Dark Secret	深秘密
#113311	Dark Serpent	黑暗巨蛇
#4A4B4D	Dark Shadow	深暗影
#33CC99	Dark Shamrock	深三叶草绿
#004444	Dark Side	暗面
#070D0D	Dark Side of the Moon	月之暗面
#3C1414	Dark Sienna	深赭色
#909989	Dark Sky	深天空
#465352	Dark Slate	深石板
#214761	Dark Slate Blue	深石板蓝
#2F4F4F	Dark Slate Grey	深石板灰
#66AA11	Dark Slimelime	暗黏液绿
#4D52DE	Dark Soft Violet	深柔紫罗兰
#587A65	Dark Sorrel	深酸模
#112255	Dark Soul	深灵魂
#414A4C	Dark Space	深太空
#303B4C	Dark Spell	深咒语
#7E736D	Dark Sting	黑暗刺痛
#819094	Dark Storm Cloud	深风暴云
#80444C	Dark Strawberry	深草莓
#383839	Dark Summoning	黑暗召唤
#483C3C	Dark Taupe	深灰褐
#634E43	Dark Tavern	黑暗酒馆
#014D4E	Dark Teal	深青
#97765C	Dark Toast	深吐司
#121212	Dark Tone Ink	深调墨
#817C87	Dark Topaz	深黄玉
#594D46	Dark Truffle	深松露
#045C5A	Dark Turquoise	深青
#0D2B52	Dark Tyrian Blue	深泰尔蓝
#932904	Dark Umber	深赭褐
#141311	Dark Veil	深面纱
#34013F	Dark Violet	深紫罗兰
#151517	Dark Void	深虚空
#56443E	Dark Walnut	深核桃
#855E42	Dark Wood	深木
#4F301F	Dark Wood Grain	深木颗粒
#E7BF8E	Dark Yellow	深黄
#660011	Darkest Dungeon	暗黑地牢
#223311	Darkest Forest	最黑暗的森林
#625768	Darkest Grape	最黑的葡萄
#43455E	Darkest Navy	黑暗海军
#303F3D	Darkest Spruce	深色云杉
#16160E	Darkness	黑暗
#3A4645	Darkness Green	黑暗绿
#2D1608	Darkout	黑暗
#2F1611	Darkroom	暗室
#464964	Darkshore	黑海岸
#4F4969	Darlak	达拉克
#FF88FF	Darling Bud	亲爱花蕾
#D29F7A	Darling Clementine	亲爱的克莱门汀
#C9ACD6	Darling Lilac	亲爱的丁香
#1D045D	Darth Torus	达斯环面
#27252A	Darth Vader	达斯·维达
#CDDCE3	Dartmoor Mist	达特穆尔迷雾
#00703C	Dartmouth Green	达特茅斯格林
#CA6E5F	Dash of Curry	少许咖喱
#928459	Dash of Oregano	少许牛至
#FBD2CF	Dash of Pink	一点粉红
#EAEBE8	Dashing	潇洒
#0BDB43	Dasyphyllous Green	丹菊绿
#AF642B	Date Fruit Brown	枣果棕
#CCAC86	DaVanzo Beige	达万佐米色
#58936D	DaVanzo Green	达万佐·格林
#6C4226	Davao Durian	达沃榴莲
#B1D27B	Davao Green	达沃绿
#535554	Davy’s Grey	戴维的灰色
#9F9D91	Dawn	黎明
#CACCCB	Dawn Blue	黎明蓝
#CCFFFF	Dawn Departs	黎明出发
#FADFA9	Dawn Light	黎明浅
#770044	Dawn of the Fairies	仙女的黎明
#FEDFDC	Dawn Patrol	黎明巡逻队
#E6D6CD	Dawn Pink	黎明粉
#C9CED3	Dawn’s Early Light	黎明的曙光
#70756E	Dawnstone	黎明石
#FFA373	Day at the Zoo	动物园日
#D9CDC4	Day Dreamer	白日梦想家
#EADD82	Day Glow	白天辉光
#EB5C34	Day Glow Orange	白天辉光橙
#FFF9EC	Day Lily	白天百合
#D5D2D1	Day on Mercury	水星日
#EAEFED	Day Spa	白天水疗
#7E7597	Daybreak	黎明
#C7C9D8	Daybreak Beckons	黎明在召唤
#F7EECB	Daybreak Sun	黎明的太阳
#E3EBAE	Daydream	白日梦
#F4F0E1	Daydreaming	白日梦
#38A1DB	Dayflower	白昼花
#758CBF	Dayflower Blue	朝花蓝
#546C52	Daylight Jungle	日光丛林
#A385B3	Daylight Lilac	日光丁香
#F8F0D2	Daylily Yellow	黄花菜黄
#FFF8DA	Daystar	启明星
#5287B9	Dazzle	炫目
#D99B7B	Dazzle and Delight	炫目与喜悦
#EDEBEA	Dazzle Me	迷住我
#3850A0	Dazzling Blue	耀眼的蓝色
#D82C0D	Dazzling Red	耀眼红
#85CA87	De York	约克
#99DEAD	Dead 99	死
#0055CC	Dead Blue Eyes	死蓝眼
#434B4F	Dead Forest	死森林
#E4DC8A	Dead Grass	死草
#2E5A88	Dead Lake	死湖
#D2DAD0	Dead Nettle White	死荨麻白
#3B3A3A	Dead Pixel	坏点
#77EEEE	Dead Sea	死海
#3A403B	Dead Sea Mud	死海泥
#8F666A	Deadlock	死锁
#111144	Deadly Depths	致命深渊
#DEAD11	Deadly Mustard	致命芥末
#C2A84B	Deadsy	戴西
#596D7F	Deadwind Pass	逆风小径
#A30112	Dear Darling	亲爱的亲爱的
#FEECB3	Dear Melissa	亲爱的梅丽莎
#F5F3E6	Dear Reader	亲爱的读者
#60443F	Death by Chocolate	死亡巧克力
#E7D9DB	Death Cap	死亡帽
#9EB37B	Death Guard	死亡守卫
#141313	Death Metal	死亡金属
#E760D2	Death of a Star	死亡星
#DDBB88	Death Valley Beige	死亡山谷米色
#B36853	Deathclaw Brown	死亡爪棕色
#5C6730	Deathworld Forest	死亡世界森林
#AF9294	Deauville Mauve	多维尔淡紫
#D70A53	Debian Red	Debian红
#90A0A6	Debonair	温文尔雅
#CBD0DD	Debonaire	德博内尔
#EE7744	Debrito	德布里托
#ED7468	Debutante	初出茅庐
#6E8DBB	Debutante Ball	初次亮相舞会
#73667B	Decadence	颓废
#513233	Decadent Chocolate	颓废巧克力
#8D3630	Decadent Red	颓废红
#DECADE	Decadial Pink	十色粉色
#ADA3BB	Decanter	醒酒器
#BFA1AD	Decanting	醒酒
#D57835	Decaying Leaf	腐烂的叶子
#DFE2EA	December Dawn	十二月黎明
#415064	December Eve	十二月前夕
#E0E8DB	December Forest	十二月森林
#D6DDDC	December Rain	十二月雨
#D5D7D9	December Sky	十二月天空
#9DCEE3	December Solstice	十二月至日
#BFB5CA	Decency	正派
#B69FCC	Dechala Lilac	德查拉丁香
#D79E62	Dechant Pear Yellow	醉梨黄
#FDCC4E	Decisive Yellow	果断黄
#5E7CAC	Deck Crew	甲板船员
#CCCF82	Deco	装饰
#89978E	Deco Grey	装饰灰
#F6C2CC	Deco Pink	装饰粉
#824942	Deco Red	装饰红
#9E6370	Deco Rose	装饰玫红
#F9D5C9	Deco Shell	装饰壳
#8FCBC0	Deco-Rate	装饰率
#7B736B	Deconstruction	解构
#F2E5CF	Décor White	装饰白色
#F6BB00	Decor Yellow	装饰黄色
#3F74A3	Decoration Blue	装饰蓝
#817181	Decorative Iris	装饰鸢尾花
#F6F4EC	Decorator White	装饰白
#00829E	Decore Splash	装饰飞溅
#AC7559	Decorous Amber	优雅的琥珀
#B39AA0	Decorum	礼仪
#987654	Decreasing Brown	减少棕色
#FEE2C8	Dedication	奉献
#D4CB83	Deduction	扣除
#5B3082	Deep Amethyst	深紫水晶
#78DBE2	Deep Aquamarine	深海蓝
#004F57	Deep Atlantic Blue	深大西洋蓝
#5C4A4D	Deep Aubergine	深茄
#3E5580	Deep Azure	深蔚蓝
#D99F50	Deep Bamboo Yellow	深竹黄
#C57776	Deep Bloom	深绽放
#040273	Deep Blue	深蓝
#1A5D72	Deep Blue Sea	深蓝海
#E36F8A	Deep Blush	深绯红
#5E675A	Deep Bottlebrush	深洗瓶刷
#27275F	Deep Breath	深呼吸
#51412D	Deep Bronze	深古铜
#342A2A	Deep Brown	深棕
#744456	Deep Carmine	深胭脂红
#007BBB	Deep Cerulean	深蔚蓝
#FAD6C5	Deep Champagne	深香槟
#7A8790	Deep Channel	深水道
#6B473D	Deep Cherrywood	深樱桃木
#B94E48	Deep Chestnut	深栗
#771133	Deep Claret	深干红
#AE6A52	Deep Clay Red	深黏土红
#424769	Deep Cobalt	深钴蓝
#7D4071	Deep Commitment to Purple	对紫色的坚定承诺
#DA7C55	Deep Coral	深珊瑚
#051040	Deep Cove	深小湾
#007381	Deep Current	深洋流
#322D2D	Deep Daichi Black	深大地黑
#E9E7E6	Deep Daigi White	深大木白
#3311AA	Deep Daijin Blue	深大金蓝
#7C2229	Deep Dairei Red	深大雷红
#F0CA00	Deep Daishin Yellow	深大信黄
#661177	Deep Daitoku Purple	深大德紫
#6688FF	Deep Denim	深牛仔蓝
#545648	Deep Depths	深深处
#534C3E	Deep Desert Shadow	深沙漠暗影
#2E5467	Deep Dive	深潜水
#5E97A9	Deep Diving	深潜
#553D3A	Deep Dungeon	深地牢
#4D4B4B	Deep Earth	深土
#556551	Deep Emerald	深祖母绿
#4C574B	Deep Evergreen	深常绿
#614454	Deep Exquisite	深邃精致
#193925	Deep Fir	深冷杉
#BF5C42	Deep Fire	深火
#3C463E	Deep Forest	深森林
#393437	Deep Forest Brown	深森林棕
#335500	Deep Forestial Escapade	森林深处的冒险
#F0B054	Deep Fried	油炸
#F6C75E	Deep Fried Sunrays	油炸阳光
#414048	Deep Galaxy	深银河
#5A9274	Deep Grass Green	深草绿
#02590F	Deep Green	深绿
#726A6E	Deep Greige	深灰米
#4C567A	Deep Indigo	深靛蓝
#004B49	Deep Into the Jungle	深丛林
#306030	Deep Into the Wood	深木
#3F564A	Deep Jungle	深丛林
#343467	Deep Koamaru	深小丸
#005A6F	Deep Lagoon	深泻湖
#006C70	Deep Lake	深湖
#687189	Deep Larkspur	深翠雀
#565A7D	Deep Lavender	深薰衣草紫
#747962	Deep Lichen Green	深地衣绿
#2E5767	Deep Loch	深湖
#A0025C	Deep Magenta	深品红
#634743	Deep Mahogany	深桃花心木
#2E6469	Deep Marine	深海洋
#623F45	Deep Maroon	深栗色
#938565	Deep Marsh	深沼泽
#574958	Deep Merlot	深梅洛红
#55AA66	Deep Mint	深薄荷
#3D4C46	Deep Mooring	深泊
#544954	Deep Mulberry	深桑葚
#494C59	Deep Mystery	深神秘
#494C55	Deep Night	深夜
#2A4B5F	Deep Ocean	深海洋
#2C4173	Deep Ocean Floor	深海海底
#DC4D01	Deep Orange	深橙
#864735	Deep Orange-Coloured Brown	深橙棕色
#525476	Deep Orchid	深兰花紫
#006E62	Deep Pacific	深太平洋
#009286	Deep Peacock Blue	深孔雀蓝
#7C83BC	Deep Periwinkle	深长春花蓝
#557138	Deep Pine	深松
#4A2A59	Deep Plum	深梅紫
#014420	Deep Pond	深池塘
#366D68	Deep Pool Teal	深池青
#36013F	Deep Purple	深紫
#9A0200	Deep Red	深红
#BB603C	Deep Reddish Orange	深偏红橙
#424F5F	Deep Reservoir	深水库
#7F5153	Deep Rhubarb	深大黄
#4C6A68	Deep Rift	深裂
#0079B3	Deep River	深河
#2D4243	Deep River Green	深河绿
#B25550	Deep Rose	深玫红
#364C68	Deep Royal	深皇家
#FF9932	Deep Saffron	深藏红花
#195155	Deep Sanction	深度制裁
#082466	Deep Sapphire	深宝石蓝
#167E65	Deep Sea	深海
#2C2C57	Deep Sea Base	深海基地
#2A4B5A	Deep Sea Blue	深海蓝
#D86157	Deep Sea Coral	深海珊瑚
#376167	Deep Sea Dive	深海潜水
#255C61	Deep Sea Diver	深海潜水员
#6A6873	Deep Sea Dolphin	深海海豚
#002D69	Deep Sea Dream	深海梦
#2000B1	Deep Sea Exploration	深海探索
#095859	Deep Sea Green	深海绿
#879293	Deep Sea Grey	深海灰
#002366	Deep Sea Nightmare	深海噩梦
#4F5A4C	Deep Sea Shadow	深海暗影
#5E5749	Deep Sea Turtle	深海龟
#959889	Deep Seagrass	深海草
#37412A	Deep Seaweed	深海藻
#7F6968	Deep Serenity	深沉的宁静
#514A3D	Deep Shadow	深暗影
#737C84	Deep Shale	深页岩
#0D75F8	Deep Sky Blue	深天空蓝
#0F261F	Deep Slate Green	深石板绿
#172713	Deep Slate Olive	深石板橄榄
#7D8392	Deep Smoke Signal	深烟雾信号
#B4989F	Deep South	深南
#3F4143	Deep Space	深太空
#292E35	Deep Space Echo	深太空回声
#43363D	Deep Space Frigate	深空护卫舰
#332277	Deep Space Rodeo	深空牛仔竞技表演
#223382	Deep Space Royal	深太空皇家
#4A646C	Deep Space Sparkle	深太空闪光
#726751	Deep Tan	深棕褐
#7B6660	Deep Taupe	深灰褐
#00555A	Deep Teal	深青
#8B483D	Deep Terra Cotta	深大地陶
#728787	Deep Thoughts	深思
#01B0BD	Deep Turquoise	深青
#375F71	Deep Twilight Blue	深暮光蓝
#404F95	Deep Ultramarine	深群青
#694D3D	Deep Umber	深赭褐
#017F9E	Deep Universe	宇宙深处
#313248	Deep Velvet	深绒
#330066	Deep Violet	深紫罗兰
#4B6443	Deep Viridian	深常磐
#615D58	Deep Walnut	深核桃
#2A6FA1	Deep Water	深水
#33313B	Deep Well	深
#444172	Deep Wisteria	深紫藤
#454669	Deepest Fig	最深的无花果
#6D595A	Deepest Mauve	最深的淡紫
#44413C	Deepest Nightmare	最深的噩梦
#5C84B4	Deepest Periwinkle	最深的长春花
#44534E	Deepest River	最深的河流
#444D56	Deepest Sea	最深海
#466174	Deepest Water	最深的水
#6D4940	Deeply Deanna	深深的迪安娜
#ECB2B3	Deeply Embarrassed	深感尴尬
#303F4C	Deepsea Core	深海核心
#082599	Deepsea Kraken	深海海妖
#BA8759	Deer	鹿
#96847A	Deer God	鹿神
#AC7434	Deer Leather	鹿皮革
#B2A69A	Deer Run	鹿跑
#A1614C	Deer Tracks	鹿踪迹
#6A634C	Deer Trail	鹿小径
#C7A485	Deer Valley	鹿山谷
#88FFEE	Defence Matrix	防御矩阵
#C6D5E4	Defenestration	破窗而出
#B0C1C2	Degas Blue	德加蓝
#B37E8C	Degas Pink	德加粉红
#9CBCC6	Déjà Blue	既视蓝
#BED1CC	Déjà Vu	似曾相识
#B5998E	Del Rio	德尔里奥
#DABF92	Del Sol Maize	德尔索尔玉米
#AAB350	Delaunay Green	德劳内·格林
#76A09E	Delaware Blue Hen	特拉华蓝母鸡
#FDF901	Delayed Yellow	延迟黄
#9A92A7	Delectable	美味
#3D5E8C	Delft	代尔夫特
#3311EE	Delft Blue	代尔夫特蓝
#FDC1C5	Delhi Dance Pink	德里舞粉红
#A36A6D	Delhi Spice	德里香料
#E8B523	Deli Yellow	熟食黄
#F5E3E2	Delicacy	美味
#EBE2E5	Delicacy White	精致白
#C2D1E2	Delicate Ballet Blue	精致芭蕾蓝
#EDE0D5	Delicate Bliss	精致极乐
#DBBFCE	Delicate Bloom	精致绽放
#BCDFE8	Delicate Blue	精致蓝
#BED7F0	Delicate Blue Mist	精致蓝薄雾
#EFD7D1	Delicate Blush	精致绯红
#A78C8B	Delicate Brown	精致棕
#DDDFE8	Delicate Cloud	精致云
#E9EDC0	Delicate Daisy	精致雏菊
#FED9BC	Delicate Dawn	精致黎明
#C5EAD3	Delicate Frost	精致霜
#6AB2CA	Delicate Girl Blue	精致女孩蓝
#93B0A9	Delicate Green	精致绿
#BCAB99	Delicate Honeysweet	精致蜜糖
#B7D2E3	Delicate Ice	精致冰
#F3E6D4	Delicate Lace	精致蕾丝
#EEDD77	Delicate Lemon	精致柠檬
#B6AED6	Delicate Lilac	精致丁香紫
#D7D2E2	Delicate Lilac Crystal	精致丁香紫水晶
#C5B5CA	Delicate Mauve	精致淡紫
#DDF3E6	Delicate Mint	精致薄荷
#E1EBE5	Delicate Mist	精致薄雾
#E4CFD3	Delicate Pink	精致粉
#EEC6C3	Delicate Pink Rose	精致粉玫红
#A95C68	Delicate Prunus	精致的李子
#F7E0D6	Delicate Rose	精致玫红
#D7F3DD	Delicate Sapling	精致树苗
#FFEFDD	Delicate Seashell	精致贝壳
#D1E2D8	Delicate Snow Goose	精致雪鹅
#FDCDBD	Delicate Sweet Apricot	精致甜美杏
#AA9C8B	Delicate Truffle	精致松露
#C0DFE2	Delicate Turquoise	精致青
#D7D6DC	Delicate Viola	精致中提琴
#8C8DA8	Delicate Violet	精致紫罗兰
#F1F2EE	Delicate White	精致白
#412010	Délicieux au Chocolat	巧克力之悦
#483B36	Delicioso	美味棕
#585E46	Delicious	美味
#654254	Delicious Berry	美味浆果
#77CC00	Delicious Dill	美味莳萝
#FFAA11	Delicious Mandarin	美味柑橘
#FFD7B0	Delicious Melon	美味蜜瓜
#2E212D	Delighted Chimp	快乐猩猩
#D2B6BE	Delightful	令人愉悦
#A5A943	Delightful Camouflage	悦目迷彩
#EEEE33	Delightful Dandelion	悦目蒲公英
#00EE00	Delightful Green	悦目绿
#EBBE7C	Delightful Moon	悦目之月
#F9E7C8	Delightful Pastry	悦目糕点
#FFEBD1	Delightful Peach	悦目蜜桃
#DDCCCC	Delirious Donkey	疯驴灰
#486531	Dell	戴尔
#7A9DCB	Della Robbia Blue	德拉罗比亚蓝色
#8EC39E	Delltone	戴尔通
#169EC0	Delos Blue	提洛蓝
#6198AE	Delphinium Blue	飞燕草蓝
#4F92CD	Delphinium Corsage	飞燕草胸花
#999B95	Delta	达美航空
#979147	Delta Break	三角洲休息
#2D4A4C	Delta Green	达美绿
#C5E6CF	Delta Mint	三角洲薄荷
#A8917F	Delta Sandbar	三角洲沙洲
#C4C2AB	Delta Waters	达美水域
#0077AA	Deluge	洪水
#66BBCC	Delusional Dragonfly	妄想蜻蜓
#8BC7E6	Deluxe Days	豪华日
#E1B270	Demerara Sugar	德梅拉拉糖
#ECDA9E	Demeter	德墨忒尔
#02CC02	Demeter Green	德米特·格林
#493C31	Demitasse	小咖啡
#00AEF3	Democrat	民主党
#7A0006	Demon	恶魔
#45538D	Demon Blue	恶魔蓝
#D2144B	Demon Princess	恶魔公主
#BB2233	Demonic	恶魔
#D02B48	Demonic Kiss	恶魔之吻
#7C0A02	Demonic Presence	恶魔的存在
#D725DE	Demonic Purple	魔紫
#FFE700	Demonic Yellow	魔黄
#E8D4D5	Demure	端庄
#F7D2C4	Demure Pink	端庄粉色
#7D775D	Denali Green	迪纳利绿
#2243B6	Denim	牛仔蓝
#2F6479	Denim Blue	牛仔蓝
#7C8D96	Denim Drift	牛仔蓝漂流
#B8CAD5	Denim Light	牛仔蓝浅
#7F97B5	Denim Tradition	牛仔布传统
#636D65	Dense Shrub	茂密灌木
#889911	Densetsu Green	电色绿
#F2B717	Dent Corn	马齿玉米
#99D590	Dentist Green	牙医绿
#7795C1	Denver River	丹佛河
#E7D8C7	Dépaysement	异域感
#355859	Depth Charge	深水炸弹
#2C319B	Depths of Night	深夜
#253F4E	Depths of the Nile	尼罗深处
#F9E4C6	Derby	德比
#599C89	Derby Green	德比绿
#245E36	Derbyshire	德比郡
#F9E1CF	Derry Coast Sunrise	德里海岸日出
#669999	Desaturated Cyan	去饱和青色
#445155	Descent Into the Catacombs	坠入墓穴
#CCAD60	Desert	沙漠
#C28996	Desert Bud	沙漠蕾
#AFCA9D	Desert Cactus	沙漠仙人掌
#C2AE88	Desert Camel	沙漠骆驼
#80474E	Desert Canyon	沙漠峡谷
#D3A169	Desert Caravan	沙漠商队
#C99C7D	Desert Carnation	沙漠康乃馨
#727A60	Desert Chaparral	沙漠丛林
#9E6E43	Desert Clay	沙漠黏土
#F7D497	Desert Convoy	沙漠车队
#D16459	Desert Coral	沙漠珊瑚
#D0C8A9	Desert Cover	沙漠覆盖
#EDDBE8	Desert Dawn	沙漠黎明
#FFBA6B	Desert Dessert	沙漠甜点
#B5AB9C	Desert Dune	沙漠沙丘
#AD9A91	Desert Dusk	沙漠黄昏
#E2BB8A	Desert Dust	沙漠尘
#B6A29D	Desert Echo	沙漠回声
#EFCDB8	Desert Field	沙漠原野
#C6B183	Desert Floor	沙漠地面
#FF8D82	Desert Flower	沙漠花
#D3BDAC	Desert Fortress	沙漠堡垒
#C5B686	Desert Grass	沙漠草
#B8A487	Desert Grey	沙漠灰
#C4C8AA	Desert Hot Springs	沙漠炎热泉
#F3F2E1	Desert Iguana	沙漠鬣蜥
#D6CDB7	Desert Khaki	沙漠卡其
#BD9C9D	Desert Lights	沙漠光
#FEF5DB	Desert Lily	沙漠百合
#A9A450	Desert Locust	沙漠蝗虫
#E8D2D6	Desert Mauve	沙漠淡紫
#EFCFBC	Desert Mesa	沙漠台地
#B9E0CF	Desert Mirage	沙漠海市蜃楼
#DEB181	Desert Mist	沙漠薄雾
#D0BBB0	Desert Morning	沙漠早晨
#BEA166	Desert Moss	沙漠苔藓
#E9DBD2	Desert Mountain	沙漠山
#5F727A	Desert Night	沙漠夜
#675239	Desert Palm	沙漠棕榈
#C0CABC	Desert Panzer	沙漠装甲车
#AAAE9A	Desert Pear	沙漠梨
#CAB698	Desert Pebble	沙漠卵石
#E5DDC9	Desert Plain	沙漠平原
#FBEFDA	Desert Powder	沙漠粉
#B3837F	Desert Red	沙漠红
#D5A884	Desert Riverbed	沙漠河床
#D5C6BD	Desert Rock	沙漠岩石
#CD616B	Desert Rose	沙漠玫红
#90926F	Desert Sage	沙漠鼠尾草
#EDC9AF	Desert Sand	沙漠沙
#B9A795	Desert Sandstorm	沙漠沙尘暴
#9F927A	Desert Shadows	沙漠影
#E9E4CF	Desert Smog	沙漠烟雾
#A15F3B	Desert Soil	沙漠土壤
#C66B30	Desert Spice	沙漠辛香
#DCDDCB	Desert Springs	沙漠泉
#F9F0E1	Desert Star	沙漠星
#EDE7E0	Desert Storm	沙漠风暴
#D5C7B3	Desert Suede	沙漠麂皮
#BB7326	Desert Sun	沙漠太阳
#FCB58D	Desert Sunrise	沙漠日出
#A38C6C	Desert Tan	沙漠棕褐
#7F7166	Desert Taupe	沙漠灰褐
#DDCC99	Desert Temple	沙漠寺
#89734B	Desert Willow	沙漠柳
#E5D295	Desert Wind	沙漠风
#A29259	Desert Yellow	沙漠黄
#E7DBBF	Deserted Beach	荒凉的海滩
#857C64	Deserted Island	荒岛
#E7BF7B	Deserted Path	荒径
#A47BAC	Design Delight	设计之悦
#EFE5BB	Designer Cream Yellow	设计师奶油黄
#E1BCD8	Designer Pink	设计师粉色
#E7DED1	Designer White	设计师白
#A93435	Desirable	理想
#EA3C53	Desire	欲望
#EEC5D2	Desire Pink	欲望粉
#D8D7D9	Desired Dawn	渴望的黎明
#C4ADB8	Desireé	欲望
#B5C1A9	Desolace Dew	凄凉露
#D3CBC6	Desolate Field	荒野
#F6E4D0	Dessert Cream	甜点奶油
#FEDDB1	Destined for Greatness	注定伟大
#CFC9C6	Destiny	命运
#98968D	Destroyer Grey	毁灭者灰
#E9E9E1	Destroying Angels	毁灭天使
#FF3355	Detailed Devil	细节恶魔
#8B8685	Detective Coat	侦探外套
#393C40	Detective Thriller	侦探惊悚片
#C56639	Determined Orange	坚定的橙色
#BDD0D1	Detroit	底特律
#F7FCFE	Deutzia White	溲疏白
#006B4D	Device Green	设备绿色
#277594	Devil Blue	恶魔蓝
#FF3344	Devil’s Advocate	魔鬼代言人
#BB4422	Devil’s Butterfly	恶魔之蝶
#8F9805	Devil’s Flower Mantis	魔花螳螂
#44AA55	Devil’s Grass	恶魔草
#662A2C	Devil’s Lip	恶魔之唇
#423450	Devil’s Plum	恶魔梅
#FECD82	Deviled Eggs	芥末蛋
#DD3322	Devilish	恶魔般的
#CE7790	Devilish Diva	恶魔歌姬
#5A573F	Devlan Mud	德夫兰泥
#3C3523	Devlan Mud Wash	德夫兰泥浆洗
#3E5650	Devon Green	德文郡格林
#717E6F	Devon Rex	德文雷克斯
#F5EFE7	Devonshire	德文郡
#E7F2E9	Dew	露
#97B391	Dew Green	露绿
#CEE3DC	Dew Not Disturb	露水勿扰
#D7EDE8	Dew Pointe	露角
#8B5987	Dewberry	露莓
#DDE4E3	Dewdrop	露珠
#B0B8AA	Dewkissed Rain	露水雨
#C4D1C2	Dewkist	露克斯特
#DCEEDB	Dewmist Delight	露雾喜悦
#B2CED2	Dewpoint	露点
#D6E1D8	Dewy	露湿
#6BB1B4	Dexter	德克斯特
#FAE432	Dhalsim’s Yoga Flame	达尔西姆的瑜伽烈焰
#CABAA8	Dhurrie Beige	杜里米色
#AAAAAA	Dhūsar Grey	杜萨尔灰
#DB995E	Di Sierra	迪塞拉
#CD0D01	Diablo Red	暗黑破坏神红
#1B8E13	Diamine Green	二胺绿
#FAF7E2	Diamond	钻石
#2B303E	Diamond Black	钻石黑
#E9E9F0	Diamond Cut	钻石切面
#F8F5E5	Diamond Dust	钻石尘
#3E474B	Diamond Grey	钻石灰
#EEE3CC	Diamond Ice	钻石冰
#D0EFF3	Diamond League	钻石联赛
#DFE7EC	Diamond Light	钻石浅
#BCDAEC	Diamond Soft Blue	钻石柔蓝
#DCDBDC	Diamond Stud	钻石耳钉
#E2EFF3	Diamond White	钻石白
#E5E2E1	Diamonds in the Sky	天空中的钻石
#E9E8E0	Diamonds Therapy	钻石疗法
#FCF6DC	Diantha	石竹
#8D6D89	Dianthus Mauve	石竹淡紫
#D0CAD7	Diaphanous	透明
#60B8BE	Dickie Bird	迪基·伯德
#322C2B	Diesel	柴油
#BC934D	Different Gold	不一样的金子
#EBE5D5	Diffused Light	漫射光
#93739E	Diffused Orchid	扩散兰花
#8E6E57	Dig It	挖它
#A37336	Digger’s Gold	挖掘者的黄金
#636365	Digital	数字
#B7B3A4	Digital Garage	数字车库
#CAC0E1	Digital Lavender	数字薰衣草
#AA00FF	Digital Violets	数字紫罗兰
#FFEB7E	Digital Yellow	数字黄
#3B695F	Dignified	端庄
#716264	Dignified Purple	端庄紫
#094C73	Dignity Blue	尊严蓝
#007044	Diisha Green	黛莎绿
#A18251	Dijon	第戎
#E2CA73	Dijon Mustard	第戎芥末
#9B8F55	Dijonnaise	第戎
#6F7755	Dill	莳萝
#A2A57B	Dill Grass	莳萝草
#B6AC4B	Dill Green	莳萝绿
#67744A	Dill Pickle	莳萝泡菜
#9DA073	Dill Powder	莳萝粉
#B3B295	Dill Seed	莳萝种子
#D6E9E4	Dillard’s Blue	迪拉德蓝
#35495A	Dilly Blue	迪丽蓝
#F6DB5D	Dilly Dally	迪莉达莉
#F46860	Diluno Red	迪鲁诺红
#B8DEF2	Diluted Blue	稀释蓝
#DDEAE0	Diluted Green	稀释绿
#DADFEA	Diluted Lilac	淡丁香
#E8EFDB	Diluted Lime	稀释石灰
#DAF4EA	Diluted Mint	稀释薄荷
#FBE8E2	Diluted Orange	稀释橙子
#E9DFE8	Diluted Pink	淡粉色
#E8DDE2	Diluted Red	稀释红
#C8C2BE	Dim	昏暗
#696969	Dim Grey	暗灰色
#BCE1EB	Diminished Blue	减蓝
#E3E6D6	Diminished Green	绿色减少
#EDF5DD	Diminished Lime	减少石灰
#E9F3DD	Diminished Mint	薄荷减少
#FAE9E1	Diminished Orange	减橙
#F1E5E0	Diminished Pink	减粉
#E8D8DA	Diminished Red	减红
#D3F2ED	Diminished Sky	缩小的天空
#062E03	Diminishing Green	绿色递减
#F1DEDE	Diminutive Pink	小粉红
#E9808B	Dimple	酒窝
#607C47	Dingley	丁利
#C53151	Dingy Dungeon	肮脏的地牢
#E6F2A2	Dingy Sticky Note	肮脏的便利贴
#E8F3E4	Dinner Mint	晚餐薄荷
#7F997D	Dinosaur	恐龙
#827563	Dinosaur Bone	恐龙骨
#CABAA9	Dinosaur Egg	恐龙蛋
#8391A0	Diopside Blue	透辉石蓝
#439E8D	Dioptase Green	透光酶绿
#9DBFB1	Diorite	闪长岩
#68CFC1	Dip in the Pool	泡在泳池里
#3A445D	Diplomatic	外交
#E9EEEE	Dipped in Cloudy Dreams	沉浸在云梦中
#FCF6EB	Dipped in Cream	沾奶油
#282828	Dire Wolf	恐狼
#3F8A24	Direct Green	直接绿色
#0061A8	Directoire Blue	督政府蓝色
#5ACAA4	Diroset	迪洛塞特
#9B7653	Dirt	污垢
#836539	Dirt Brown	土棕色
#BB6644	Dirt Track	土路
#926E2E	Dirt Yellow	土黄色
#DFC393	Dirty Blonde	脏金发
#3F829D	Dirty Blue	脏蓝
#B5651E	Dirty Brown	脏棕
#667E2C	Dirty Green	脏绿
#430005	Dirty Leather	脏皮革
#DDD0B6	Dirty Martini	脏马提尼
#C87606	Dirty Orange	脏橙
#CA7B80	Dirty Pink	脏粉
#734A65	Dirty Purple	脏紫
#CDCED5	Dirty Snow	脏雪
#E8E4C9	Dirty White	脏白
#CDC50A	Dirty Yellow	脏黄
#BBDEE5	Disappearing Island	消失的岛屿
#EAE3E0	Disappearing Memories	消失的记忆
#3F313A	Disappearing Purple	消失的紫色
#006E9D	Disarm	解除武装
#47C6AC	Disc Jockey	唱片骑师
#892D4F	Disco	迪斯科
#D4D4D4	Disco Ball	迪斯科舞会
#BDB0A0	Discover	发现
#4A934E	Discover Deco	探索德科
#276878	Discovery Bay	愉景湾
#FFAD98	Discreet Orange	谨慎的橙色
#F5E5E1	Discreet Romance	谨慎的浪漫
#DFDCDB	Discreet White	谨慎的白色
#EBDBDD	Discrete Pink	离散粉红色
#9F6F62	Discretion	酌情权
#5BB4D7	Disembark	下船
#B7B698	Disguise	伪装
#ED9190	Dishy Coral	盘状珊瑚
#E2ECF2	Dissolved Denim	溶解牛仔布
#566A73	Distance	距离
#2C66A0	Distant Blue	遥远蓝
#E5EAE6	Distant Cloud	遥远云
#EAD1DA	Distant Flare	遥远闪光
#DFE4DA	Distant Haze	遥远霾
#ACDCEE	Distant Homeworld	遥远的故乡
#F1F8FA	Distant Horizon	遥远地平线
#A68A71	Distant Land	遥远大地
#E1EFDD	Distant Landscape	遥远风景
#F2F3CE	Distant Searchlight	遥远的探照灯
#C2D8E3	Distant Shore	遥远岸
#6F8DAF	Distant Sky	遥远天空
#BAC1C3	Distant Star	遥远星
#CFBDA5	Distant Tan	遥远棕褐
#7F8688	Distant Thunder	遥远雷
#C2B79A	Distant Valley	遥远山谷
#EAEFF2	Distant Wind Chime	遥远的风铃
#CCFFCC	Distilled Moss	蒸馏苔藓
#FFBBFF	Distilled Rose	蒸馏玫瑰
#C7FDB5	Distilled Venom	蒸馏毒液
#EDE3E0	Distilled Watermelon	蒸馏西瓜
#A294C9	Distinct Purple	独特的紫色
#141513	Distinctive Lack of Hue	明显缺乏色调
#F1E6CB	Distressed White	仿旧白
#FEB308	Dithered Amber	抖动琥珀
#BCDFFF	Dithered Sky	抖动的天空
#C9A0FF	Diva	天后
#0079C1	Diva Blue	天后蓝
#E1CBDA	Diva Girl	天后女孩
#B24E76	Diva Glam	天后魅力
#EE99EE	Diva Mecha	机甲女神
#FA427E	Diva Pink	天后粉
#E8B9A5	Diva Rouge	天后胭脂
#5077BA	Diva Violet	天后紫罗兰
#3C4D85	Dive In	潜水
#27546E	Diver Lady	潜水员女士
#3A797E	Diver’s Eden	潜水员的伊甸园
#A99A89	Diversion	转移
#9A7AA0	Divine	神圣
#E3E2D5	Divine Cream	神圣霜
#EEDDEE	Divine Dove	神鸽
#D8E2E1	Divine Inspiration	神圣灵感
#F4EFE1	Divine Pleasure	神圣的喜悦
#69005F	Divine Purple	神圣紫
#E6DCCD	Divine White	神圣白
#583E3E	Divine Wine	神酒
#47B07F	Divot	草皮
#CD8431	Dixie	迪克西
#D14E2F	Dizzy Days	头晕的日子
#363B43	Do Not Disturb	请勿打扰
#4B3C39	Dobunezumi Brown	土文纯棕
#95AED0	Dockside	码头边
#A0B3BC	Dockside Blue	码头蓝
#813533	Dockside Red	码头红
#F9F9F9	Doctor	医生
#A37355	Dodge Pole	道奇极点
#3E82FC	Dodger Blue	道奇蓝
#F79A12	DodgeRoll Gold	道奇滚金
#FEF65B	Dodie Yellow	多迪黄
#B68761	Doe	母鹿
#BE9F85	Doe Eyes	母鹿的眼睛
#FFF2E4	Doeskin	杜斯金
#CCC3BA	Doeskin Grey	杜斯金灰色
#E5C1D9	Dog Rose	狗玫红
#FAEAE2	Dogwood	山茱萸
#C58F94	Dogwood Bloom	山茱萸绽放
#D71868	Dogwood Rose	山茱萸玫红
#F0D9E0	Dolce Pink	甜蜜粉红
#FACFC1	Doll House	娃娃屋
#7D8774	Dollar	美元
#85BB65	Dollar Bill	美元钞票
#F590A0	Dollie	多莉
#F8EBD4	Dollop of Cream	一团奶油
#F5F171	Dolly	多莉
#FCC9B6	Dolly Cheek	多莉脸颊
#FEE8F5	Dolomite Crystal	白云石晶体
#C5769B	Dolomite Red	白云石红
#86C4DA	Dolphin	海豚
#B7B8BF	Dolphin at Play	嬉戏海豚
#659FB5	Dolphin Daze	海豚发呆
#6B6F78	Dolphin Dream	海豚梦
#CCCAC1	Dolphin Fin	海豚鳍
#C7C7C2	Dolphin Tales	海豚故事
#9C9C6E	Domain	域名
#5A5651	Dominant Grey	主导灰色
#6C5B4C	Domino	多米诺骨牌
#5A4F51	Don Juan	唐璜
#ED2C1A	Don’t Be Shy	别害羞
#115500	Donegal Green	多尼戈尔格林
#C19964	Donegal Tweed	多尼戈尔花呢
#BB7766	D?ner Kebab	烤肉串
#816E5C	Donkey Brown	驴棕
#AB4210	Donkey Kong	大金刚
#8CAEA3	Donnegal	多尼戈尔
#EDCCD6	Donquixote Doflamingo	唐吉诃德·多弗朗明哥
#FBDCA8	Doodle	涂鸦
#7C1E08	Doombull Brown	末日布尔布朗
#6E5F56	Dorado	多拉多
#ACA79E	Dorian Grey	道林·格雷
#D0888E	Doric Pink	多立克粉红
#D5CFBD	Doric White	多立克怀特
#AD947C	Dormer Brown	多默棕
#5D71A9	Dormitory	宿舍
#FFF200	Dorn Yellow	多恩·黄
#9D2C31	Dorset Naga	多塞特娜迦
#6C6868	Dotted Dove	斑鸠
#009276	Dòu Lǜ Green	豆绿
#A52939	Dòu Shā Sè Red	豆沙红
#E998B1	Double Bubble	双泡泡
#6F5245	Double Chocolate	双巧克力
#D0D2D1	Double Click	双击蓝
#F2D9A3	Double Cream	双奶油
#95BCE1	Double Denim	双牛仔蓝
#FCA044	Double Dragon	双龙
#686858	Double Duty	双重职责
#54423E	Double Espresso	双浓缩咖啡
#6D544B	Double Fudge	双软糖
#6F676B	Double Infinity	双无限
#4D786C	Double Jeopardy	双重危险
#A78C71	Double Latte	双拿铁
#E9DCBE	Double Pearl Lusta	双珍珠露斯塔
#ECE3CF	Double Scoop	双勺
#D2C3A3	Double Spanish White	双西班牙白
#F6D0B6	Dough Yellow	面团黄
#EDA057	Doughnut	甜甜圈
#6F9881	Douglas Fir Green	花旗松绿
#555500	Douro	杜罗河
#B3ADA7	Dove	鸽
#755D5B	Dove Feather	鸽羽毛
#6D6C6C	Dove Grey	鸽灰
#E6E2D8	Dove White	鸽白
#F4F2EA	Dove’s Wing	鸽子之翼
#F0E9D8	Dover Cliffs	多佛悬崖
#848585	Dover Grey	多佛灰色
#CCAF92	Dover Plains	多佛平原
#326AB1	Dover Straits	多佛海峡
#AEC3C4	Dover Surf	多佛冲浪
#F1EBDD	Dover White	多佛白
#908A83	Dovetail	燕尾榫
#838C82	Dowager	太后
#BAAFB9	Down Dog	狗
#FFF9E7	Down Feathers	羽毛
#FFDF2B	Down on the Sunflower Valley	向日葵山谷
#CBC0BA	Down-Home	家乡
#5C6242	Down-to-Earth	脚踏实地
#887B67	Downing Earth	打倒地球
#CBBCA5	Downing Sand	唐宁沙
#777F86	Downing Slate	唐宁石板
#A6A397	Downing Stone	唐宁斯通
#CAAB7D	Downing Straw	唐宁稻草
#4A4B57	Downing Street	唐宁街
#58D332	Download Progress	下载进度
#43718B	Downpour	暴雨
#092256	Downriver	下游
#7D6A58	Downtown Benny Brown	市中心本尼棕
#ADAAA2	Downtown Grey	市中心灰色
#001100	Downwell	下井
#6FD2BE	Downy	柔软
#FEAA66	Downy Feather	柔软的羽毛
#EDE9E4	Downy Fluff	绒毛
#803F3F	Dozen Roses	十二朵玫瑰
#78587D	Dr Who	神秘博士
#FAFAFA	Dr. White	怀特博士
#828344	Drab	土褐
#749551	Drab Green	土褐绿
#808101	Drably Olive	沉闷的橄榄色
#2C3539	Dracula Orchid	德古拉兰花
#FF9922	Dragon Ball	龙珠
#5DA99F	Dragon Bay	龙海湾
#9C3418	Dragon Dance	龙舞
#D75969	Dragon Fruit	龙果
#9E0200	Dragon Red	龙红
#00A877	Dragon Scale	龙鳞
#877732	Dragon Well	龙
#B84048	Dragon’s Blood	龙血
#D41003	Dragon’s Breath	龙息
#FC4A14	Dragon’s Fire	龙之火
#E7E04E	Dragon’s Gold	龙之金
#D50C15	Dragon’s Lair	龙穴
#C189BC	Dragonflies	蜻蜓
#314A76	Dragonfly	蜻蜓
#45ABCA	Dragonfly Blue	蜻蜓蓝
#6241C7	Dragonlord Purple	龙王紫
#BBB0A4	Drake Tooth	德雷克牙
#31668A	Drake’s Neck	德雷克的脖子
#1F5DA0	Drakenhof Nightshade	德拉肯霍夫茄属植物
#A37298	Drama Queen	戏剧女王
#B883B0	Drama Violet	戏剧紫罗兰
#240093	Dramatic Blue	戏剧性的蓝色
#991100	Dramatical Red	戏剧红
#4B4775	Dramatist	剧作家
#6C7179	Draw Your Sword	拔出你的剑
#D7E6EE	Dream Blue	梦蓝
#EBE2E8	Dream Dust	梦尘
#DFDAC1	Dream Grass	梦草
#35836A	Dream Green	梦绿
#F7CF26	Dream of Spring	梦春
#D5DEC3	Dream Seascape	梦幻海景
#FF77BB	Dream Setting	梦境
#EFDDE1	Dream State	梦州
#9B868D	Dream Sunset	梦日落
#CC99EE	Dream Vapour	梦蒸汽
#A5B2A9	Dreamcatcher	捕梦网
#8AC2D6	Dreaming Blue	梦蓝
#ABC1BD	Dreaming of the Day	白日梦
#B5B1BF	Dreamland	梦境
#111111	Dreamless Sleep	无梦之眠
#FFD29D	Dreams of Peach	梦桃
#C6C5C5	Dreamscape Grey	梦景灰
#9632CE	Dreamscape Purple	梦景紫
#F5D5C2	Dreamsicle	梦想冰棒
#D6E5EA	Dreamstress	梦女
#CCC6D7	Dreamweaver	织梦者
#B195E4	Dreamy Candy Forest	梦幻糖果森林
#D7EEE4	Dreamy Clouds	梦幻云
#594158	Dreamy Heaven	梦幻天堂
#E8C3D9	Dreamy Memory	梦幻记忆
#DFABCD	Dreamy Pink	梦幻粉
#FFAD61	Dreamy Sunset	梦幻日落
#3D9C96	Dreamy Teal	梦幻青
#E3D8D5	Dreamy White	梦幻白
#A6C2D0	Drenched	湿透了
#C1D1E2	Drenched Rain	大雨倾盆
#0086BB	Dresden Blue	德累斯顿蓝
#8CA8C6	Dresden Doll	德累斯顿娃娃
#8EA7B9	Dresden Dream	德累斯顿梦
#2A3244	Dress Blues	裙蓝调
#F4EBEF	Dress Pink	裙粉
#FAC7BF	Dress Up	裙
#714640	Dressed to Impress	着装给人留下深刻印象
#BB5057	Dressed to the Nines	盛装打扮
#B89D9A	Dressy Rose	盛装玫瑰
#B2ABA1	Dreyfus	德雷福斯
#898973	Dried Basil	干罗勒
#8C854F	Dried Bay Leaf	干海湾叶
#4B0101	Dried Blood	干血
#B6BF7F	Dried Caspia	干里海
#D1B375	Dried Chamomile	干洋甘菊
#B5BDA3	Dried Chervil	干山萝卜
#7B7D69	Dried Chive	干细香葱
#EBE7D9	Dried Coconut	干椰子
#4A423A	Dried Dates	干枣
#B19F80	Dried Edamame	干毛豆
#752653	Dried Flower Purple	干花紫
#E2A829	Dried Goldenrod	干黄花
#ACA08D	Dried Grass	干草
#847A59	Dried Herb	干草药
#EBE9EC	Dried Lavender	干薰衣草紫
#77747F	Dried Lavender Flowers	薰衣草干花
#5C5043	Dried Leaf	干叶
#BBBBFF	Dried Lilac	干丁香紫
#FF40FF	Dried Magenta	干品红
#C6AD6F	Dried Moss	干苔藓
#804A00	Dried Mustard	干芥末
#E1DBAC	Dried Palm	干棕榈
#D8D6CC	Dried Pipe Clay	干管粘土
#E5CEA9	Dried Plantain	干车前草
#683332	Dried Plum	干梅紫
#C33E29	Dried Saffron	干藏红花
#BBBCA1	Dried Thyme	干百里香
#A0883B	Dried Tobacco	干烟草
#AB6057	Dried Tomatoes	番茄干
#DCD8D0	Drift of Mist	漂流薄雾
#87CEFA	Drift on the Sea	漂流海
#BEB4A8	Drifting	漂流
#DBE0E1	Drifting Cloud	流云
#61736F	Drifting Downstream	顺流而下
#CCBBE3	Drifting Dream	漂流梦
#A89F93	Drifting Sand	流沙
#DFEFEB	Drifting Tide	漂流潮
#5B4276	Drifting Violet	漂流紫罗兰
#A67A45	Driftwood	浮木灰
#B6C1C8	Driftwood Blues	浮木蓝调
#A6CCD6	Drip	滴
#7A280A	Drip Coffee	滴滤咖啡
#F4E7A5	Dripping Cheese	滴奶酪
#D2DFED	Dripping Ice	滴水成冰
#BB99BB	Dripping Wisteria	滴水紫藤
#EEBB22	Drippy Honey	滴蜜
#A24857	Drisheen	德里辛
#A62E30	Drive-In Cherry	驾车樱桃
#A0AF9D	Drizzle	细雨
#989D9F	Drizzling Mist	毛毛细雨
#523839	Dro?wors	德罗沃斯
#E3C295	Dromedary	单峰骆驼
#CAAD87	Dromedary Camel	单峰骆驼
#69BD5A	Drop Green	滴绿
#FCF1BD	Drop of Lemon	滴柠檬
#AADDFF	Droplet	水滴
#BB3300	Dropped Brick	掉落的砖
#571E2F	Drops of God	神之滴
#D4AE76	Drops of Honey	蜂蜜滴
#D5D1CC	Drought	干旱
#FBEB9B	Drover	牧牛人
#D4DBE1	Drowsy Lavender	昏昏欲睡的薰衣草
#842994	Druchii Violet	杜鲁奇紫罗兰
#427131	Druid Green	德鲁伊绿
#A66E4B	Drum Solo	鼓独奏
#E7D7B9	Drumskin	鼓皮
#DD11DD	Drunk-Tank Pink	醉坦克粉红
#33DD88	Drunken Dragonfly	醉蜻蜓
#FF55CC	Drunken Flamingo	醉火烈鸟
#EADFCE	Dry Bone	干骨白
#968374	Dry Brown	干棕
#B9BDAE	Dry Catmint	干猫薄荷
#BD5C00	Dry Clay	干黏土
#D8C7B6	Dry Creek	干小溪
#817665	Dry Dock	干码头
#EFDFCF	Dry Dune	干沙丘
#C6B693	Dry Earth	干土
#9EA26B	Dry Grass	干草
#909373	Dry Hemlock	干铁杉
#2BA727	Dry Highlighter Green	干荧光笔绿
#CFBF8B	Dry Leaf	干叶
#C7D9CC	Dry Lichen	干地衣
#769958	Dry Moss	干苔藓
#777672	Dry Mud	干泥
#948971	Dry Pasture	干牧场
#DE7E5D	Dry Peach	干桃
#D2C5AE	Dry Riverbed	干涸的河床
#C22F4D	Dry Rose	干玫红
#8C8B76	Dry Sage	干鼠尾草
#EAE4D6	Dry Sand	干沙
#D4CECD	Dry Season	干季节
#C7DC68	Dry Seedlings	干苗
#B09A77	Dry Starfish	干海星
#33312D	Dryad Bark	树妖树皮
#F25F66	Dubarry	杜巴里
#AE8B64	Dubbin	杜宾
#73BE6E	Dublin	都柏林
#6FAB92	Dublin Jack	都柏林杰克
#D5B688	Dubloon	杜布隆
#5B2C31	Dubonnet	杜邦内
#6F7766	Dubuffet Green	杜布菲绿
#763D35	Ducal	公爵
#CE9096	Ducal Pink	公爵粉红
#16A0A6	Ducati	杜卡迪
#D1DBC7	Duchamp Light Green	杜尚浅绿色
#9B909D	Duchess Lilac	丁香公爵夫人
#F7AA97	Duchess Rose	玫瑰公爵夫人
#DDC75B	Duck Butter	鸭黄油
#C8E3D2	Duck Egg Cream	鸭蛋奶油
#53665C	Duck Green	鸭绿
#005800	Duck Hunt	鸭子狩猎
#CC9922	Duck Sauce	鸭酱
#E9D6B1	Duck Tail	鸭尾
#6A695A	Duck Willow	鸭柳
#CCDFE8	Duck’s Egg Blue	鸭蛋蓝
#FFFF11	Duckie Yellow	鸭黄
#FCB057	Duckling	小鸭
#FAFC5D	Duckling Fluff	小鸭绒毛
#AEACAC	Duct Tape Grey	管道胶带灰
#464E3F	Duffel Bag	行李袋
#71706E	Dugong	儒艮
#00009C	Duke Blue	杜克蓝
#D6851F	Dulce de Leche	牛奶汁
#9AD4D8	Dulcet	杜尔塞特
#F0E2E4	Dulcet Pink	甜美粉色
#59394C	Dulcet Violet	杜尔塞紫罗兰
#D6D4E6	Dulcinea	杜尔西内亚
#727171	Dull	暗
#D09C97	Dull Apricot	暗杏
#49759C	Dull Blue	暗蓝
#876E4B	Dull Brown	暗棕
#DCD6D3	Dull Desert	暗沙漠
#8F6D73	Dull Dusky Pink	暗暗粉
#8A6F48	Dull Gold	暗金
#74A662	Dull Green	暗绿
#A899E6	Dull Lavender	暗薰衣草紫
#E5D9B4	Dull Light Yellow	暗浅黄
#8D4856	Dull Magenta	暗品红
#7D7485	Dull Mauve	暗淡紫
#7A7564	Dull Olive	暗橄榄
#D8863B	Dull Orange	暗橙
#D5869D	Dull Pink	暗粉
#84597E	Dull Purple	暗紫
#BB3F3F	Dull Red	暗红
#DBD4AB	Dull Sage	暗鼠尾草
#5F9E8F	Dull Teal	暗青
#557D73	Dull Turquoise	暗青
#803790	Dull Violet	暗紫罗兰
#EEDC5B	Dull Yellow	暗黄
#F7DDAA	Dumpling	饺子
#80B4DC	Dun Morogh Blue	丹莫罗蓝
#D5C0A1	Dune	沙丘
#C3A491	Dune Beige	沙丘米色
#B88D70	Dune Drift	沙丘漂流
#CBC5B1	Dune Grass	沙丘草
#E9AA71	Dune King	沙丘王
#867665	Dune Shadow	沙丘暗影
#E2BB88	Dune View	沙丘景
#514F4A	Dunes Manor	沙丘庄园
#EF3038	Dungeon Keeper	地牢守护者
#D9ECE6	Dunnock Egg	邓诺克蛋
#6E6064	Duomo	大教堂
#58A0BC	Dupain	杜潘
#442211	Duqqa Brown	杜卡棕
#566777	Durango Blue	杜兰戈蓝
#FBE3A1	Durango Dust	杜兰戈灰尘
#FFB978	Durazno Maduro	杜拉兹诺·马杜罗
#FFD8BB	Durazno Palido	杜拉兹诺·帕利多
#5D8A9B	Durban Sky	德班天空
#B07939	Durian	榴莲
#E5E0DB	Durian Smell	榴莲味
#E6D0AB	Durian White	榴莲白
#E1BD27	Durian Yellow	榴莲黄
#F06126	Durotar Fire	杜隆塔尔之火
#4E5481	Dusk	黄昏
#D2CAC8	Dusk in the Valley	黄昏山谷
#9A7483	Dusk Wine	黄昏酒红
#123D55	Duskwood	暮色森林
#C3ABA8	Dusky	暗
#296767	Dusky Alpine Blue	暗高山蓝
#774400	Dusky Brown	暗棕
#E1C779	Dusky Citron	暗色香橼
#7D6D70	Dusky Cyclamen	暗色仙客来
#B98478	Dusky Damask	暗花缎
#E5E1DE	Dusky Dawn	暗黎明
#877F95	Dusky Grape	暗葡萄
#7A705B	Dusky Green	暗绿
#8E969E	Dusky Grouse	暗色松鸡
#A77572	Dusky Haze	暗霾
#B2A09E	Dusky Hyacinth	暗风信子
#D6CBDA	Dusky Lilac	暗丁香紫
#A39B7E	Dusky Meadows	暗色草甸
#979BA8	Dusky Mood	暗情绪
#EDECD7	Dusky Moon	暗月
#D5CBC3	Dusky Morn	暗晨
#873E1A	Dusky Orange	暗橙
#A07A89	Dusky Orchid	暗兰花紫
#95978F	Dusky Parakeet	暗色鹦鹉
#CC7A8B	Dusky Pink	暗粉
#895B7B	Dusky Purple	暗紫
#BA6873	Dusky Rose	暗玫红
#E1CEC7	Dusky Sand	暗沙
#C9BDB7	Dusky Taupe	暗灰褐
#D0BFBE	Dusky Violet	暗紫罗兰
#FFFF05	Dusky Yellow	暗黄
#B2996E	Dust	尘
#E2D8D3	Dust Bowl	尘碗
#C8B6A6	Dust Bunny	尘小兔
#C6C8BE	Dust Green	尘绿
#CFC9DF	Dust of the Moon	尘月
#E7D3B7	Dust Storm	尘风暴
#BBBCBC	Dust to Dust	尘归尘
#959BA0	Dustblu	尘蓝
#CC7357	Dusted Clay	粘土粉
#BEA775	Dusted Olive	撒上橄榄粉
#696BA0	Dusted Peri	沾满灰尘的佩里
#9C8373	Dusted Truffle	松露粉
#E7ECE8	Dusting Powder	撒粉
#685243	Dustwallow Marsh	尘泥沼泽
#BDDACA	Dusty Aqua	尘封水色
#BFB6A3	Dusty Attic	尘土飞扬的阁楼
#8093A4	Dusty Blue	尘封蓝
#F3C090	Dusty Boots	尘封靴
#9A7E68	Dusty Canyon	尘封峡谷
#DD9592	Dusty Cedar	尘封雪松
#847163	Dusty Chestnut	尘封栗
#888899	Dusty Chimney	布满灰尘的烟囱
#D29B83	Dusty Coral	尘封珊瑚
#97A2A0	Dusty Dream	尘封梦
#B18377	Dusty Duchess	尘土飞扬的公爵夫人
#D7B999	Dusty Gold	尘封金
#76A973	Dusty Green	尘封绿
#CDCCD0	Dusty Grey	尘封灰
#8990A3	Dusty Heather	尘封石楠
#F1DDBE	Dusty Ivory	尘封象牙
#71AF98	Dusty Jade Green	尘封翡翠绿
#AC86A8	Dusty Lavender	尘封薰衣草紫
#D3CACD	Dusty Lilac	尘封丁香紫
#716D63	Dusty Mountain	尘封山
#676658	Dusty Olive	尘封橄榄
#E16D4F	Dusty Orange	尘封橙
#8C7763	Dusty Path	尘封径
#D58A94	Dusty Pink	尘封粉
#D7D0E1	Dusty Plum	尘封梅紫
#825F87	Dusty Purple	尘封紫
#B9484E	Dusty Red	尘封红
#B56F76	Dusty Rose	尘封玫红
#C0AA9F	Dusty Rosewood	尘封花梨木
#BDBAAE	Dusty Sand	尘封沙
#95A3A6	Dusty Sky	尘封天空
#4C9085	Dusty Teal	尘封青
#C9BBA3	Dusty Trail	尘封小径
#C3B9A6	Dusty Trail Rider	尘土飞扬的小道骑手
#598A8F	Dusty Turquoise	尘封青
#BAB7B3	Dusty Warrior	尘封战士
#CFC88F	Dusty Yellow	尘封黄
#4E6594	Dutch Blue	荷兰蓝
#8C706A	Dutch Cocoa	荷兰可可
#A5ABB6	Dutch Jug	荷兰壶
#404B56	Dutch Licorice	荷兰甘草
#DFA837	Dutch Orange	荷兰橙
#9AABAB	Dutch Tile Blue	荷兰瓷砖蓝
#F0DFBB	Dutch White	荷兰白
#C9A7AC	Dutchess Dawn	达奇斯黎明
#0F8B8E	Duvall	杜瓦尔
#1D0200	Dwarf Fortress	矮人要塞
#AF7B57	Dwarf Pony	矮马
#C8AC89	Dwarf Rabbit	矮兔
#71847D	Dwarf Spruce	矮云杉
#BF652E	Dwarven Bronze	矮人青铜
#FFA07A	Dwarven Peaches	矮人桃子
#EFDFE7	Dwindling Damon	日渐衰弱的达蒙
#F9E9D6	Dwindling Dandelion	减少的蒲公英
#CCE1EE	Dwindling Denim	缩小牛仔布
#7B99B0	Dyer’s Woad	戴尔的菘蓝
#364141	Dying Light	消逝之光
#669C7D	Dying Moss	垂死苔
#111166	Dying Storm Blue	垂死风暴蓝
#D5B266	Dylan Velvet	迪伦·天鹅绒
#6D5160	Dynamic	动感
#1F1C1D	Dynamic Black	动感黑
#0192C6	Dynamic Blue	动感蓝
#A7E142	Dynamic Green	动感绿
#8A547F	Dynamic Magenta	动感品红
#FFE36D	Dynamic Yellow	动感黄
#FF4422	Dynamite	炸药红
#DD3311	Dynamite Red	炸药红
#953D68	Dynamo	迪纳摩
#C7CBBE	Dynasty Celadon	青瓷
#F8D77F	E. Honda Beige	E.本田米色
#A26C36	Eagle	鹰
#736665	Eagle Eye	鹰眼
#7D776C	Eagle Ridge	鹰山岭
#5C5242	Eagle Rock	鹰岩石
#8D7D68	Eagle’s Meadow	老鹰草地
#D4CBCC	Eagle’s View	鹰的观点
#8A693F	Eagles Nest	鹰巢
#E9D9C0	Eaglet Beige	小鹰米色
#466B82	Eames for Blue	埃姆斯代表蓝色
#416659	Earhart Emerald	埃尔哈特翡翠
#747A64	Earl Green	厄尔·格林
#A6978A	Earl Grey	伯爵茶
#B8A722	Earls Green	伯爵格林
#FFE5ED	Early Blossom	早花
#EAE7E7	Early Crocus	早番红花
#797287	Early Dawn	早黎明
#44AA00	Early Dew	早露
#D3D6E9	Early Dog Violet	早狗紫罗兰
#CAC7BF	Early Evening	早傍晚
#BAE5EE	Early Forget-Me-Not	早期的勿忘我
#DAE3E9	Early Frost	早霜
#B9BE82	Early Harvest	早丰收
#A5DDEA	Early July	早七月
#B1D2DF	Early June	早六月
#ADCDDC	Early September	早九月
#FDF3E4	Early Snow	早雪
#96BC4A	Early Spring	早春
#3C3FB1	Early Spring Night	早春夜
#E6D7A0	Early Sprout	早芽
#F3E3D8	Early Sunset	早日落
#A2653E	Earth	土
#49433B	Earth Black	土黑
#4F1507	Earth Brown	土棕
#705364	Earth Brown Violet	土棕紫罗兰
#C7AF88	Earth Chi	土气
#664B40	Earth Chicory	土菊苣
#8C4F42	Earth Crust	土壳
#71BAB4	Earth Eclipse	土日蚀
#785240	Earth Fired Red	土烧红
#C6BA92	Earth Friendly	土友好
#545F5B	Earth Green	土绿
#E3EDC8	Earth Happiness	地球幸福
#B57770	Earth Rose	土玫红
#A06E57	Earth Tone	土调
#BF9F91	Earth Warming	地球暖化
#E1A95F	Earth Yellow	土黄
#A48A80	Earthbound	接地气绿
#667971	Earthen Cheer	土林欢呼
#A85E39	Earthen Jug	土罐
#D1AC71	Earthen Sienna	土色黄土色
#A89373	Earthenware	陶器
#DED6C7	Earthling	地球人
#AB8A68	Earthly Delight	尘世的喜悦
#693C3B	Earthly Pleasures	尘世的快乐
#9D8675	Earthnut	落花生
#8C7553	Earthquake	地震
#C3816E	Earthworm	蚯蚓
#B7A996	Earthy Beige	泥土米色
#C5B28B	Earthy Cane	土质手杖
#666600	Earthy Khaki Green	泥土卡其绿
#B89E78	Earthy Ochre	泥土赭
#FAE3E3	Eased Pink	缓和粉红色
#B29D8A	Easily Suede	轻松麂皮
#878B46	East Aurora	东奥罗拉
#47526E	East Bay	东湾
#B0EEE2	East Cape	东角
#F8E587	East of the Sun	太阳东边
#AA8CBC	East Side	东区
#EBE5EB	Easter Bunny	复活节兔子
#8E97C7	Easter Egg	复活节彩蛋
#8CFD7E	Easter Green	复活节绿
#E6E1E2	Easter Orchid	复活节兰花
#C071FE	Easter Purple	复活节紫
#C7BFC3	Easter Rabbit	复活节兔子
#EBB67E	Eastern Amber	东琥珀
#5E5D3D	Eastern Bamboo	东竹
#00879F	Eastern Blue	东蓝
#748695	Eastern Bluebird	东蓝鸫
#DAE0E6	Eastern Breeze	东微风
#B89B6C	Eastern Gold	东金
#8FC1D2	Eastern Sky	东天空
#DBA87F	Eastern Spice	东辛香
#EDE6D5	Eastern Wind	东风
#DBD7D2	Eastern Wolf	东狼
#7C6042	Eastlake	东湖
#C28E61	Eastlake Gold	东湖金
#887D79	Eastlake Lavender	东湖薰衣草
#A9A482	Eastlake Olive	东湖橄榄
#BEB394	Easy	简单
#AACDD8	Easy Breezy	轻松轻松
#9EB1AE	Easy Breezy Blue	轻松蓝
#9FB289	Easy Green	安逸绿
#F9ECB6	Easy on the Eyes	养眼
#98B389	Easygoing Green	随和绿色
#696845	Eat Your Greens	吃掉你的青菜
#80987A	Eat Your Peas	吃你的豌豆
#BB9F60	Eaton Gold	伊顿黄金
#E4BBD1	Eau de Rose	玫瑰之水
#CECDAD	Eaves	屋檐
#E6D8D4	Ebb	退潮
#7893A0	Ebb Tide	落潮
#688D8A	Ebbing Tide	退潮
#773C30	Ebi Brown	埃比棕
#5E2824	Ebicha Brown	海老茶棕
#6D2B50	Ebizome Purple	葡萄染紫
#313337	Ebony	乌木
#323438	Ebony Clay	乌木黏土
#4A4741	Ebony Keys	乌木钥匙
#B06A40	Ebony Lips	乌木唇
#2C3227	Ebony Wood	乌木木
#FFFFEE	Eburnean	埃伯尼安
#B576A7	Eccentric Magenta	偏心洋红色
#968A9F	Eccentricity	偏心
#E7D8BE	Echelon Ecru	梯队本白
#FFA565	Echinoderm	棘皮动物
#FFA756	Echinoidea Thorns	海胆荆棘
#D7E7E0	Echo	回声
#B6DFF4	Echo Iris	回声鸢尾
#95B5DB	Echo Isles Water	回声岛水
#D8DFDF	Echo Mist	回声薄雾
#629DA6	Echo One	回声
#758883	Echo Park	回声公园
#E6E2D6	Echo Valley	回声山谷
#EEDEDD	Echoes of Love	爱的回声
#7E4930	éclair au Chocolat	巧克力泡芙
#AAAFBD	Eclectic	折衷
#8C6E67	Eclectic Plum	折衷梅子
#483E45	Eclectic Purple	折衷紫
#3F3939	Eclipse	日蚀
#456074	Eclipse Blue	日蚀蓝
#1F2133	Eclipse Elixir	日蚀灵药
#A89768	Eco Green	生态绿
#677F70	Ecological	生态
#A8916C	Ecosystem	生态系统
#C2B280	Ecru	本白
#A48D83	Ecru Ochre	本白赭
#A08942	Ecru Olive	本白橄榄
#D5CDB4	Ecru Wealth	本色财富
#D6D1C0	Ecru White	本白
#C96138	Ecstasy	狂喜
#AA1122	Ecstatic Red	狂喜红
#FFFF7E	Ecuadorian Banana	厄瓜多尔香蕉
#9CA389	Edamame	毛豆绿
#EEE8D9	Edelweiss	雪绒花
#266255	Eden	伊甸绿
#95863C	Eden Prairie	伊甸草原
#54585E	Edge of Black	边缘黑
#330044	Edge of Space	边缘太空
#303D3C	Edge of the Galaxy	银河边缘
#C1D8C5	Edgewater	水边蓝
#B1975F	Edgy Gold	锋芒金
#BF9A67	Edgy Green	前卫的绿色
#BA3D3C	Edgy Red	前卫红
#A13D2D	Edocha	江户茶
#F6EDE0	Edwardian Lace	爱德华时代的蕾丝
#CC9DA4	Edwardian Rose	爱德华时代的玫瑰
#1B1B1B	Eerie Black	诡异黑
#A9D6BA	Eerie Glow	诡异辉光
#FBF4D1	Effervescent	泡腾
#00315A	Effervescent Blue	泡腾蓝
#98DA2C	Effervescent Lime	泡腾青柠
#01FF07	EGA Green	EGA绿
#C1E7EB	Egg Blue	蛋蓝
#FFD98C	Egg Cream	蛋奶油
#DCCAA8	Egg Liqueur	蛋奶利口酒
#F1E3BD	Egg Noodle	蛋面条
#F9E4C5	Egg Sour	蛋酸
#F2C911	Egg Toast	蛋吐司
#E2E1C8	Egg Wash	蛋洗
#FFEFC1	Egg White	蛋白
#FFCE81	Egg Yolk	蛋黄
#FFDB0B	Egg Yolk Sunrise	蛋黄日出
#E6C7A2	Egghead	蛋头
#FDEA9F	Eggnog	蛋奶酒
#430541	Eggplant	茄紫
#656579	Eggplant Ash	茄紫灰
#531B93	Eggplant Tint	茄紫调
#F0EAD6	Eggshell	蛋壳白
#A3CCC9	Eggshell Blue	蛋壳蓝
#F5EEDB	Eggshell Cream	蛋壳奶油
#E2BE9F	Eggshell Paper	蛋壳纸
#BEA582	Eggshell Pongee	蛋壳春亚纺
#F3E4DC	Eggshell White	蛋壳白
#F4ECE1	Egret	白鹭
#DFD9CF	Egret White	白鹭白
#1034A6	Egyptian Blue	埃及蓝
#005C69	Egyptian Enamel	埃及珐琅
#EFA84C	Egyptian Gold	埃及金
#08847C	Egyptian Green	埃及绿
#7A4B3A	Egyptian Jasper	埃及碧玉
#FEBCAD	Egyptian Javelin	埃及标枪
#70775C	Egyptian Nile	埃及尼罗
#C19A7D	Egyptian Pyramid	埃及金字塔
#983F4A	Egyptian Red	埃及红
#BEAC90	Egyptian Sand	埃及沙
#008C8D	Egyptian Teal	埃及青
#D6B378	Egyptian Temple	埃及寺
#3D496D	Egyptian Violet	埃及紫罗兰
#E5F1EC	Egyptian White	埃及白
#E1DED7	Eider White	绒毛白
#E6DBC6	Eiderdown	鸭绒被
#998E83	Eiffel Tower	埃菲尔铁塔
#16161D	Eigengrau	艾根格劳
#7799BB	Eiger Nordwand	艾格峰诺德旺德
#03050A	Eight Ball	八号球
#552299	Eine Kleine Nachtmusik	小夜曲
#D2BE9D	Eire	爱尔兰
#B7A696	El Capitan	埃尔卡皮坦
#946E48	El Caramelo	埃尔卡拉梅洛
#A97F3C	El Dorado	埃尔多拉多
#D0CACD	El Ni?o	厄尔尼诺现象
#39392C	El Paso	埃尔帕索
#8F4E45	El Salva	萨尔瓦
#DAC4A9	Elafonisi Beach	埃拉福尼西海滩
#ECA6CA	Elastic Pink	弹性粉
#DFDCE5	Elation	兴高采烈
#ECC083	Eldar	灵族
#ED8A09	Elden Ring Orange	埃尔登戒指 橙
#AFA892	Elder Creek	埃尔德溪
#2E2249	Elderberry	接骨木莓紫
#1E323B	Elderberry Black	接骨木黑
#AEA8B0	Elderberry Grey	接骨木灰
#EAE5CF	Elderberry White	接骨木白
#FBF9E8	Elderflower	接骨木花
#40373E	Eleanor Ann	埃莉诺·安
#110320	Election Night	选举之夜
#55B492	Electra	伊莱克特拉
#F7F7CB	Electric Arc	电弧
#FBFF00	Electric Banana	电光香蕉
#E23D2A	Electric Blood	电光血
#7DF9FF	Electric Blue	电光蓝
#B56257	Electric Brown	电光棕
#FF003F	Electric Crimson	电光深红
#0FF0FC	Electric Cyan	电光青
#88BBEE	Electric Eel	电光鳗鱼
#C9E423	Electric Energy	电光能量
#FC74FD	Electric Flamingo	电光火烈鸟
#FFD100	Electric Glow	电光辉光
#21FC0D	Electric Green	电光绿
#6600FF	Electric Indigo	电光靛蓝
#26FF2A	Electric Laser Lime	电光激光柠
#F4BFFF	Electric Lavender	电光薰衣草紫
#89DD01	Electric Leaf	电光叶
#5CDCF1	Electric Lemonade	电光柠檬水
#7BD181	Electric Lettuce	电光生菜
#F2E384	Electric Light Orchestra	电灯乐团
#CCFF00	Electric Lime	电光青柠
#FF3503	Electric Orange	电光橙
#CD00FE	Electric Orchid	电光兰花紫
#00FF04	Electric Pickle	电泡菜
#FF0490	Electric Pink	电光粉
#BF00FF	Electric Purple	电光紫
#E60000	Electric Red	电光红
#55FFFF	Electric Sheep	电光羊
#909FBA	Electric Sky	电光天空
#9DB0B9	Electric Slide	电动滑梯
#3F00FF	Electric Ultramarine	电光群青
#8F00F1	Electric Violet	电光紫罗兰
#FFFC00	Electric Yellow	电光黄
#5665A0	Electrify	通电
#D41C4E	Electrifying Kiss	电热之吻
#89D1CB	Electro Chill	电冷
#2E3840	Electromagnetic	电磁
#0881D1	Electron Blue	电子蓝
#556D88	Electronic	电子
#E7C697	Electrum	琥珀金
#AC8E73	Elegant Earth	优雅土
#C4B9B7	Elegant Ice	优雅冰
#F1E6D6	Elegant Ivory	优雅象牙
#FDCACA	Elegant Light Rose	优雅浅玫红
#5500BB	Elegant Midnight	优雅午夜
#48516A	Elegant Navy	优雅海军蓝
#552367	Elegant Purple Gown	优雅紫色礼服
#217F74	Elegant Silk	优雅丝
#F5F0E1	Elegant White	优雅白
#D0D3D3	Elemental	元素灰
#969783	Elemental Green	元素绿
#A0A09F	Elemental Grey	元素灰
#CAB79C	Elemental Tan	元素棕褐色
#817162	Elephant	象
#9E958D	Elephant Cub	小象
#988F85	Elephant Ear	象耳
#95918C	Elephant Grey	象灰
#A8A9A8	Elephant in the Room	显而易见
#88817A	Elephant Skin	象肌肤
#C0E8D8	Elephant Toothpaste	大象牙膏
#B3C3D4	Elevated	升高
#B5CED5	Elevation	海拔
#1B8A6B	Elf	精灵
#F7C985	Elf Cream	精灵霜
#68B082	Elf Shoe	精灵鞋
#A6A865	Elf Slippers	精灵拖鞋
#9DD196	Elfin Games	精灵游戏
#CAB4D4	Elfin Herb	精灵药草
#EDDBE9	Elfin Magic	精灵魔法
#EBE885	Elfin Yellow	精灵黄
#D8D7B9	Elise	伊莉斯
#1B3053	Elite Blue	精英蓝
#133700	Elite Green	精英绿
#BB8DA8	Elite Pink	精英粉
#133337	Elite Teal	精英青
#987FA9	Elite Wisteria	精英紫藤
#F4D7DC	Eliza Jane	伊丽莎·简
#A1B8D2	Elizabeth Blue	伊丽莎白蓝
#FADFD2	Elizabeth Rose	伊丽莎白·罗斯
#A58D72	Elk	马鹿
#CABCA4	Elk Antler	麋鹿角
#E9E2D3	Elk Horn	麋鹿角
#EAE6DC	Elk Skin	马鹿肌肤
#897269	Elkhound	猎鹿犬
#E2C8B7	Ellen	艾伦
#AAA9A4	Ellie Grey	艾莉·格雷
#ADB6BD	Elliott Bay	埃利奥特湾
#778070	Ellis Mist	埃利斯·米斯特
#297B76	Elm	榆
#B25B09	Elm Brown Red	榆棕红
#577657	Elm Green	榆绿
#264066	Elmer’s Echo	埃尔默的回声
#8C7C61	Elmwood	埃尔姆伍德
#FFE8AB	Elote	埃洛特
#D2CFCC	Elusion	逃避
#FED7CF	Elusive	难以捉摸
#DDE4E8	Elusive Blue	难捉摸蓝
#D5BFAD	Elusive Dawn	难以捉摸的黎明
#CDBFC6	Elusive Dream	难捉摸的梦
#DEC4D2	Elusive Mauve	难捉摸淡紫
#D4C0C5	Elusive Violet	难以捉摸的紫罗兰
#E8E3D6	Elusive White	难捉摸白
#F7CF8A	Elven Beige	精灵米色
#6CA024	Elven Olympics	精灵奥林匹克
#7A8716	Elwynn Forest Olive	艾尔文森林橄榄
#9AAE07	Elysia Chlorotica	绿叶海天牛
#A5B145	Elysian Green	极乐绿
#CE9500	Elysium Gold	极乐世界金
#B4A3BB	Emanation	放射
#5D4643	Embarcadero	内河码头
#EE7799	Embarrassed	尴尬
#996611	Embarrassed Frog	尴尬的青蛙
#BBAAA5	Embarrassed Shadow	尴尬的影子
#FF7777	Embarrassment	尴尬
#8BC7C8	Embellished Blue	点缀蓝
#CBDEE2	Embellishment	点缀
#792445	Ember Red	灰烬红
#EA6759	Emberglow	余烬辉光
#E8B8A7	Embrace	拥抱
#246453	Embracing	拥抱
#B8DCA7	Embroidered Silk	绣丝
#D4BEBF	Embroidery	刺绣
#028F1E	Emerald	祖母绿
#4CBDAC	Emerald Bliss	祖母绿极乐
#6A7E5F	Emerald City	祖母绿城
#4F8129	Emerald Clear Green	祖母绿清澈绿
#009185	Emerald Coast	祖母绿海岸
#52C170	Emerald Cory	翡翠猫鱼
#007A5E	Emerald Dream	祖母绿梦
#018B79	Emerald Enchantment	翡翠结界
#224347	Emerald Forest	祖母绿森林
#66BB00	Emerald Glitter	祖母绿闪光
#046307	Emerald Green	祖母绿
#2AF589	Emerald Ice Palace	祖母绿冰宫殿
#019157	Emerald Isle	祖母绿岛
#069261	Emerald Lake	祖母绿湖
#00A267	Emerald Light Green	祖母绿浅绿
#67A195	Emerald Oasis	祖母绿绿洲
#155E60	Emerald Pool	祖母绿池
#80C872	Emerald Rain	祖母绿雨
#50C878	Emerald Reflection	祖母绿倒影
#578758	Emerald Ring	祖母绿环
#50C777	Emerald Rush	祖母绿奔涌
#78944A	Emerald Shimmer	祖母绿闪烁
#095155	Emerald Spring	祖母绿春
#11BB11	Emerald Starling	翡翠椋鸟
#016360	Emerald Stone	祖母绿石
#55AAAA	Emerald Succulent	祖母绿多肉
#2B5F3C	Emerald Temple	祖母绿寺
#4FB3A9	Emerald Wave	祖母绿波浪
#2B8478	Emerald Whispers	翡翠低语
#5C6B8F	Emerald-Crested Manakin	翠冠侏儒鸟
#911911	Emergency	紧急情况
#E36940	Emergency Zone	紧急区域
#E1E1CF	Emerging Leaf	新叶
#B8A196	Emerging Taupe	新兴灰褐色
#3E6058	Emerson	艾默生
#CAA78C	Emery Board	金刚砂板
#6E3974	Eminence	杰出人物
#7A6841	Eminent Bronze	杰出铜牌
#FFDE34	Emoji Yellow	表情符号黄色
#C65F47	Emotional	情绪蓝
#856D70	Emotive Ring	情感戒指
#79573A	Emperador	皇帝
#50494A	Emperor	帝王紫
#AC2C32	Emperor Cherry Red	帝王樱桃红
#007B75	Emperor Jade	帝王翡翠
#715A8D	Emperor Jewel	帝珠
#F0A0B6	Emperor’s Children	皇帝的孩子们
#B0976D	Emperor’s Gold	皇帝金
#99959D	Emperor’s Robe	皇帝的袍子
#00816A	Emperor’s Silk	皇帝丝绸
#858070	Empire	帝国
#6193B4	Empire Blue	帝国蓝
#C19F6E	Empire Gold	帝国金
#E0DBD3	Empire Porcelain	帝国瓷器
#93826A	Empire Ranch	帝国牧场
#E7C5C1	Empire Rose	帝国玫红
#D9DBDF	Empire State Grey	帝国州灰
#9264A2	Empire Violet	帝国紫罗兰
#F7D000	Empire Yellow	帝国黄
#B54644	Empower	赋能
#7C7173	Empress	女皇紫
#2A9CA0	Empress Envy	女皇嫉妒绿
#C7DEED	Empress Lila	莉拉皇后
#10605A	Empress Teal	女皇青色
#FCFDFC	Emptiness	空虚
#756E6D	Emu	鸸鹋
#3D8481	Emu Egg	鸸鹋蛋
#D0C5BE	En Plein Air	户外活动
#427F85	Enamel Antique Green	珐琅古旧绿
#00758E	Enamel Blue	珐琅蓝
#BACCA8	Enamel Green	珐琅绿
#54C589	Enamelled Dragon	珐琅龙
#045C61	Enamelled Jewel	珐琅宝石
#C67D84	Enamoured	迷恋
#F7EBD6	Encaje Aperlado	恩卡耶阿佩拉多
#FD0202	Encarnado	恩卡纳多
#D1C6D2	Enchant	附魔
#C9E2CF	Enchanted	魔法
#047495	Enchanted Blue	魔法蓝
#7ED89A	Enchanted Emerald	魔法祖母绿
#79837F	Enchanted Eve	魔法前夕
#D3E9EC	Enchanted Evening	魔法傍晚
#5C821A	Enchanted Forest	魔法森林
#166D29	Enchanted Glen	魔法谷
#8EC5C0	Enchanted Isle	魔法岛
#BFA3D9	Enchanted Lavender	魔法薰衣草紫
#A893C1	Enchanted Lilac	魔法丁香紫
#B1D4B7	Enchanted Meadow	魔法草地
#2D4A71	Enchanted Navy	魔法海军蓝
#B5B5BD	Enchanted Silver	魔法银
#3994AF	Enchanted Well	魔法
#94895F	Enchanted Wood	魔法木
#82BADF	Enchanting	迷人紫
#AC7435	Enchanting Ginger	迷人的姜
#315955	Enchanting Ivy	迷人常春藤
#276DD6	Enchanting Sapphire	迷人蓝宝石
#7886AA	Enchanting Sky	迷人天空
#5D3A47	Enchantress	妖姬
#6D7383	Encore	安可
#30525B	Encore Teal	安可青色
#FF9552	Encounter	相遇
#CC8F15	End of Summer	夏末
#D2EED6	End of the Rainbow	彩虹的尽头
#FFD8A1	Endearment	恩爱
#29598B	Endeavour	努力
#8B6F64	Ending Autumn	结束秋天
#FCC9B9	Ending Dawn	黎明结束
#1C305C	Ending Navy Blue	结束海军蓝
#A9AF99	Ending Spring	结束春天
#CEE1C8	Endive	苦菊
#5B976A	Endless	无尽
#9DCDE5	Endless Blue	无尽蓝
#000044	Endless Galaxy	无尽银河
#B1DBF5	Endless Horizon	无尽地平线
#567AAD	Endless River	无尽河
#32586E	Endless Sea	无尽海
#DDDDBB	Endless Silk	无尽丝
#CAE3EA	Endless Sky	无尽天空
#B1AAB3	Endless Slumber	无尽沉睡
#F7CF00	Endless Summer	无尽夏
#5DA464	Endo	远藤
#586683	Enduring	持久
#554C3E	Enduring Bronze	持久青铜
#EBE8DB	Enduring Ice	持久冰
#D85739	Energetic Orange	活力橙
#F3C6CC	Energetic Pink	活力粉
#B300B3	Energic Eggplant	活力茄子
#7CCA6B	Energise	活力橙
#D2D25A	Energised	充满活力
#C0E740	Energos	能源公司
#FF9532	Energy Orange	能量橙
#BB5F60	Energy Peak	能量山峰
#F5D752	Energy Yellow	能量黄
#A73211	Enfield Brown	恩菲尔德棕
#C2C6C0	Engagement Silver	订婚银
#A17548	English Bartlett	英语巴特利特
#441111	English Breakfast	英式早餐
#4E6173	English Channel	英吉利海峡蓝
#CBD3E6	English Channel Fog	英吉利海峡雾
#C64A55	English Coral	英国珊瑚
#E2B66C	English Custard	英国蛋奶
#FFCA46	English Daisy	英国雏菊
#606256	English Forest	英国森林
#1B4D3F	English Green	英国绿
#274234	English Holly	英国冬青
#B5C9D2	English Hollyhock	英国蜀葵
#689063	English Ivy	英国常春藤
#9D7BB0	English Lavender	英国薰衣草紫
#7181A4	English Manor	英国庄园灰
#028A52	English Meadow	英国草地
#AB4B52	English Red	英国红
#3C768A	English River	英国河
#F4C6C3	English Rose	英国玫红
#E9C9CB	English Rosebud	英国玫瑰花蕾
#8E6947	English Saddle	英国马鞍棕
#E9CFBB	English Scone	英国司康
#CC474B	English Vermillion	英语朱红
#563D5D	English Violet	英国紫罗兰
#3E2B23	English Walnut	英国核桃
#F5F3E9	Engulfed in Light	被光吞噬
#D2A5BE	Enhance	增强蓝
#BDBF35	Enigma	谜紫
#7E7275	Enigmatic	神秘
#EAD4C4	Enjoy	享受黄
#F5D6A9	Enjoyable Yellow	愉快的黄色
#E3EAD6	Enlightened Lime	开明的石灰
#F8FAEE	Enoki	金针菇白
#FFEEDD	Enokitake Mushroom	金针菇
#898C4A	Enough Is Enough	够了够了
#EE0044	Enraged	暴怒红
#CB6649	Enshūcha Red	远州茶红
#3C4F6E	Ensign Blue	少尉蓝色
#EC6D51	Entan Red	恩檀红
#65788C	Enterprise	进取蓝
#AC92B0	Enthroned Above	登基于上
#00FFAA	Enthusiasm	热情橙
#B74E4F	Enticing Red	诱人红
#D5B498	Entrada Sandstone	恩特拉达砂岩
#005961	Entrapment	诱捕紫
#53983C	Enviable	令人羡慕
#DDF3C2	Envious Pastel	羡慕粉彩
#B1B5A0	Environmental	环境
#006C4B	Environmental Green	环保绿色
#88BB00	Environmental Study	环境研究
#96BFB7	Envisage	设想
#8BA58F	Envy	嫉妒绿
#2DD78D	Envy’s Love	羡慕之爱
#D4D3C9	Eon	亿恩
#FF5EC4	Eosin Pink	曙红粉红
#7A6270	Ephemera	蜉蝣
#CBD4DF	Ephemeral Blue	朝生暮死蓝
#D6CED3	Ephemeral Fog	朝生暮死雾
#C7CDD3	Ephemeral Mist	朝生暮死薄雾
#FCE2D4	Ephemeral Peach	短暂的桃子
#E4CFD7	Ephemeral Red	短暂红
#1164B4	Ephren Blue	艾弗伦蓝
#0E426F	Epic Adventure	史诗般的冒险
#0066EE	Epic Blue	史诗蓝
#8D8D75	Epic Green	史诗绿
#EA6A0A	Epicurean Orange	享乐橙
#AB924B	Epidote Olvene Ore	绿帘石矿石
#4BB2D5	Epimetheus	埃庇米修斯
#DD33FF	Epink	艾粉克
#DBC1DE	Epiphany	顿悟
#829161	Epsom	埃普索姆
#83A9B3	Equanimity	平静
#DAB160	Equator	赤道绿
#FFE6A0	Equator Glow	赤道辉光
#FFCE84	Equatorial	赤道蓝
#70855E	Equatorial Forest	赤道森林
#BEA781	Equestrian	马术
#54654F	Equestrian Green	马术绿
#5B5652	Equestrian Leather	马术皮革
#A07569	Equestrienne	马术运动员
#A49F9F	Equilibrium	平衡
#62696B	Equinox	春分绿
#D7E3E5	Era	时代
#060030	Erebus Blue	埃里伯斯蓝
#836B4F	Ermine	白鼬
#C84F68	Eros Pink	爱神粉
#DDD1BF	Erosion	侵蚀
#F2F2F4	Errigal White	埃里格尔·怀特
#4A0505	Erythrophobia	红细胞恐惧症
#FC7AB0	Erythrosine	赤藓红
#A95F5C	Escalante	埃斯卡兰特
#CC8866	Escalope	牛排
#B89B59	Escapade Gold	逍遥游黄金
#A8CDE4	Escape	逃离
#ABAC9F	Escape Grey	逃离灰
#FFF1D8	Escargot	田螺
#D5B79B	Escarpment	悬崖
#4A4F52	Eshin Grey	艾辛·格雷
#45BE76	Esmeralda	埃斯梅拉达绿
#C4B5A4	Esoteric	深奥
#ABEDC9	Esoteric Touch Green	深奥触绿
#2F5F3A	Espalier	埃斯帕利尔
#80F9AD	Esper’s Fungus Green	埃斯珀的真菌绿
#D5BDA4	Esplanade	滨海艺术中心
#4E312D	Espresso	浓缩咖啡
#5B3F34	Espresso Bar	浓缩咖啡吧
#4C443E	Espresso Beans	浓缩咖啡豆
#D09C43	Espresso Crema	浓缩咖啡油脂
#4F4744	Espresso Macchiato	浓缩咖啡玛奇朵
#8C3A00	Espresso Martini	浓缩咖啡马提尼
#C18B5B	Espresso Tonic	浓缩咖啡汤力
#BEBD99	Esprit	思捷环球
#FFC49D	Esprit Peach	思捷桃子
#7D6848	Essential Brown	本质棕
#BCB8B6	Essential Grey	基本灰色
#007377	Essential Teal	基本青色
#FFDE9F	Essentially Bright	本质上明亮
#B0CCDA	Essex Blue	埃塞克斯蓝
#E2EDDD	Establish Mint	建立铸币厂
#DCCDB4	Estate Limestone	庄园石灰石
#F3E0C6	Estate Vanilla	庄园香草
#68454B	Estate Vineyard	庄园葡萄园
#C3C1D2	Estate Violet	庄园紫罗兰
#54A9CA	Estero Sky	埃斯特罗天空
#A5AF76	Estragon	爱斯特拉冈
#9B101F	Estroruby	埃斯特罗鲁比
#70A5B7	Estuary Blue	河口蓝
#E1C6D4	Etcetera	等等
#DDE2E2	Etched Glass	蚀刻玻璃
#DD0044	Eternal Cherry	永恒樱桃
#B3C3DD	Eternal Elegance	永恒优雅
#A13F49	Eternal Flame	永恒焰
#D6C9D5	Eternal Moonrise	永恒的月出
#F7E504	Eternal Summer	永恒夏
#FAF3DC	Eternal White	永恒白
#9CFAFF	Eternal Winter	永恒冬
#2D2F28	Eternity	永恒蓝
#98B2B4	Ether	以太币
#A3928C	Etherea	以太坊
#F9EECB	Ethereal	空灵
#5CA6CE	Ethereal Blue	空灵蓝
#1A4A5A	Ethereal Dance	空灵舞
#3E2723	Ethereal Espresso	空灵浓缩咖啡
#F0E8C6	Ethereal Green	空灵绿
#B0B8CC	Ethereal Mist	空灵薄雾
#CCE7EB	Ethereal Mood	空灵情绪
#D5E4EC	Ethereal Moonlight	空灵月光
#DEDEB6	Ethereal One	空灵
#E6F1F1	Ethereal White	空灵白
#3E5E4E	Ethereal Woods	空灵树林
#B9C4DE	Etherium Blue	以太蓝
#968777	Ethiopia	埃塞俄比亚
#985629	Ethiopian Wolf	埃塞俄比亚狼
#AAD4D1	Eton Blue	伊顿蓝
#9B583C	Etruscan	伊特鲁里亚人
#BB986F	Etruscan Bronze	伊特鲁里亚青铜
#C9303E	Etruscan Red	伊特鲁里亚红
#D5D2D7	Etude Lilac	紫丁香练习曲
#55BB11	étude Naturelle	自然练习曲
#4BC3A8	Eucalipto	桉树
#329760	Eucalyptus	桉树
#1E675A	Eucalyptus Green	桉树绿
#BAD2B8	Eucalyptus Leaf	桉树叶
#88927E	Eucalyptus Wreath	桉树花环
#F2E8D4	Eugenia	尤金妮亚
#ED3D66	Eugenia Red	尤金妮亚红
#CDA59C	Eunry	尤里
#BF36E0	Eupatorium Purple	紫茎泽兰
#EEBBFF	Euphoria	欣快粉
#DAC7DA	Euphoric Lilac	欣快丁香
#7F576D	Euphoric Magenta	欣快洋红色
#006796	Europe Blue	欧洲蓝
#756556	European Pine	欧洲松
#36FF9A	Eva Green	伊娃·格林
#D1D5D3	Evaporation	蒸发
#998371	Even Evan	甚至埃文
#B2AA7A	Even Growth	均匀增长
#2B2B41	Evening Blue	傍晚蓝
#C49087	Evening Blush	傍晚绯红
#454341	Evening Canyon	傍晚峡谷
#4B535C	Evening Cityscape	傍晚的城市景观
#8E6B76	Evening Crimson	傍晚深红
#C2BEAD	Evening Dove	傍晚鸽
#D1A19B	Evening Dress	傍晚裙
#585E6A	Evening East	东晚
#8697A0	Evening Eclipse	傍晚日蚀
#56736F	Evening Emerald	傍晚祖母绿
#4D4970	Evening Fizz	傍晚气泡
#8C9997	Evening Fog	傍晚雾
#3A4A62	Evening Glory	傍晚荣光
#FDD792	Evening Glow	傍晚辉光
#7C7A3A	Evening Green	傍晚绿
#B7B2C2	Evening Haze	傍晚霾
#7B8CA8	Evening Hush	傍晚寂静
#938F9F	Evening in Paris	傍晚巴黎
#5868AE	Evening Lagoon	傍晚泻湖
#4D4469	Evening Lavender	傍晚薰衣草紫
#363E7D	Evening Magic	傍晚魔法
#463F67	Evening Mauve	傍晚淡紫
#E3E9E8	Evening Mist	傍晚薄雾
#434D66	Evening Over the Ocean	傍晚海洋
#A7879A	Evening Pink	傍晚粉
#C2D61D	Evening Primrose	傍晚报春花
#DDB3AB	Evening Sand	傍晚沙
#26604F	Evening Sea	傍晚海
#A1838B	Evening Shadow	傍晚暗影
#A99EC1	Evening Slipper	晚拖鞋
#FFD160	Evening Star	傍晚星
#465058	Evening Storm	傍晚风暴
#FDDFB8	Evening Sun	傍晚太阳
#EDB06D	Evening Sunset	傍晚日落
#51637B	Evening Symphony	晚交响曲
#D8DBD7	Evening White	傍晚白
#656470	Eventide	黄昏
#F0C8B6	Everblooming	盛开
#A0E3E0	Everest	珠穆朗玛峰
#264334	Everglade	大沼泽地
#25464D	Everglade Deck	大沼泽地甲板
#B8C17E	Everglade Glen	大沼泽地格伦
#B7D7DE	Everglade Mist	大沼泽薄雾
#125B49	Evergreen	常绿
#535C55	Evergreen Bough	常绿树枝
#47534F	Evergreen Field	常绿原野
#95978A	Evergreen Fog	常绿雾
#0E695F	Evergreen Forest	常绿森林
#045E17	Evergreen Shade	常绿暗调
#6F7568	Evergreen Trail	常绿小径
#A1BED9	Everlasting	永恒紫
#F6FDFA	Everlasting Ice	永冻冰
#949587	Everlasting Sage	永恒圣人
#463E3B	Evermore	永远
#FFA62D	Eversong Orange	永歌橙
#E4DCD4	Everyday White	日常白
#D8ACA0	Everything’s Rosy	一切都是美好的
#AA2211	Evil Centipede	邪恶蜈蚣
#522000	Evil Cigar	邪恶雪茄
#884488	Evil Curse	邪恶的诅咒
#1100CC	Evil Eye	邪眼蓝
#770022	Evil Forces	邪恶势力
#C2191F	Evil Sunz Scarlet	邪恶太阳猩红
#FED903	Evil-Lyn	邪恶林恩
#9DBCC7	Evocative Blue	令人回味的蓝色
#704A3D	Evolution	进化
#538B89	Evora	埃武拉
#454042	Ewa	埃娃
#F0EDDD	Ewe	母羊
#676168	Excalibur	王者之剑蓝
#22606E	Excellence	卓越
#908B85	Excelsior	怡东酒店
#CCA65B	Excitable	兴奋
#F0B07A	Exciting Orange	激动橙
#F9F1DD	Exclusive Elixir	独家灵药
#38493E	Exclusive Green	独家绿
#E2D8C3	Exclusive Ivory	独家象牙色
#736F78	Exclusive Plum	独家梅紫
#B9ADBB	Exclusive Violet	独家紫罗兰
#6B515F	Exclusively	独家
#F2AEB8	Exclusively Yours	专属于你
#8F8A70	Executive Course	行政课程
#D2CEC4	Exhale	呼气白
#81C784	Exhilarating Green	令人心旷神怡的绿色
#A78558	Exhumed Gold	挖掘出的黄金
#0A0A0A	Existential Angst	存在焦虑灰
#55BB33	Exit Light	出口灯
#6264DC	Exodus Fruit	出埃及记水果
#AC6292	Exotic Bloom	异域绽放
#FD9D43	Exotic Blossom	异域花
#705660	Exotic Eggplant	异域茄紫
#96D9DF	Exotic Escape	异域逃离
#58516E	Exotic Evening	异域傍晚
#FFA24C	Exotic Flower	异域花
#C47F33	Exotic Honey	异域蜂蜜
#B86F73	Exotic Incense	异国香
#AE7543	Exotic Life	异域生命
#D198B5	Exotic Lilac	异域丁香紫
#DE0C62	Exotic Liras	异国里拉
#F84F1D	Exotic Orange	异域橙
#75566C	Exotic Orchid	异域兰花紫
#909969	Exotic Palm	异域棕榈
#6A5078	Exotic Purple	异域紫
#01A7B2	Exotic Sea	异域海
#E1A0CF	Exotic Violet	异域紫罗兰
#938586	Exotica	奇异果
#777E65	Expanse	广阔
#AF9C76	Expedition	远征
#DBBF90	Expedition Khaki	远征卡其色
#64ACB5	Experience	经验
#E56CC0	Explicit Pink	露骨粉红
#FED83A	Exploding Star	爆炸之星
#55A860	Exploration Green	探索绿
#30AABC	Explore Blue	探索蓝色
#57A3B3	Explorer Blue	探险蓝
#8B9380	Explorer Green	探险家绿
#B6AC95	Explorer Khaki	探险卡其
#3A1F76	Explorer of the Galaxies	银河探险家
#AA9A79	Exploring Khaki	探索卡其色
#C4C4C4	Explosive Grey	爆炸灰
#CC11BB	Explosive Purple	爆炸紫
#395A73	Express Blue	特快蓝
#39497B	Expressionism	表现主义
#52BC9A	Expressionism Green	表现主义绿色
#695C62	Expressive Plum	富有表现力的梅花
#C8A3BB	Exquisite	精美紫
#330033	Exquisite Eggplant	精品茄子
#338860	Exquisite Emerald	精美祖母绿
#11CCBB	Exquisite Turquoise	精美绿松石
#9490B2	Extinct	灭绝
#4A4F5A	Extinct Volcano	死火山
#EF347C	Extra Fuchsia	超级紫红
#6AB417	Extra Life	续命绿
#91916D	Extra Mile	加倍努力黄
#EEEFEA	Extra White	特白
#BDA6C5	Extraordinaire	非凡
#E6E6E6	Extraordinary Abundance of Tinge	非凡丰富的色彩
#4E4850	Extravagance	奢华紫
#B55067	Extravagant Blush	奢华腮红
#0011AA	Extravehicular Activity	舱外活动
#661188	Extraviolet	紫光
#FF7133	Extreme Carrot	极端胡萝卜
#DFC5D5	Extreme Lavender	极致薰衣草
#FFB729	Extreme Yellow	极致黄
#D45B00	Exuberance	旺盛
#F0622F	Exuberant Orange	旺盛的橙色
#B54D7F	Exuberant Pink	旺盛的粉红色
#1E80C7	Eye Blue	眼蓝
#DDB835	Eye Catching	引人注目
#607B7B	Eye Grey	眼灰
#AE3D3B	Eye of Newt	蝾螈之眼绿
#D9E3D9	Eye of the Storm	风暴之眼
#232121	Eye Patch	眼罩
#BB0077	Eye Popping Cherry	夺目樱桃红
#FFFBF8	Eyeball	眼球白
#8DB6B7	Eyefull	满眼
#553300	Eyelash Camel	睫毛骆驼
#F4C54B	Eyelash Viper	睫毛毒蛇
#440000	Eyelids	眼睑
#EDE8EB	Eyes White Shut	眼睛白闭
#D9D9EA	Eyeshadow	眼影
#6B94C5	Eyeshadow Blue	眼影蓝色
#008980	Eyeshadow Turquoise	眼影绿松石色
#ADA6C2	Eyeshadow Viola	眼影中提琴
#8F9482	Eyre	艾尔绿
#AA1177	Fabric of Love	爱的织物
#341758	Fabric of Space	太空织物蓝
#BA90AD	Fabulous Fantasy	梦幻般的幻想
#E5C1A3	Fabulous Fawn	惊艳小鹿棕
#ABE3C9	Fabulous Find	惊艳发现
#DDCDAB	Fabulous Forties	惊艳四十年代红
#88CC00	Fabulous Frog	神奇青蛙
#EE1188	Fabulous Fuchsia	惊艳紫红
#9083A5	Fabulous Grape	惊艳葡萄
#A92C29	Fabulous Red	绚丽红
#B6A591	Fa?ade	外观
#F7CF89	Facemark	脸部标记
#676965	Fade to Black	淡入黑色
#658CBB	Faded Blue	褪色蓝
#7689A2	Faded Denim	褪色牛仔蓝
#E5D9DC	Faded Firebrick	褪色的耐火砖
#9EB4C0	Faded Flaxflower	褪色亚麻花蓝
#E3E2D7	Faded Forest	褪色森林
#EDE2EE	Faded Fuchsia	褪色紫红
#7BB274	Faded Green	褪色绿
#EAE8E4	Faded Grey	褪色灰
#B2C4D4	Faded Indigo	褪色靛蓝
#427977	Faded Jade	褪色翡翠
#5DBDCB	Faded Jeans	褪色牛仔裤蓝
#A5975B	Faded Khaki	褪色卡其
#BFAC86	Faded Letter	褪色的信
#F5E4DE	Faded Light	褪色浅
#92A2BB	Faded Lilac	褪色丁香紫
#F0944D	Faded Orange	褪色橙
#887383	Faded Orchid	褪色兰花紫
#DE9DAC	Faded Pink	褪色粉
#80DBEB	Faded Poster	褪色海报蓝
#916E99	Faded Purple	褪色紫
#D3494E	Faded Red	褪色红
#BE9480	Faded Redwood	褪色红木
#BF6464	Faded Rose	褪色玫红
#8D9CAE	Faded Sea	褪色海
#EBDCD7	Faded Shells	褪色的贝壳
#FDCF6A	Faded Sunlight	褪色阳光
#DDBEDD	Faded Violet	褪色紫罗兰
#FEFF7F	Faded Yellow	褪色黄
#DF691E	Fading Ember	褪色余烬
#E8E4E0	Fading Fog	消逝雾
#442266	Fading Horizon	消逝地平线
#C973A2	Fading Love	消逝爱
#3377CC	Fading Night	消逝夜
#ECE6DC	Fading Parchment	消逝羊皮纸
#FAD0D1	Fading Rose	消逝玫红
#B3B3C2	Fading Sunset	消逝日落
#F69A54	Fading Torch	熄灭的火把
#FBD2BB	Fahrenheit	华氏度红
#2A6D8B	Faience	彩陶
#81762B	Faience Green	彩釉绿
#99CCEE	Fail Whale	失败鲸鱼
#908470	Faint Allegory	淡淡的寓言
#D6DFEC	Faint Blue	微蓝
#B2EED3	Faint Clover	微三叶草
#EEDED5	Faint Coral	微珊瑚
#E2C59C	Faint Fawn	微小鹿
#DADBE0	Faint Fern	微蕨
#E6DEEA	Faint Fuchsia	微紫红
#B59410	Faint Gold	微金
#A58B2C	Faint Green	微绿
#BAA391	Faint Maple	微枫
#F1AAA8	Faint of Heart	微心
#F5DDC5	Faint Peach	微桃
#F6E4E4	Faint Pink	微粉
#1F2847	Fainting Light	微弱的光芒
#8C9151	Fair and Square	公平公正
#B4E1D8	Fair Aqua	美水色
#92AF88	Fair Green	美绿
#FCE7CF	Fair Ivory	美象牙
#F1E7DC	Fair Maiden	美少女粉
#BDA7BE	Fair Orchid	美兰花紫
#F3E5DC	Fair Pink	美粉
#F3E6D6	Fair Winds	美风
#9D9C7E	Fairbank Green	费正清格林
#D3DFD1	Fairest Jade	最美翡翠
#61463A	Fairfax Brown	费尔法克斯棕
#C9D3D7	Fairfax Grey	费尔法克斯灰色
#A2BADB	Fairies in America	美国的仙女
#6BA5A9	Fairstar	费尔斯塔
#DAC7C4	Fairview Taupe	锦绣灰褐色
#477050	Fairway	球道
#26623F	Fairway Green	球道果岭
#CDE8B6	Fairway Mist	球道薄雾
#FFEBFE	Fairy Bubblegum Cloud	仙子泡泡糖云
#BCB0B1	Fairy Bubbles	仙子泡泡
#FFE8F4	Fairy Dust	仙子尘
#EBC9C6	Fairy Floss	仙子棉花糖
#EED3CB	Fairy Pink	仙子粉
#F6DBDD	Fairy Princess	仙子公主
#FFE0F5	Fairy Salt	仙子盐
#B0E0F7	Fairy Sparkles	精灵闪闪
#ECDDE5	Fairy Tail	仙子尾
#EFB4CA	Fairy Tale	童话
#3E9ABD	Fairy Tale Blue	童话蓝
#FACFCC	Fairy Tale Dream	童话梦
#88CC55	Fairy Tale Green	童话绿
#AEA4C1	Fairy Wand	仙女棒
#DED4D8	Fairy White	仙子白
#FFEBF2	Fairy Wings	仙子翅膀
#8A6FA9	Fairy Wren	仙子鹪鹩
#E2D7DA	Fairy-Nuff	仙气
#1F3636	Fait Accompli	既成事实
#D5EBAC	Faith	信仰
#E7A7A0	Faithful Rose	忠实的玫瑰
#EFE6C1	Fake Blonde	假金发女郎
#C88088	Fake Crush	假暗恋
#529875	Fake Fern	假蕨类植物
#13EAC9	Fake Jade	假玉
#CC77EE	Fake Love	假爱
#AA7711	Falafel	沙拉三明治
#6E5A5B	Falcon	猎鹰
#898887	Falcon Grey	猎鹰灰
#007062	Falcon Turquoise	猎鹰青
#76595E	Falcon Wing	猎鹰翼
#A5BEBD	Falkland	福克兰岛
#C69896	Fall Canyon	秋峡谷
#E1DDDB	Fall Chill	秋寒气
#C28359	Fall Foliage	秋叶
#FFBC35	Fall Gold	秋金
#ECFCBD	Fall Green	秋绿
#A78A59	Fall Harvest	秋丰收
#A49491	Fall Heliotrope	秋天芥花紫
#7F6144	Fall in Season	秋季节
#E5B7A5	Fall Leaf	秋叶
#C17A3C	Fall Leaves	秋叶
#E6C94C	Fall Meadow	秋草地
#C2AC9B	Fall Mood	秋情绪
#F59344	Fall River	秋河
#FEE3C5	Fall Straw	秋稻草
#EDB2C4	Fallen Blossoms	落花
#B85824	Fallen Canopy	堕落的树冠
#917347	Fallen Leaves	落叶棕
#F2E0DA	Fallen Petals	落花瓣粉
#8B8072	Fallen Rock	坠石灰
#A55A3B	Falling Leaves	落叶
#F0F1E7	Falling Snow	坠落雪
#CAD5C8	Falling Star	流星蓝
#C2D7DF	Falling Tears	落泪
#B6C121	Fallout Green	辐射绿色
#889977	Fallout Grey	辐射灰色
#C19A51	Fallow	休耕棕
#9F8D57	Fallow Deer	小鹿
#939B88	False Cypress	假柏树
#784D4C	False Morel	假羊肚菌
#A57E52	False Puce	假深褐色
#801818	Falu Red	法鲁红
#DB9C7B	Fame Orange	名声橙
#CAB3A0	Familiar Beige	熟悉的米色
#A7B191	Family Tree	家谱绿
#EE1199	Fanatic Fuchsia	狂热淡紫
#FFB1B0	Fancy Flamingo	花式火烈鸟
#B4B780	Fancy Flirt	花式调情红
#FF0088	Fancy Fuchsia	花式紫红
#BDACCA	Fancy Pansy	花式三色堇
#F3DAE1	Fancy Pants	花式裤蓝
#F6E9E8	Fancy Pink	花式粉
#B40441	Fancy Red Wine	花式红酒红
#C3833D	Fancy Suede	花式麂皮
#E4DE65	Fandangle	方角
#B53389	Fandango	凡丹戈粉
#E04F80	Fandango Pink	凡丹戈粉
#BB7B6D	Faneuil Brick	法纳尔砖
#008384	Fanfare	号角黄
#BBAA97	Fangtooth Fish	尖牙鱼
#F2EEAF	Fanlight	扇形灯
#9F7E53	Fantan	凡坦
#73788B	Fantasia	幻想曲紫
#E6C8C9	Fantastic Pink	奇妙粉
#F2E6DD	Fantasy	幻想紫
#29ADFF	Fantasy Console Sky	幻想控制台天空
#8591A2	Fantasy Grey	梦幻灰
#E83A72	Fantasy Romance	奇幻浪漫
#2D383A	Far Away Grey	遥远的灰色
#7FA2BF	Far Horizons	遥远的地平线
#CEBEA2	Far Side of the Mountain	山的另一边
#E5EEEE	Faraway Blue	遥远的蓝
#8980C1	Faraway Sky	遥远的天空
#E5D4C9	Farfalle Noodle	法法尔面条
#DFC38D	Farina	法里纳
#8E9B88	Farm Fresh	农场新鲜绿
#EEE8D6	Farm House	农舍
#D5B54C	Farm Straw	农田秸秆
#E7CFC1	Farm-Fresh Eggs	农场新鲜鸡蛋
#8F917C	Farmer’s Market	农贸市场
#96A69F	Farmers Green	农夫绿
#EEE3D6	Farmers Milk	农家牛奶
#BD8339	Farmhouse Ochre	农舍赭色
#A34B41	Farmhouse Red	农舍红
#A6917D	Farmyard	农家院
#456F6E	Farrago	法拉戈
#C1A485	Farro	法罗
#E5E3EF	Farsighted	有远见
#006B64	Fashion Blue	时尚蓝
#B9A998	Fashion District	时尚区
#F400A1	Fashion Fuchsia	时尚紫红
#B3D26D	Fashion Green	时尚绿
#A29C94	Fashion Grey	时尚灰
#B5A8A8	Fashion Mauve	时尚淡紫
#998988	Fashion Week	时装周
#EDC537	Fashion Yellow	时尚黄
#BDB8B8	Fashionable Grey	时髦灰
#B28CA9	Fashionably Plum	时尚梅子
#66616F	Fashionista	时尚达人
#C7CBC8	Fast as the Wind	快如风
#8B94C7	Fast Velvet	快绒
#868D82	Fat Cat	肥猫
#E6BC00	Fat Gold	胖金
#C1537D	Fat Smooch	肥吻粉
#352235	Fat Tuesday	胖星期二
#008822	Fatal Fields	致命领域
#DA321C	Fatal Fury	致命狂怒红
#FFF7ED	Fatback	肥背
#6BA0BF	Fate	命运紫
#EE0077	Fatty Fuchsia	胖子淡紫
#EEC4B4	Fatty Sashimi	肥腻生鱼片
#C59DAA	Fauna	动物区系
#BAD09D	Fava Bean	蚕豆
#FAE6CC	Favoured One	最喜欢的一个
#9D723E	Favourite Ale	最喜欢的啤酒
#877252	Favourite Fudge	最爱软糖
#8AA3B1	Favourite Jeans	最喜欢的牛仔裤
#E3C5D6	Favourite Lady	最爱女士
#D3A5D6	Favourite Lavender	最爱薰衣草紫
#9BC4C4	Favourite Sweater	最喜欢的毛衣
#C1AE91	Favourite Tan	最爱棕褐
#CFAF7B	Fawn	小鹿
#A7A094	Fawn Brindle	小鹿斑纹
#71452A	Fawn Brown	小鹿棕
#EE0088	Feasty Fuchsia	盛宴淡紫
#DAD9CE	Feather	羽毛
#F1C9CD	Feather Boa	羽毛披肩粉
#606972	Feather Falls	羽毛瀑布
#D5DCD0	Feather Fern	羽毛蕨
#EDD382	Feather Gold	羽毛金
#A3D0B6	Feather Green	羽毛绿
#B8AD9E	Feather Grey	羽毛灰
#FFDCB2	Feather Plume	羽毛羽
#A4A1A2	Feather Quill	羽毛笔
#A2AEBF	Feather Soft Blue	羽毛柔蓝
#59A1EF	Feather Star	羽毛星
#E7EAE5	Feather White	羽毛白
#AFCBE5	Featherbed	羽毛床蓝
#BCB7A5	Feathers of a Dove	鸽子的羽毛
#CDC7BB	Featherstone	费瑟斯通
#ABC2C7	Feathery Blue	羽毛蓝
#ECE7ED	Feathery Lilac	羽毛丁香
#E0DEE3	February Frost	二月霜
#43628B	Federal Blue	联邦蓝
#30594B	Federal Fund	联邦基金
#634041	Federation Brown	联邦棕
#B71010	Federation of Love	爱心联盟
#625665	Fedora	费多拉
#AED3C7	Feeling Lucky	感觉幸运绿
#FE420F	Fēi Hóng Scarlet	飞红猩红
#A5D785	Feijoa	斐济果绿
#EDF2C3	Feijoa Flower	费约果花
#4D5D53	Feldgrau	菲尔德格劳
#D19275	Feldspar	长石灰
#BCA885	Feldspar Grey	长石灰
#A0ADA9	Feldspar Silver	长石银
#917292	Felicia	费利西亚
#E5E4DF	Felicity	费莉西蒂
#DBB694	Feline Frolic	猫嬉戏
#00608F	Felix	菲利克斯
#247345	Felt	毡
#6FC391	Felt Green	毡绿
#979083	Felted Wool	羊毛毡
#2BC51B	Felwood Leaves	费伍德森林树叶
#4F4352	Feminin Nightshade	女性茄属植物
#C4A8CF	Feminine Fancy	女性幻想粉
#C7C2CE	Femininity	女性气质粉
#9D5783	Feminism	女权主义
#948593	Femme Fatale	蛇蝎美人
#FF6CB5	Fěn Hóng Pink	粉红
#09332C	Fence Green	栅栏绿
#D7D9C2	Feng Shui	风水
#AC9D83	Fenland	芬兰
#DAD7C8	Fennec Fox	耳廓狐
#8FCE9B	Fennel	茴香
#DDEEBB	Fennel Bulb	茴香球茎白
#00AA44	Fennel Fiasco	茴香惨败
#00BB77	Fennel Fiesta	茴香嘉年华
#77AAFF	Fennel Flower	茴香花
#8F7F50	Fennel Seed	茴香种子
#DECFB1	Fennel Splash	茴香飞溅
#B1B6A3	Fennel Stem	茴香茎绿
#D2F4DD	Fennel Tea	茴香茶
#9A9E80	Fennelly	芬内利
#CEDEE7	Fenrisian Grey	芬里斯·格雷
#BD8965	Fenugreek	葫芦巴
#8DE07C	Feralas Lime	菲拉斯石灰
#7B7054	Fermata	费玛塔
#548D44	Fern	蕨
#758A5F	Fern Canopy	蕨冠绿
#6AA84F	Fern Flash	蕨闪光
#576A7D	Fern Flower	蕨花
#657220	Fern Frond	蕨叶绿
#009B54	Fern Green	蕨绿
#536943	Fern Grotto	蕨洞
#837B53	Fern Grove	蕨小树林
#595646	Fern Gully	蕨冲沟
#99A787	Fern Leaf	蕨叶
#797447	Fern Shade	蕨暗调
#D6E1B4	Fern Shadow	蕨暗影
#71AB62	Ferntastic	芬蒂斯蒂克
#977B2F	Fernweh	芬维
#E2261F	Ferocious	凶残红
#EE00CC	Ferocious Flamingo	凶残火烈鸟
#E25D1B	Ferocious Fox	凶残狐狸棕
#AA00CC	Ferocious Fuchsia	凶残紫红
#876A68	Ferra	费拉
#FF2800	Ferrari Red	法拉利红
#AD7D76	Ferris Wheel	摩天轮
#CC926C	Ferrous	黑色金属
#383E44	Ferry	渡轮
#8B8757	Fertile Green	肥沃绿
#8E603C	Fertile Soil	肥沃土壤棕
#66FC00	Fertility Green	生育绿
#BC9042	Fervent Brass	热情的黄铜
#469F4E	Fervent Green	热情的绿色
#A1CDA6	Fescue	羊茅
#CB8E00	Festering Brown	溃烂的棕色
#EACC4A	Festival	节日
#B5E1DB	Festival de Verano	维拉诺节
#AA2F78	Festival Fuchsia	节日紫红
#6EA43C	Festival Green	节日绿
#DE5E3F	Festival Orange	节日橙
#6E0F12	Festive Bordeaux	节日波尔多红
#FF5566	Festive Fennec	节日耳廓
#DFDFE5	Festive Ferret	节日雪貂
#008C6C	Festive Green	节日绿
#A0BBB8	Festoon Aqua	花彩水色
#DBE0D0	Feta	羊乳酪
#86725F	Fetched Stick	衔来的树枝
#EA4C4C	Fever	发烧
#DD5577	Fever Dream	发烧梦
#DD6677	Feverish	燥热红
#DE4D7B	Feverish Passion	狂热的激情
#CB3E50	Feverish Pink	狂热粉
#112358	Fibonacci Blue	斐波那契蓝
#BEC0AF	Fibre Moss	纤维苔绿
#8B851B	Fickle Pickle	善变腌瓜
#3B593A	Ficus	榕绿
#006131	Ficus Elastica	橡皮榕绿
#A6C875	Fiddle-Leaf Fig	琴叶榕
#C8C387	Fiddlehead Fern	蕨菜卷绿
#5A9589	Fiddler	提琴手绿
#BB9FB1	Fiddlesticks	胡扯紫
#4477AA	Field Blue	原野蓝
#C5E6A4	Field Day	原野白天
#6C541E	Field Drab	原野土褐
#CEE9E8	Field Frost	原野霜
#60B922	Field Green	原野绿
#B1A891	Field Khaki	原野卡其
#80884E	Field Maple	原野枫
#DEB699	Field of Wheat	原野小麦
#D86F3C	Field Poppy	原野罂粟
#649050	Field Time Green	原野时光绿
#C5BD9C	Fields Afar	远方田野绿
#B18446	Fields of Glory	原野荣光
#98A1CF	Fields of Heather	原野石楠
#A491A7	Fields of Provence	普罗旺斯田野紫
#807E77	Fieldstone	田石灰
#7FC15C	Fierce Mantis	凶猛螳螂绿
#CC0021	Fierce Red	烈红
#5D3831	Fiery Brown	火棕
#E26058	Fiery Coral	火珊瑚
#F96D7B	Fiery Flamingo	烈焰火烈鸟
#B7386E	Fiery Fuchsia	火紫红
#B71E1E	Fiery Garnet	火石榴石
#F0531C	Fiery Glow	火辉光
#B1592F	Fiery Orange	火橙
#DD1E2E	Fiery Red	火红
#FF5470	Fiery Rose	火玫红
#F76564	Fiery Salmon	火鲑粉
#F07046	Fiery Sky	火天空
#B74537	Fiery Topaz	火黄玉
#EDD8D2	Fiesta	嘉年华橙
#6FC0B1	Fiesta Blue	嘉年华蓝
#D47194	Fiesta Pink	嘉年华粉
#B67C80	Fiesta Rojo	嘉年华红
#A9A5C2	Fife	法夫紫
#8E8779	Fifth Olive-Nue	第五橄榄色
#505050	Fiftieth Shade of Grey	第五十度灰
#5A3140	Fig	无花果
#550022	Fig Balsamic	无花果香脂紫
#7A634D	Fig Branches	无花果枝棕
#784A65	Fig Cluster	无花果簇紫
#A98691	Fig Fruit Mauve	无花果果淡紫
#556B2F	Fig Leaf	无花果叶
#BB8610	Fig Mustard Yellow	无花果芥末黄
#A7989E	Fig Preserves	无花果果酱
#605F4B	Fig Tree	无花果树
#FF99AA	Fight the Sunrise	对抗日出
#939498	Fighter Jet	战斗机灰
#9469A2	Figue	无花果紫
#962C54	Figue Pulp	无花果浆紫
#EEDAC3	Figure Stone	雕像石灰
#E4D5C0	Figurine	小雕像白
#00AAAC	Fiji	斐济青
#6B5F68	Fiji Coral	斐济珊瑚紫
#636F22	Fiji Green	斐济绿
#528D3C	Fiji Palm	斐济棕榈绿
#D8CAA9	Fiji Sands	斐济金沙
#DFE7E8	Filigree	花丝白
#A5AF89	Filigree Green	花丝绿
#93877C	Film Fest	电影节棕
#473933	Film Noir	黑色电影黑
#D1D3C7	Filmy Green	薄膜绿
#B7E1D2	Filtered Forest	过滤森林绿
#B1B2C4	Filtered Light	过滤光紫
#ECCA9A	Filtered Moon	过滤月光
#D0B064	Filtered Rays	过滤光线黄
#E8AA08	Filthy Brown	肮脏棕
#F1F5DB	Final Departure	最后出发白
#D0BF9E	Final Straw	最后一根稻草
#75785A	Finch	雀绿
#ECD3CB	Fine Alabaster	精致雪花石膏
#B6E1E1	Fine Blue	精致蓝
#815158	Fine Burgundy	精致勃艮第
#B1D2D5	Fine China	精致瓷器
#DAA826	Fine Gold	纯金
#D8CFC1	Fine Grain	细纹理
#B5A998	Fine Greige	精致灰米
#FAF5C3	Fine Linen	精致亚麻
#008800	Fine Pine	精致松
#FAF0E1	Fine Porcelain	精致瓷器
#5E548D	Fine Purple	精致紫
#F1D5AE	Fine Sand	细沙
#84989E	Fine Tuned Blue	微调蓝
#FAEDE1	Fine White	精致白
#E4D4C0	Fine White Sand	精致白沙
#744E5B	Fine Wine	美酒
#96A8C8	Finesse	精妙
#DD8888	Finest Blush	至臻绯红
#F1E5D7	Finest Silk	至臻丝绸白
#E1C12F	Finger Banana	手指香蕉黄
#8A7E61	Fingerpaint	手指画棕
#555356	Fingerprint	指纹灰
#CBBFB3	Finishing Touch	最后润色棕
#61755B	Finlandia	芬兰地亚绿
#694554	Finn	芬恩紫
#425357	Finnegan	芬尼根蓝
#5DB0BE	Finnish Fiord	芬兰峡湾青
#FFFCE3	Fioletowy Beige	紫米色
#FC44A3	Fioletowy Purple	紫
#4B5A62	Fiord	峡湾蓝
#BFBFAF	Fiorito	花之灰
#3D7965	Fir	冷杉
#67592A	Fir Green	冷杉绿
#6D7969	Fir Spruce Green	冷杉云杉绿
#8F3F2A	Fire	火
#7C383D	Fire Agate	火玛瑙红
#BE6400	Fire Ant	火蚁
#CE1620	Fire Axe Red	消防斧红
#CC4411	Fire Bolt	火焰箭橙
#E09842	Fire Bush	火灌木丛
#D2806C	Fire Chalk	火粉笔
#92353A	Fire Chi	火气红
#E3B46F	Fire Coral	火珊瑚
#E3D590	Fire Dance	火舞
#F97306	Fire Dragon Bright	火龙亮
#B98D68	Fire Dust	火尘
#FE0002	Fire Engine	消防车红
#F68F37	Fire Flower	火花
#FF0D00	Fire Hydrant	消防栓红
#D95137	Fire Island	火岛
#BB7733	Fire Lord	火领主橙
#FBD9C4	Fire Mist	火薄雾
#FD3C06	Fire Opal	火蛋白石
#FF8E57	Fire Orange	火橙
#79483E	Fire Roasted	火烤
#FFB70B	Fire Yellow	火黄
#BF3747	Fire-Breathing Dragon	喷火龙红
#CE2029	Fireball	火球红
#DD5522	Firebird Tail Lights	火鸟尾灯橙
#B22222	Firebrick	耐火砖红
#CD5C51	Firebug	萤火虫红
#F2643A	Firecracker	鞭炮橙
#F36363	Firecracker Salmon	爆竹鲑粉
#793030	Fired Brick	烧砖红
#884444	Fired Clay	烧黏土棕
#3D3732	Fired Earth	烧土棕
#D37A38	Fired Up	燃起橙
#F6DAA7	Fireflies	萤火虫黄
#314643	Firefly	萤火虫
#FFF3A1	Firefly Glow	萤火虫辉光
#D65E40	Fireglow	火光红
#F9D97B	Firelight	火光黄
#BC7256	Firenze	佛罗伦萨红
#D08B73	Fireplace Glow	壁炉辉光橙
#C5C9C7	Fireplace Kitten	壁炉小猫灰
#847C70	Fireplace Mantel	壁炉架灰
#6E4A44	Fireside	炉边红
#B87427	Fireside Chat	炉边聊天橙
#EE8866	Firewatch	看火人橙
#B38491	Fireweed	火草粉
#44363D	Fireworks	烟花紫
#47654A	Firm Green	坚定绿
#DA93C1	Firm Pink	坚定粉
#11353F	Firmament Blue	苍穹蓝
#F4EDEC	First Blush	第一抹绯红
#DBE64C	First Colours of Spring	春天第一抹色彩
#F6E2EA	First Crush	初恋粉
#F5B1A2	First Date	第一次约会
#F7D2D8	First Daughter	大女儿粉
#FADBA0	First Day of School	开学第一天
#F1E798	First Day of Summer	夏日第一天
#CFE5F0	First Frost	第一场霜
#F4E5E7	First Impression	第一印象粉
#C47967	First Lady	第一女士
#59A6CF	First Landing	第一次着陆蓝
#D9E6EE	First Light	第一束光
#E7D6ED	First Lilac	第一丁香紫
#CF758A	First Love	初恋
#E47901	First of Fall	初秋
#BCE6EF	First of July	七月初
#24D427	First of the Month Green	月初绿
#F4CAC6	First Peach	第一颗桃
#B87592	First Plum	第一颗梅
#2FBDA1	First Post	首发
#BDD8EC	First Rain	第一场雨
#CBE1F2	First Shade of Blue	第一暗调蓝
#E8EFF8	First Snow	第一场雪
#DAD9D4	First Star	第一颗星
#00E8D8	First Timer Green	新手绿
#FFE79C	First Tulip	第一朵郁金香
#D5BCB2	First Waltz	第一支华尔兹粉
#32A0B1	Fischer Blue	费舍尔蓝
#E4D9C5	Fish Bone	鱼骨白
#11DDDD	Fish Boy	鱼男孩
#7A9682	Fish Camp Woods	鱼营森林绿
#E1E1D5	Fish Ceviche	酸橘汁腌鱼
#EECC55	Fish Finger	鱼指
#1E446E	Fish Net Blue	鱼网蓝
#86C8ED	Fish Pond	鱼池塘
#258F90	Fish Story	鱼的故事
#015E6A	Fish Tale	鱼尾传说
#5182B9	Fisher King	渔王
#D1C9BE	Fisherman Knit	渔夫针织
#D7F5F6	Fishious Rend	鱼腥味
#1BA590	Fishy House	鱼屋
#225599	Fist of the North Star	北斗星拳
#A2A415	Fistfull of Green	满手绿色
#5BB9D2	Fitness Blue	健身蓝
#B3B6B0	Fitzgerald Smoke	菲茨杰拉德烟
#FFAA4A	Five Star	五星级
#B1DBAA	Fizz	气泡
#DDBCBC	Fizzing Whizbees	嘶嘶作响的小蜜蜂
#D8E4DE	Fizzle	失败
#F7F5C8	Fizzy & Dizzy	汽水和头晕
#F7BC5C	Fizzy Peach	汽水桃子
#616242	Fjord	峡湾
#005043	Fjord Green	峡湾绿
#717C00	Flag Green	旗绿
#B3BFB0	Flagstaff Green	弗拉格斯塔夫绿
#ACADAD	Flagstone	石板
#9A9E88	Flagstone Quartzite	石板石英岩
#FE6FFF	Flamazing Pink	火红粉红
#F73D37	Flamboyant	华丽
#F74480	Flamboyant Flamingo	华丽的火烈鸟
#694E52	Flamboyant Plum	艳梅
#129C8B	Flamboyant Teal	华丽的青色
#E7A500	Flambrosia	弗兰布罗西亚
#E25822	Flame	焰
#FD4C29	Flame Angelfish	火焰神仙鱼
#960018	Flame Hawkfish	火焰鹰鱼
#CE0644	Flame Lily	焰百合
#DB3C02	Flame of Prometheus	普罗米修斯的火焰
#FB8B23	Flame Orange	焰橙
#BE5C48	Flame Pea	焰豌豆
#86282E	Flame Red	焰红
#F4E25A	Flame Seal	焰海豹
#D65D45	Flame Stitch	火焰缝合
#FFCF49	Flame Yellow	焰黄
#EA8645	Flamenco	弗拉门戈
#DF7B62	Flamenco Pink	弗拉门戈粉红
#F6A374	Flaming Cauldron	火焰大锅
#D4202A	Flaming Cherry	火焰樱桃
#DD55FF	Flaming Flamingo	火红的火烈鸟
#FF005D	Flaming Hot Flamingoes	火热的火烈鸟
#EEBB66	Flaming June	燃烧的六月
#EE6633	Flaming Orange	火橙
#D2864E	Flaming Torch	火炬
#E1634F	Flamingo	火烈鸟
#FF44DD	Flamingo Diva	火烈鸟天后
#EE888B	Flamingo Dream	火烈鸟梦
#F8BDD9	Flamingo Feather	火烈鸟羽毛
#B42121	Flamingo Fervour	火烈鸟热情
#DF01F0	Flamingo Fury	火烈鸟暴怒
#F6E2D8	Flamingo Peach	火烈鸟桃
#CC33FF	Flamingo Queen	火烈鸟女王
#EF8E87	Flamingo Red	火烈鸟红
#F6E3B4	Flan	果馅饼
#9E917C	Flannel	法兰绒
#8B8D98	Flannel Pyjamas	法兰绒睡衣
#495762	Flapper Dance	摩登舞
#FCAF52	Flare	闪耀
#FF4519	Flare Gun	信号枪
#FFFB05	Flash Gitz Yellow	闪光吉兹黄
#FF9977	Flash in the Pan	昙花一现
#FFAA00	Flash of Orange	闪光橙
#F9EED6	Flashlight	手电筒
#7CBD85	Flashman	闪光人
#F9F2D1	Flashpoint	闪点
#2C538A	Flashy Sapphire	闪亮蓝宝石
#C3C6CD	Flat Aluminium	扁铝
#F7D48F	Flat Beige	浅米色
#3C73A8	Flat Blue	平蓝色
#754600	Flat Brown	平棕色
#AA5533	Flat Earth	地球是平的
#699D4C	Flat Green	平绿
#FFF005	Flat Yellow	平黄色
#EE6655	Flattered Flamingo	受宠若惊的火烈鸟
#527E9C	Flattering Blue	讨喜的蓝色
#F4D3B3	Flattering Peach	谄媚的桃子
#6B4424	Flattery	奉承
#FCE300	Flatty Yellow	扁平黄
#F7E98E	Flavescent	淡黄色
#8FB67B	Flavoparmelia Caperata	黄花
#FFFBFC	Flawed White	有缺陷的白色
#EEDC82	Flax	亚麻
#D4C3B3	Flax Beige	亚麻米色
#D2D8F4	Flax Bloom	亚麻绽放
#E0D68E	Flax Fibre	亚麻纤维
#B7A99A	Flax Fibre Grey	亚麻纤维灰色
#5577AA	Flax Flower	亚麻花
#4499DD	Flax Flower Blue	亚麻花蓝
#7B8265	Flax Smoke	亚麻烟
#CBAA7D	Flax Straw	亚麻稻草
#FBECC9	Flaxen	亚麻色
#E3DDBD	Flaxen Fair	亚麻博览会
#BBA684	Flaxen Field	亚麻田
#F7E6C6	Flaxseed	亚麻籽
#FCFCDE	Flayed One	剥皮一
#97BBE1	Fleck	斑点
#F2C6BB	Fleecy Dreams	柔软的梦想
#D8E2D8	Fleeting Green	流年绿
#ADD0E0	Flemish Blue	佛兰芒蓝
#894585	Flesh Fly	肉飞
#DCDDD8	Fleur de Sel	盐之花
#DA8704	Fleur de Sel Caramel	焦糖花
#B090C7	Fleur-De-Lis	百合花
#B1A3A1	Flexible Grey	灵活的灰色
#F8F6E6	Flickering Firefly	闪烁的萤火虫
#AA6E49	Flickering Flame	闪烁的火焰
#C6A668	Flickering Gold	闪烁的金色
#FFF1DC	Flickering Light	闪烁的光芒
#5566EE	Flickering Sea	闪烁的海
#4F81FF	Flickery C64	闪烁C64
#90F215	Flickery CRT Green	闪烁CRT绿
#216BD6	Flickr Blue	Flickr蓝
#FB0081	Flickr Pink	Flickr粉
#CDB891	Flier Lie	飞行者的谎言
#91786B	Flight of Fancy	奇幻飞行
#A3B8CE	Flight Time	飞行时间
#6D7058	Flinders Green	弗林德斯格林
#8ECFD0	Fling Green	绿色
#716E61	Flint	弗林特
#D9623B	Flint Corn Red	燧石玉米红
#A09C98	Flint Grey	火石灰色
#42424D	Flint Purple	燧石紫
#989493	Flint Rock	燧石岩
#8F9395	Flint Shard	燧石碎片
#A8B2B1	Flint Smoke	火石烟
#677283	Flintstone	打火石
#434252	Flintstone Blue	打火石蓝
#45747E	Flip	翻转
#CCDDCC	Flip a Coin	抛硬币
#F2C4A7	Flip-Flop	触发器
#7F726B	Flipper	鳍状肢
#7A2E4D	Flirt	调情
#BE3C37	Flirt Alert	调情警报
#FFD637	Flirtatious	调情
#CC22FF	Flirtatious Flamingo	调情火烈鸟
#473F2D	Flirtatious Indigo Tea	妖艳靛蓝茶
#9E88B1	Flirty Pink	性感粉红
#D65E93	Flirty Rose	调情玫瑰
#FA7069	Flirty Salmon	性感三文鱼
#FDD685	Float Like a Butterfly	像蝴蝶一样飘浮
#93C5B6	Float Your Boat	漂浮你的船
#B0C9CD	Floating Blue	浮蓝
#E9D8C2	Floating Feather	飘逸的羽毛
#ECE5CF	Floating Island	浮岛
#EDEBCE	Floating Lily	浮百合
#CCC7A1	Floating Lily Pad	漂浮睡莲
#EAF5E7	Floaty Bubble	漂浮的泡泡
#B6BFBD	Flock of Seagulls	一群海鸥
#6677BB	Flood	洪水
#877966	Flood Mud	洪水泥
#579DAB	Flood Out	洪水泛滥
#6C98A2	Flood Tide	洪水潮
#110044	Floppy Disk	软盘
#E0E0EB	Flor Lila	弗洛莉拉
#73FA79	Flora	弗洛拉
#91AD8A	Flora Green	弗洛拉·格林
#C6AC9F	Floral Arrangement	插花
#E7CFB9	Floral Bluff	花香崖
#BACB7C	Floral Bouquet	花香花束
#FFB94E	Floral Leaf	花香叶
#F5E2DE	Floral Linen	花香亚麻
#CDCFDB	Floral Note	花香调
#EEEDE9	Floral Scent	花香香
#C39191	Floral Tapestry	花香挂毯
#FFFAF0	Floral White	花香白
#96B576	Florence	佛罗伦萨
#835740	Florence Brown	弗洛伦斯棕
#753F38	Florence Red	佛罗伦萨红
#7A5544	Florentine Brown	佛罗伦萨棕
#C1937A	Florentine Clay	佛罗伦萨粘土
#755C32	Florentine Dream	佛罗伦萨梦
#1C5798	Florentine Lapis	佛罗伦萨青金石
#BEA4A2	Florida Grey	佛罗里达灰
#56BEAB	Florida Keys	佛罗里达群岛
#ED9F6C	Florida Mango	佛罗里达芒果
#F7AA6F	Florida Sunrise	佛罗里达日出
#6BB8B1	Florida Turquoise	佛罗里达绿松石
#2A4983	Florida Waters	佛罗里达水域
#664422	Florida’s Alligator	佛罗里达鳄鱼
#A54049	Floriography	花艺
#D7B3B9	Floss	牙线
#7BB0BA	Flotation	浮选
#4A8791	Flounce	荷叶边
#B9B297	Flour Sack	面粉袋
#EBDC9C	Flourish	蓬勃发展
#F27987	Flower Blossom Pink	花花粉
#D9E8C9	Flower Bulb	球根花卉
#FDE6C6	Flower Centre	花卉中心
#D9A96F	Flower Field	花原野
#F498AD	Flower Girl	花女孩
#EDE7E6	Flower Girl Dress	花女孩裙
#F9D593	Flower Hat Jellyfish	花帽水母
#F5DFC5	Flower of Oahu	欧胡岛之花
#8F4438	Flower Pot	花壶
#E6AED3	Flower Power	花力量
#FFC9D7	Flower Spell	花咒语
#B5D5B0	Flower Stem	花茎
#988378	Flower Wood	花木
#FFEBDA	Flowerbed	花坛
#F62E52	Flowerhorn Cichlid Red	花角丽鱼红
#A2D4BD	Flowering Cactus	开花的仙人掌
#875657	Flowering Chestnut	开花的栗子
#A16C94	Flowering Raspberry	开花的覆盆子
#E1D8B8	Flowering Reed	开花的芦苇
#E3D7E3	Flowers of May	五月之花
#E4DCBF	Flowery	如花
#FFF953	Flowey Yellow	花花黄
#B9C6CB	Flowing Breeze	微风徐徐
#335E6F	Flowing River	流淌的河流
#FCDF39	Fluffy Duckling	毛茸茸的小鸭
#F7D6CB	Fluffy Pink	蓬松粉色
#D8E5E4	Fluffy Slippers	毛茸茸的拖鞋
#C5D6EB	Fluid Blue	液体蓝
#A77D35	Fluor Spar	萤石
#89D178	Fluorescence	荧光
#984427	Fluorescent Fire	荧光火
#08FF08	Fluorescent Green	荧光绿
#BDC233	Fluorescent Lime	荧光青柠
#FFCF00	Fluorescent Orange	荧光橙
#FE1493	Fluorescent Pink	荧光粉
#FF5555	Fluorescent Red	荧光红
#FC8427	Fluorescent Red Orange	荧光红橙
#00FDFF	Fluorescent Turquoise	荧光青
#CCFF02	Fluorescent Yellow	荧光黄
#8FAA8C	Fluorine	氟
#0AFF02	Fluro Green	荧光绿
#F2EDE3	Flurries	雪花
#CA2425	Flush Mahogany	红晕桃花心木
#FF6F01	Flush Orange	红晕橙
#F8CBC4	Flush Pink	红晕粉
#DD5555	Flushed	脸红了
#C8DAF5	Fly a Kite	放风筝
#FF2052	Fly Agaric	飞木耳
#85B3F3	Fly Away	飞走
#218D4B	Fly the Green	绿色飞翔
#1C1E4D	Fly-by-Night	夜飞
#787489	Flying Carpet	飞毯
#5376AB	Flying Fish	飞翔鱼
#024ACA	Flying Fish Blue	飞翔鱼蓝
#5DB3D4	Flyway	飞行路线
#D0EAE8	Foam	泡沫
#90FDA9	Foam Green	泡沫绿
#90D1DD	Foaming Surf	泡沫冲浪
#DCE2BE	Foamy Lime	泡沫石灰
#F7F4F7	Foamy Milk	泡沫牛奶
#B3D4DF	Foamy Surf	泡沫冲浪
#E5E0D2	Focus	焦点
#FEF9D3	Focus on Light	聚焦光
#91C3BD	Focus Point	焦点
#D6D7D2	Fog	雾
#D8D6D1	Fog Beacon	雾灯塔
#112233	Fog of War	战争迷雾
#C4BAD2	Fog Syringa	雾丁香
#F1EFE4	Fog White	雾白
#57317E	Foggy Amethyst	雾紫水晶
#99AEBB	Foggy Blue	雾蓝
#7F8E1D	Foggy Bog	雾泥炭沼
#E7E3DB	Foggy Day	雾白天
#D1D5D0	Foggy Dew	雾露
#A7A69D	Foggy Grey	雾灰
#E2C9FF	Foggy Heath	雾荒原
#5C5658	Foggy London	雾伦敦
#D5C7E8	Foggy Love	雾爱
#B19F9D	Foggy Mauve	雾淡紫
#C8D1CC	Foggy Mist	雾薄雾
#CAD0CE	Foggy Morn	雾晨
#40494E	Foggy Night	雾夜
#FBF6EF	Foggy Pith	雾髓
#CFCBE5	Foggy Plateau	雾高原
#B7A5AD	Foggy Plum	雾梅紫
#BFA2A1	Foggy Quartz	雾石英
#ACBDB1	Foggy Rain	雾雨
#A79C8E	Foggy Sunrise	雾日出
#909FB2	Foghorn	雾角
#EEF0E7	Fogtown	雾镇
#C0C3C4	Foil	箔
#B0B99C	Foille	芙叶
#95B388	Foliage	叶
#3E6F58	Foliage Green	叶绿
#547588	Folk Blue	民俗蓝
#7A634F	Folk Guitar	民谣吉他
#65A19F	Folk Song	民歌
#A5C1B6	Folk Tales	民间故事
#684141	Folklore	民间传说
#6D6562	Folkstone	福克斯通
#626879	Folkstone Grey	福克斯通灰色
#D69969	Folksy Gold	民间金
#F7E5D0	Follow the Leader	跟随领袖
#FD004D	Folly	愚蠢
#C8BCB7	Fond Memory	美好的回忆
#ABA379	Fond of Fronds	叶子爱好者
#F4E2CF	Fondant	翻糖
#FDF5C4	Fondue	火锅
#6D4B3E	Fondue Fudge	火锅软糖
#CAD175	Fool’s Gold	愚人金
#825736	Football	足球
#7EAF34	Football Field	足球场
#528E39	Football Pitch	足球场
#CAB48E	Foothill Drive	山麓大道
#E1CFA5	Foothills	山麓
#E6CEE6	Footie Pyjamas	足球睡衣
#457E87	For the Love of Hue	爱色调
#323F75	Forbidden Blackberry	禁忌黑莓
#215354	Forbidden Forest	禁忌森林
#FE7B7C	Forbidden Fruit	禁忌果
#661020	Forbidden Passion	禁忌激情
#A38052	Forbidden Peanut	禁忌花生
#8A4646	Forbidden Red	禁忌红
#856363	Forbidden Thrill	禁忌的刺激
#D5CE69	Force of Nature	自然之力
#F29312	Forceful Orange	强力橙
#94A8D3	Foresight	先见之明
#0B5509	Forest	森林
#956378	Forest Berry	森林浆果
#1D5952	Forest Biome	森林生物群落
#0D4462	Forest Blues	森林蓝调
#738F50	Forest Bound	森林界
#969582	Forest Canopy	森林树冠
#627B72	Forest Edge	森林边缘
#3D7016	Forest Empress	森林女王
#63B76C	Forest Fern	森林蕨
#555142	Forest Floor	森林地面
#78766D	Forest Floor Khaki	森林地面卡其色
#E1DFBB	Forest Found	森林被发现
#88BB95	Forest Frolic	森林嬉戏
#68393B	Forest Fruit Pink	森林果粉
#6E2759	Forest Fruit Red	森林果红
#154406	Forest Green	森林绿
#3E645B	Forest Greenery	森林绿化
#9AA22B	Forest Lichen	森林地衣
#52B963	Forest Maid	森林女仆
#858F83	Forest Moss	森林苔藓
#434237	Forest Night	森林夜
#708D6C	Forest Path	森林径
#216957	Forest Rain	森林雨
#006800	Forest Ride	森林骑行
#555D46	Forest Ridge	森林山岭
#C8CAA4	Forest Sand	森林沙
#336644	Forest Serenade	森林小夜曲
#91AC80	Forest Shade	森林暗调
#015A49	Forest Shadows	森林影
#667028	Forest Spirit	森林烈酒
#016E61	Forest Splendour	森林辉煌
#A4BA8A	Forest Tapestry	森林挂毯
#BBA748	Forest Tent	森林帐篷
#A88B83	Forest Trail	森林小径
#9AA77C	Forester	森林人
#007733	Forestial	森林
#556611	Forestial Outpost	森林前哨站
#2F441F	Forestry	林业
#4D5346	Forestwood	福林伍德
#BBE1E6	Forever	永远
#899BB8	Forever Blue	永远蓝
#778590	Forever Denim	永远牛仔蓝
#D2BBB2	Forever Fairytale	永远的童话
#EFE6E1	Forever Faithful	永远忠诚
#AAB4A7	Forever Green	永远绿
#AFA5C7	Forever Lilac	永远丁香紫
#018E8E	Forever Teal	永远青
#67616B	Forge	锻造
#555257	Forged Iron	锻铁
#5B5B59	Forged Steel	锻钢
#0087BD	Forget-Me-Not	勿忘我
#358094	Forget-Me-Not Blue	勿忘我蓝色
#E1E1BE	Forgive Quickly	快点原谅
#FF1199	Forgiven Sin	罪孽被宽恕
#C0E5EC	Forgotten Blue	遗忘蓝
#C7B89F	Forgotten Gold	遗忘金
#955AF2	Forgotten Kyawthuite	被遗忘的凯维特
#E2D9DB	Forgotten Mosque	被遗忘的清真寺
#FFD9D6	Forgotten Pink	遗忘粉
#9878F8	Forgotten Purple	遗忘紫
#AFA696	Forgotten Sandstone	遗忘砂岩
#FDD5B1	Forgotten Sunset	遗忘日落
#C4BBA5	Forgotten Tusk	被遗忘的獠牙
#34466C	Forlorn Cruise	孤独的游轮
#848391	Formal Affair	正式事务
#3A984D	Formal Garden	规则式花园
#97969A	Formal Grey	正式灰色
#70474B	Formal Maroon	正式栗色
#A69A51	Formosan Green	台湾绿
#4E5B52	Forrester	福雷斯特
#FFC801	Forsythia	连翘
#F6D76E	Forsythia Blossom	连翘花
#BBCC55	Forsythia Bud	连翘花蕾
#C6C5C1	Fortitude	坚韧
#BEA58E	Fortress	堡垒
#B8B8B8	Fortress Grey	堡垒灰
#9F97A3	Fortune	财富
#E0C5A1	Fortune Cookie	幸运饼干
#B0534D	Fortune Red	财富红
#DAA994	Fortune’s Prize	《财富》奖
#92345B	Forward Fuchsia	转发淡紫
#867367	Fossil	化石
#A78F65	Fossil Butte	化石孤峰
#6C6A43	Fossil Green	化石绿
#D2C8BB	Fossil Sand	化石沙
#E3DDCC	Fossil Stone	化石石
#D1AF90	Fossil Tan	化石棕褐
#DDCBAF	Fossil White	化石白
#B6B8B0	Fossilised	化石
#756A43	Fossilised Leaf	叶化石
#85C7A1	Foul Green	臭绿
#DECFB3	Found Fossil	发现化石
#F8E8C5	Foundation	基金会
#EFEEFF	Foundation White	粉底白
#56B5CA	Fountain	喷泉
#65ADB2	Fountain Blue	喷泉蓝
#9CD4CF	Fountain City	喷泉城
#C6D0C6	Fountain Foam	喷泉泡沫
#E4E4C5	Fountain Frolic	喷泉嬉戏
#CDEBEC	Fountain Spout	喷泉喷口
#B9DEF0	Fountains of Budapest	布达佩斯喷泉
#738F5D	Four Leaf Clover	四叶草
#6A7252	Four Seasons Oolong	四季乌龙
#90908B	Four-Wheel Grey	四轮灰色
#CA4E33	Fox	狐
#C8AA92	Fox Hill	狐丘陵
#BF8E7F	Foxen	狐狸
#9F6949	Foxfire Brown	狐火棕色
#A2ACC5	Foxflower Viola	狐花中提琴
#B57C8C	Foxglove	毛地黄
#454B40	Foxhall Green	福克斯霍尔格林
#BC896E	Foxtail	狐尾
#A85E53	Foxy	狐狸
#9F00C5	Foxy Fuchsia	狐狸淡紫
#D5A6AD	Foxy Lady	狡猾的女士
#DB95AB	Foxy Pink	狐狸粉红
#70625C	Fozzie Bear	福齐熊
#BBB8D0	Fragile	脆弱
#E7D7C6	Fragile Beauty	脆弱的美丽
#CFD1D3	Fragile Blue	易碎蓝
#EFF2DB	Fragile Fern	脆弱的蕨类植物
#8E545C	Fragrant Cherry	芬芳樱桃
#AC5E3A	Fragrant Cloves	丁香香
#EABC83	Fragrant Coriander	芬芳芫荽
#FBF6E7	Fragrant Jasmine	芬芳茉莉
#CAA7BB	Fragrant Lilac	芬芳丁香紫
#DCBDC8	Fragrant Orchid	芬芳兰花紫
#A99FBA	Fragrant Satchel	香囊
#D5C5D4	Fragrant Snowbell	香雪铃
#ADB1C1	Fragrant Wand	香棒
#EE88EE	Frail Fuchsia	淡淡紫
#E40058	Framboise	弗兰布瓦兹
#F4D5B2	Frangipane	鸡蛋花
#FFD7A0	Frangipani	鸡蛋花
#225288	Frank Blue	弗兰克·布鲁
#EFEBDB	Frank Lloyd White	弗兰克·劳埃德·怀特
#E5989C	Franken Berry	弗兰肯·贝瑞
#7BA05B	Frankenstein	弗兰肯斯坦
#DCAA6E	Frankincense	乳香
#E2DBCA	Frankly Earnest	坦白认真
#CEAE99	Frappé	冰沙
#9A6840	Frappé au Chocolat	巧克力冰沙
#9B6F55	Freckle Face	雀斑脸
#AF8B65	Freckled Nose	雀斑鼻子
#D78775	Freckles	雀斑
#74A690	Free Green	自由绿
#D1CDCA	Free Reign	自由统治
#029D74	Free Speech Aquamarine	言论自由海蓝宝石
#4156C5	Free Speech Blue	言论自由蓝
#09F911	Free Speech Green	言论自由绿
#E35BD8	Free Speech Magenta	言论自由洋红色
#C00000	Free Speech Red	言论自由红
#DEEEED	Free Spirit	自由烈酒
#B29A8B	Free Wheeling	自由行驶
#3B5E68	Freedom	自由
#657682	Freedom Found	找到自由
#565266	Freefall	自由落体
#F3C12C	Freesia	小苍兰
#B3B0D4	Freesia Purple	小苍兰紫
#DEE9F4	Freeze Up	冻结
#D4E9F5	Freezing Vapour	冰冷蒸汽
#99EEEE	Freezy Breezy	冰凉微风
#99FFDD	Freezy Wind	冰冷的风
#232F36	Freinacht Black	弗莱纳赫特黑
#F9F3D5	French 75	法国
#A67B50	French Beige	法国米色
#856D4D	French Bistre	法国小酒馆
#0072BB	French Blue	法国蓝
#F2D5D4	French Bustle	法国喧嚣
#CDC0B7	French Castle	法国城堡
#6A8EA2	French Court	法式庭院
#F2C9B1	French Cream	法国奶油
#F2E6CF	French Creme	法国奶油
#597191	French Diamond	法国钻石
#EBC263	French Fry	炸薯条
#FD3F92	French Fuchsia	法国紫红
#BFBDC1	French Grey	法国灰
#CAC8B6	French Grey Linen	法国灰亚麻
#E9E2E0	French Heirloom	法国传家宝
#DFC9D1	French Lavender	法国薰衣草紫
#DEB7D9	French Lilac	法国丁香紫
#ADBAE3	French Lilac Blue	法国丁香紫蓝
#C0FF00	French Lime	法国青柠
#C9D6C2	French Limestone	法国石灰岩
#FEE6DC	French Manicure	法式美甲
#A2C7A3	French Market	法国市场
#AD747D	French Marron	法国栗子
#D473D4	French Mauve	法国淡紫
#446688	French Mirage Blue	法国海市蜃楼蓝
#9FBBC3	French Moire	法国莫尔条纹
#BB9E7C	French Oak	法国橡
#D4AB60	French Pale Gold	法国淡金
#9EA07D	French Parsley	法国欧芹
#A4D2E0	French Pass	法国通行证
#C4AA92	French Pastry	法国糕点
#9E9F7D	French Pear	法国梨
#FD6C9E	French Pink	法国粉
#811453	French Plum	法国梅紫
#F6F4F6	French Porcelain	法国瓷器
#FAF1D7	French Porcelain Clay	法国瓷器黏土
#4E1609	French Puce	法国深褐色
#C72C48	French Raspberry	法国覆盆子
#644C48	French Roast	法国烤肉
#F64A8A	French Rose	法国玫红
#BAB6A0	French Shutter	法式快门
#C0C6D2	French Silk	法国丝
#B8BCBC	French Silver	法国银
#77B5FE	French Sky Blue	法国天空蓝
#667255	French Tarragon	法国龙蒿
#D3C2BF	French Taupe	法国灰褐
#DD8822	French Toast	法国吐司
#896D61	French Truffle	法国松露
#EFE1A7	French Vanilla	法国香草
#FBE8CE	French Vanilla Sorbet	法国香草冰糕
#8806CE	French Violet	法国紫罗兰
#F1E7DB	French White	法国白
#AC1E44	French Wine	法国酒红
#991133	French Winery	法国酒庄
#814A5C	Frenzied Red	狂红
#FEB101	Frenzy	疯狂
#9CC780	Frenzy Plant	疯狂植物
#F4DBD9	Fresco	湿壁画
#034C67	Fresco Blue	湿壁画蓝
#FCC9A6	Fresco Cream	湿壁画奶油
#7BD9AD	Fresco Green	湿壁画绿
#D2693E	Fresh Acorn	鲜橡果
#A6E7FF	Fresh Air	鲜空气
#97A346	Fresh Apple	鲜苹果
#FFD7A5	Fresh Apricot	鲜杏
#7C8447	Fresh Artichoke	鲜洋蓟
#A52A24	Fresh Auburn	鲜赤褐
#F8D7BE	Fresh Baked Bread	鲜烘面包
#5C5F4B	Fresh Basil	鲜罗勒
#8BD6E2	Fresh Blue	鲜蓝
#069AF3	Fresh Blue of Bel Air	贝莱尔的清新蓝
#BEEDDC	Fresh Breeze	鲜微风
#B8AA7D	Fresh Brew	鲜酿造
#FF9C68	Fresh Cantaloupe	新鲜哈密瓜
#A77F74	Fresh Cedar	鲜雪松
#74754C	Fresh Cilantro	鲜香菜
#995511	Fresh Cinnamon	鲜肉桂
#BE8035	Fresh Clay	鲜黏土
#FCF7E0	Fresh Cream	鲜奶油
#CC9F76	Fresh Croissant	鲜牛角包
#F2003C	Fresh Cut	鲜切
#91CB7D	Fresh Cut Grass	鲜切草
#B5D9E5	Fresh Dawn	鲜黎明
#DFE9E5	Fresh Day	鲜白天
#F0F4E5	Fresh Dew	鲜露
#F2EBE6	Fresh Dough	鲜面团
#4F467E	Fresh Eggplant	鲜茄紫
#FAF4CE	Fresh Eggs	鲜蛋
#ADBCB4	Fresh Eucalyptus	鲜桉树
#DBE69D	Fresh Frappé	鲜冰沙
#D3691F	Fresh Gingerbread	新鲜姜饼
#7FF217	Fresh Granny Smith	新鲜青苹果
#69D84F	Fresh Green	鲜绿
#F0F7C4	Fresh Grown	新鲜生长
#A2B07E	Fresh Guacamole	鲜鳄梨酱
#FFAADD	Fresh Gum	鲜胶糖
#D1C1DD	Fresh Heather	鲜石楠
#77913B	Fresh Herb	鲜草药
#F6EFC5	Fresh Honeydew	新鲜蜜瓜
#006A5B	Fresh Ivy Green	鲜常春藤绿
#8E90B4	Fresh Lavender	鲜薰衣草紫
#88AA00	Fresh Lawn	鲜草坪
#93EF10	Fresh Leaf	鲜叶
#ECE678	Fresh Lemonade	鲜柠檬水
#B2D58C	Fresh Lettuce	鲜生菜
#D8F1CB	Fresh Lime	鲜青柠
#EBE8DA	Fresh Linen	鲜亚麻
#2A5443	Fresh Mint	鲜薄荷
#83D9C5	Fresh Mist	鲜薄雾
#93B654	Fresh Mown	新刈
#DAA674	Fresh Nectar	鲜花蜜
#FF11FF	Fresh Neon Pink	鲜霓虹粉
#A69E73	Fresh Olive	鲜橄榄
#FAA9BB	Fresh on the Market	鲜市场
#5B8930	Fresh Onion	鲜洋葱
#4FAA6C	Fresh Oregano	鲜牛至
#F6B98A	Fresh Peaches	新鲜桃子
#D0DD84	Fresh Pear	鲜梨
#C2B079	Fresh Peas	鲜豌豆
#A0BD14	Fresh Pesto	鲜青酱
#FDDDE6	Fresh Piglet	鲜小猪
#4F5B49	Fresh Pine	鲜松
#F3D64F	Fresh Pineapple	鲜菠萝
#E19091	Fresh Pink	鲜粉
#F4F3E9	Fresh Popcorn	新鲜爆米花
#E7BB95	Fresh Praline	新鲜果仁糖
#503E2C	Fresh Roe	新鲜鱼子
#FF7356	Fresh Salmon	鲜鲑粉
#C8A278	Fresh Sawdust	新鲜木屑
#F1C11C	Fresh Scent	鲜香
#F6EFE1	Fresh Snow	鲜雪
#91A085	Fresh Sod	新草皮
#6AB9BB	Fresh Soft Blue	鲜柔蓝
#C7C176	Fresh Sprout	鲜芽
#FFAD00	Fresh Squeezed	鲜榨
#CFD4A4	Fresh Start	新的开始
#EECC66	Fresh Straw	鲜稻草
#505B93	Fresh Take	新鲜的
#AEBDA8	Fresh Thyme	鲜百里香
#B2C7C0	Fresh Tone	鲜调
#40E0D0	Fresh Turquoise	鲜青
#DFEBB1	Fresh Up	鲜
#C6E3F7	Fresh Water	鲜水
#DF9689	Fresh Watermelon	鲜西瓜
#E1D9AA	Fresh Willow	鲜柳
#EAE6CC	Fresh Wood Ashes	鲜木灰烬
#F7E190	Fresh Yellow	鲜黄
#F5E9CF	Fresh Zest	鲜香
#E2BEAB	Fresh-Baked	现烤
#E9C180	Freshly Baked	新鲜出炉
#5C5083	Freshly Purpleized	新紫化
#663322	Freshly Roasted Coffee	现烤咖啡
#E6F2C4	Freshman	新生
#4DA6B2	Freshwater	淡水
#B5C7A4	Freshwater Green	淡水绿
#004F98	Freshwater Lake	淡水湖
#535644	Freshwater Marsh	淡水沼泽
#E3E1DD	Freshwater Pearls	淡水珍珠
#B2A490	Fretwire	品丝
#807E79	Friar Grey	格雷修士
#DDB994	Friar Tuck	塔克修士
#754E3E	Friar’s Brown	修士棕
#FFE6C2	Fricassée	炒菜
#B9A161	Frickles	炸腌菜
#FFE464	Fried Egg	煎蛋
#E2F5E1	Friendly Basilisk	友好蛇怪
#3F663E	Friendly Fairway	友好球道
#B3AC36	Friendly Frog	友好蛙
#BFFBFF	Friendly Frost	友好霜
#DFDFDD	Friendly Ghost	友好鬼
#C8A992	Friendly Homestead	友好家园
#C4A079	Friendly Tan	友好棕褐
#F5E0B1	Friendly Yellow	友好黄
#E8C5C1	Friends	老友记
#FED8C2	Friendship	友谊
#004499	Fright Night	恐怖之夜
#EE77FF	Frijid Pink	弗里吉德粉红
#939FA9	Frilled Shark	皱褶鲨鱼
#8FA6C1	Frills	装饰
#B4E1BB	Fringy Flower	流苏花
#CCDDA1	Frisky	活泼
#7BB1C9	Frisky Blue	活泼的蓝色
#BDB8BB	Frisky Whiskers	活泼的胡须
#FEEBC8	Frittata	菜肉馅煎蛋饼
#CFD2C7	Frivolous Folly	无聊的蠢事
#58BC08	Frog	蛙
#00693C	Frog Green	蛙绿
#7DA270	Frog Hollow	蛙谷
#8FB943	Frog on a Log	木头上的青蛙
#73B683	Frog Pond	蛙池塘
#BBD75A	Frog Prince	蛙王子
#8C8449	Frog’s Legs	青蛙腿
#8CD612	Frogger	青蛙过河
#7FBA9E	Froggy Pond	青蛙池塘
#F9E7E1	Frolic	嬉戏
#E56D75	Froly	弗洛
#7B7F56	Frond	叶状体
#CDCCC5	Front Porch	前廊
#314A49	Frontier	边境
#9A8172	Frontier Brown	边境棕色
#C3B19F	Frontier Fort	边境堡垒
#BCA59A	Frontier Land	边疆之地
#9A794A	Frontier Paradise	边疆乐园
#655A4A	Frontier Shadow	边疆之影
#7B5F46	Frontier Shingle	边境木瓦
#E1E4C5	Frost	霜
#5D9AA6	Frost Blue	霜蓝
#BBCFEF	Frost Fairy	霜仙子
#8ECB9E	Frost Gum	霜糖胶
#DAEBEF	Frost Wind	霜风
#ACFFFC	Frostbite	冻伤
#D2C2AC	Frosted Almond	霜杏仁
#0055DD	Frosted Blueberries	磨砂蓝莓
#A89C91	Frosted Cocoa	霜可可
#78B185	Frosted Emerald	霜祖母绿
#A7A796	Frosted Fern	霜蕨
#B4D5BD	Frosted Fir	霜冷杉
#E2F7D9	Frosted Garden	霜花园
#EAF0F0	Frosted Glass	霜玻璃
#D4C4D2	Frosted Grape	霜葡萄
#AAEEAA	Frosted Hills	霜山丘
#B1B9D9	Frosted Iris	霜鸢尾
#C2D1C4	Frosted Jade	霜翡翠
#F0F4EB	Frosted Juniper	霜杜松子
#FFEDC7	Frosted Lemon	霜柠檬
#D3D1DC	Frosted Lilac	霜丁香紫
#E2F2E4	Frosted Mint	霜薄荷
#CCFFC2	Frosted Mint Hills	霜薄荷山丘
#BFB3D1	Frosted Orchid	霜兰花紫
#E0FFDF	Frosted Plains	霜冻平原
#AD3D46	Frosted Pomegranate	磨砂石榴
#C6D1C4	Frosted Sage	霜鼠尾草
#C5C9C5	Frosted Silver	霜银
#D5BCC2	Frosted Sugar	霜糖
#F1DBBF	Frosted Toffee	霜太妃
#F6D8D7	Frosted Tulip	霜郁金香
#DBE5D2	Frostee	霜冻
#FFFBEE	Frosting Cream	糖霜奶油
#DBF2D9	Frostini	弗罗斯蒂尼
#D1F0F6	Frostproof	防冻
#EFF1E3	Frostwork	霜花
#A1DED6	Frosty	霜白
#E1809A	Frosty Berry	霜白浆果
#A4A78E	Frosty Cedar	霜白雪松
#CBE9C9	Frosty Dawn	霜白黎明
#CCEBF5	Frosty Day	霜白天
#DEE1E9	Frosty Fog	霜白雾
#A0C0BF	Frosty Glade	霜白空地
#A3B5A6	Frosty Green	霜白绿
#DAE2B2	Frosty Margarita	霜白玛格丽特
#E2F7F1	Frosty Mint	霜白薄荷
#EFE8E8	Frosty Morning	霜白早晨
#9497B3	Frosty Nightfall	霜夜
#C7CFBE	Frosty Pine	霜白松
#DFE9E3	Frosty Pink	霜白粉
#ACCDE5	Frosty Snow Cap	霜雪帽
#B4E0DE	Frosty Soft Blue	霜白柔蓝
#578270	Frosty Spruce	霜白云杉
#DDDDD6	Frosty White	霜白
#CCE9E4	Frosty White Blue	霜白蓝
#C6B8AE	Froth	泡沫
#FAEDE6	Frothy Milk	奶泡
#E7EBE6	Frothy Surf	泡沫冲浪
#FBF5D6	Frozen Banana	冻香蕉
#A5C5D9	Frozen Blue	冻蓝
#00EEDD	Frozen Boubble	冰冻泡泡
#E1F5E5	Frozen Civilization	冰冻文明
#FBEABD	Frozen Custard	冻蛋奶
#D1CAA4	Frozen Dew	冻露
#9CA48A	Frozen Edamame	冷冻毛豆
#CFE8B6	Frozen Forest	冻森林
#DDC5D2	Frozen Frappé	冻冰沙
#E1CA99	Frozen Fruit	冻果
#DEEADC	Frozen Grass	冻草
#7B9CB3	Frozen Lake	冻湖
#AEE4FF	Frozen Landscape	冻风景
#DFD9DA	Frozen Mammoth	冰冻猛犸象
#DBE2CC	Frozen Margarita	冻玛格丽特
#C6BB81	Frozen Marguerita	冰冻玛格丽塔
#D8E8E6	Frozen Mint	冻薄荷
#ADDFAD	Frozen Moss Green	冻苔藓绿
#C4EAD5	Frozen Pea	冻豌豆
#C9D1EF	Frozen Periwinkle	冻长春花蓝
#A5B4AE	Frozen Pond	冻池塘
#FEA993	Frozen Salmon	冻鲑粉
#26F7FD	Frozen State	冻州
#E1DEE5	Frozen Statues	冰冻雕像
#30555D	Frozen Stream	冻溪流
#DD5533	Frozen Tomato	冻番茄
#A3BFCB	Frozen Tundra	冻苔原
#53F6FF	Frozen Turquoise	冻青
#ECB3BE	Frozen Veins	冰冻静脉
#56ACCA	Frozen Wave	冻波浪
#8BBBDB	Frozen Whisper	冻低语
#A5D7B2	Frugal	节俭
#FDC9D0	Fruit Bowl	水果盘
#D08995	Fruit Cocktail	果鸡尾酒
#CA4F70	Fruit Dove	果鸽
#946985	Fruit of Passion	果激情
#FA8970	Fruit Red	果红
#4BA351	Fruit Salad	水果沙拉
#F39D8D	Fruit Shake	水果奶昔
#604241	Fruit Yard	果园
#EAC064	Fruit Yellow	果黄
#773B3E	Fruitful Orchard	硕果累累的果园
#448822	Fruitless Fig Tree	不结果子的无花果树
#9B6E71	Fruitwood	果木
#F69092	Fruity Licious	果味美味
#ED0DD9	Fuchsia	紫红
#333322	Fuchsia Berries	紫红莓
#7A58C1	Fuchsia Blue	紫红蓝
#E47CB8	Fuchsia Blush	紫红绯红
#F44772	Fuchsia Felicity	淡紫幸福
#FF5599	Fuchsia Fever	紫红发烧
#BB22BB	Fuchsia Flair	淡紫风格
#FF01CD	Fuchsia Flame	紫红焰
#DD55CC	Fuchsia Flash	紫红闪光
#AB446B	Fuchsia Flock	淡紫植绒
#BB2299	Fuchsia Flourish	淡紫蓬勃发展
#D800CC	Fúchsia Intenso	深淡紫
#CB6E98	Fuchsia Kiss	紫红吻
#7722AA	Fuchsia Nebula	淡紫星云
#9F4CB7	Fuchsia Pheromone	淡紫信息素
#FF77FF	Fuchsia Pink	紫红粉
#D33479	Fuchsia Purple	紫红
#B73879	Fuchsia Red	紫红
#C74375	Fuchsia Rose	紫红玫红
#C255C1	Fuchsia Tint	紫红调
#C3D9CE	Fuchsite	铬云母
#5B7E70	Fuchsite Green	紫红绿
#583D43	Fudge	软糖
#997964	Fudge Bar	软糖条
#572B16	Fudge Brownie	软糖布朗尼
#604A3F	Fudge Truffle	软糖松露
#A88B7F	Fudgecicle	软糖
#AC6239	Fudgesicle	软糖
#C77E4D	Fuegan Orange	火根橙
#EE5533	Fuego	富埃戈
#EE6622	Fuego Nuevo	富埃戈努埃沃
#C2D62E	Fuego Verde	富埃戈维德
#596472	Fuel Town	燃料城
#D19033	Fuel Yellow	燃油黄
#EE66AA	Fugitive Flamingo	逃亡火烈鸟
#F6EEE2	Fuji Peak	富士山顶
#89729E	Fuji Purple	富士紫
#F1EFE8	Fuji Snow	富士雪
#766980	Fujinezumi	藤泉
#F5B3CE	Fulgrim Pink	福根粉红
#E6B77E	Fulgurite Copper	富古铜矿
#FBCDC3	Full Bloom	全然绽放
#662222	Full City Roast	全城烘焙
#FAE4CE	Full Cream	全脂奶油
#1CA350	Full Energy	满能量
#916B77	Full Glass	满杯
#F4F3E0	Full Moon	满月
#CFEAE9	Full Moon Grey	满月灰
#DE5F2F	Full of Life	生机盎然
#320094	Full Swing Indigo	全力以赴的靛蓝
#F9BC4F	Full Yellow	纯黄
#514C7E	Fully Purple	全紫色
#E48400	Fulvous	黄褐色
#33789C	Fun and Games	娱乐和游戏
#335083	Fun Blue	欢乐蓝
#15633D	Fun Green	趣味绿
#F7E594	Fun Yellow	趣味黄
#B6884D	Funchal Yellow	丰沙尔黄
#3F6086	Functional Blue	功能蓝
#ABA39A	Functional Grey	功能性灰色
#CDD2C9	Fundy Bay	芬迪湾
#CC00DD	Fungal Hallucinations	真菌幻觉
#8F8177	Fungi	真菌
#F3D9DC	Funhouse	欢乐屋
#3EA380	Funk	放克
#EE9999	Funki Porcini	芬基牛肝菌
#4A3C4A	Funkie Friday	放克星期五
#98BD3C	Funky Frog	时髦青蛙
#AD4E1A	Funky Monkey	时髦猴子
#EDD26F	Funky Yellow	时髦黄
#113366	Funnel Cloud	漏斗云
#EDC8CE	Funny Face	搞笑脸
#E35519	Furious Fox	愤怒的狐狸
#55EE00	Furious Frog	愤怒的青蛙
#EE2277	Furious Fuchsia	愤怒的淡紫
#E34D41	Furious Pi?ata	愤怒的皮纳塔
#FF1100	Furious Red	狂怒红
#EA5814	Furious Tiger	愤怒的老虎
#C30A12	Furious Tomato	愤怒的番茄
#DD4124	Furnace	熔炉
#F5EFEB	Furry Lady	毛茸茸的女士
#F09338	Furry Lion	毛茸茸的狮子
#D2BB79	Further Afield	更远的地方
#FF0011	Fury	狂怒
#B56E91	Fuscia Fizz	富西亚菲兹
#54534D	Fuscous Grey	暗灰色
#F1E8D6	Fusilli	螺丝粉
#B0AE26	Fusion	融合
#FF8576	Fusion Coral	融合珊瑚
#FF6163	Fusion Red	融合红
#E6A3B9	Fussy Pink	挑剔的粉红色
#614E6E	Futaai Indigo	二合靛蓝
#EDF6DB	Futon	蒲团
#15ABBE	Future	未来
#FF2040	Future Fuchsia	未来紫红
#20B562	Future Hair	未来发
#BCB6BC	Future Vision	未来视觉
#998DA8	Futuristic	未来派
#FFEA70	Fuzzy Duckling	毛茸茸的小鸭
#FFD69F	Fuzzy Navel	模糊的肚脐
#FFBB8F	Fuzzy Peach	毛茸茸的桃子
#ECD2B4	Fuzzy Scruff	模糊颈背
#F0E9D1	Fuzzy Sheep	毛茸茸的羊
#EAE3DB	Fuzzy Unicorn	模糊独角兽
#CC6666	Fuzzy Wuzzy	模糊乌兹
#C45655	Fuzzy Wuzzy Brown	模糊乌兹棕色
#AEB1AC	Fynbos Leaf	凡波斯叶
#96834A	G.I.	特种兵
#2C4641	Gable Green	山墙绿
#8C6450	Gaboon Viper	加蓬毒蛇
#DACCA8	Gabriel’s Light	加百列之光
#F8E6C6	Gabriel’s Torch	加百列的火炬
#FFC4AE	Gadabout	闲聊
#A5B3AB	Gaelic Garden	盖尔花园
#AC0C20	Gaharā Lāl	加哈拉·拉尔
#D3BC9E	Gaia	盖亚
#A4BE8D	Gaia Stone	盖亚石
#F4E4E5	Gaiety	欢乐
#DCDCDC	Gainsboro	盖恩斯伯勒
#785D7A	Gala Ball	晚会
#B04B63	Gala Pink	盛大粉红
#442288	Galactic Civilization	银河文明
#48357B	Galactic Compass	银河罗盘
#111188	Galactic Cruise	银河巡航
#0AFA1E	Galactic Emerald	银河祖母绿
#330077	Galactic Federation	银河联邦
#7F8CB8	Galactic Gossamer	银河游丝
#6B327B	Galactic Grapevine	银河小道消息
#3311BB	Galactic Highway	银河公路
#E0DFDB	Galactic Mediator	银河调解人
#472E97	Galactic Purple	银河紫
#C0C4C6	Galactic Tint	银河调
#442255	Galactic Wonder	银河奇迹
#C4DDE2	Galactica	卡拉狄加
#95A69F	Galago	加拉戈
#D28083	Galah	加拉
#085F6D	Galapagos	加拉帕戈斯群岛
#29685F	Galapagos Green	加拉帕戈斯绿
#2E305E	Galaxea	银河
#4F4A52	Galaxy	星系
#2D5284	Galaxy Blue	星系蓝
#444499	Galaxy Express	银河快车
#79AFAD	Galaxy Green	星系绿
#35454E	Gale Force	烈风
#007844	Gale of the Wind	疾风
#64776E	Galena	方铅矿
#374B52	Galenite Blue	方铅矿蓝
#8A8342	Galia Melon	加利亚瓜
#A4763C	Gallant Gold	豪侠金
#99AA66	Gallant Green	豪绿
#3F95BF	Galleon Blue	帆船蓝
#8FA4AC	Galleria Blue	蓝色画廊
#DCD7D1	Gallery	画廊
#9BBCE4	Gallery Blue	画廊蓝色
#88A385	Gallery Green	绿色画廊
#C5C2BE	Gallery Grey	画廊灰色
#935A59	Gallery Red	画廊红
#D0C5B8	Gallery Taupe	灰褐色画廊
#EAEBE3	Gallery White	画廊白色
#D5AA5E	Galley Gold	厨房黄金
#D8A723	Galliano	加利亚诺
#A36629	Gallstone Yellow	胆石黄
#E8C8B8	Galveston Tan	加尔维斯顿谭
#C4DDBB	Galway	戈尔韦
#95A7A4	Galway Bay	戈尔韦湾
#E49B0F	Gamboge	甘博吉
#996600	Gamboge Brown	藤黄棕
#E6D058	Gamboge Yellow	藤黄
#E1B047	Gambol Gold	甘博金
#7E8181	Game Over	游戏结束
#0F380F	Gameboy Contrast	Game Boy对比度
#9BBC0F	Gameboy Light	Game Boy亮色
#8BAC0F	Gameboy Screen	Game Boy屏色
#306230	Gameboy Shade	Game Boy影色
#BFD1AF	Gamin	加明
#C9FF27	Gǎn Lǎn Huáng Olive	橄榄黄
#658B38	Gǎn Lǎn Lǜ Green	橄榄绿
#372B2C	Ganache	甘纳许
#239D42	Gangly Gremlin	刚利小魔怪
#FFDD22	Gangsters Gold	黑帮黄金
#A4E4FC	Ganon Blue	加农蓝
#8B7D82	Ganymede	木卫三
#F1D5A5	Garbanzo Bean	鹰嘴豆
#EEC684	Garbanzo Paste	鹰嘴豆酱
#9FAC98	Garden	花园
#9C6989	Garden Aroma	花园香气
#778679	Garden Bower	花园凉亭
#60784F	Garden Club	花园俱乐部
#D5C5A8	Garden Country	花园乡村
#506A48	Garden Cucumber	花园黄瓜
#F1F8EC	Garden Dawn	花园黎明
#93B59D	Garden District	花园区
#CCD4EC	Garden Fairy	花园仙子
#A892A8	Garden Flower	花园花
#729588	Garden Fountain	花园喷泉
#DADCC1	Garden Gate	花园门
#ABC0BB	Garden Gazebo	花园凉亭
#D9D7A1	Garden Glade	花园空地
#FFC1D0	Garden Glory	花园荣光
#7DCC98	Garden Glow	花园辉光
#9B2002	Garden Gnome Red	花园精灵红
#99CEA0	Garden Goddess	花园女神
#4E6539	Garden Green	花园绿
#658369	Garden Greenery	花园绿意
#5E7F57	Garden Grove	花园小树林
#6F7D6D	Garden Hedge	花园树篱
#E1D4B4	Garden Lattice	花园格栅
#D7DEAC	Garden Leek	花园韭葱
#87762B	Garden Lettuce Green	花园生菜绿
#55422B	Garden Loam	花园壤土
#28A873	Garden Medley	花园混合泳
#CED9C4	Garden Mint	花园薄荷
#C38E46	Garden Ochre	花园赭
#A09F5B	Garden of Earthly Delights	人间乐园
#7FA771	Garden of Eden	伊甸园
#8A8D66	Garden of Paradise	花园天堂
#E3A4B8	Garden Party	花园派对
#424330	Garden Path	花园径
#E4E4D5	Garden Pebble	花园卵石
#E4D195	Garden Picket	花园纠察队
#9D8292	Garden Plum	花园梅紫
#AFC09E	Garden Pond	花园池塘
#A4A99B	Garden Promenade	花园长廊
#CDBE96	Garden Rain	花园雨
#ACCFA9	Garden Room	花园房
#F7EAD4	Garden Rose White	花园玫红白
#A18B62	Garden Salt Green	花园盐绿
#EBE6C7	Garden Seat	花园座椅
#334400	Garden Shadow	花园暗影
#D6EFDA	Garden Shed	花园棚
#CDB1AB	Garden Snail	花园蜗牛
#B1CA95	Garden Spot	花园点
#AB863A	Garden Sprout	花园芽
#BFD4C4	Garden Statue	花园雕像
#7DC683	Garden Stroll	花园漫步
#8CBD97	Garden Swing	花园秋千
#A3BBB3	Garden Twilight	花园暮光
#66BB8D	Garden Variety	花园品种
#89B89A	Garden View	花园景
#827799	Garden Violets	紫罗兰
#9FB1AB	Garden Vista	花园远景
#AEA492	Garden Wall	花园墙
#786E38	Garden Weed	花园杂草
#5E602A	Gardener Green	园丁绿
#5C534D	Gardener’s Soil	园丁的土壤
#F1E8DF	Gardenia	栀子
#ACBA8D	Gardening	园艺
#337700	Gardens Sericourt	丝里阁花园
#A75429	Garfield	加菲猫
#EEEE55	Gargantua	卡冈都亚
#ABB39E	Gargoyle	石像鬼
#FFDF46	Gargoyle Gas	石像鬼气体
#00A4B1	Garish Blue	花哨的蓝色
#51BF8A	Garish Green	花哨的绿色
#69887B	Garland	花环
#B0AAA1	Garlic Beige	大蒜米色
#EDDF5E	Garlic Butter	大蒜黄油
#E2D7C1	Garlic Clove	大蒜丁香
#ECEACF	Garlic Head	蒜头
#BFCF00	Garlic Pesto	大蒜青酱
#CDD2BC	Garlic Suede	大蒜麂皮
#DDDD88	Garlic Toast	大蒜吐司
#733635	Garnet	石榴石
#354A41	Garnet Black Green	石榴石黑绿
#763B42	Garnet Evening	石榴石傍晚
#CC7446	Garnet Sand	石榴石沙
#C89095	Garnet Shadow	石榴石暗影
#384866	Garnet Stone Blue	石榴石石蓝
#1E9752	Garnish	装饰
#756861	Garret Brown	加勒特棕
#7B8588	Garrison Grey	加里森·格雷
#FFBB31	Garuda Gold	嘉鲁达金卡
#98DCFF	Gas Giant	气态巨行星
#FEFFEA	Gaslight	煤气灯
#D2935D	Gates of Gold	黄金之门
#88796C	Gateway Arch	拱门
#A0A09C	Gateway Grey	网关灰色
#B2AC9C	Gateway Pillar	网关支柱
#AB8F55	Gathering Field	采集场
#AD9466	Gathering Place	集合地点
#665E43	Gator Tail	鳄鱼尾巴
#8E3B2F	Gatsby Brick	盖茨比砖
#EED683	Gatsby Glitter	盖茨比闪光
#78736E	Gauntlet Grey	手套灰色
#84C3AA	Gauss Blaster Green	高斯冲击波绿
#C8E1E9	Gauzy Calico	薄纱印花布
#E3DBD4	Gauzy White	薄纱白
#76826C	Gazebo Green	凉亭绿
#D1D0CB	Gazebo Grey	凉亭灰色
#947E68	Gazelle	瞪羚
#C23B22	Gazpacho	西班牙凉菜汤
#9D913C	Gecko	壁虎
#669900	Gecko’s Dream	壁虎的梦想
#AAC69A	Geddy Green	盖迪·格林
#7F4C00	Gédéon Brown	吉德翁棕
#40534E	Gedney Green	格德尼·格林
#C5832E	Geebung	吉邦
#B0A677	Geek Chic	极客时尚
#DBA674	Gehenna’s Gold	地狱的黄金
#DD44FF	Geisha Pink	艺妓粉红
#B5ACB2	Gellibrand	盖利布兰德
#4D5B8A	Gem	宝石
#73C4A4	Gem Silica	宝石二氧化硅
#53C2C3	Gem Turquoise	宝石青
#B4D6CB	Gemini	双子座
#FCA750	Gemini Mustard Momento	双子座芥末时刻
#004F6D	Gemstone Blue	宝石蓝
#4B6331	Gemstone Green	宝石绿
#F4E386	Gen Z Yellow	Z世代黄
#007F66	Generic Viridian	通用常春藤
#7761AB	Genestealer Purple	基因窃取者紫色
#18515D	Genetic Code	遗传密码
#1F7F76	Geneva Green	日内瓦绿
#BAB7B8	Geneva Morn	日内瓦之晨
#33673F	Genever Green	银杏绿
#BCC4E0	Genevieve	吉纳维芙
#5F4871	Gengiana	吉安娜
#3E4364	Genie	精灵
#31796D	Genoa	热那亚
#FDE910	Genoa Lemon	热那亚柠檬
#698EB3	Genteel Blue	文雅蓝
#E2E6EC	Genteel Lavender	优雅薰衣草
#9079AD	Gentian	龙胆草
#312297	Gentian Blue	龙胆蓝
#3366FF	Gentian Flower	龙胆花
#57487F	Gentian Violet	龙胆紫
#CEAF93	Gentility	温柔
#97CBD2	Gentle Aquamarine	温柔海蓝
#CDD2DE	Gentle Blue	温柔蓝
#C4CEBF	Gentle Calm	温柔平静
#FCD7BA	Gentle Caress	温柔的爱抚
#C3ECE9	Gentle Cold	温柔寒冷
#C3CC6E	Gentle Dill	温柔莳萝
#E8B793	Gentle Doe	温柔的母鹿
#E6C9A4	Gentle Fawn	温柔小鹿
#DCE0CD	Gentle Frost	温柔霜
#B3EBE0	Gentle Giant	温柔的巨人
#F6E5B9	Gentle Glow	温柔辉光
#908A9B	Gentle Grape	温柔葡萄
#DEE0E1	Gentle Grey	温柔灰
#EBC4BF	Gentle Kiss	温柔吻
#E3D9C8	Gentle Lamb	温柔羊羔
#A5CE8F	Gentle Landscape	温柔风景
#958C9E	Gentle Mauve	温柔淡紫
#CBC9C5	Gentle Rain	温柔雨
#B0C8D0	Gentle Sea	温柔海
#D6CBBA	Gentle Shadows	温柔影
#99BDD2	Gentle Sky	温柔天空
#E5D4BE	Gentle Slumber	温柔沉睡
#C3BFAE	Gentle Soul	温柔灵魂
#E3D5B8	Gentle Touch	温柔触感
#DAD5D9	Gentle Violet	温柔紫罗兰
#7AC0BB	Gentle Wave	温柔波浪
#ABD0EA	Gentle Wind	温柔风
#FFF5BE	Gentle Yellow	温柔黄
#C1BECD	Gentleman’s Suit	绅士套装
#CA882C	Gentleman’s Whiskey	绅士威士忌
#F1E68C	Gentlemann’s Business Pants	绅士商务裤
#BDAE9E	Gentry Grey	金特里·格雷
#4B3F69	Geode	晶洞
#B06144	Georgia Clay	乔治亚·克莱
#F97272	Georgia Peach	乔治亚桃子
#22657F	Georgian Bay	乔治亚湾
#CF875E	Georgian Leather	格鲁吉亚皮革
#C6B8B4	Georgian Pink	格鲁吉亚粉红
#5B8D9F	Georgian Revival Blue	格鲁吉亚复兴蓝
#D1974C	Georgian Yellow	格鲁吉亚黄
#E77B75	Geraldine	杰拉尔丁
#DC465D	Geranium	天竺葵
#CFA1C7	Geranium Bud	天竺葵蕾
#90AC74	Geranium Leaf	天竺葵叶
#9B8C7B	German Camouflage Beige	德国迷彩米色
#53504E	German Grey	德国灰
#89AC27	German Hop	德国啤酒花
#2E3749	German Liquorice	德国甘草
#CD7A00	German Mustard	德国芥末
#0094C8	Germander Speedwell	杰曼德·斯皮德韦尔
#DDC47E	Germania	日耳曼尼亚
#1A9D49	Get up and Go	起身出发
#AC9B7B	Getaway	逍遥游
#C3DAE3	Getting Wet	湿透了
#C7C1B7	Gettysburg Grey	葛底斯堡灰
#C4D7CF	Geyser	间歇泉
#E3CAB5	Geyser Basin	间歇泉盆地
#A9DCE2	Geyser Pool	间歇泉池
#CBD0CF	Geyser Steam	间歇泉蒸汽
#D8BC23	Ghee Yellow	酥油黄
#C0BFC7	Ghost	鬼
#DFEDDA	Ghost Lichen	鬼地衣
#C10102	Ghost Pepper	鬼胡椒
#887B6E	Ghost Ship	鬼船
#E3E4DB	Ghost Story	鬼故事
#BEB6A8	Ghost Town	鬼城
#CBD1D0	Ghost Whisperer	鬼语者
#F8F8FF	Ghost White	鬼白
#BCB7AD	Ghost Writer	鬼作家
#E2E0DC	Ghosted	幽灵
#CAC6BA	Ghosting	重影
#113C42	Ghostlands Coal	幽灵之地煤炭
#A7A09F	Ghostly	幽灵
#D9D7B8	Ghostly Green	幽灵绿
#CCCCD3	Ghostly Grey	幽灵灰
#7B5D92	Ghostly Purple	幽灵紫
#E2E6EF	Ghostly Tuna	幽灵金枪鱼
#E2DBDB	Ghostwaver	幽灵波动者
#667744	Ghoul	食尸鬼
#F1D236	Giallo	吉亚洛
#88763F	Giant Cactus Green	巨仙人掌绿
#665D9E	Giant Onion	大洋葱
#B05C52	Giant’s Club	巨人俱乐部
#FE5A1D	Giants Orange	巨人橙色
#626970	Gibraltar	直布罗陀
#6F6A68	Gibraltar Grey	直布罗陀灰
#133A54	Gibraltar Sea	直布罗陀海
#9FC0CE	Gift of the Sea	海洋的礼物
#564786	Gigas	吉加斯
#EFF0D3	Giggle	咯咯笑
#F4DB4F	Gilded	镀金
#E4B46E	Gilded Age	镀金时代
#B39F8D	Gilded Beige	镀金米色
#956841	Gilded Glamour	镀金魅力
#B58037	Gilded Gold	镀金
#EBA13C	Gilded Leaves	镀金叶
#DAD5C9	Gilded Linen	镀金亚麻
#C09E6C	Gilded Pear	镀金梨
#BBAF5E	Gilded Pesto	镀金青酱
#CD9D99	Gilman Rose	吉尔曼·罗斯
#6C8396	Gilneas Grey	吉尔尼斯·格雷
#E6AD67	Gilt Trip	镀金之旅
#B9AD61	Gimblet	绞刀
#D9DFCD	Gin	金酒
#A3B9B6	Gin Berry	金酒浆果
#F8EACA	Gin Fizz	金酒气泡
#BA8E5A	Gin Still	金酒
#ECEBE5	Gin Tonic	金酒汤力
#B06500	Ginger	姜
#C9A86A	Ginger Ale	姜汁汽水
#F5DFBC	Ginger Ale Fizz	姜汁汽水
#C27F38	Ginger Beer	姜啤酒
#EFE0D7	Ginger Cream	姜奶油
#CE915A	Ginger Crisp	姜清冽
#CEAA64	Ginger Crunch	姜脆
#B06D3B	Ginger Dough	姜面团
#97653C	Ginger Dy	姜迪
#CF524E	Ginger Flower	姜花
#996251	Ginger Gold	姜金
#B8A899	Ginger Grey Yellow	姜灰黄
#C6A05E	Ginger Jar	姜罐子
#F1E991	Ginger Lemon Cake	姜柠檬蛋糕
#FFFFAA	Ginger Lemon Tea	姜柠檬茶
#F7A454	Ginger Milk	姜奶
#F9D09F	Ginger Peach	姜桃
#9A7D61	Ginger Pie	姜派
#C17444	Ginger Root	姜根
#F0C48C	Ginger Root Peel	姜根皮
#BE8774	Ginger Rose	姜玫红
#CB8F7B	Ginger Scent	姜香
#E3CEC6	Ginger Shortbread	姜酥饼
#B65D48	Ginger Spice	姜辛香
#DDDACE	Ginger Sugar	姜糖
#B19D77	Ginger Tea	姜茶
#CC8877	Ginger Whisper	姜低语
#8C4A2F	Gingerbread	姜饼
#956A43	Gingerbread Brick	姜饼砖
#9C5E33	Gingerbread Crumble	姜饼碎
#CA994E	Gingerbread House	姜饼屋
#B39479	Gingerbread Latte	姜饼拿铁
#FFDD11	Gingerline	姜线
#C79E73	Gingersnap	姜饼
#B06C3E	Gingery	姜杰里
#A3C899	Gingko	银杏
#B3A156	Gingko Leaf	银杏叶
#918260	Gingko Tree	银杏树
#A5ACA4	Ginkgo Green	银杏绿
#858F79	Ginkgo Tree	银杏树
#97867C	Ginnezumi	银根纯
#B3D5C0	Ginninderra	金宁德拉
#F3E9BD	Ginseng	人参
#E6CDB5	Ginseng Root	人参根
#BC2D29	Ginshu	银州
#B3CEAB	Gio Ponti Green	吉奥·庞蒂·格林
#FEFE33	Giraffe	长颈鹿
#D1C0DC	Girl Crush	女孩迷恋
#D39BCB	Girl Power	女孩力量
#E4C7C8	Girl Talk	女孩谈话
#FFD3CF	Girlie	少女
#5A82AC	Girls in Blue	蓝衣女孩
#FF69B4	Girls Night Out	女孩之夜
#F6E6E5	Girly Nursery	少女托儿所
#EE88FF	Give Me Your Love	给我你的爱
#EBD4AE	Givry	吉夫里
#D4A1B5	Gizmo	小发明
#D1DAD7	Glacial	冰川
#DEF7FE	Glacial Day	冰川日
#C3FBF4	Glacial Drift	冰川漂流
#6FB7A8	Glacial Green	冰川绿
#EAE9E7	Glacial Ice	冰川冰
#BCD8E2	Glacial Stream	冰川溪流
#EAF2ED	Glacial Tint	冰川色调
#C9EAD4	Glacial Water Green	冰川水绿
#78B1BF	Glacier	冰川
#DEF2EE	Glacier Bay	冰川海湾
#A9C1C0	Glacier Blue	冰川蓝
#BBBCBD	Glacier Grey	冰川灰
#EAF3E6	Glacier Ivy	冰川常春藤
#62B4C0	Glacier Lake	冰川湖
#AABCCB	Glacier Mist	冰川薄雾
#D1D2DC	Glacier Pearl	冰川珍珠
#B3D8E5	Glacier Point	冰川点
#E2E3D7	Glacier Valley	冰川山谷
#F5E1AC	Glad Yellow	高兴黄
#9CA687	Glade	空地
#5F8151	Glade Green	空地绿
#7A8CA6	Gladeye	格莱德
#6E6C5E	Gladiator Grey	角斗士灰
#A95C3E	Gladiator Leather	角斗士皮
#D54F43	Gladiola	剑兰
#6370B6	Gladiola Blue	剑兰蓝
#6E5178	Gladiola Violet	剑兰紫
#CF748C	Glam	华丽
#DACBA7	Glamorgan Sausage	格拉摩根香肠
#B74E64	Glamorous	迷人
#C5AEA6	Glamorous Taupe	迷人灰褐色
#F0EAE0	Glamorous White	迷人白
#DB9DA7	Glamour	魅力
#007488	Glamour Green	魅力绿
#FFFCEC	Glamour White	魅力白
#BDB8AE	Glasgow Fog	格拉斯哥雾
#C7BEC4	Glass Bead	玻璃珠
#880000	Glass Bull	玻璃公牛
#DCDFB0	Glass Green	玻璃绿
#20B2AA	Glass Jar Blue	玻璃罐蓝色
#FCF3DD	Glass of Milk	玻璃奶
#DBD8CB	Glass Pebble	玻璃卵石
#CDB69B	Glass Sand	玻璃沙
#587B9B	Glass Sapphire	玻璃宝石蓝
#CDD0C0	Glass Tile	玻璃瓷砖
#B7A2CC	Glass Violet	玻璃紫罗兰
#D7E2E5	Glassine	格拉辛
#46B5C0	Glassmith	玻璃匠
#D1D9DA	Glassware	玻璃器皿
#3A3F45	Glaucophobia	青光恐惧症
#6082B6	Glaucous	白云
#B3E8C2	Glaucous Green	苍白绿
#E9692C	Glazed Carrot	釉面胡萝卜
#967217	Glazed Chestnut	釉面栗
#A15C30	Glazed Ginger	釉面姜
#5B5E61	Glazed Granite	釉面花岗岩
#EFE3D2	Glazed Pears	釉面梨
#D19564	Glazed Pecan	釉面山核桃
#D34E36	Glazed Persimmon	釉面柿子
#AD7356	Glazed Pot	釉面壶
#A44B62	Glazed Raspberry	釉面覆盆子
#89626D	Glazed Ringlet	釉面小环
#FFDCCC	Glazed Sugar	釉面糖
#B9CBA3	Gleam	微光
#F8DED1	Gleaming Shells	闪闪发光的贝壳
#B88C63	Gleaming Tan	闪闪发光的棕褐色
#9DBB7D	Gleeful	高兴
#A892B4	Gleeful Joy	欢欣鼓舞
#4AAC72	Glen	谷
#ACB8C1	Glen Falls	谷瀑布
#82817C	Glen Plaid	格伦格子
#A1BB8B	Glendale	格伦代尔
#A7D3B7	Glenwood Green	格伦伍德格林
#5D6F80	Glide Time	滑翔时间
#D7D8D9	Gliding Feather	滑翔之羽
#E1E8E3	Glimmer	微光
#4FB9CE	Glimpse	一睹为快
#121210	Glimpse Into Space	太空一瞥
#FFF3F4	Glimpse of Pink	粉红一瞥
#335588	Glimpse of Void	虚空一瞥
#F2EFDC	Glisten Green	亮绿
#F5E6AC	Glisten Yellow	亮黄色
#EED288	Glistening	闪闪发光
#F6BA25	Glistening Dawn	闪亮的黎明
#B1B3BE	Glistening Grey	闪亮灰色
#2C5463	Glitch	故障
#99FFFF	Glitchy Shader Blue	故障着色器蓝色
#E6E8FA	Glitter	闪光
#FEDC57	Glitter Is Not Gold	闪光金
#44BBFF	Glitter Lake	闪光湖
#88FFFF	Glitter Shower	闪光阵雨
#F8D75A	Glitter Yellow	闪光黄
#944A63	Glitterati	闪闪发光的人
#DEC0E2	Glittering Gemstone	闪闪发光的宝石
#D3AD77	Glittering Sun	灿烂的太阳
#EEEDDB	Glittery Glow	闪闪发光
#F9EECD	Glittery Yellow	闪光黄
#965F73	Glitz and Glamour	浮华与魅力
#D6A02B	Glitzy Gold	闪亮金
#AF413B	Glitzy Red	耀眼红
#B4BE93	Gloaming Green	霞光绿
#696E51	Global Green	全球绿色
#F1D7D3	Global Warming	全球变暖
#5F6C3C	Globe Artichoke	朝鲜蓟
#2E0329	Globe Thistle	地球蓟
#998D8D	Globe Thistle Grey Rose	地球蓟灰玫瑰
#3C416A	Gloomy Blue	忧郁蓝
#8756E4	Gloomy Purple	暗紫
#4A657A	Gloomy Sea	阴沉的大海
#CBA956	Glorious Gold	光荣金
#AAEE11	Glorious Green Glitter	华丽的绿色闪光
#FE2F4A	Glorious Red	绚丽红
#F88517	Glorious Sunset	灿烂的夕阳
#110011	Glossy Black	光泽黑
#FFDD77	Glossy Gold	光泽金
#AB92B3	Glossy Grape	光泽葡萄
#EEE3DE	Glossy Kiss	光泽吻
#636340	Glossy Olive	光泽橄榄
#F9F2DA	Glow	辉光
#FBE8C1	Glow Home	辉光家
#BEFDB7	Glow in the Dark	辉光深
#BED565	Glow Worm	辉光蠕虫
#EE4444	Glowing Brake Disc	发光刹车盘
#BC4D39	Glowing Coals	发光的煤炭
#AF5941	Glowing Firelight	发光的火光
#D0D4C0	Glowing Green	发光绿
#FBB736	Glowing Lantern	发光灯笼
#EE4400	Glowing Meteor	发光流星
#FFD15A	Glowing Reviews	热烈评论
#BD4649	Glowing Scarlet	发光猩红
#FFF6B9	Glowlight	辉光
#693162	Gloxinia	大岩桐
#1A1B1C	Gluon Grey	胶子灰
#DDCC66	Gluten	麸质
#00754B	Gnarls Green	粗糙绿色
#FFEEBB	Gnocchi Beige	面疙瘩米色
#81A19B	Gnome	侏儒
#ADC484	Gnome Green	侏儒绿
#B09F84	Gnu Tan	角马棕褐
#007F87	Go Alpha	阿尔法
#F7CA50	Go Bananas	去香蕉吧
#786E4C	Go Ben	去本
#FCECD5	Go Go Glow	辉光
#008A7D	Go Go Green	绿
#C6BE6B	Go Go Lime	青柠
#FEB87E	Go Go Mango	芒果
#FDD8D4	Go Go Pink	粉
#00AB66	Go Green!	绿
#DCD8D7	Go to Grey	灰
#342C21	Go to Hell Black	去地狱黑吧
#A89A91	Goat	山羊
#5E5A6A	Gobelin Mauve	戈布兰淡紫
#EBDACE	Gobi Beige	戈壁米色
#CDBBA2	Gobi Desert	戈壁滩
#CFA56D	Gobi Gold	戈壁黄金
#D4AA6F	Gobi Sand	戈壁沙
#BBA587	Gobi Tan	戈壁滩
#DB4731	Goblet Waxcap	高脚蜡帽
#34533D	Goblin	哥布林
#5F7278	Goblin Blue	妖精蓝
#EB8931	Goblin Eyes	妖精之眼
#4EFD54	Goblin Warboss	哥布林战王
#635147	Gobo Brown	图案片棕色
#770000	Gochujang Red	辣椒酱红
#550066	God of Nights	神夜
#4466CC	God of Rain	神雨
#FAF4E0	God-Given	天赐之物
#F56991	God’s Own Junkyard Pink	上帝自己的垃圾场粉色
#D0E1E8	Goddess	女神
#904C6F	Goddess of Dawn	女神黎明
#5D7F9D	Goddess of the Nile	女神尼罗
#3C4D03	Godzilla	哥斯拉
#0087A1	Gogo Blue	戈戈蓝
#83807A	Going Grey	变灰
#AB858F	Going Rouge	胭脂红
#CC142F	Goji Berry	枸杞
#F0833A	Goku Orange	悟空橙
#FFD700	Gold	金
#F3BC00	Gold Abundance	黄金丰盈
#2A2424	Gold Black	金黑
#ECC481	Gold Buff	金浅黄
#EEDD99	Gold Bullion	金条
#FFE8BB	Gold Buttercup	金毛茛
#AE9769	Gold Canyon	金峡谷
#C78538	Gold Coast	金海岸
#DF9938	Gold Crest	金冠
#E0CE57	Gold Deposit	金币存款
#D1B075	Gold Digger	淘金者
#D56C30	Gold Drop	金滴
#A4803F	Gold Dust	金尘
#DB9663	Gold Earth	金土
#977A41	Gold Estate	黄金庄园
#B44F22	Gold Flame	金焰
#D99F4D	Gold Foil	金箔
#EB9600	Gold Fusion	金融合
#CFB352	Gold Gleam	金微光
#ECE086	Gold Grillz	金烧烤
#E6C28C	Gold Hearted	金心
#B1A57B	Gold Infusion	黄金注入
#EDBB26	Gold Leaf	金叶
#B17743	Gold Metal	金金属
#FFEAC7	Gold of Midas	迈达斯黄金
#DB7210	Gold Orange	金橙
#ECBC14	Gold Ore	金矿石
#CAAF81	Gold Perennial	黄金多年生植物
#C6795F	Gold Pheasant	金雉
#E6BD8F	Gold Plate	镀金
#B0834F	Gold Plated	镀金
#B39260	Gold Ransom	金赎金
#EB5406	Gold Red	金红
#C4A777	Gold Rush	淘金热
#F7E5A9	Gold Sand	金沙
#B19971	Gold Season	金季节
#786B3D	Gold Sparkle	金闪光
#C19D61	Gold Spell	金咒语
#907047	Gold Spike	金钉
#F3DFA6	Gold Strand	金线
#BB9A39	Gold Taffeta	金塔夫绸
#9E865E	Gold Tangiers	黄金丹吉尔
#FEE8B0	Gold Thread	金线
#DEC283	Gold Tint	金调
#E2B227	Gold Tips	黄金提示
#DBB40C	Gold Tooth	金牙
#BD955E	Gold Torch	金火炬
#C9AB73	Gold Tweed	金粗花呢
#B95E33	Gold Varnish Brown	金清漆棕
#D6B956	Gold Vein	金脉
#EABA8A	Gold Vessel	金器
#D4C19E	Gold Wash	金洗
#E6D682	Gold Winged	金翅
#FFC265	Gold’s Great Touch	黄金的伟大触感
#C5A049	Goldbricker	戈德布里克
#9C8A53	Goldbrown	金棕色
#F5BF03	Golden	金黄
#CEAB77	Golden Age	金黄时代
#CEA644	Golden Age Gilt	黄金时代镀金
#E6BE59	Golden Appeal	黄金魅力
#F3D74F	Golden Apples	金苹果
#DBA950	Golden Apricot	金黄杏
#D29E68	Golden Aura	金黄光环
#FFEE77	Golden Aurelia	金色奥蕾莉亚
#CDA64A	Golden Avocado	金黄牛油果
#FCC62A	Golden Banner	金旗
#DABA55	Golden Bass	金黄鲈鱼
#BA985F	Golden Bear	金黄熊
#CEA277	Golden Beige	金黄米色
#CA8136	Golden Bell	金黄铃
#D9A400	Golden Beryl Yellow	金绿柱石黄
#CCAA55	Golden Blond	金色金发
#EFE17E	Golden Blonde	金黄金发
#FF1155	Golden Blood	金黄血
#FFDD44	Golden Boy	金黄男孩
#B27A01	Golden Brown	金黄棕
#FFCC22	Golden Buddha Belly	金佛肚
#F8E6C8	Golden Buff	金黄浅黄
#FFD96D	Golden Butter	金黄黄油
#AC864B	Golden Cadillac	金色凯迪拉克
#BDB76B	Golden Cartridge	金墨盒
#E7C068	Golden Chalice	金色圣杯
#DDDD11	Golden Chandelier	金色枝形吊灯
#EEB574	Golden Chime	金钟
#F4CE74	Golden Churro	黄金油条
#ECC799	Golden City Moon	金黄城月
#968651	Golden Clay	金黄黏土
#FCD975	Golden Coin	金黄硬币
#F0B672	Golden Corn	金黄玉米
#F7B768	Golden Cream	金黄奶油
#ECC909	Golden Crescent	金新月
#F6CA69	Golden Crest	金黄冠
#CCDDBB	Golden Crested Wren	金冠鹪鹩
#D7B056	Golden Cricket	金黄蟋蟀
#D2D88F	Golden Delicious	金冠
#F1CC2B	Golden Dream	金黄梦
#D8C39F	Golden Ecru	金黄本白
#B29155	Golden Egg	金黄蛋
#BDD5B1	Golden Elm	金黄榆
#C39E44	Golden Field	金黄原野
#EBDE31	Golden Fizz	金黄气泡
#EDD9AA	Golden Fleece	金羊毛
#F0EAD2	Golden Fog	金黄雾
#CCCC00	Golden Foil	金箔
#BDD043	Golden Foliage	金黄叶
#EEEE99	Golden Fragrance	金香
#E2B31B	Golden Frame	金框
#876F4D	Golden Freesia	金黄小苍兰
#D9C09C	Golden Gate	金黄门
#C0362D	Golden Gate Bridge	金门大桥
#F9F525	Golden Ginkgo	金色银杏
#EEBB44	Golden Glam	金色魅力
#FBE573	Golden Glitter	金黄闪光
#EAD771	Golden Glitter Storm	金黄闪光风暴
#9E7551	Golden Glove	金手套
#F9D77E	Golden Glow	金黄辉光
#FFD34E	Golden Goose	金黄鹅
#C59137	Golden Grain	金黄颗粒
#B8996B	Golden Granola	金色格兰诺拉麦片
#DAA631	Golden Grass	金黄草
#BDB369	Golden Green	金黄绿
#A99058	Golden Griffon	金色狮鹫
#E1C3BB	Golden Guernsey	金色根西岛
#DDDD00	Golden Gun	金枪
#DA9E38	Golden Hamster	金黄仓鼠
#FFCC44	Golden Handshake	金色握手
#9F8046	Golden Harmony	金和声
#CCCC11	Golden Harvest	金黄丰收
#EDDFC1	Golden Haystack	金色干草堆
#FCD896	Golden Haze	金黄霾
#FFFFBB	Golden Hermes	金色爱马仕
#A37111	Golden Hind	金鹿
#BB993A	Golden History	黄金历史
#EDC283	Golden Hominy	金色玉米粥
#FFDB29	Golden Honey Suckle	金银花
#CFDD7B	Golden Hop	金跳跃
#F1B457	Golden Hour	黄金时段
#FFEFCB	Golden Impression	金色印象
#DD9911	Golden Key	金黄钥匙
#E0C84B	Golden Kingdom	金黄王国
#F2CF34	Golden Kiwi	金黄奇异果
#EAA34B	Golden Koi	金锦鲤
#D8C7A2	Golden Lake	金黄湖
#C48B42	Golden Leaf	金黄叶
#928D35	Golden Lime	金黄青柠
#F3CA6C	Golden Lion	金黄狮
#CA602A	Golden Lion Tamarin	金狮狨猴
#F5BC1D	Golden Lock	金锁
#E9DBC4	Golden Lotus	金黄莲花
#FDCC37	Golden Marguerite	金色玛格丽特
#F0BE3A	Golden Mary	金玛丽
#C49B35	Golden Mean	中庸之道
#D4C990	Golden Mist	金黄薄雾
#FFCF60	Golden Moray Eel	黄金海鳗
#B39B67	Golden Moss	金黄苔藓
#F4E8D1	Golden Mushroom	金黄蘑菇
#FFDA68	Golden Nectar	金黄花蜜
#D78E48	Golden Nugget	金块
#A96A28	Golden Oak	金黄橡
#ECBE91	Golden Oat Coloured	金燕麦色
#C56F3B	Golden Ochre	金黄赭
#AB9C40	Golden Olive	金黄橄榄
#F7C070	Golden Opportunity	黄金机会
#D7942D	Golden Orange	金黄橙
#D3B66C	Golden Pagoda	金塔
#A58705	Golden Palm	金黄棕榈
#B4BB31	Golden Passionfruit	金百香果
#F4D9B9	Golden Pastel	金黄粉彩
#E4AA76	Golden Patina	金黄铜绿
#FEDB2D	Golden Period	黄金时期
#CF9632	Golden Pheasant	锦鸡
#956F3F	Golden Pilsner	金色比尔森啤酒
#FBD073	Golden Plumeria	金鸡蛋花
#EBCEBD	Golden Pop	金黄流行
#FCC200	Golden Poppy	金黄罂粟
#FFC64D	Golden Promise	金色的承诺
#CA884B	Golden Pumpkin	金黄南瓜
#AA8A58	Golden Quartz Ochre	金黄石英赭
#FFB657	Golden Rain Yellow	金黄雨黄
#F8D878	Golden Raspberry	金黄覆盆子
#F6DA74	Golden Rays	金色光芒
#E8CE49	Golden Relic	黄金遗物
#EEDEC7	Golden Retriever	金毛猎犬
#E3D474	Golden Rice	金黄米
#DAAE49	Golden Rule	黄金法则
#B09D73	Golden Sage	金黄鼠尾草
#DFAF2B	Golden Samovar	金色茶炊
#EACE6A	Golden Sand	金黄沙
#EED280	Golden Sap	金汁液
#EDDB8E	Golden Scarab	金色圣甲虫
#DDBB11	Golden Schnitzel	金炸肉排
#CCA24D	Golden Sheaf	金捆
#B98841	Golden Slumber	金黄沉睡
#F1E346	Golden Snitch	金色飞贼
#FECC36	Golden Spell	金黄咒语
#C6973F	Golden Spice	金黄辛香
#F6D263	Golden Sprinkles	金洒
#F7EB83	Golden Staff	金杖
#F5EDAE	Golden Straw	金黄稻草
#816945	Golden Summer	金黄夏
#EBD8B3	Golden Syrup	金黄糖浆
#FFC152	Golden Tainoi	金泰诺伊
#E9C89B	Golden Talisman	金符
#CAA375	Golden Thistle Yellow	金黄蓟黄
#E8C47A	Golden Thread	金线
#F5CC23	Golden Ticket	金票
#E1A451	Golden Tiger	金黄虎
#CAA444	Golden Touch	金黄触感
#FFB118	Golden Treasure	金黄珍宝
#E8C954	Golden Trident	黄金三叉戟
#FFFEC6	Golden Wash	金黄洗
#EADCC0	Golden Weave	金黄编织
#ECD251	Golden Week	黄金周
#E9CA94	Golden West	金西
#E2C74F	Golden Yarrow	金西洋蓍草
#FFDF00	Golden Yellow	金黄
#FDCB18	Goldenrod	一枝黄花
#F0B053	Goldenrod Field	一枝黄花田
#A17841	Goldenrod Tea	一枝黄花茶
#FFCE8F	Goldenrod Yellow	一枝黄
#F8E462	Goldfinch	金翅雀
#EEBB11	Goldfinger	金手指
#F2AD62	Goldfish	金鱼
#CEB790	Goldfrapp	金弗拉普
#C89D3F	Goldie	戈尔迪
#BAAD75	Goldie Oldie	戈尔迪老歌
#FFF39A	Goldilocks	金发姑娘
#EEB550	Goldsmith	金匠
#E7DE54	Goldvreneli 1882	戈尔德夫雷内利 1882
#CDD80D	Goldzilla	戈兹拉
#836E59	Golem	傀儡
#53A391	Golf Blazer	高尔夫西装外套
#5A9E4B	Golf Course	高尔夫球场
#5A8B3F	Golf Day	高尔夫日
#009B75	Golf Green	高尔夫果岭
#5E6841	Golfer Green	高尔夫球手果岭
#D77E70	Golgfag Brown	Golgfag 棕
#8BB9DD	Goluboy Blue	戈卢博伊蓝
#CC9933	Gomashio Yellow	芝麻盐黄
#373332	Gondola	缆车
#5DB1C5	Gondolier	船夫
#52A8B2	Gone Fishing	去钓鱼了
#D9C737	Gone Giddy	头晕目眩
#5D06E9	Gonzo Violet	奇闻趣事紫罗兰
#D3BA75	Good as Gold	好金
#A09883	Good Earth	好土
#F3F0D6	Good Graces	祝你好运
#333C76	Good Karma	善缘
#499674	Good Luck	祝你好运
#86C994	Good Luck Charm	好运符
#FCFCDA	Good Morning	好早晨
#F4EAD5	Good Morning Akihabara	早安秋叶原
#46565F	Good Night!	好夜
#3F6782	Good Samaritan	好撒玛利亚人
#C2B99D	Good to Grow	成长良好
#EDD2A7	Good-Looking	好看
#D9CAC3	Goodbye Kiss	再见吻
#CCD87A	Goody Gumdrop	好迪软糖
#C2BA8E	Goody Two Shoes	好二鞋
#41C379	Googol	古戈尔
#93AF3C	Googolplex	古戈尔普莱克斯
#FFBA80	Goose Bill	鹅比尔
#F4E7DF	Goose Down	鹅
#D2CDC4	Goose Feathers	鹅毛
#629B92	Goose Pond Green	鹅池塘绿
#A89DAC	Goose Wing Grey	鹅翼灰
#A23F5D	Gooseberry	醋栗
#ACB75F	Gooseberry Fool	醋栗傻瓜
#C7A94A	Gooseberry Yellow	醋栗黄
#F0F0E0	Gorā White	戈拉·白
#BF852B	Gordal Olive	戈达尔橄榄
#29332B	Gordons Green	戈登斯·格林
#8D9BA9	Gorgeous Graphite	华丽的石墨
#287C37	Gorgeous Green	华丽的绿色
#A495CB	Gorgeous Hydrangea	华丽的绣球花
#E7DBD3	Gorgeous White	华丽的白色
#4455CC	Gorgonzola Blue	戈尔贡佐拉蓝
#FDE336	Gorse	金雀花
#E99A3C	Gorse Yellow Orange	金雀花黄橙
#654741	Gorthor Brown	戈索棕
#B42435	Gory Movie	血淋淋的电影
#A30800	Gory Red	血腥红
#444444	Goshawk Grey	苍鹰灰
#857668	Gosling	小鹅
#399F86	Gossamer	游丝
#B2CFBE	Gossamer Green	游丝绿
#FAC8C3	Gossamer Pink	游丝粉
#8AC8E2	Gossamer Threads	薄纱线
#D3CEC4	Gossamer Veil	游丝面纱
#E8EEE9	Gossamer Wings	游丝翅膀
#9FD385	Gossip	八卦
#807872	Gotham	哥谭
#757C7D	Gotham City	哥谭市
#8A9192	Gotham Grey	哥谭格雷
#698890	Gothic	哥特式
#A38B93	Gothic Amethyst	哥特紫水晶
#BB852F	Gothic Gold	哥特金
#473951	Gothic Grape	哥特葡萄
#857555	Gothic Olive	哥特橄榄
#92838A	Gothic Purple	哥特紫
#A0A160	Gothic Revival Green	哥特复兴绿
#7C6B6F	Gothic Spire	哥特式尖塔
#D0C2B4	Gotta Have It	一定要拥有它
#EECC11	Gouda Gold	高达金
#8D6449	Goulash	炖牛肉
#7D9EA2	Gould Blue	古尔德蓝
#BC9D70	Gould Gold	古尔德金
#E3CBA8	Gourmet Honey	美味蜂蜜
#968D8C	Gourmet Mushroom	美味蘑菇
#32493E	Government Green	政府绿
#51559B	Governor Bay	总督湾
#A8C0CE	Graceful	优美
#DD897C	Graceful Ballerina	优美芭蕾舞者
#BDDFB2	Graceful Flower	优美花
#CBA9D0	Graceful Garden	优美花园
#A78A50	Graceful Gazelle	优美瞪羚
#ACB7A8	Graceful Green	优美绿
#BEB6AC	Graceful Grey	优美灰
#DAEED5	Graceful Mint	优美薄荷
#546C46	Graceland Grass	格雷斯兰草
#C4D5CB	Gracilis	格拉西利斯
#F8EDD7	Gracious	亲切
#BAB078	Gracious Glow	亲切的光芒
#A5ABA1	Gracious Grey	亲切的灰色
#E3B7B1	Gracious Rose	亲切的玫瑰
#C0A480	Graham Cracker	全麦饼干
#806240	Graham Crust	格雷厄姆地壳
#CAB8A2	Grain Brown	颗粒棕
#D8C095	Grain Mill	颗粒磨坊
#DFD2C0	Grain of Rice	颗粒米
#D8DBE1	Grain of Salt	颗粒盐
#EFE3D8	Grain White	颗粒白
#B79E66	Grainfield	麦田
#F5F6F7	Gram’s Hair	奶奶的头发
#E9DEC8	Gramp’s Tea Cup	爷爷的茶杯
#A3896C	Gramps Shoehorn	爷爷鞋拔子
#EE3300	Gran Torino Red	都灵红
#5D81BB	Granada Sky	格拉纳达天空
#E99F4C	Granary Gold	粮仓黄金
#665A48	Grand Avenue	宏伟大道
#015482	Grand Bleu	大蓝
#7E9CA0	Grand Boulevard	林荫大道
#3C797D	Grand Canal	大运河
#A05D4D	Grand Canyon	大峡谷
#EDCD62	Grand Casino Gold	大赌场金
#CB5C45	Grand Duke	大公
#A8CCD5	Grand Entrance	大门
#645764	Grand Grape	大葡萄
#86BB9D	Grand Gusto	大热情
#ECECE1	Grand Heron	宏伟鹭
#D8D0BD	Grand Piano	三角钢琴
#6C5657	Grand Plum	宏伟梅紫
#864764	Grand Poobah	大普巴
#496763	Grand Prix	大奖赛
#534778	Grand Purple	宏伟紫
#38707E	Grand Rapids	大急流城
#D9C2A8	Grand Soiree	盛大晚会
#C38D87	Grand Sunset	宏伟日落
#8DC07C	Grand Valley	宏伟山谷
#92576F	Grandeur Plum	富丽梅花
#E0EBAF	Grandiflora Rose	大花玫瑰
#CAA84C	Grandiose	宏伟
#FFCD73	Grandis	格兰迪斯
#F7E7DD	Grandma’s Cameo	奶奶的客串
#E0B8C0	Grandma’s Pink Tiles	奶奶的粉红瓷砖
#6B927F	Grandview	正佳
#857767	Grange Hall	农庄大厅
#B62758	Granita	格兰尼塔
#746A5E	Granite	花岗岩
#313238	Granite Black	花岗岩黑
#816F6B	Granite Boulder	花岗岩巨石
#3D2D24	Granite Brown	花岗岩棕
#6C6F78	Granite Canyon	花岗岩峡谷
#D7CEC4	Granite Dust	花岗岩尘
#638496	Granite Falls	花岗岩瀑布
#B1BAC2	Granite Fog	花岗岩雾
#6B6869	Granite Grey	花岗岩灰
#606B75	Granite Peak	花岗岩山峰
#C5C4C1	Granitine	花岗岩
#D0B690	Granivorous	食谷类
#F6EEED	Grannie’s Pearls	奶奶的珍珠
#C5E7CD	Granny Apple	苹果奶奶
#7B948C	Granny Smith	史密斯奶奶
#9DE093	Granny Smith Apple	青苹果
#F5CE9F	Granola	格兰诺拉麦片
#9E6858	Granrojo Jellyfish	格兰罗霍水母
#8F8461	Grant Drab	格兰特土褐
#918F8A	Grant Grey	格兰特灰
#6C90B2	Grant Village	格兰特村
#A8B989	Grant Wood Ivy	格兰特·伍德常春藤
#E3E0DA	Granular Limestone	粒状石灰石
#FFFDF2	Granulated Sugar	砂糖
#6C3461	Grape	葡萄
#A598C7	Grape Arbour	葡萄架
#24486C	Grape Blue	葡萄蓝
#905284	Grape Candy	葡萄糖果
#DFE384	Grape Cassata	葡萄卡萨塔
#725F7F	Grape Compote	葡萄蜜饯
#BEBBBB	Grape Creme	葡萄奶油
#6A587E	Grape Expectations	远大葡程
#64435F	Grape Fizz	葡萄气泡
#A19ABD	Grape Gatsby	葡萄盖茨比
#DCCAE0	Grape Glimmer	葡萄微光
#A8E4A0	Grape Green	葡萄绿
#6D6166	Grape Grey	葡萄灰
#807697	Grape Harvest	葡萄丰收
#606A88	Grape Haze	葡萄霾
#5533CC	Grape Hyacinth	葡萄风信子
#B4A6D5	Grape Illusion	葡萄幻觉
#979AC4	Grape Ivy	葡萄常春藤
#7F779A	Grape Jam	葡萄果酱
#7E667F	Grape Jelly	葡萄果冻
#772F6C	Grape Juice	葡萄汁
#82476F	Grape Kiss	葡萄吻
#C2C4D4	Grape Lavender	葡萄薰衣草紫
#5A5749	Grape Leaf	葡萄叶
#576049	Grape Leaves	葡萄叶
#C5C0C9	Grape Mist	葡萄薄雾
#8D5C75	Grape Nectar	葡萄花蜜
#D3D9CE	Grape Oil Green	葡萄油绿
#8677A9	Grape Parfait	葡萄冻糕
#60406D	Grape Popsicle	葡萄冰棒
#5D1451	Grape Purple	葡萄紫
#9B4682	Grape Riot	葡萄暴动
#522F57	Grape Royale	皇家葡萄
#886971	Grape Shake	葡萄奶昔
#B69ABC	Grape Smoke	葡萄烟
#AE94A6	Grape Soda	葡萄苏打
#F4DAF1	Grape Taffy	葡萄太妃糖
#797F5A	Grape Vine	葡萄藤
#64344B	Grape Wine	葡萄酒红
#BEAECF	Grape’s Treasure	葡萄的宝藏
#AA9FB2	Grapeade	葡萄
#FD5956	Grapefruit	柚子
#EE6D8A	Grapefruit Juice	西柚汁
#FE6F5E	Grapefruit Pulp	柚子浆
#DFA01A	Grapefruit Yellow	西柚黄
#714A8B	Grapes of Italy	意大利葡萄
#58424C	Grapes of Wrath	愤怒的葡萄
#71384B	Grapeshot	霰弹
#880066	Grapest	葡萄节
#4C475E	Grapewood	葡萄木
#5C5E5F	Graphic Charcoal	图形木炭
#824E78	Graphic Grape	图形葡萄
#0000FC	Graphical 80’s Sky	八十年代像素天空
#383428	Graphite	石墨
#262A2B	Graphite Black	石墨黑
#32494B	Graphite Black Green	石墨黑绿
#7C7666	Graphite Grey Green	石墨灰绿
#F5D9B1	Grappa	格拉巴酒
#92786A	Grapple	抓斗
#786E70	Grapy	葡萄
#92B300	Grasping Grass	抓草
#5CAC2D	Grass	草
#636F46	Grass Blade	草刃
#B8B97E	Grass Cloth	草布
#088D46	Grass Court	草地球场
#CEB02A	Grass Daisy	草雏菊
#3F9B0B	Grass Is Greener	草更绿了
#CA84FC	Grass Pink Orchid	草粉兰花紫
#A1AFA0	Grass Sands	草沙
#E2DAC2	Grass Skirt	草裙
#C0FB2D	Grass Stain Green	草染色绿
#F4F7EE	Grass Valley	草山谷
#77824A	Grasshopper	蚱蜢
#BCDABB	Grasshopper Pie	蚱蜢派
#87866F	Grasshopper Wing	蚱蜢翼
#407548	Grasslands	草原
#D8C475	Grassroots	草根
#968154	Grassy Cliff	青草悬崖
#5C7D47	Grassy Field	青草原野
#D8DDCA	Grassy Glade	青草空地
#419C03	Grassy Green	青草绿
#76A55B	Grassy Meadow	青草草地
#B8A336	Grassy Ochre	青草赭
#9B9279	Grassy Savannah	青草稀树草原
#A60E46	Grated Beet	磨碎的甜菜
#71714E	Gratefully Grass	感恩草
#DAE2CD	Gratifying Green	喜人的绿色
#E0D2A9	Gratin Dauphinois	多菲内焗土豆
#E0EAD7	Gratitude	感恩
#85A3B2	Grauzone	格劳佐内
#4A4B46	Gravel	碎石
#CECBC5	Gravel Drive	碎石车道
#BAB9A9	Gravel Dust	碎石尘
#BBBBBB	Gravel Fint	砾石芬特
#637A82	Gravel Grey Blue	碎石灰蓝
#938576	Gravelle	格拉维尔
#D3C7B8	Gravelstone	碎石
#68553A	Graveyard Earth	墓地土
#B8BCBD	Gravity	重力
#EC834F	Gravlax	格拉夫拉克斯
#A1A19F	Grayve-Yard	格雷夫庭院
#A2B35A	Greasy Green Beans	油腻青豆
#117755	Greasy Greens	油腻绿蔬
#838583	Greasy Grey	油腻灰
#576E8B	Great Basin	大盆地
#D5E0EE	Great Blue Heron	伟大蓝鹭
#7F8488	Great Coat Grey	伟大外套灰
#D1A369	Great Dane	大丹犬
#9FA6B3	Great Falls	伟大瀑布
#719BA2	Great Fennel Flower	伟大茴香花
#908675	Great Frontier	伟大边疆
#5CA16D	Great Gazoo	伟大嘎祖
#6B6D85	Great Grape	伟大葡萄
#A5A6A1	Great Graphite	伟大石墨
#ABB486	Great Green	伟大绿
#D8E6CB	Great Joy	大喜
#4A72A3	Great Serpent	大蛇
#E9E2DB	Great Tit Eggs	大山雀卵
#3B5760	Great Void	巨大虚空
#BDBDC6	Great White	伟大白
#9E7E54	Grecian Gold	希腊金
#8C6D46	Grecian Helmet	希腊头盔
#00A49B	Grecian Isle	希腊岛
#D6CFBE	Grecian Ivory	希腊象牙
#00AA66	Greedo Green	格里多绿
#AA9922	Greedy Gecko	贪婪的壁虎
#C4CE3B	Greedy Gold	贪婪金
#D1FFBD	Greedy Green	贪吃绿
#3D0734	Greek Aubergine	希腊茄
#009FBD	Greek Blue	希腊蓝
#0D5EAF	Greek Flag Blue	希腊旗蓝
#8CCE86	Greek Garden	希腊花园
#EDE9EF	Greek Goddess	希腊女神
#BBDCF0	Greek Isles	希腊群岛
#9B8FB0	Greek Lavender	希腊薰衣草紫
#A08650	Greek Olive	希腊橄榄
#7C754C	Greek Oregano	希腊牛至
#72A7E1	Greek Sea	希腊海
#F0ECE2	Greek Villa	希腊别墅
#00FF00	Green	绿
#3E3D29	Green 383	绿
#53A144	Green Acres	绿英亩
#688878	Green Adirondack	绿色阿迪朗达克
#52928D	Green Agate	绿玛瑙
#C8CCBA	Green Alabaster	绿雪花石膏
#98A893	Green Amazons	绿色亚马逊
#AFC1A3	Green Andara	绿色安达拉
#5EDC1F	Green Apple	绿苹果
#D2C785	Green Apple Martini	绿苹果马提尼
#95D6A1	Green Ash	绿灰
#80C4A9	Green Balloon	绿气球
#A0AC9E	Green Balsam	绿香脂
#A8B453	Green Banana	绿香蕉
#79B088	Green Bank	绿色银行
#A9C4A6	Green Bark	绿树皮
#7E9285	Green Bay	绿海湾
#566E57	Green Bayou	绿色河口
#B0A36E	Green Bean Casserole	绿豆砂锅
#228800	Green Bell Pepper	绿铃胡椒
#2D7F6C	Green Belt	绿化带
#516A62	Green Beret	绿色贝雷帽
#373A3A	Green Black	绿黑
#22DD00	Green Blob	绿色斑点
#42B395	Green Blue	绿蓝
#358082	Green Blue Slate	绿蓝石板
#8BB490	Green Bonnet	绿色帽子
#DAF1E0	Green Brocade	绿锦缎
#696006	Green Brown	绿棕
#32A7B5	Green Buoy	绿色浮标
#7F8866	Green Bush	绿灌木丛
#BBEE11	Green Cacophony	绿色刺耳声音
#89CE01	Green Cape	绿海角
#919365	Green Cast	绿色演员
#146B47	Green Caterpillar	绿毛毛虫
#BCDF8A	Green Chalk	绿粉笔
#E7DDA7	Green Charm	绿魅力
#CFBB75	Green Citrine	绿黄水晶
#889988	Green Clay	绿黏土
#868E65	Green Coconut	绿椰子
#465149	Green Column	绿柱
#828039	Green Commando	绿色突击队
#BEEF69	Green Cow	绿奶牛
#62AE9E	Green Crush	绿碎
#ACB977	Green Curry	绿咖喱
#009966	Green Cyan	绿青
#75BBFD	Green Darner Tail	绿色达尔纳尾巴
#BBEE88	Green Day	绿白天
#8BD3C6	Green Daze	绿发呆
#006C67	Green Dragon	绿龙
#C1CAB0	Green Dragon Spring	绿龙春
#6E7A77	Green Dusk	绿黄昏
#00988E	Green Dynasty	绿色王朝
#E3ECC5	Green Eggs	绿蛋
#B3C39C	Green Eggs & Cam	绿蛋和凸轮
#7CB68E	Green Eggs and Ham	绿蛋火腿
#BBCC11	Green Elisabeth Ⅱ	绿伊丽莎白二世
#00BB66	Green Elliott	格林·埃利奥特
#DAEAE2	Green Emulsion	绿色乳液
#80905F	Green Energy	绿能量
#77AA00	Green Envy	绿色羡慕
#7EFBB3	Green Epiphany	绿色顿悟
#E9EAC8	Green Essence	绿精华
#7D956D	Green Eyes	绿眼
#605E4F	Green Fatigue	绿色疲劳
#AAEE00	Green Fiasco	绿色惨败
#B3A476	Green Fig	绿无花果
#297E6B	Green Fingers	绿手指
#79C753	Green Flash	绿闪光
#BBAA22	Green Flavour	青味
#55BBAA	Green Fluorite	绿色萤石
#989A87	Green Fog	绿雾
#319B64	Green Fondant	绿翻糖
#D0D6BF	Green Frost	绿霜
#D8F1EB	Green Frosting	绿糖霜
#364847	Green Gables	绿山墙
#72C895	Green Gala	绿色晚会
#72B874	Green Galore	绿色盛宴
#11BB00	Green Gamora	绿色卡魔拉
#009911	Green Gardens	绿花园
#008176	Green Garlands	绿色花环
#61BA85	Green Garter	绿色吊袜带
#00FF99	Green Gas	绿色气体
#676957	Green Gate	绿门
#C7C3A8	Green Gaze	绿色凝视
#CDD47F	Green Gecko	绿壁虎
#E7F0C2	Green Glacier	绿冰川
#EAF1E4	Green Glaze	绿釉
#00BB00	Green Glimmer	绿光
#E7EAE3	Green Glimpse	绿色一瞥
#DCF1C7	Green Glint	绿光
#DDE26A	Green Glitter	绿闪光
#79AA87	Green Globe	绿色地球仪
#00955E	Green Gloss	绿光亮
#ACC65D	Green Glow	绿辉光
#007722	Green Glutton	绿饕餮
#505A39	Green Goanna	绿戈安娜
#11BB33	Green Goblin	绿魔
#76AD83	Green Goddess	绿女神
#C5B088	Green Gold	绿金
#73A236	Green Gone Wild	绿色狂野
#B0DFA4	Green Gooseberry	绿醋栗
#588266	Green Goth Eyeshadow	绿色哥特眼影
#7C9793	Green Granite	绿花岗岩
#C0DBC6	Green Grapes	青葡萄
#3DB9B2	Green Grapple	绿色抓斗
#39854A	Green Grass	绿草
#7EA07A	Green Grey	绿灰
#AFA984	Green Grey Mist	绿灰薄雾
#95E3C0	Green Gum	绿胶糖
#01A368	Green Haze	绿霾
#A4C08A	Green Herb	绿草药
#66CC22	Green High	绿高
#007800	Green Hills	绿山丘
#6A9D5D	Green Hornet	绿大黄蜂
#587D79	Green Hour	绿色时光
#E8E8D4	Green Iced Tea	绿冰茶
#6E6F56	Green Illude	绿色幻影
#C4FE82	Green Incandescence	绿色白炽
#11887B	Green Ink	绿墨
#8C8E51	Green Jalape?o	绿色墨西哥辣椒
#7A796E	Green Jeans	绿色牛仔裤
#349B82	Green Jelly	绿果冻
#95DABD	Green Jewel	绿宝石
#3BDE39	Green Juice	绿汁
#53FE5C	Green Katamari	绿色片魂
#393D2A	Green Kelp	绿海带
#647F4A	Green Knoll	绿色小山丘
#8AD370	Green Lacewing	绿色草蛉
#CAD6C4	Green Lane	绿巷
#9CD03B	Green Lantern	绿灯侠
#008684	Green Lapis	绿青金石
#526B2D	Green Leaf	绿叶
#9C9463	Green Lentils	绿扁豆
#C1CEC1	Green Lily	绿百合
#A7F432	Green Lizard	绿蜥蜴
#26B467	Green Mana	绿魔力
#5B7C5B	Green Mantle	绿斗篷
#8DBC8A	Green Masquerade	绿色假面舞会
#555D50	Green McQuarrie	绿色麦夸里
#B2B55F	Green Me	绿
#8EA8A0	Green Meets Blue	绿色遇见蓝色
#D7D7AD	Green Mesh	绿色网格
#4D5947	Green Mile	绿里
#8A9992	Green Milieu	绿色环境
#99DD00	Green Minions	绿色小黄人
#D7E2D5	Green Mirror	绿镜
#BFC298	Green Mist	绿薄雾
#008888	Green Moblin	绿色莫布林
#33565E	Green Moonstone	绿月光石
#3A7968	Green Moray	绿色海鳗
#887E48	Green Moss	绿苔藓
#BDBFAF	Green Motif	绿色图案
#C5E1C3	Green Myth	绿色神话
#404404	Green Not Found	绿色未找到
#B0B454	Green Oasis	绿洲
#005249	Green Oblivion	绿色遗忘
#9F8F55	Green Ochre	绿赭
#CDFA56	Green of Bhabua	巴布亚之绿
#8D8B55	Green Olive	绿橄榄
#BDAA89	Green Olive Pit	青橄榄坑
#C1E089	Green Onion	绿洋葱
#989A82	Green Onyx	绿缟玛瑙
#E1FE52	Green Ooze	绿色软泥
#E5CE77	Green Papaya	绿木瓜
#7BD5BF	Green Parakeet	绿鹦鹉
#CFDDB9	Green Parlour	绿客厅
#0D6349	Green Paw Paw	绿爪爪
#266242	Green Pea	绿豌豆
#79BE58	Green Pear	绿梨
#388004	Green People	绿人
#97BC62	Green Pepper	绿胡椒
#47694F	Green Perennial	绿色多年生植物
#A7C668	Green Peridot	绿橄榄石
#00A550	Green Pigment	绿颜料
#98A76E	Green Plaza	绿广场
#E2E1C6	Green Power	绿力量
#11DD55	Green Priestess	绿色女祭司
#D1E5B5	Green Reflection	绿倒影
#7B8762	Green Relict	绿色遗物
#009944	Green Revolution	绿色革命
#288F3D	Green Ribbon	绿丝带
#80AEA4	Green Room	绿室
#888866	Green Savage	绿色野蛮人
#858365	Green Scene	绿色场景
#22FF00	Green Screen	绿屏
#44AA33	Green Seduction	绿色诱惑
#77BB00	Green Serpent	绿蛇
#99DD22	Green Serum	绿色血清
#45523A	Green Shade Wash	绿暗调洗
#D7C94A	Green Sheen	绿色光泽
#CCFD7F	Green Shimmer	绿闪烁
#A2C2B0	Green Silk	绿丝
#859D66	Green Sky	绿天空
#39766C	Green Sleeves	绿袖
#9CA664	Green Smoke	绿烟
#9EB788	Green Snow	绿雪
#D1E9C4	Green Song	绿歌
#006474	Green Spool	绿色线轴
#589F7E	Green Spruce	绿云杉
#2B553E	Green Stain	绿染色
#73884D	Green Suede	绿麂皮
#9E8528	Green Sulphur	绿硫磺
#66AA22	Green Symphony	绿色交响曲
#B5B68F	Green Tea	绿茶
#65AB7C	Green Tea Candy	绿茶糖果
#93B13D	Green Tea Ice Cream	绿茶冰奶油
#939A89	Green Tea Leaf	绿茶叶
#90A96E	Green Tea Mochi	绿茶麻糬
#0CB577	Green Teal	绿青
#E3EDE0	Green Tease	绿挑逗
#779900	Green Thumb	绿拇指
#D5E0D0	Green Tilberi	绿色蒂伯里
#47553C	Green Tone Ink	绿调墨
#5EAB81	Green Tourmaline	绿色碧玺
#A0D9A3	Green Trance	绿色恍惚
#99A798	Green Trellis	绿色格子
#679591	Green Turquoise	绿青
#51755B	Green Valley	绿山谷
#E0F1C4	Green Veil	绿面纱
#25B68B	Green Velour	绿色丝绒
#127453	Green Velvet	绿绒
#B8F818	Green Venom	绿色毒液
#D4E7C3	Green Vibes	绿色氛围
#23414E	Green Vogue	绿色时尚
#C6DDCD	Green Wash	绿洗
#2C2D24	Green Waterloo	绿色滑铁卢
#C3DCD5	Green Wave	绿波浪
#548F6F	Green Weed	绿色杂草
#E3EEE3	Green Whisper	绿低语
#DEDDCB	Green White	绿白
#22BB33	Green With Envy	嫉妒得绿了
#7D7853	Green Woodpecker Olive	绿啄木鸟橄榄
#13DA25	Green Wrasse	绿濑鱼
#C6F808	Green Yellow	绿黄
#90BE9D	Green-Eyed Lady	绿眼女士
#346E23	Green-Eyed Monster	绿眼怪物
#00DD00	Greenalicious	美味绿
#245D3F	Greenbriar	绿蔷薇
#60857A	Greenella	绿内拉
#495A4C	Greener Pastures	更绿的牧场
#80A546	Greenery	绿化
#DAECC5	Greenette	绿内特
#60724F	Greenfield	绿原
#BDA928	Greenfinch	绿翅雀
#84BE84	Greengage	青梅
#B2CC9A	Greenhorn	新手
#3E6334	Greenhouse	温室
#DFE4D5	Greening	绿化
#40A368	Greenish	偏绿
#C9D179	Greenish Beige	偏绿米色
#454445	Greenish Black	偏绿黑
#0B8B87	Greenish Blue	偏绿蓝
#696112	Greenish Brown	偏绿棕
#2AFEB7	Greenish Cyan	偏绿青
#96AE8D	Greenish Grey	偏绿灰
#66675A	Greenish Grey Bark	偏绿灰树皮
#BCCB7A	Greenish Tan	偏绿棕褐
#32BF84	Greenish Teal	偏绿青
#00FBB0	Greenish Turquoise	偏绿青
#D1F1DE	Greenish White	偏绿白
#CDFD02	Greenish Yellow	偏绿黄
#CAE03B	Greenivorous	食绿者
#008C7D	Greenlake	绿湖
#737D6A	Greenland	格陵兰岛
#367F9A	Greenland Blue	格陵兰蓝
#22ACAE	Greenland Green	格陵兰绿
#B9D7D6	Greenland Ice	格陵兰冰
#016844	Greens	绿党
#565C00	Greensboro	格林斯伯勒
#A5CF7E	Greenscape	绿景
#419A7D	Greenway	绿道
#475B49	Greenwich	格林威治
#82826A	Greenwich Green	格林威治格林
#AFBFBE	Greenwich Village	格林威治村
#BCBAAB	Greenwood	绿林
#067376	Greeny Glaze	绿釉
#CBC8DD	Gregorio Garden	格雷戈里奥花园
#B0A999	Greige	灰米
#9C8C9A	Greige Violet	灰米紫罗兰
#A79954	Gremlin	小鬼
#527E6D	Gremolata	格雷莫拉塔
#8E6268	Grenache	歌海娜
#C32149	Grenade	手榴弹
#C14D36	Grenadier	掷弹兵
#AC545E	Grenadine	石榴糖浆
#FF616B	Grenadine Pink	红石榴糖浆
#5D6732	Gretchin Green	格雷钦·格林
#596442	Gretna Green	格雷特娜·格林
#808080	Grey	灰
#A8B1C0	Grey Agate	灰玛瑙
#8F9394	Grey Area	灰色区域
#C4C5BA	Grey Ashlar	灰色方石
#465945	Grey Asparagus	灰芦笋
#77A1B5	Grey Blue	灰蓝
#6C8096	Grey Blueberry	灰蓝莓
#B4BFC2	Grey Brook	灰溪
#7F7053	Grey Brown	灰棕
#A1988B	Grey by Me	灰
#7A5063	Grey Carmine	灰胭脂红
#6E6969	Grey Charcoal	灰炭
#9FA3A7	Grey Chateau	灰色城堡
#CCC9C5	Grey Cloth	灰布
#B7B7B2	Grey Clouds	灰云
#BBC1CC	Grey Dawn	灰黎明
#C8C7C5	Grey Dolphin	灰海豚
#897F98	Grey Dusk	灰黄昏
#B0BFB6	Grey Embrace	灰色拥抱
#A1A196	Grey Expose	灰色暴露
#A2998F	Grey Flanks	灰色侧翼
#8D9A9E	Grey Flannel	灰法兰绒
#788480	Grey Flannel Suit	灰法兰绒套装
#B8BFC2	Grey Frost	灰霜
#DDDCDA	Grey Ghost	灰鬼
#E0E4E2	Grey Glimpse	灰色一瞥
#A3A29B	Grey Gloss	灰光亮
#A9BDBF	Grey Grain	灰颗粒
#86A17D	Grey Green	灰绿
#868790	Grey Heather	灰石楠
#89928A	Grey Heron	灰鹭
#B9BBAD	Grey Jade	灰翡翠
#D4CACD	Grey Lilac	灰丁香紫
#F2E8D7	Grey Linnet Egg	灰红雀蛋
#72695E	Grey Locks	灰锁
#B9B4B1	Grey Marble	灰大理石
#C87F89	Grey Matter	灰质
#CAB8AB	Grey Mauve	灰淡紫
#ABAFAE	Grey Mirage	灰海市蜃楼
#96ACAB	Grey Mist	灰薄雾
#707C78	Grey Monument	灰色纪念碑
#CABEB5	Grey Morn	灰晨
#9EB0AA	Grey Morning	灰早晨
#C3C3BD	Grey Nickel	灰镍
#D1D3CC	Grey Nurse	灰色护士
#A2A2A2	Grey of Darkness	灰黑暗
#A19A7F	Grey Olive	灰橄榄
#776F67	Grey Owl	灰猫头鹰
#CED0CF	Grey Pearl	灰珍珠
#B0B7BE	Grey Pearl Sand	灰珍珠沙
#CFCAC1	Grey Pebble	灰卵石
#84827D	Grey Pepper	灰胡椒
#C3909B	Grey Pink	灰粉
#4E4E52	Grey Pinstripe	灰色细条纹
#DDDDE2	Grey Placidity	灰色平静
#86837A	Grey Porcelain	灰瓷器
#826D8C	Grey Purple	灰紫
#847986	Grey Ridge	灰山岭
#99A1A1	Grey River Rock	灰河岩石
#C3C0BB	Grey Roads	灰色道路
#C6B6B2	Grey Rose	灰玫红
#8E9598	Grey Russian	灰俄国
#E5CAAF	Grey Sand	灰沙
#B8B0AF	Grey Scape	灰色景观
#C6CACA	Grey Screen	灰屏
#C2BDBA	Grey Shadows	灰影
#BAAAAA	Grey Sheep	灰羊
#D6D9D8	Grey Shimmer	灰闪烁
#949392	Grey Shingle	灰色木瓦
#B0A99A	Grey Silt	灰色淤泥
#C8C7C2	Grey Spell	灰咒语
#989081	Grey Squirrel	灰松鼠
#807A77	Grey Suit	灰套装
#959491	Grey Summit	灰顶峰
#5E9B8A	Grey Teal	灰青
#ACAEB1	Grey Timberwolf	灰森林狼
#81807D	Grey Tote	灰色托特包
#B0BAB5	Grey Tweed	灰粗花呢
#9B8E8E	Grey Violet	灰紫罗兰
#616669	Grey Web	灰网
#625F5C	Grey Werewolf	灰狼人
#E6E4E4	Grey Whisper	灰低语
#D7D5CB	Grey White	灰白
#9CA0A6	Grey Wolf	灰狼
#E5E8E6	Grey Wonder	灰奇迹
#A9BBBC	Grey Wool	灰羊毛
#98916C	Grey-Headed Woodpecker Green	灰头啄木鸟绿
#D4D0C5	Greybeard	灰胡子
#92B8A0	Greyed Jade	灰玉
#B2ACA2	Greyhound	灰狗
#CFCAC7	Greyish	偏灰
#A8A495	Greyish Beige	偏灰米色
#555152	Greyish Black	偏灰黑
#5E819D	Greyish Blue	偏灰蓝
#7A6A4F	Greyish Brown	偏灰棕
#82A67D	Greyish Green	偏灰绿
#B8B8FF	Greyish Lavender	偏灰薰衣草紫
#C88D94	Greyish Pink	偏灰粉
#887191	Greyish Purple	偏灰紫
#719F91	Greyish Teal	偏灰青
#D6DEE9	Greyish White	偏灰白
#877254	Greyish Yellow	偏灰黄
#948C8D	Greylac	格雷拉克
#596368	Greys Harbor	格雷斯港
#85837E	Greystoke	格雷斯托克
#B7B9B5	Greystone	灰石
#AACCBB	Greywacke	杂砂岩
#9D9586	Greywood	格雷伍德
#C3571D	Grieving Daylily	悲伤的黄花菜
#70393F	Griffon Brown	格里芬棕
#863B2C	Grill Master	烧烤大师
#633F2E	Grilled	烤
#FFC85F	Grilled Cheese	烤奶酪
#AF3519	Grilled Tomato	烤番茄
#E3DCD6	Grim Grey	冷灰色
#DEADAF	Grim Pink	冷粉色
#441188	Grim Purple	冷紫色
#0F1039	Grim Reaper	死神
#F6F1F4	Grim White	冷白
#50314C	Grimace	鬼脸
#565143	Grime	污垢
#93B83D	Grinch Green	格林奇绿
#A5A9A8	Gris	格里斯
#8F8A91	Gris Morado	格里斯·莫拉多
#BCC7CB	Gris Náutico	格里斯·诺蒂科
#797371	Gris Volcanico	格里斯火山
#91979F	Grisaille	灰色画
#A29371	Gristmill	磨坊
#636562	Grizzle Grey	灰色
#885818	Grizzly	灰熊
#937043	Grog Yellow	烈酒黄
#DE6491	Groovy	格罗维
#EEAA11	Groovy Giraffe	时髦长颈鹿
#D6BE01	Groovy Lemon Pie	时髦的柠檬派
#63615D	Gropius Grey	格罗皮乌斯·格雷
#A0BF16	Gross Green	毛绿
#64E986	Grotesque Green	怪诞绿色
#6F675C	Grouchy Badger	脾气暴躁的獾
#604E42	Ground Bean	地面豆
#63554B	Ground Coffee	地面咖啡
#8A6C42	Ground Cumin	地面孜然
#7F5F00	Ground Earth	地面土
#CFCBC4	Ground Fog	地面雾
#D9CA9F	Ground Ginger	地面姜
#A05A3B	Ground Nutmeg	地面肉豆蔻
#766551	Ground Pepper	地面胡椒
#757577	Ground Truth	地面真相
#7B6F60	Groundbreaking	开创性
#64634D	Groundcover	地被植物
#D18C62	Grounded	接地
#1100AA	Groundwater	地下水
#E2C0A8	Group Hug	集体拥抱
#F0E6D3	Grow	成长
#88CC11	Growing Nature	成长的自然
#C3CDB0	Growing Season	生长季节
#6CA178	Growth	成长
#811412	Grubby Red	肮脏的红
#4A5B51	Grubenwald	格鲁本瓦尔德
#A99A86	Grullo	格鲁洛
#C0CF3F	Grunervetliner	绿维特利纳
#F5DEB3	Gruyère Cheese	格鲁耶尔奶酪
#838585	Gryphon	狮鹫
#883F11	Gryphonne Sepia Wash	格里芬棕褐水洗
#634950	Gǔ Tóng Hēi Copper	古通黑铜业
#95986B	Guacamole	鳄梨酱
#D2D392	Guacamole Ambrosia	鳄梨酱仙馔
#E4E1EA	Guardian Angel	守护天使
#88AA22	Guardian of Gardens	花园守护者
#952E31	Guardsman Red	卫兵红
#FF982E	Guava	番石榴
#EEC0D2	Guava Glow	番石榴发光
#A18D0D	Guava Green	番石榴绿
#E08771	Guava Jam	番石榴果酱
#EE9685	Guava Jelly	番石榴果冻
#F4B694	Guava Juice	番石榴汁
#142D25	Guerrilla Forest	游击森林
#E3E0D2	Guesthouse	宾馆
#EB4962	Guide Pink	指南粉红
#FEE9DA	Guiding Star	指路星
#D2D1CB	Guild Grey	公会灰
#6495ED	Guilliman Blue	古里曼蓝
#987652	Guinea Pig	豚鼠
#E8E4D6	Guinea Pig White	豚鼠白
#4A8140	Guinean Green	几内亚绿
#6B4C37	Guitar	吉他
#8B2E19	Gulab Brown	古拉布棕
#C772C0	Gulābī Pink	古拉比粉色
#343F5C	Gulf Blue	湾蓝
#DDDED3	Gulf Breeze	湾微风
#015C77	Gulf Coast	湾海岸
#225E64	Gulf Harbour	湾港湾
#01858B	Gulf Stream	湾溪流
#689FC1	Gulf Stream Blue	湾溪流蓝
#2DA6BF	Gulf Waters	湾水域
#686E43	Gulf Weed	海湾杂草
#93B2B2	Gulf Winds	湾风
#918C8F	Gull	鸥
#C2C2BC	Gull Feather	鸥羽毛
#A4ADB0	Gull Grey	鸥灰
#ABAEA9	Gull Wing	鸥翼
#777661	Gully	冲沟
#4B6E3B	Gully Green	冲沟绿
#ACC9B2	Gum Leaf	桉树叶
#E7B2D0	Gumball	冈布奥
#718F8A	Gumbo	浓汤
#2EA785	Gumdrop Green	软糖绿
#FFC69D	Gumdrops	软糖
#06A9CA	Gummy Dolphins	软糖海豚
#979D9A	Gun Barrel	枪管
#6B593C	Gun Corps Brown	枪兵队棕色
#484753	Gun Powder	火药
#959984	Gundaroo Green	甘达鲁绿
#5D8CAE	Gunjō Blue	群城蓝
#536267	Gunmetal	青铜色
#908982	Gunmetal Beige	青铜米色
#777648	Gunmetal Green	青铜绿
#808C8C	Gunmetal Grey	青铜灰色
#DCD3BC	Gunny Sack	麻袋
#FF0077	Guns N’ Roses	枪花乐队
#818070	Gunsmith	枪匠
#7A7C76	Gunsmoke	硝烟
#BD7E08	Guo Tie Dumpling	锅贴饺
#00FF7F	Guppie Green	孔雀绿
#AE5883	Guppy Violet	孔雀紫
#989171	Gurkha	廓尔喀人
#A49691	Gustav	古斯塔夫
#F8AC1D	Gusto Gold	古斯托金
#705284	Gutsy Grape	勇敢的葡萄
#897A68	Guy	家伙
#DFB46F	Gyoza Dumpling	饺子
#EEEDE4	Gypsum	石膏
#E2C4AF	Gypsum Rose	石膏玫瑰
#D6CFBF	Gypsum Sand	石膏砂
#BFE1E6	H?O	水
#F98513	Haba?ero	哈瓦那罗
#B8473D	Haba?ero Chile	哈瓦那罗智利
#FECF3C	Haba?ero Gold	哈瓦那罗金
#897D6D	Habitat	栖息地
#9E8022	Hacienda	庄园
#0087A8	Hacienda Blue	蓝庄园
#BB7731	Hacienda Del Sol	太阳庄园
#B86D64	Hacienda Tile	庄园瓷砖
#F0EDE7	Hacienda White	庄园白
#277ABA	Haddock’s Sweater	阿道克毛衣
#1177FF	Hadfield Blue	哈德菲尔德蓝
#000022	Hadopelagic Water	深海水
#C61A1B	Haemoglobin Red	血红蛋白红
#E6C9A3	Hagar Shores	夏甲海岸
#C3C7B2	Haggis	哈吉斯
#8B837D	Hagstone Choir	哈格斯顿合唱团
#2C75FF	Hailey Blue	海莉蓝
#D0D1E1	Hailstorm	冰雹
#BDBEB9	Hailstorm Grey	冰雹灰色
#C1D8D9	Haint Blue	海恩特蓝
#8B7859	Hair Brown	发棕
#939CC9	Hair Ribbon	发丝带
#734A12	Hairy Brown	毛茸茸的棕色
#633528	Hairy Heath	毛茸茸的石南
#2C2A35	Haiti	海地
#97495A	Haitian Flower	海天花
#88B378	Hakusai Green	白西绿
#F0E483	Halakā Pīlā	哈拉卡皮拉
#D1D1CE	Halation	光晕
#663854	Halayà úbe	哈拉亚·乌贝
#F7BB73	Halcyon Days	宁静的日子
#9BAAA2	Halcyon Green	翡翠绿
#558F93	Half Baked	半生不熟
#FBF0D6	Half Dutch White	半荷兰白
#CCCDB9	Half Moon	半月
#CDA894	Half Moon Bay Blush	半月湾腮红
#976F3C	Half Orc Highlight	半兽人亮点
#F1EAD7	Half Pearl Lusta	半珍珠露斯塔
#A9B8BB	Half Sea Fog	半海雾
#E6DBC7	Half Spanish White	半西班牙白
#604C3D	Half-Caff	半咖啡厅
#EE8855	Half-Smoke	半烟
#C5B583	Halfway Green	半路绿
#09324A	Halite Blue	石盐蓝
#E2EBE5	Hallowed Hush	神圣的静谧
#FE653C	Halloween	万圣节
#EB6123	Halloween Party	万圣节派对
#DD2211	Halloween Punch	万圣节冲床
#E2C392	Halo	光环
#F4E5D2	Halogen	卤素
#B0BAD5	Halogen Blue	卤素蓝
#FF6633	Halt and Catch Fire	停止并着火
#FF004F	Halt Red	停止红色
#A34E25	Hamburger	汉堡包
#8A99A4	Hamilton Blue	汉密尔顿蓝
#65DCD6	Hammam Blue	土耳其浴室蓝色
#834831	Hammered Copper	锤铜
#CB9D5E	Hammered Gold	锤金
#7E7567	Hammered Pewter	锤制白镴
#978A7F	Hammered Silver	锤打银
#4E7496	Hammerhead Shark	锤头鲨
#6D8687	Hammock	吊床
#D9CADF	Hampstead Heath	汉普斯特德希思
#E8D4A2	Hampton	汉普顿
#9D603B	Hampton Beach	汉普顿海滩
#4F604F	Hampton Green	汉普顿格林
#597681	Hampton Surf	汉普顿冲浪
#A6814C	Hamster Fur	仓鼠毛皮
#C4D6AF	Hamster Habitat	仓鼠栖息地
#B07426	Hamtaro Brown	哈姆太郎棕
#446CCF	Han Blue	韩蓝
#5218FA	Han Purple	韩紫
#1D697C	Hanaasagi Blue	花浅蓝
#044F67	Hanada Blue	花田蓝
#F2ABE1	Hanami Pink	花见粉红
#4D6968	Hancock	汉考克
#CEECEE	Hand Sanitizer	洗手液
#7F735F	Handmade	手工制作
#DDD6B7	Handmade Linen	手工亚麻布
#A87678	Handmade Red	手工红
#355887	Handsome Blue	帅蓝
#5286BA	Handsome Hue	帅气的色调
#BFA984	Handwoven	手织
#11AA44	Hanging Gardens of Babylon	巴比伦空中花园
#5C7F76	Hanging Moss	悬苔
#6E897D	Hanging Vine	悬藤
#685D4A	Hannover Hills	汉诺威山
#DAC5B1	Hanover	汉诺威
#885D53	Hanover Brick	汉诺威砖
#848472	Hanover Pewter	汉诺威锡镴
#E9D66C	Hansa Yellow	汉莎黄
#55FFAA	Hanuman Green	哈努曼绿
#E3D6C7	Hanyauku	半夜库
#F8D664	Happy	快乐
#6B8350	Happy Camper	快乐露营者
#979EA1	Happy Cement	快乐水泥
#72A86A	Happy Cricket	快乐蟋蟀
#506E82	Happy Days	快乐的日子
#F7CF1B	Happy Daze	快乐发呆
#FFD10B	Happy Face	笑脸
#D46362	Happy Hearts	快乐的心
#818581	Happy Hippo	快乐河马
#E0DABF	Happy Margarine	快乐人造黄油
#F6CBCA	Happy Piglets	快乐小猪
#FFBE98	Happy Prawn	快乐虾
#FAEED7	Happy Skeleton	快乐骷髅
#D1DFEB	Happy Thoughts	快乐的想法
#B67A63	Happy Trails	快乐足迹
#96B957	Happy Tune	欢乐曲
#FFC217	Happy Yipee	快乐伊皮
#BACAD3	Happy-Go-Lucky	无忧无虑
#E2D4D6	Hapsburg Court	哈布斯堡宫廷
#55AA55	Harā Green	原绿
#504A6F	Harajuku Girl	原宿女孩
#495867	Harbour	港湾
#E0E9F3	Harbour Afternoon	港湾午后
#417491	Harbour Blue	港湾蓝
#AFB1B4	Harbour Fog	港湾雾
#A8C0BB	Harbour Grey	港湾灰
#D7E0E7	Harbour Light	港湾浅
#88AAAA	Harbour Mist	港湾薄雾
#778071	Harbour Mist Grey	港湾薄雾灰
#757D75	Harbour Rat	港湾大鼠
#7EB6D0	Harbour Sky	港湾天空
#4E536B	Harbourmaster	港务长
#FFBBBB	Hard Candy	硬糖
#656464	Hard Coal	硬煤
#8B8372	Hardware	硬件
#B56C23	Hardy Clay	哈迪·克莱
#006383	Harem Silk	后宫丝
#BCCF8F	Haricot	扁豆
#A52A2A	Harissa Red	哈里萨辣酱红
#3FFF00	Harlequin	丑角
#46CB18	Harlequin Green	丑角绿
#C93413	Harley Davidson Orange	哈雷戴维森橙色
#8547B5	Harley Hair Purple	哈雷头发紫色
#BB0000	Harlock’s Cape	哈洛克斗篷
#C1B287	Harmonic Tan	谐波棕褐色
#AFC195	Harmonious	和谐
#EACFA3	Harmonious Gold	和谐金
#F29CB7	Harmonious Rose	和谐玫瑰
#EBC9C1	Harmony	和谐
#6DA493	Harmony in Green	绿色和谐
#6D6353	Harold	哈罗德
#CBCEC0	Harp	竖琴
#CBD0D1	Harp Strings	竖琴弦
#283B4C	Harpoon	鱼叉
#DCB571	Harpswell Green	哈普斯韦尔格林
#493C2B	Harpy Brown	哈比棕
#989B9E	Harrison Grey	哈里森·格雷
#9A5F3F	Harrison Rust	哈里森·拉斯特
#7E8E90	Harrow’s Gate	哈罗门
#C90016	Harvard Crimson	哈佛深红
#EACB9D	Harvest	丰收
#CB862C	Harvest at Dusk	丰收黄昏
#BA8E4E	Harvest Blessing	丰收祝福
#B9A589	Harvest Brown	丰收棕
#A5997C	Harvest Dance	丰收舞
#DA9100	Harvest Eve Gold	收获平安夜黄金
#EAB76A	Harvest Gold	丰收金
#DE6931	Harvest Haze	丰收霾
#CBAE84	Harvest Home	丰收家
#554488	Harvest Night	丰收夜
#65564F	Harvest Oak	丰收橡
#CD632A	Harvest Pumpkin	丰收南瓜
#CF875F	Harvest Time	丰收时光
#F7D7C4	Harvest Wreath	收获花圈
#EDC38E	Harvester	收割机
#BFA46F	Hashibami Brown	桥波棕
#8D608C	Hashita Purple	桥田紫
#C9643B	Hashut Copper	哈舒特铜业
#009E6D	Hassan II Mosque	哈桑二世清真寺
#8F775D	Hat Box Brown	帽盒棕色
#CFEBDE	Hatching Chameleon	孵化变色龙
#B2D1D6	Hatchling Blue	雏鸟蓝色
#95859C	Hatoba Pigeon	鸠羽鸽
#9E8B8E	Hatoba-Nezumi Grey	鸠羽老鼠灰色
#929E9D	Hatteras Grey	哈特拉斯·格雷
#57446A	Haunted Candelabra	闹鬼的烛台
#333355	Haunted Dreams	闹鬼的梦
#032E0E	Haunted Forest	闹鬼森林
#003311	Haunted Hills	鬼山
#991177	Haunted Purple	闹鬼的紫色
#D3E0EC	Haunting Hue	令人难忘的色调
#824855	Haunting Melody	令人难忘的旋律
#A0252A	Haute Couture	高级时装
#545E49	Haute Green	高级绿
#9F7B58	Haute Hickory	高级山核桃木
#D899B1	Haute Pink	高级粉色
#AA1829	Haute Red	高级红
#3B2B2C	Havana	哈瓦那
#A5DBE5	Havana Blue	哈瓦那蓝
#AF884A	Havana Cigar	哈瓦那雪茄
#554941	Havana Coffee	哈瓦那咖啡
#F9E5C2	Havana Cream	哈瓦那奶油
#007993	Havasu	哈瓦苏
#0FAFC6	Havasupai Falls	哈瓦苏派瀑布
#5784C1	Havelock Blue	哈夫洛克蓝
#A3B48C	Haven	港湾
#00BBFF	Hawaii Morning	夏威夷早晨
#D24833	Hawaiian Ahi Poke	夏威夷阿希波克
#75C7E0	Hawaiian Breeze	夏威夷微风
#6F4542	Hawaiian Cinder	夏威夷煤渣
#99522C	Hawaiian Coconut	夏威夷椰子
#FAE8B8	Hawaiian Cream	夏威夷奶油
#96300D	Hawaiian Malasada	夏威夷马拉萨达
#008DB9	Hawaiian Ocean	夏威夷海洋
#FFA03E	Hawaiian Passion	夏威夷激情
#FDD773	Hawaiian Pineapple	夏威夷菠萝
#FF0051	Hawaiian Raspberry	夏威夷覆盆子
#F3DBD9	Hawaiian Shell	夏威夷壳
#83A2BD	Hawaiian Sky	夏威夷天空
#C06714	Hawaiian Sunset	夏威夷日落
#008DBB	Hawaiian Surf	夏威夷冲浪
#1D7033	Hawaiian Ti Leaf	夏威夷蒂叶
#77CABD	Hawaiian Vacation	夏威夷假期
#AE8C5C	Hawk Feather	隼羽毛
#77757D	Hawk Grey	隼灰
#00756A	Hawk Turquoise	隼青
#34363A	Hawk’s Eye	鹰眼
#FDDB6D	Hawkbit	霍克比特
#F4C26C	Hawker’s Gold	小贩的黄金
#D2DAED	Hawkes Blue	霍克斯蓝
#729183	Hawkesbury	霍克斯伯里
#CC1111	Hawthorn Berry	山楂果
#EEFFAA	Hawthorn Blossom	山楂花
#884C5E	Hawthorn Rose	山楂玫瑰
#CED7C1	Hawthorne	霍桑
#D3CAA3	Hay	干草
#DACD81	Hay Day	卡通农场
#CDAD59	Hay Wain	干草车
#C2A770	Hay Yellow	干草黄
#5F5D50	Hayden Valley	海登谷
#CDBA96	Hayloft	干草棚
#D4AC99	Hayride	干草车
#CFAC47	Haystack	干草堆
#C8C2C6	Haze	霾
#C39E6D	Hazed Nuts	榛果
#A36B4B	Hazel	淡褐
#EAE2DE	Hazel Blush	淡褐绯红
#B8BFB1	Hazel Gaze	淡褐色凝视
#A8715A	Hazelnut	榛子
#7B3F00	Hazelnut Chocolate	榛子巧克力
#D28A47	Hazelnut Coffee	榛子咖啡
#E6DFCF	Hazelnut Cream	榛子奶油
#742719	Hazelnut Kisses	榛子吻
#EEAA77	Hazelnut Milk	榛子奶
#D9BE9D	Hazelnut Parfait	榛子冻糕
#FCE974	Hazelnut Turkish Delight	榛子土耳其喜悦
#FFF3D5	Hazelwood	榛木
#B4C2CF	Hazy	朦胧
#BCC8CC	Hazy Blue	朦胧蓝
#F2CC99	Hazy Day	朦胧白天
#A5B8C5	Hazy Daze	朦胧发呆
#D2BAA1	Hazy Earth	朦胧土
#F2F1DC	Hazy Grove	朦胧小树林
#C7BAC0	Hazy Iris	朦胧鸢尾
#C8C6CE	Hazy Mauve	朦胧淡紫
#F1DCA1	Hazy Moon	朦胧月
#B39897	Hazy Rose	朦胧玫红
#ADBBC4	Hazy Skies	朦胧天空
#B7BDD6	Hazy Sky	朦胧天空
#A6A5A0	Hazy Stratus	朦胧层云
#D5C3B5	Hazy Taupe	朦胧灰褐
#DCDACE	Hazy Trail	朦胧小径
#EACEA0	Hazy Yellow	朦胧黄
#E1DBE3	He Loves Me	他爱我
#7F5E00	Hè Sè Brown	褐色棕
#D1DDE1	Head in the Clouds	头在云端
#EBE2DE	Head in the Sand	头埋在沙子里
#605972	Head Over Heels	神魂颠倒
#B9CAB3	Healing Aloe	治愈芦荟
#6C7D42	Healing Plant	治愈植物
#BAC2AA	Healing Retreat	疗愈静修
#E1E2C2	Healing Springs	疗愈泉水
#D2DCCE	Healthy Wealthy and Wise	健康 富有 聪明
#5BBD7F	Heart Chakra	心轮
#9D7F4C	Heart of Gold	心金
#F7FCFF	Heart of Ice	心冰
#D2CFA6	Heart of Palm	心棕榈
#A97FB1	Heart Potion	心药水
#EDE3DF	Heart Stone	心石
#D4A9C3	Heart to Heart	心心
#E2B5BD	Heart’s Content	心满意足
#AC3E5F	Heart’s Desire	心之所愿
#AA0000	Heartbeat	心跳
#CC76A3	Heartbreaker	心碎者
#FFADC9	Heartfelt	真心
#E1CCA6	Hearth	炉边
#B2C4BB	Hearth Frost	炉边霜
#A17135	Hearth Gold	炉边金
#C7BEB2	Hearthstone	炉石传说
#A7C297	Heartland Frosty	中心地带霜冻
#623B70	Heartless	无情
#D47A76	Hearts Afire	心火燃烧
#CFC291	Hearts of Palm	棕榈之心
#9BAFD0	Heartsong	心曲
#A82E33	Heartthrob	万人迷
#BF1818	Heartwarming	暖心
#6F4232	Heartwood	心材
#96BF83	Hearty Hosta	丰盛的玉簪
#B44B34	Hearty Orange	丰盛的橙子
#E98D5B	Heat of Summer	盛夏
#E3000E	Heat Signature	热签名
#FF7A00	Heat Wave	热浪
#4F2A2C	Heath	荒原
#9ACDA9	Heath Green	荒原绿
#C9CBC2	Heath Grey	荒原灰
#9F5F9F	Heath Spotted Orchid	石南花兰花
#A484AC	Heather	石楠
#B8ACAF	Heather Bay	石楠海湾
#E75480	Heather Berry	石楠浆果
#C3ADC5	Heather Feather	石楠羽毛
#909095	Heather Field	石楠原野
#BBB0BB	Heather Hill	石楠丘陵
#998E8F	Heather Moor	石楠荒野
#A39699	Heather Plume	希瑟羽
#988E94	Heather Red Grey	石楠红灰
#A76372	Heather Rose	石楠玫红
#7B7173	Heather Sachet	石楠香包
#B18398	Heather Violet	石楠紫罗兰
#B6B095	Heathered Grey	杂色灰色
#EE4422	Heating Lamp	加热灯
#FF7788	Heatstroke	中暑
#B4CED5	Heaven	天堂
#C7F1FF	Heaven Gates	天堂之门
#EEE1EB	Heaven Sent	天赐良机
#CAD6DE	Heaven Sent Storm	天降风暴
#7EB2C5	Heavenly	天堂
#EEDFD5	Heavenly Aromas	天香
#A3BBCD	Heavenly Blue	天堂蓝
#BEA79D	Heavenly Cocoa	天堂可可
#93A394	Heavenly Garden	天堂花园
#D8D5E3	Heavenly Haze	天堂霾
#F4DEDE	Heavenly Pink	天堂粉
#6B90B3	Heavenly Sky	天堂天空
#FBD9C6	Heavenly Song	天堂歌
#EBE8E6	Heavenly White	天堂白
#3A514D	Heavy Black Green	重黑绿
#2C5674	Heavy Blue	重蓝
#9FABAF	Heavy Blue Grey	重蓝灰
#73624A	Heavy Brown	重棕
#565350	Heavy Charcoal	重炭
#E8DDC6	Heavy Cream	重奶油
#DDCCAA	Heavy Gluten	重麸质
#BAAB74	Heavy Goldbrown	重金棕色
#49583E	Heavy Green	重绿
#82868A	Heavy Grey	重灰
#BEB9A2	Heavy Hammock	重型吊床
#771122	Heavy Heart	重心
#5E6A34	Heavy Khaki	重卡其
#46473E	Heavy Metal	重金属
#888A8E	Heavy Metal Armour	重金属盔甲
#9B753D	Heavy Ochre	重赭
#EE4328	Heavy Orange	重橙
#898A86	Heavy Rain	重雨
#9E1212	Heavy Red	重红
#735848	Heavy Siena	重锡耶纳
#EFF5F1	Heavy Sugar	重糖
#4F566C	Heavy Violet	重紫罗兰
#BDB3A7	Heavy Warm Grey	重温暖灰
#F0E4D2	Hectorite	锂蒙脱石
#768A75	Hedge Green	树篱绿
#00AA11	Hedged Garden	树篱花园
#C4AA5E	Hedgehog Cactus Yellow Green	刺猬仙人掌黄绿
#FAF0DA	Hedgehog Mushroom	刺猬蘑菇
#142030	Hēi Sè Black	黑色
#960117	Heidelberg Red	海德堡红
#C3BDB1	Heifer	小母牛
#B67B71	Heirloom	传家宝
#F4BEA6	Heirloom Apricot	传家宝杏
#E3664C	Heirloom Blush	传家宝绯红
#327CCB	Heirloom Hydrangea	传家宝绣球花
#F5E6D6	Heirloom Lace	传家宝蕾丝
#9D96B2	Heirloom Lilac	传家宝丁香紫
#AE9999	Heirloom Orchid	传家宝兰花紫
#DBD5D0	Heirloom Pink	传家宝粉
#AB979A	Heirloom Quilt	传家宝被子
#801F23	Heirloom Red	传家宝红
#D182A0	Heirloom Rose	传家宝玫红
#DCD8D4	Heirloom Shade	传家宝暗调
#B5B6AD	Heirloom Silver	传家宝银
#833633	Heirloom Tomato	传家宝番茄
#70D4FB	Heisenberg Blue	海森堡蓝
#C3B89F	Helen of Troy	特洛伊的海伦
#D28B72	Helena Rose	海伦娜·罗斯
#D94FF5	Heliotrope	天芥菜
#AB98A9	Heliotrope Grey	天芥菜灰色
#AA00BB	Heliotrope Magenta	天芥菜洋红色
#9187BD	Heliotropic Mauve	向日葵淡紫
#EAE5D8	Helium	氦气
#C40700	Hell Rider	地狱骑士
#BA622A	Hell’s Bells	地狱的钟声
#710101	Hellbound	地狱边缘
#646944	Hellebore	藜芦
#87C5AE	Hellion Green	地狱绿
#802280	Hello Darkness My Old Friend	你好黑暗我的老朋友
#F3C7D1	Hello Dolly	你好多莉
#995533	Hello Fall	你好秋天
#44DD66	Hello Spring	你好春天
#55BBFF	Hello Summer	你好夏天
#99FFEE	Hello Winter	你好冬天
#FFE59D	Hello Yellow	你好黄
#F00000	Helvetia Red	海尔维红
#5F615F	Hematite	赤铁矿
#DC8C59	Hematitic Sand	赤铁砂
#5285A4	Hemisphere	半球
#69684B	Hemlock	铁杉
#ECEEDF	Hemlock Bud	铁杉蕾
#987D73	Hemp	麻
#B5AD88	Hemp Fabric	麻布
#B9A379	Hemp Rope	麻绳
#B5B35C	Hemp Tea	麻茶
#EED9C4	Hen of the Woods	树林里的母鸡
#864941	Henna	指甲花
#6E3530	Henna Red	指甲花红
#B3675D	Henna Shade	指甲花色
#C4B146	Hep Green	赫普绿
#FBE5EA	Hepatica	肝病
#E1D4B6	Hephaestus	赫菲斯托斯
#FF9911	Hephaestus Gold	赫菲斯托斯金
#6F123C	Her Fierceness	她的凶猛
#432E6F	Her Highness	殿下
#F9A4A4	Her Majesty	女王陛下
#BB5F62	Her Velour	她的丝绒
#7777EE	Hera Blue	赫拉蓝
#A46366	Herald of Spring	春天的使者
#CE9F2F	Herald’s Trumpet	先驱号角
#444161	Heraldic	纹章
#E7E0D3	Herare White	赫拉雷白
#708452	Herb	草药
#4B856C	Herb Blend	香草混合物
#6E7357	Herb Cornucopia	香草聚宝盆
#E9F3E1	Herb Garden	草药花园
#64654A	Herb Garland	香草花环
#DDA0DF	Herb Robert	赫伯·罗伯特
#29AB87	Herbal	草本
#9CAD60	Herbal Garden	草本花园
#C9B23D	Herbal Green	草本绿
#6BA520	Herbal Lift	草药提升
#D2E6D3	Herbal Mist	草本薄雾
#8E9B7C	Herbal Scent	草本香
#F9FEE9	Herbal Tea	草本茶
#DDFFCC	Herbal Vapours	草药蒸气
#A49B82	Herbal Wash	草本洗
#6B6D4E	Herbal Whispers	草药低语
#969E86	Herbalist	草药师
#119900	Herbalist’s Garden	草药师花园
#EEEE22	Herbery Honey	香草蜂蜜
#A9A487	Herbes	香草
#3A5F49	Herbes de Provence	普罗旺斯香草
#88EE77	Herbivore	草食动物
#FCDF63	Here Comes the Sun	太阳来了
#5F3B36	Hereford Bull	赫里福德公牛
#6C2E1F	Hereford Cow Brown	赫里福德牛棕色
#B0BACC	Heritage	遗产
#5296B7	Heritage Blue	传承蓝
#CAC2B8	Heritage Grey	传承灰
#5C453D	Heritage Oak	传统橡木
#69756C	Heritage Park	遗产公园
#956F7B	Heritage Taffeta	传统塔夫绸
#9A8EC1	Hermosa	赫莫萨
#FFB3F0	Hermosa Pink	赫莫萨粉红
#005D6A	Hero	英雄
#1166FF	Heroic Blue	英雄蓝
#CBD5E9	Heroic Heron	英雄苍鹭
#D1191C	Heroic Red	英雄红
#6A6887	Heron	鹭
#E5E1D8	Heron Plume	鹭羽
#B1C4CD	Heron Wing	鹭翼
#C6C8CF	Herring Silver	鲱鱼银
#FFE296	Hesperide Apple Gold	赫斯皮里德苹果金
#EE2200	Hestia Red	赫斯提亚红
#6E0060	Hexed Lichen	六角地衣
#FBFF0A	Hexos Palesun	赫克索斯淡日
#16F8FF	Hey Blue!	嘿蓝！
#CD8E43	Hey Honey!	嘿亲爱的！
#BEA932	Hey Pesto	嘿香蒜酱
#BBB465	Hi Def Lime	高清青柠
#ACA69F	Hibernate	休眠
#6F5166	Hibernation	冬眠
#B6316C	Hibiscus	木槿
#FE9773	Hibiscus Delight	木槿喜悦
#BC555E	Hibiscus Flower	木槿花
#6E826E	Hibiscus Leaf	木槿叶
#EDAAAC	Hibiscus Petal	木槿花瓣
#DD77DD	Hibiscus Pop	木槿流行
#5C3D45	Hibiscus Punch	木槿宾治
#A33737	Hibiscus Red	木槿红
#B7A28E	Hickory	山核桃
#AB8274	Hickory Branch	山核桃枝条
#69482A	Hickory Chips	山核桃片
#7C6E6D	Hickory Cliff	山核桃悬崖
#655341	Hickory Grove	山核桃小树林
#78614C	Hickory Nut	山核桃坚果
#614539	Hickory Plank	山核桃木板
#997772	Hickory Stick	山核桃棍
#BC916F	Hickory Tint	山核桃调
#9C949B	Hidcote	希德科特
#8D7F64	Hidden Cottage	隐秘小屋
#CEC6BD	Hidden Cove	隐秘小湾
#D5DAE0	Hidden Creek	隐秘小溪
#305451	Hidden Depths	隐秘深处
#EDE4CC	Hidden Diary	隐藏日记
#4F5A51	Hidden Forest	隐秘森林
#98AD8E	Hidden Glade	隐秘空地
#60737D	Hidden Harbour	隐秘港湾
#C5D2B1	Hidden Hills	隐秘山丘
#EBF1E2	Hidden Jade	隐秘翡翠
#96748A	Hidden Mask	隐藏面具
#BBCC5A	Hidden Meadow	隐秘草地
#AA7C4C	Hidden Morel	隐藏的羊肚菌
#5E8B3D	Hidden Paradise	隐秘天堂
#3C3005	Hidden Passage	隐藏通道
#E4D5B9	Hidden Path	隐秘径
#727D7F	Hidden Peak	隐秘山峰
#445771	Hidden Sapphire	隐秘宝石蓝
#6FD1C9	Hidden Sea Glass	隐秘海玻璃
#1B8CB6	Hidden Springs	隐秘泉
#5F5B4D	Hidden Trail	隐秘小径
#A59074	Hidden Treasure	隐秘珍宝
#BB9900	Hidden Tribe	隐藏部落
#689938	Hidden Valley	隐秘山谷
#225258	Hidden Waters	隐秘水域
#C8C0AA	Hideaway	世外桃源
#5386B7	Hideout	藏身处
#77A373	Hierba Santa	希尔巴圣诞老人
#334F7B	High Altar	高坛
#A9DEDA	High Altitude	高海拔
#4CA8E0	High Blue	高蓝
#75603D	High Chaparral	高丛林
#A06974	High Country Rose	高乡村玫红
#59B9CC	High Dive	高潜水
#9A3843	High Drama	高戏剧性
#8CBED6	High Elf Blue	高等精灵蓝
#665D25	High Forest Green	高森林绿
#BBDD00	High Grass	高草
#EAEBE4	High Hide White	高兽皮白
#E0B44D	High Honey	高蜂蜜
#DEEAAA	High Hopes	寄予厚望
#D88CB5	High Maintenance	维护成本高
#CFB999	High Noon	正午
#867A88	High Note	高音
#E4B37A	High Plateau	高高原
#BCD8D2	High Point	高点
#643949	High Priest	大祭司
#005A85	High Profile	高调
#645453	High Rank	高等级
#F7F7F1	High Reflective White	高反白
#AEB2B5	High Rise	高层
#C71F2D	High Risk Red	高风险红色
#445056	High Salute	致以崇高敬意
#7DABD8	High Seas	高海
#CEDEE2	High Sierra	高山
#CAB7C0	High Society	上流社会
#AC9825	High Strung	高度紧张
#A8B1D7	High Style	高格调
#E4D7C3	High Style Beige	高格调米色
#7F6F57	High Tea	高茶
#567063	High Tea Green	高茶绿
#85A6C8	High Tide	高潮汐
#EEFF11	High Voltage	高电压
#6D7074	High-Speed Steel	高速钢
#928C3C	Highball	高球杯
#305144	Highland Green	高地绿
#8F714B	Highland Ridge	高地岭
#B9A1AE	Highland Thistle	高地蓟
#D3DAE3	Highland Winds	高地风
#3A533D	Highlander	汉兰达
#449084	Highlands	高地
#445500	Highlands Moss	高地苔藓
#484A80	Highlands Twilight	高地暮光
#EEF0DE	Highlight	亮点
#DFC16D	Highlight Gold	亮点金
#FFE536	Highlighter	荧光笔
#3AAFDC	Highlighter Blue	荧光笔蓝
#1BFC06	Highlighter Green	荧光笔绿
#85569C	Highlighter Lavender	荧光笔薰衣草紫
#D72E83	Highlighter Lilac	荧光笔丁香紫
#F39539	Highlighter Orange	荧光笔橙
#EA5A79	Highlighter Pink	荧光笔粉
#E94F58	Highlighter Red	荧光笔红
#009E6C	Highlighter Turquoise	荧光笔青
#F1E740	Highlighter Yellow	荧光笔黄
#BDB388	Highway	高速公路
#CD1102	Highway to Hell	通往地狱的高速公路
#752E23	Hihada Brown	日肌棕色
#D2B395	Hiker’s Delight	徒步旅行者的喜悦
#9D9866	Hiking	徒步旅行
#5E5440	Hiking Boots	登山靴
#A99170	Hiking Trail	远足径
#E0EEDF	Hill Giant	山丘巨人
#8DC248	Hill Lands	山地
#A7A07E	Hillary	希拉里
#417B42	Hills of Ireland	爱尔兰山
#7FA91F	Hillsbrad Grass	希尔斯布莱德草
#8F9783	Hillside Green	山坡绿
#80BF69	Hillside Grove	山坡树林
#8DA090	Hillside View	山坡景观
#587366	Hilltop	山顶
#768AA1	Hilo Bay	希洛湾
#736330	Himalaya	喜马拉雅
#AECDE0	Himalaya Blue	喜马拉雅蓝
#E2EAF0	Himalaya Peaks	喜马拉雅山峰
#7695C2	Himalaya Sky	喜马拉雅天空
#B9DEE9	Himalaya White Blue	喜马拉雅白蓝
#FF99CC	Himalayan Balsam	喜马拉雅香脂
#E1F0ED	Himalayan Mist	喜马拉雅薄雾
#BEC6D6	Himalayan Poppy	喜马拉雅罂粟
#C07765	Himalayan Salt	喜马拉雅盐
#FCC800	Himawari Yellow	向日葵黄
#BDC9E3	Hindsight	事后诸葛亮
#EE4D83	Hindu Lotus	印度教莲花
#F8DDB7	Hinoki	桧木
#BC002D	Hinomaru Red	日之丸红
#CEE1F2	Hint of Blue	微意蓝
#D5933D	Hint of Caramel	微意焦糖
#DC6080	Hint of Cherry	微意樱桃
#E4DED0	Hint of Cream	微意奶油
#DFEADE	Hint of Green	微意绿
#FFD66D	Hint of Honey	微意蜂蜜
#E1DBD5	Hint of Mauve	微意淡紫
#DFF1D6	Hint of Mint	微意薄荷
#F8E6D9	Hint of Orange	微意橙
#F1E4E1	Hint of Pink	微意粉
#F6DFE0	Hint of Red	微意红
#EEE8DC	Hint of Vanilla	微意香草
#D2D5E1	Hint of Violet	微意紫罗兰
#FAF1CD	Hint of Yellow	微意黄
#616C51	Hinterland	腹地
#304112	Hinterlands Green	辛特兰绿色
#CED9DD	Hinting Blue	暗示蓝色
#E4E8A7	Hip Hop	嘻哈
#746A51	Hip Waders	臀部防水裤
#49889A	Hippie Blue	嬉皮蓝
#608A5A	Hippie Green	嬉皮绿
#AB495C	Hippie Pink	嬉皮粉红
#C6AA2B	Hippie Trail	嬉皮小道
#5C3C0D	Hippogriff Brown	鹰头马身有翼兽棕
#CFC294	Hippolyta	希波吕忒
#EAE583	Hippy	嬉皮士
#F2F1D9	Hipster	潮人
#BFB3AB	Hipster Hippo	时髦河马
#FD7C6E	Hipster Salmon	时髦三文鱼
#88513E	Hipsterfication	时髦化
#7FFFD4	Hiroshima Aquamarine	广岛海蓝宝石
#9BB9E1	His Eyes	他的眼睛
#ABCED8	Hisoku Blue	久石蓝
#FDF3E3	Historic Cream	历史奶油
#ADA791	Historic Shade	历史的阴影
#A18A64	Historic Town	历史小镇
#EBE6D7	Historic White	历史白
#A7A699	Historical Grey	历史灰
#BFB9A7	Historical Ruins	历史遗迹
#38B48B	Hisui Kingfisher	翡翠翠鸟
#A1ADB5	Hit Grey	打灰色
#FDA470	Hit Pink	打粉红
#EFC872	Hit the Hay	干草
#EEFFA9	Hitchcock Milk	希区柯克牛奶
#C48D69	Hitching Post	拴马桩
#EE66FF	Hitsujiyama Pink	羊山粉红
#FFFF77	Hive	蜂巢
#F1C24B	Hive Delight	蜂巢喜悦
#DBECFB	Hoarfrost	白霜
#01AD8F	Hobgoblin	妖精
#59685F	Hockham Green	霍克汉姆格林
#57A9D4	Hoeth Blue	霍斯蓝
#DCD1BB	Hog Bristle	猪鬃
#FBE8E4	Hog-Maw	猪肚
#DAD5C7	Hog’s Pudding	猪布丁
#424F3B	Hōjicha	焙茶
#BB8E34	Hokey Pokey	做作的波基
#647D86	Hoki	霍基
#7736D9	Hokkaido Lavender	北海道薰衣草
#547D86	Holbein Blue Grey	荷尔拜因蓝灰色
#705446	Hold Your Horses	牵住你的马
#4AAE97	Hole in One	一杆进洞
#598069	Holenso	霍伦索
#81C3B4	Holiday	假日
#32BCD1	Holiday Blue	假日蓝
#6D9E7A	Holiday Camp	假期营
#B1D1E2	Holiday Road	假日路
#8AC6BD	Holiday Turquoise	假日青
#206174	Holiday Velvet	假日绒
#B78846	Holiday Waffle	假日华夫饼
#CB4543	Holland Red	荷兰红
#DD9789	Holland Tile	荷兰瓷砖
#F89851	Holland Tulip	荷兰郁金香
#FFEE44	Hollandaise	荷兰酱
#AC8E84	Hollow Brown	谷棕
#330055	Hollow Knight	空洞骑士
#25342B	Holly	冬青
#B44E5D	Holly Berry	冬青浆果
#355D51	Holly Bush	冬青灌木丛
#8CB299	Holly Fern	冬青蕨
#A2B7B5	Holly Glen	冬青谷
#0F9D76	Holly Green	冬青绿
#B50729	Holly Jolly Christmas	冬青快乐圣诞
#2E5A50	Holly Leaf	冬青叶
#913881	Hollyhock	蜀葵
#B7737D	Hollyhock Bloom	蜀葵花
#BD79A5	Hollyhock Blossom Pink	蜀葵花粉红
#C2A1B5	Hollyhock Pink	蜀葵粉红
#C7AF4A	Hollywood	好莱坞
#DEE7D4	Hollywood Asparagus	好莱坞芦笋
#F400A0	Hollywood Cerise	好莱坞樱桃色
#ECD8B1	Hollywood Golden Age	好莱坞黄金时代
#F2D082	Hollywood Starlet	好莱坞小明星
#DBBB9E	Holmes Cream	福尔摩斯奶油
#F0E5F5	Holographic Lavender	全息薰衣草
#DB783E	Holy Cannoli	神圣的奶油甜馅煎饼卷
#332F2C	Holy Crow	圣乌鸦
#EFE9E6	Holy Ghost	圣灵
#E8D720	Holy Grail	圣杯
#466E77	Holy Water	圣水
#F5F5DC	Holy White	圣白
#666D69	Homburg Grey	洪堡灰
#E8CABA	Home and Hearth	家和壁炉
#F3D2B2	Home Body	家庭身体
#897B66	Home Brew	家酿造
#F7EEDB	Home Plate	本垒板
#F2EEC7	Home Song	家歌
#9B7E65	Home Sweet Home	家甜美家
#726E69	Homebush	霍姆布什
#63884A	Homegrown	国产
#B18D75	Homeland	祖国
#AC8674	Homestead	家园
#6F5F52	Homestead Brown	家园棕
#986E6E	Homestead Red	家园红
#E9BF91	Homeward Bound	归途
#2299DD	Homeworld	家园
#F0D8AF	Homey Cream	温馨奶油
#5F7C47	Homoeopathic	顺势疗法
#DBE7E3	Homoeopathic Blue	顺势疗法蓝色
#E1EBD8	Homoeopathic Green	顺势绿色
#E5E0EC	Homoeopathic Lavender	顺势疗法薰衣草
#E1E0EB	Homoeopathic Lilac	顺势疗法紫丁香
#E9F6E2	Homoeopathic Lime	顺势疗法石灰
#E5EAD8	Homoeopathic Mint	顺势薄荷
#F2E6E1	Homoeopathic Orange	顺势疗法橙子
#ECDBE0	Homoeopathic Red	顺势红
#E8DBDD	Homoeopathic Rose	顺势疗法玫瑰
#EDE7D7	Homoeopathic Yellow	顺势黄
#9D9887	Honed Soapstone	磨光皂石
#867C83	Honed Steel	珩磨钢
#9BB8E2	Honest	诚实
#5A839E	Honest Blue	诚实的蓝
#DFEBE9	Honesty	诚实
#AE8934	Honey	蜂蜜
#F1DDAD	Honey and Cream	蜂蜜奶油
#AAAA00	Honey and Thyme	蜂蜜百里香
#FFAA99	Honey Baked Ham	蜂蜜烘火腿
#E8C281	Honey Bear	蜂蜜熊
#FCDFA4	Honey Bee	蜂蜜蜜蜂
#D39F5F	Honey Beehive	蜂蜜蜂箱
#F3E2C6	Honey Beige	蜂蜜米色
#FFD28D	Honey Bird	蜂蜜鸟
#F5CF9B	Honey Blush	蜂蜜绯红
#DAA47A	Honey Bronze	蜂蜜古铜
#DBB881	Honey Bunny	蜂蜜小兔
#F5D29B	Honey Butter	蜂蜜黄油
#FF9955	Honey Carrot Cake	蜂蜜胡萝卜蛋糕
#883344	Honey Chilli	蜂蜜辣椒
#E9C160	Honey Crisp	蜂蜜清冽
#FFBB55	Honey Crusted Chicken	蜜汁鸡
#EDEDC7	Honey Do	亲爱的
#5C3C6D	Honey Flower	蜂蜜花
#D18E54	Honey Fungus	蜜汁木耳
#884422	Honey Garlic Beef	蜂蜜蒜蓉牛肉
#BA6219	Honey Ginger	蜂蜜姜
#FFD775	Honey Glaze	蜂蜜釉
#E8B447	Honey Glow	蜂蜜辉光
#E1B67C	Honey Gold	蜂蜜金
#BC886A	Honey Graham	亲爱的格雷厄姆
#DCB149	Honey Grove	蜂蜜小树林
#BC9263	Honey Haven	蜂蜜港湾
#DDCCBB	Honey Lime Chicken	蜂蜜青柠鸡
#FFC367	Honey Locust	皂荚
#A46D5C	Honey Maple	蜂蜜枫
#E5D9B2	Honey Mist	蜂蜜薄雾
#FBECCC	Honey Moth	蜂蜜蛾
#B28C4B	Honey Mustard	蜂蜜芥末
#F1DDA2	Honey Nectar	蜂蜜花蜜
#E0BB96	Honey Nougat	蜂蜜牛轧糖
#FAEED9	Honey Oat Bread	蜂蜜燕麦面包
#DBBF9A	Honey Peach	蜂蜜桃
#CC99AA	Honey Pink	蜂蜜粉
#DFBB86	Honey Robber	蜜汁强盗
#D8BE89	Honey Tea	蜂蜜茶
#EE6611	Honey Teriyaki	蜂蜜照烧
#F8DC9B	Honey Tone	蜂蜜调
#FFAA22	Honey Wax	蜂蜜蜡
#CA9456	Honey Yellow	蜂蜜黄
#937016	Honey Yellow Green	蜂蜜黄绿
#F3F0D9	Honey Yoghurt Popsicles	蜂蜜酸奶冰棒
#DDAA11	Honeycomb	蜂窝
#E4CF99	Honeycomb Glow	蜂窝发光
#DE9C52	Honeycomb Yellow	蜂窝黄
#F0FFF0	Honeydew	蜜瓜
#E6ECCC	Honeydew Melon	蜜瓜
#D4FB79	Honeydew Peel	蜜瓜皮
#EECE8D	Honeydew Sand	蜜瓜沙
#EFC488	Honeyed Glow	蜜色光芒
#D7BB80	Honeymoon	蜜月
#FFC863	Honeypot	蜜罐
#E8ED69	Honeysuckle	忍冬
#EACA90	Honeysuckle Beige	忍冬米色
#B3833F	Honeysuckle Blast	忍冬爆发
#E8D4C9	Honeysuckle Delight	忍冬喜悦
#DE8F8D	Honeysuckle Rose	忍冬玫红
#FBF1C8	Honeysuckle Vine	忍冬藤
#F8ECD3	Honeysuckle White	忍冬白
#E9CFC8	Honeysweet	甜甜的
#E02006	Hóng Bǎo Shū Red	红宝树红
#948E90	Hong Kong Mist	香港迷雾
#676E7A	Hong Kong Skyline	香港天际线
#A8102A	Hong Kong Taxi	香港的士
#CF3F4F	Hóng Lóu Mèng Red	红楼梦红
#FF0809	Hóng Sè Red	红色
#564A33	Hóng Zōng Brown	洪总棕
#FCEFD1	Honied White	尊贵白
#446A8D	Honky Tonk Blue	酒吧钢琴蓝
#96CBF1	Honolulu	檀香山
#007FBF	Honolulu Blue	檀香山蓝
#164576	Honourable Blue	尊贵的蓝
#FFC9C4	Hooked Mimosa	钩含羞草
#49796B	Hooker’s Green	胡克绿地
#4455FF	Hooloovoo Blue	超智蓝
#CD6D93	Hopbush	霍普布什
#E581A0	Hope	希望
#875942	Hope Chest	希望宝箱
#F2D4E2	Hopeful	充满希望
#A2B9BF	Hopeful Blue	希望蓝
#95A9CD	Hopeful Dream	充满希望的梦想
#174871	Hopi Blue Corn	霍皮蓝玉米
#FFE4B5	Hopi Moccasin	霍皮莫卡辛鞋
#9E8163	Hopsack	霍普萨克
#AFBB42	Hopscotch	跳房子
#F2E9D9	Horchata	欧洽塔
#789B73	Horenso Green	霍伦索·格林
#648894	Horizon	地平线
#AD7171	Horizon Glow	地平线辉光
#9CA9AA	Horizon Grey	地平线灰
#80C1E2	Horizon Haze	地平线霾
#CDD4C6	Horizon Island	地平线岛
#C2C3D3	Horizon Sky	地平线天空
#51576F	Hormagaunt Purple	霍玛贡特紫
#BBA46D	Horn of Plenty	丰盛号角
#332222	Hornblende	角闪石
#234E4D	Hornblende Green	角闪石绿
#C2AE87	Horned Frog	角蛙
#E8EAD5	Horned Lizard	角蜥蜴
#D5DFD3	Hornet Nest	马蜂窝
#FF0033	Hornet Sting	大黄蜂蜇伤
#A67C08	Hornet Yellow	大黄蜂黄
#D34D4D	Horror Snob	恐怖势利小人
#543D37	Horse Liver	马肝
#E6DFC4	Horseradish	辣根
#EEEADD	Horseradish Cream	辣根奶油
#FFDEA9	Horseradish Yellow	辣根黄
#6D562C	Horses Neck	马脖子
#8B8893	Horseshoe	马蹄铁
#3D5D42	Horsetail	马尾
#9A6C39	Horsing Around	嬉闹
#61435B	Hortensia	霍滕西亚
#DBB8BF	Hosanna	和散那
#9BE5AA	Hospital Green	医院绿
#DCDDE7	Hosta Flower	玉簪花
#475A56	Hostaleaf	玉簪叶
#AC4362	Hot	炎热
#B35547	Hot and Spicy	炎热辛辣
#FFB3DE	Hot Aquarelle Pink	炎热水彩粉
#FFF6D9	Hot Beach	炎热海滩
#CC5511	Hot Bolognese	热肉酱
#984218	Hot Brown	炎热棕
#E69D00	Hot Butter	炎热黄油
#A5694F	Hot Cacao	热可可
#FA8D7C	Hot Calypso	炎热卡利普索
#CC6E3B	Hot Caramel	炎热焦糖
#B7513A	Hot Chilli	炎热辣椒
#683939	Hot Chocolate	热巧克力
#D1691C	Hot Cinnamon	炎热肉桂
#806257	Hot Cocoa	炎热可可
#F35B53	Hot Coral	炎热珊瑚
#BB0033	Hot Cuba	热古巴
#815B28	Hot Curry	炎热咖喱
#EAE4DA	Hot Desert	炎热沙漠
#717C3E	Hot Dog Relish	热狗津津有味
#F55931	Hot Embers	热余烬
#D40301	Hot Fever	炎热发烧
#DD180E	Hot Flamin Chilli	火辣辣椒
#B35966	Hot Flamingo	炎热火烈鸟
#5E2912	Hot Fudge	炎热软糖
#A36736	Hot Ginger	炎热姜
#E07C89	Hot Gossip	热门八卦
#25FF29	Hot Green	炎热绿
#DD6622	Hot Hazel	炎热榛色
#BB2244	Hot Hibiscus	炎热木槿
#BC3033	Hot Jazz	炎热爵士
#AA0033	Hot Lava	炎热熔岩
#C9312B	Hot Lips	炎热唇
#FF00CC	Hot Magenta	炎热品红
#735C12	Hot Mustard	炎热芥末
#F4893D	Hot Orange	炎热橙
#598039	Hot Pepper Green	炎热胡椒绿
#FF028D	Hot Pink	艳粉
#FE69B6	Hot Pink Fusion	炎热粉融合
#CB00F5	Hot Purple	炎热紫
#CCAA00	Hot Sand	炎热沙
#AB4F41	Hot Sauce	炎热酱
#3F3F75	Hot Sauna	热桑拿
#EC4F28	Hot Shot	炎热一口
#CC2211	Hot Spice	炎热辛香
#ABA89E	Hot Stone	炎热石
#F9B82B	Hot Sun	炎热太阳
#A24A3F	Hot Tamale	热玉米粉蒸肉
#A7752C	Hot Toddy	热托迪
#D26E2D	Hot Wings	炎热翅膀
#755468	Hothouse Orchid	温室兰花
#F1F3F2	Hotot Bunny	霍特兔
#FF4433	Hotspot	热点
#E68A00	Hotter Butter	热黄油
#FF4455	Hotter Than Hell	比地狱更热
#FF80FF	Hottest of Pinks	最热门的粉红
#E5E0D5	Hourglass	沙漏
#E2E0DB	House Martin Eggs	马丁蛋
#9AA0BD	House of Owen	欧文之家
#D6D9DD	House Sparrow’s Egg	麻雀蛋
#4D495B	House Stark Grey	史塔克灰色家族
#58713F	Houseplant	室内植物
#A0AEB8	How Handsome	好帅
#886150	How Now	现在怎么样
#F9E4C8	Howdy Neighbor	邻居你好
#C6A698	Howdy Partner	伙伴你好
#9C7F5A	Howling Coyote	嚎叫土狼
#E50752	Howling Pink	嚎叫粉红
#1DACD1	Hú Lán Blue	胡兰蓝
#F8FF73	Huáng Dì Yellow	黄迪黄
#FADA6A	Huáng Jīn Zhōu Gold	黄金洲 金
#F0F20C	Huáng Sè Yellow	黄色
#E9BF8C	Hubbard Squash	哈伯德南瓜
#559933	Hubert’s Truck Green	休伯特的卡车绿色
#5B4349	Huckleberry	哈克贝利
#71563B	Huckleberry Brown	哈克贝利棕
#EADBD2	Hudson	哈德森
#FDEF02	Hudson Bee	哈德逊蜜蜂
#17A9E5	Huelve?o Horizon	韦尔韦尼奥地平线
#9FA09F	Hugh’s Hue	休的色调
#E6CFCC	Hugo	雨果
#C1C6D3	Hūi Sè Grey	惠色灰
#929264	Hula Girl	草裙舞女孩
#726F6C	Hulett Ore	休莱特矿石
#008000	Hulk	浩克
#4D140B	Hull Red	船体红
#E3DAD3	Humble Beginnings	卑微的开始
#E3CDC2	Humble Blush	谦虚的脸红
#EDC796	Humble Gold	卑微的金子
#AAAA99	Humble Hippo	卑微的河马
#1F6357	Humboldt Redwoods	洪堡红杉
#C9CCD2	Humid Cave	潮湿的洞穴
#CEEFE4	Hummingbird	蜂鸟
#5B724A	Hummingbird Green	蜂鸟绿
#EECC99	Hummus	鹰嘴豆泥
#C6B836	Humorous Green	幽默绿色
#473B3B	Humpback Whale	座头鲸
#B7A793	Humus	腐殖质
#B2B7D1	Hundred Waters	百水
#F0000D	Hungry Red	饿红
#BB11FF	Hunky Hummingbird	健壮的蜂鸟
#2A4F43	Hunt Club	狩猎俱乐部
#938370	Hunt Club Brown	狩猎俱乐部棕色
#33534B	Hunter	猎人绿
#0B4008	Hunter Green	猎人绿
#989A8D	Hunter’s Hollow	猎人谷
#DB472C	Hunter’s Orange	猎人的橙子
#6B5A54	Hunting Boots	狩猎靴
#856829	Hunting Jacket	狩猎夹克
#96A782	Huntington Garden	亨廷顿花园
#46554C	Huntington Woods	亨廷顿伍兹
#8B7E77	Hurricane	飓风
#254D54	Hurricane Green Blue	飓风绿蓝
#BDBBAD	Hurricane Haze	飓风霾
#EBEEE8	Hurricane Mist	飓风薄雾
#C4BDBA	Hush	寂静
#E1DED8	Hush Grey	寂静灰
#F8E9E2	Hush Pink	寂静粉
#E4B095	Hush Puppy	寂静小狗
#E5DAD4	Hush White	寂静白
#5397B7	Hush-A-Bye	嘘，再见
#A8857A	Hushed Auburn	安静的奥本
#C8E0DB	Hushed Green	静谧的绿色
#6E8FB4	Hushed Lilac	安静的丁香
#EEA5C1	Hushed Rose	静谧的玫瑰
#CDBBB9	Hushed Violet	安静的紫罗兰
#F1F2E4	Hushed White	安静的白色
#B2994B	Husk	外壳
#E0EBFA	Husky	哈士奇
#BB613E	Husky Orange	哈士奇橙
#AE957C	Hutchins Plaza	哈钦斯广场
#936CA7	Hyacinth	风信子
#6C6783	Hyacinth Arbour	风信子乔木
#807388	Hyacinth Dream	风信子梦
#C8C8D2	Hyacinth Ice	风信子冰
#6F729F	Hyacinth Mauve	风信子淡紫
#A75536	Hyacinth Red	风信子红
#B9C4D3	Hyacinth Tint	风信子调
#9B4D93	Hyacinth Violet	风信子紫罗兰
#C1C7D7	Hyacinth White Soft Blue	风信子白柔蓝
#D0CDA9	Hybrid	混合动力
#626045	Hyde Park	海德公园
#006995	Hydra	九头蛇
#007A73	Hydra Turquoise	九头蛇绿松石
#768DC6	Hydrangea	绣球花
#A6AEBE	Hydrangea Blossom	绣球花花
#CAA6A9	Hydrangea Bouquet	绣球花花束
#E6EAE0	Hydrangea Floret	绣球花
#CAA0FF	Hydrangea Purple	绣球花紫
#9E194D	Hydrangea Red	绣球花红
#9B9B9B	Hydrargyrum	汞
#49747F	Hydro	水电
#A1F4F5	Hydro Cannon	水力炮
#33476D	Hydrogen Blue	氢蓝
#89ACAC	Hydrology	水文学
#5E9CA1	Hydroport	水港
#E0E1D8	Hygge Green	海格绿
#5DBCB4	Hygiene Green	卫生绿色
#F6F677	Hyper Beam	超光束
#015F97	Hyper Blue	超蓝
#55FF00	Hyper Green	超绿
#EDDBDA	Hyper Light Drifter	超光漂流者
#EC006C	Hyper Pink	超粉红
#0000EE	Hyperlink Blue	超链接蓝色
#17F9A6	Hyperpop Green	超流行绿
#687783	Hypnotic	催眠
#73E608	Hypnotic Green	催眠绿
#CF0D14	Hypnotic Red	催眠红
#00787F	Hypnotic Sea	催眠海
#32584C	Hypnotism	催眠术
#415D66	Hypothalamus Grey	下丘脑灰色
#6D4976	Hyssop	牛膝草
#FFA917	I Love to Boogie	我爱布吉
#D97D8F	I Love You Pink	爱粉
#DDDBC5	I Miss You	我想你
#D47F8D	I Pink I Can	我粉红色我可以
#404034	I R Dark Green	红外深绿
#EBBF5C	I’m a Local	我是本地人
#482400	Ibex Brown	野山羊棕色
#F4B3C2	Ibis	鹮
#E4D2D8	Ibis Mouse	鹮鼠
#FBD0B9	Ibis Pink	鹮粉
#CA628F	Ibis Rose	鹮玫红
#F2ECE6	Ibis White	鹮白
#F58F84	Ibis Wing	鹮翼
#0086BC	Ibiza Blue	伊维萨蓝
#D6FFFA	Ice	冰
#C6E4E9	Ice Age	冰时代
#EADEE8	Ice Ballet	冰芭蕾
#739BD0	Ice Blue	冰蓝
#717787	Ice Blue Grey	冰蓝灰
#CCE2DD	Ice Bomb	冰弹
#A2CDCB	Ice Boutique Turquoise	冰精品绿松石
#B9E7DD	Ice Cap Green	冰帽绿
#D5EDFB	Ice Castle	冰城堡
#A0BEDA	Ice Cave	冰洞穴
#B2F8F8	Ice Citadel	冰雪城堡
#25E2CD	Ice Climber	攀冰者
#D2EAF1	Ice Cold	冰寒冷
#D9EBAC	Ice Cold Green	冰寒冷绿
#B1D1FC	Ice Cold Stare	冰冷的凝视
#E3D0BF	Ice Cream Cone	蛋卷冰淇淋
#F7D3AD	Ice Cream Parlour	冰奶油客厅
#A6E3E0	Ice Crystal Blue	冰水晶蓝
#AFE3D6	Ice Cube	冰块
#CEE5DF	Ice Dagger	冰匕首
#005456	Ice Dark Turquoise	冰深青
#D1DCE8	Ice Desert	冰沙漠
#EAEBE1	Ice Dream	冰梦
#D3E2EE	Ice Drop	冰滴
#BBEEFF	Ice Effect	冰效果
#DCECF5	Ice Fishing	冰钓
#D8E7E1	Ice Floe	浮冰
#BDCBCB	Ice Flow	冰流
#C3E7EC	Ice Flower	冰花
#DBECE9	Ice Folly	冰愚蠢
#FFFFE9	Ice Glow	冰辉光
#87D8C3	Ice Green	冰绿
#CAC7C4	Ice Grey	冰灰
#9BB2BA	Ice Gull Grey Blue	冰鸥灰蓝
#E4BDC2	Ice Hot Pink	冰炎热粉
#BAEBAE	Ice Ice	冰冰
#00FFDD	Ice Ice Baby	冰冰婴儿
#FFFBC1	Ice Lemon	冰柠檬
#C9C2DD	Ice Mauve	冰淡紫
#B6DBBF	Ice Mist	冰薄雾
#A5DBE3	Ice Pack	冰袋
#E2E4D7	Ice Palace	冰宫殿
#CF7EAD	Ice Plant	冰植物
#BBDDEE	Ice Rink	溜冰场
#C8D6DA	Ice Rink Blue	溜冰场蓝色
#E1E6E5	Ice Sculpture	冰雕
#C1DEE2	Ice Shard Soft Blue	冰碎片软蓝色
#11FFEE	Ice Temple	冰寺
#CDEBE1	Ice Water Green	冰水绿
#FEFECD	Ice Yellow	冰黄
#DFF0E2	Ice-Cold White	冰冷白
#DAE4EE	Iceberg	冰山
#8C9C92	Iceberg Green	冰山绿
#B7C2CC	Icebreaker	破冰船
#C3D6E0	Icecap	冰帽
#FEF4DD	Iced Almond	冰杏仁
#CBD3C3	Iced Aniseed	冰八角
#EFD6C0	Iced Apricot	冰杏
#A7D4D9	Iced Aqua	冰水色
#C8E4B9	Iced Avocado	冰牛油果
#E9819A	Iced Berry	冰浆果
#9C8866	Iced Cappuccino	冰卡布奇诺
#E5E9B7	Iced Celery	冰芹菜
#E8C7BF	Iced Cherry	冰樱桃
#AA895D	Iced Coffee	冰咖啡
#D0AE9A	Iced Copper	冰铜
#5A4A42	Iced Espresso	冰浓缩咖啡
#ECEBC9	Iced Green Apple	冰绿苹果
#C2C7DB	Iced Lavender	冰薰衣草紫
#E8DCE3	Iced Mauve	冰淡紫
#A3846C	Iced Mocha	冰摩卡
#8E7D89	Iced Orchid	冰兰花紫
#D6DCD7	Iced Slate	冰石板
#B87253	Iced Tea	冰茶
#AFA9AF	Iced Tulip	冰郁金香
#E1A4B2	Iced Vovo	冰沃沃
#D1AFB7	Iced Watermelon	冰西瓜
#008B52	Iceland Green	冰岛绿
#F37E27	Iceland Poppy	冰岛罂粟
#DAE4EC	Icelandic	冰岛语
#A0A4BC	Icelandic Blue	冰岛蓝
#0011FF	Icelandic Water	冰岛水
#D7DEEB	Icelandic Winds	冰岛风
#D9E7E3	Icelandic Winter	冰岛的冬天
#CCDFDC	Icelandish	冰岛语
#DADCD0	Icepick	冰锥
#A5FCDC	Icery	冰雪
#E8ECEE	Icewind Dale	冰风谷
#CFE8E6	Icicle Mint	冰柱薄荷
#D9E7F2	Icicle Veil	冰柱面纱
#BCC5C9	Icicles	冰柱
#D5B7CB	Icing Flower	糖霜花
#F8C4C5	Icing on the Cake	糖霜蛋糕
#F5EEE7	Icing Rose	糖霜玫红
#8FAE22	Icky Green	臭绿
#FCF75E	Icterine	黄疸
#BBC7D2	Icy	冰蓝
#E0E5E2	Icy Bay	冰蓝海湾
#CCEDEA	Icy Blue	冰蓝
#C4ECF0	Icy Breeze	冰蓝微风
#C1CAD9	Icy Brook	冰蓝溪
#D4EAE1	Icy Glacier	冰蓝冰川
#C5E6F7	Icy Landscape	冰蓝风景
#E2E2ED	Icy Lavender	冰蓝薰衣草紫
#F4E8B2	Icy Lemonade	冰蓝柠檬水
#55FFEE	Icy Life	冰蓝生命
#E6E9F9	Icy Lilac	冰蓝丁香紫
#C6E3D3	Icy Mint	冰蓝薄荷
#B0D3D1	Icy Morn	冰蓝晨
#F5CED8	Icy Pink	冰蓝粉
#E6F2E9	Icy Pistachio	冰蓝开心果绿
#CFDAFB	Icy Plains	冰冷平原
#D6DFE8	Icy Teal	冰蓝青
#F7F5EC	Icy Tundra	冰蓝苔原
#BCE2E8	Icy Water	冰蓝水
#C0D2D0	Icy Waterfall	冰蓝瀑布
#D3F1EE	Icy Wind	冰蓝风
#7890AC	Identity	身份
#CAE277	Idocrase Green	符山石绿
#645A8B	Idol	偶像
#598476	Idyllic Island	田园岛
#94C8D2	Idyllic Isle	田园诗岛
#C89EB7	Idyllic Pink	田园粉红
#6F5A4A	If a Tree Fell …	如果一棵树倒下了……
#6D68ED	If I Could Fly	如果我会飞
#FDFCFA	Igloo	冰屋
#C9E5EB	Igloo Blue	冰屋蓝色
#F4D69A	Igniting	点燃
#2E776D	Igua?uense Waterfall	伊瓜苏塞瀑布
#878757	Iguana	鬣蜥
#71BC77	Iguana Green	鬣蜥绿
#F08F90	Ikkonzome Pink	一斤染粉
#00022E	Illicit Darkness	非法黑暗
#56FCA2	Illicit Green	非法绿色
#FF5CCD	Illicit Pink	非法粉红
#BF77F6	Illicit Purple	非法紫色
#EAA601	Illuminate Me	照亮我
#F9E5D8	Illuminated	发光
#419168	Illuminati Green	光明会绿色
#EEEE77	Illuminating	照亮
#319177	Illuminating Emerald	闪耀翡翠
#DEE4E0	Illuminating Experience	启发性体验
#EF95AE	Illusion	幻觉
#C3CED8	Illusion Blue	幻觉蓝
#574F64	Illusionist	魔术师
#E1D5C2	Illusive Dream	虚幻的梦
#92948D	Illusive Green	幻绿
#5533BB	Illustrious Indigo	辉煌的靛蓝
#330011	Ilvaite Black	伊尔维特黑
#7A6E70	Imagery	图像
#89687D	Imaginary Mauve	想象的淡紫
#DFE0EE	Imagination	想象力
#FAE199	Imam Ali Gold	伊玛目阿里·戈尔德
#D0576B	Imayou Pink	今友粉红
#CEEBB2	Imbued With Mint	充满薄荷味
#AACC00	Immaculate Iguana	完美鬣蜥
#204F54	Immersed	沉浸
#C0A9CC	Immortal	不朽
#D8B7CF	Immortal Indigo	不朽的靛蓝
#945B7F	Immortality	不朽
#D4A207	Immortelle Yellow	蜡菊黄
#F4CF95	Impala	黑斑羚
#F1D2D7	Impatiens Petal	凤仙花花瓣
#FFC4BC	Impatiens Pink	凤仙花粉红
#C47D7C	Impatient Heart	不耐烦的心
#DB7B97	Impatient Pink	不耐烦的粉红
#602F6B	Imperial	帝国
#002395	Imperial Blue	帝国蓝
#33746B	Imperial Dynasty	皇朝
#E0B181	Imperial Gold	帝国金
#408750	Imperial Green	帝国绿
#676A6A	Imperial Grey	帝国灰
#F1E8D2	Imperial Ivory	帝国象牙
#693E42	Imperial Jewel	帝国宝石
#A99FCF	Imperial Lilac	帝国丁香紫
#604E7A	Imperial Palace	帝国宫殿
#596458	Imperial Palm	帝国棕榈
#21303E	Imperial Primer	帝国底漆
#5B3167	Imperial Purple	帝国紫
#EC2938	Imperial Red	帝国红
#FFB200	Imperial Yellow	帝国黄
#E4D68C	Impetuous	浮躁
#1A2578	Impression of Obscurity	默默无闻的印象
#8AA4AC	Impressionist	印象派
#A7CAC9	Impressionist Blue	印象派蓝
#B9CEE0	Impressionist Sky	印象派天空
#F4DEC3	Impressive Ivory	令人印象深刻的象牙色
#6E7376	Improbable	不可能
#705F63	Impromptu	即兴
#005B87	Impulse	冲动
#006699	Impulse Blue	冲动蓝
#624977	Impulsive Purple	冲动紫
#F5E7E3	Impure White	不纯的白色
#67AED0	Imrik Blue	伊姆里克·蓝
#B98052	In a Nutshell	简而言之
#978C59	In a Pickle	在泡菜里
#693C2A	In Caffeine We Trust	我们信任咖啡因
#EE8877	In for a Penny	便士
#D2C4A9	In for the Night	夜
#B6D4A0	In Good Taste	品味不错
#9EB0BB	In the Blue	蓝
#D6CBBF	In the Buff	浅黄
#3B3C41	In the Dark	深
#91A8A8	In the Deep End	在深处
#AEA69B	In the Hills	山丘
#859893	In the Moment	时刻
#2178A4	In the Mood	情绪
#283849	In the Navy	海军蓝
#2B6DAA	In the Nick	在尼克
#F4C4D0	In the Pink	粉
#FF2233	In the Red	红
#CBC4C0	In the Shadows	影
#9AD9D4	In the Shallows	在浅滩
#E2C3CF	In the Slip	在纸条里
#EDE6ED	In the Spotlight	聚光灯下
#A3BC3A	In the Tropics	在热带地区
#84838E	In the Twilight	暮光
#5C457B	In the Vines	在葡萄藤里
#72786F	In the Woods	树林
#F6DDDD	In Your Dreams	在你的梦里
#AA6D28	Inca Gold	印加金
#8C7B6C	Inca Temple	印加神庙
#FFD301	Inca Yellow	印加黄
#F9DDC4	Incan Treasure	印加宝藏
#FFBB22	Incandescence	白炽度
#AA0022	Incarnadine	肉色
#AF9A7E	Incense	香
#65644A	Incense Cedar	香雪松
#B2EC5D	Inchworm	尺蠖
#FF0022	Incision	切口
#8E8E82	Incognito	隐姓埋名
#E3DED7	Incredible White	令人难以置信的白色
#123456	Incremental Blue	增量蓝色
#DA1D38	Incubation Red	孵化红
#0B474A	Incubi Darkness	梦魇黑暗
#772222	Incubus	梦魇
#4C516D	Independence	独立
#D2BA83	Independent Gold	独立金奖
#008A8E	India Blue	印度蓝
#138808	India Green	印度绿
#3C3D4C	India Ink	印度墨水
#E0A362	India Trade	印度贸易
#A5823D	Indian Brass	印度黄铜
#F2D0C0	Indian Clay	印度黏土
#F49476	Indian Dance	印度舞
#54332E	Indian Fig	印度无花果
#91955F	Indian Green	印度绿
#3C3F4A	Indian Ink	印度墨
#D3B09C	Indian Khaki	印度卡其
#CC1A97	Indian Lake	印度湖
#E4C14D	Indian Maize	印度玉米
#D5A193	Indian Mesa	印度台地
#EAE3D8	Indian Muslin	印度薄纱
#86B7A1	Indian Ocean	印度海洋
#FA9761	Indian Paintbrush	印度画笔
#D5BC26	Indian Pale Ale	印度淡色艾尔啤酒
#0044AA	Indian Peafowl	印度孔雀
#AD5B78	Indian Pink	印度粉
#DA846D	Indian Princess	印度公主
#850E04	Indian Red	印度红
#9F7060	Indian Reed	印度芦苇
#FF9933	Indian Saffron	印度藏红花
#8A5773	Indian Silk	印度丝
#AE8845	Indian Spice	印度辛香
#A85143	Indian Summer	印度夏
#D98A7D	Indian Sunset	印度日落
#3C586B	Indian Teal	印度青
#EFDAC2	Indian White	印度白
#E3A857	Indian Yellow	印度黄
#E88A5B	Indiana Clay	印第安纳粘土
#588C3A	Indica	籼稻
#2E2364	Indie Go	独立围棋
#9892B8	Indifferent	无动于衷
#301885	Indiglow	靛蓝
#4B0082	Indigo	靛蓝
#4467A7	Indigo Batik	靛蓝蜡染
#002E51	Indigo Black	靛蓝黑
#8A83DA	Indigo Bloom	靛蓝绽放
#3A18B1	Indigo Blue	靛蓝
#006CA9	Indigo Bunting	靛蓝彩旗
#006EC7	Indigo Carmine	靛蓝胭脂红
#A09FCC	Indigo Child	靛蓝孩子
#204C6C	Indigo Cloth	靛蓝布
#627C98	Indigo Dreams	靛蓝梦
#00416C	Indigo Dye	靛蓝染料
#4D0E88	Indigo Girls	靛蓝女孩
#234156	Indigo Go-Go	靛蓝戈戈
#1F4788	Indigo Hamlet	靛蓝哈姆雷特
#474A4D	Indigo Ink	靛蓝墨
#393432	Indigo Ink Brown	靛蓝墨棕
#393F4C	Indigo Iron	靛蓝铁
#5D76CB	Indigo Light	靛蓝浅
#6C848D	Indigo Mouse	靛蓝鼠
#4C5E87	Indigo Navy Blue	靛蓝海军蓝
#324680	Indigo Night	靛蓝夜
#660099	Indigo Purple	靛蓝紫
#695A78	Indigo Red	靛蓝红
#1F0954	Indigo Sloth	靛蓝树懒
#4B0183	Indigo Static	靛蓝静态
#2A465B	Indigo Streamer	靛蓝飘带
#EBF6F7	Indigo White	靛蓝白
#AC3B3B	Indiscreet	轻率
#D4CDCA	Individual White	个人白
#6611AA	Indiviolet Sunset	紫罗兰夕阳
#9C5B34	Indochine	印度支那
#B96B00	Indocile Tiger	不驯服的老虎
#A29DAD	Indolence	懒惰
#008C69	Indonesian Jungle	印尼丛林
#D1B272	Indonesian Rattan	印尼藤条
#729E42	Indubitably Green	无疑
#533D47	Indulgence	放纵
#66565F	Indulgent	放纵
#D1C5B7	Indulgent Mocha	畅享摩卡咖啡
#AEADAD	Industrial Age	工业时代
#322B26	Industrial Black	工业黑
#00898C	Industrial Blue	工业蓝
#114400	Industrial Green	工业绿
#5B5A57	Industrial Grey	工业灰
#737373	Industrial Revolution	工业革命
#E09887	Industrial Rose	工业玫红
#877A65	Industrial Strength	产业实力
#008A70	Industrial Turquoise	工业青
#4F9153	Ineffable Forest	不可言喻的森林
#63F7B4	Ineffable Green	不可言喻的绿色
#CAEDE4	Ineffable Ice Cap	不可言喻的冰帽
#E6E1C7	Ineffable Linen	不可言喻的亚麻布
#CC99CC	Ineffable Magenta	不可言喻的洋红色
#820E3B	Inescapable Lover	无法逃脱的爱人
#777985	Infamous	臭名昭著
#F0D5EA	Infatuation	痴情
#BB1177	Infectious Love	富有感染力的爱
#DA5736	Inferno	地狱
#FF4400	Inferno Orange	地狱橙
#435A6F	Infinite Deep Sea	无限深海
#2F1064	Infinite Inkwell	无限墨水池
#071037	Infinite Night	无限夜
#BDDDE1	Infinitesimal Blue	无穷小蓝色
#D7E4CC	Infinitesimal Green	无穷小绿色
#222831	Infinity	无限
#6E7E99	Infinity and Beyond	无限及超越
#94D4E4	Infinity Pool	无边际泳池
#F1E7D0	Informal Ivory	非正式象牙色
#FE85AB	Informative Pink	信息丰富的粉红色
#FFCCEE	Infra-White	红外线
#FE486C	Infrared	红外线
#DD3333	Infrared Burn	红外线烧伤
#CC3344	Infrared Flush	红外线冲洗
#CC3355	Infrared Gloze	红外光罩
#DD2244	Infrared Tang	红外线唐
#C8D0CA	Infusion	输液
#334C5D	Ingénue Blue	纯真蓝色
#AAA380	Inglenook Olive	英格努克橄榄
#D7AE77	Inheritance	继承
#252024	Ink Black	墨黑
#00608B	Ink Blotch	墨迹
#0C5A77	Ink Blue	墨蓝
#393F4B	Inkblot	墨迹
#3B5066	Inked	墨水
#D9DCE4	Inked Silk	墨丝
#44556B	Inkjet	喷墨
#31363A	Inkwell	墨水瓶
#1E1E21	Inkwell Inception	墨池盗梦
#4E7287	Inky Blue	墨蓝色
#535266	Inky Storm	漆黑风暴
#747B9F	Inky Violet	墨紫
#606B54	Inland	内陆
#7C939D	Inland Waters	内陆水域
#3F586E	Inlet Harbour	因莱特港
#BBAA7E	Inner Cervela	内塞尔韦拉
#F1BDB2	Inner Child	内在小孩
#6D69A1	Inner Journey	内心之旅
#78A6B5	Inner Sanctum	内殿
#285B5F	Inner Space	内部空间
#BBAFBA	Inner Touch	内心的触动
#959272	Inness Sage	英尼斯圣人
#229900	Innisfree Garden	悦诗风吟花园
#EBD1CF	Innocence	纯真
#91B3D0	Innocent Blue	纯真蓝
#856F79	Innocent Pink	纯真粉色
#D0C7FF	Innocent Snowdrop	无辜的雪花莲
#A4B0C4	Innuendo	影射
#114477	Inoffensive Blue	无害的蓝色
#221122	Inside	里面
#E0CFB5	Inside Passage	内部通道
#C9B0AB	Insightful Rose	有洞察力的玫瑰
#285294	Insignia	徽章
#ECF3F9	Insignia White	徽章白色
#06012C	Insomnia	失眠
#110077	Insomniac Blue	失眠蓝
#4FA183	Inspiration Peak	灵感巅峰
#DFD9E4	Inspired Lilac	灵感紫丁香
#D9CEC7	Instant	即时
#E3DAC6	Instant Classic	即时经典
#F4D493	Instant Noodles	方便面
#FF8D28	Instant Orange	速溶橙
#EDE7D2	Instant Relief	即时缓解
#ADA7C8	Instigate	煽动
#405E95	Integra	积分
#233E57	Integrity	诚信
#3F414C	Intellectual	知识分子
#A8A093	Intellectual Grey	知性灰
#7F5400	Intense Brown	浓烈棕
#123328	Intense Green	浓烈绿
#68C89D	Intense Jade	浓烈翡翠
#682D63	Intense Mauve	浓烈淡紫
#DF3163	Intense Passion	浓烈激情
#4D4A6F	Intense Purple	浓烈紫
#00978C	Intense Teal	浓烈青
#E19C35	Intense Yellow	浓烈黄
#E4CAAD	Interactive Cream	互动霜
#A0CDDE	Intercoastal	两岸间
#A8B5BC	Intercoastal Grey	岸际灰
#360CCC	Interdimensional Blue	次元蓝
#D6E6E6	Interdimensional Portal	跨维度门户
#9BAFB2	Interesting Aqua	有趣的阿克娅
#C1A392	Interface Tan	接口棕褐色
#4D516C	Intergalactic	星际
#AFE0EF	Intergalactic Blue	星际蓝
#222266	Intergalactic Cowboy	星际牛仔
#273287	Intergalactic Highway	星际公路
#573935	Intergalactic Ray	星际射线
#5B1E8B	Intergalactic Settlement	星际定居点
#536437	Interior Green	室内绿色
#564355	Interlude	插曲
#56626E	Intermediate Blue	中级蓝色
#137730	Intermediate Green	中级绿色
#019694	Intermezzo	间奏曲
#3762A5	International	国际
#002FA7	International Blue	国际蓝
#002FA6	International Klein Blue	国际克莱因蓝
#BA160C	International Orange	国际橙
#001155	Interstellar Blue	星际蓝
#CCBB99	Intimate Journal	亲密日记
#F0E1D8	Intimate White	亲密白
#4F7BA7	Into the Blue	蓝
#0D6C49	Into the Green	绿
#1E3642	Into the Night	夜
#425267	Into the Stratosphere	进入平流层
#999885	Into the Wild	野
#11BB55	Intoxicate	醉人
#A1AC4D	Intoxication	中毒
#77B5AA	Intracoastal	沿海内
#E0E2E0	Intrepid Grey	无畏灰
#EDDDCA	Intricate Ivory	精致象牙
#635951	Intrigue	阴谋
#B24648	Intrigue Red	阴谋红
#6D6053	Introspective	内省
#CFC6BC	Intuitive	直观
#55A0B7	Inuit	因纽特人
#D8E4E7	Inuit Blue	因纽特蓝
#C2BDC2	Inuit Ice	因纽特冰
#D1CDD0	Inuit White	因纽特人白
#49017E	Invasive Indigo	侵入性靛蓝
#E89D6F	Inventive Orange	创意橙
#576238	Inverness	因弗内斯
#DCE3E2	Inverness Grey	因弗内斯·格雷
#E47237	Invigorate	充满活力
#F1EAB4	Invigorating	振奋人心
#A6773F	Invitation Gold	邀请金
#CDC29D	Inviting Gesture	邀请手势
#F2D5B0	Inviting Ivory	邀请象牙
#B9C4BC	Inviting Veranda	邀请阳台
#7D89BB	Iolite	堇青石
#368976	Ionian	爱奥尼亚人
#E7DFC5	Ionic Ivory	离子象牙
#D0EDE9	Ionic Sky	离子天空
#55DDFF	Ionized-Air Glow	电离空气辉光
#93CFE3	Iqaluit Ice	伊魁特冰
#006C2E	Ireland Green	爱尔兰绿
#3A5B52	Iridescent	虹彩
#0153C8	Iridescent Blue	虹彩蓝
#48C072	Iridescent Green	虹彩绿
#00707D	Iridescent Peacock	虹彩孔雀
#966FD6	Iridescent Purple	虹彩紫
#CC4E5C	Iridescent Red	虹彩红
#7BFDC7	Iridescent Turquoise	虹彩青
#3D3C3A	Iridium	铱星
#5A4FCF	Iris	鸢尾
#5B649E	Iris Bloom	鸢尾绽放
#ADA0BD	Iris Blossom	鸢尾花
#767694	Iris Eyes	鸢尾眼
#E0E3EF	Iris Ice	鸢尾冰
#E8E5EC	Iris Isle	鸢尾岛
#B39B94	Iris Mauve	鸢尾淡紫
#A767A2	Iris Orchid	鸢尾兰花紫
#6B6273	Iris Petal	鸢尾花瓣
#CAB9BE	Iris Pink	鸢尾粉
#398A59	Irish	爱尔兰
#007F59	Irish Beauty	爱尔兰美
#69905B	Irish Charm	爱尔兰魅力
#53734C	Irish Clover	爱尔兰三叶草
#62422B	Irish Coffee	爱尔兰咖啡
#E9DBBE	Irish Cream	爱尔兰奶油
#D3E3BF	Irish Folklore	爱尔兰民间传说
#019529	Irish Green	爱尔兰绿
#7CB386	Irish Hedge	爱尔兰树篱
#66CC11	Irish Jig	爱尔兰吉格舞曲
#EEE4E0	Irish Linen	爱尔兰亚麻
#E7E5DB	Irish Mist	爱尔兰薄雾
#B5C0B3	Irish Moor	爱尔兰荒野
#9CA691	Irish Paddock	爱尔兰围场
#90CCA3	Irish Spring	爱尔兰春
#A38D86	Irish Tea	爱尔兰茶
#9DACB5	Irogon Blue	铁蓝
#433120	Iroko	绿子
#5E5E5E	Iron	铁
#114B91	Iron Blue	铁蓝
#50676B	Iron Creek	铁小溪
#8AA1A6	Iron Earth	铁土
#CBCDCD	Iron Fist	铁拳
#5D5B5B	Iron Fixture	铁制夹具
#6E3B31	Iron Flint	铁燧石
#475A5E	Iron Forge	铁炉堡
#6F797E	Iron Frost	铁霜
#585A60	Iron Gate	铁门
#7C7F7C	Iron Grey	铁灰
#344D56	Iron Head	铁头
#D6D1DC	Iron Maiden	铁娘子
#757574	Iron Mountain	铁山
#E7661E	Iron Orange	铁橙
#AF5B46	Iron Ore	铁矿石
#835949	Iron Oxide	氧化铁
#4D504B	Iron River	铁河
#114E56	Iron Teal	铁青
#6A6B67	Iron-ic	铁讽
#887F85	Ironbreaker	破铁者
#A1A6A9	Ironbreaker Metal	破铁金属
#615C55	Ironclad	铁甲
#7E8082	Ironside	艾恩赛德
#706E66	Ironside Grey	艾恩赛德灰
#865040	Ironstone	铁石
#A19583	Ironwood	铁木
#DADEE6	Irradiant Iris	光芒虹膜
#AAFF55	Irradiated Green	辐照绿
#B3446C	Irresistible	不可抗拒
#E6DDC6	Irresistible Beige	不可抗拒的米色
#786C57	Irrigation	灌溉
#9955FF	Irrigo Purple	伊里戈紫
#EE1122	Irritated Ibis	恼怒的宜必思
#0022FF	Is It Cold	寒冷
#9BD8C4	Isabella’s Aqua	伊莎贝拉的阿夸
#F4F0EC	Isabelline	伊莎贝琳
#484450	Ishtar	伊什塔尔
#009900	Islamic Green	伊斯兰绿
#8ADACF	Island Breeze	岛微风
#D8877A	Island Coral	岛珊瑚
#139BA2	Island Dream	岛梦
#DED9B4	Island Embrace	岛屿拥抱
#FFB59A	Island Girl	岛女孩
#2BAE66	Island Green	岛绿
#F6E3D6	Island Hopping	跳岛游
#A7C9EB	Island Light	岛浅
#008292	Island Lush	岛繁茂
#3FB2A8	Island Moment	岛时刻
#88D9D8	Island Oasis	岛绿洲
#ED681F	Island Orange	岛橙
#6C7E71	Island Palm	岛棕榈
#81D7D0	Island Sea	岛海
#F8EDDB	Island Spice	岛辛香
#F2D66C	Island Sun	岛太阳
#C3DDEE	Island View	岛景
#0099C9	Isle of Capri	卡普里岛
#BCCCB5	Isle of Dreams	岛梦
#3E6655	Isle of Pines	松树岛
#F9DD13	Isle of Sand	岛沙
#80D7CF	Isle Royale	皇家岛
#FFB278	Isn’t It Just Peachy	不就是桃色吗
#494D55	Isolation	隔离
#DDFF55	Isotonic Water	等渗水
#CFDAC3	Issey-San	伊西桑
#AF8A5B	It Works	有效
#FFDAE2	It’s a Girl!	是个女孩！
#CC7365	It’s My Party	这是我的派对
#BC989E	It’s Your Mauve	这是你的淡紫
#5F6957	Italian Basil	意大利罗勒
#6B8C23	Italian Buckthorn	意大利沙棘
#D79979	Italian Clay	意大利黏土
#D0C8E6	Italian Fitch	意大利惠誉
#413D4B	Italian Grape	意大利葡萄
#E2E0D3	Italian Ice	意大利冰
#EDE9D4	Italian Lace	意大利蕾丝
#93685A	Italian Mocha	意大利摩卡
#807243	Italian Olive	意大利橄榄
#59354A	Italian Plum	意大利梅紫
#B1403A	Italian Red	意大利红
#221111	Italian Roast	意大利烤肉
#B2FCFF	Italian Sky Blue	意大利天空蓝
#E7D3A1	Italian Straw	意大利稻草
#AD5D5D	Italian Villa	意大利别墅
#D16169	Italiano Rose	意大利玫瑰
#CCE5E8	Ivalo River	伊瓦洛河
#E4CEAC	Ivoire	科特迪瓦
#FFFFF0	Ivory	象牙
#C4B8A9	Ivory Brown	象牙棕
#EBD999	Ivory Buff	象牙浅黄
#FFF6DA	Ivory Charm	象牙魅力
#FAF5DE	Ivory Coast	象牙海岸
#D5B89C	Ivory Cream	象牙奶油
#E7D8BC	Ivory Essence	象牙精华
#FCEFD6	Ivory Invitation	象牙色请柬
#F8F7E6	Ivory Keys	象牙钥匙
#ECE2CC	Ivory Lace	象牙蕾丝
#E6E6D8	Ivory Lashes	象牙色睫毛
#E6DDCD	Ivory Memories	象牙色的回忆
#EFEADE	Ivory Mist	象牙薄雾
#F9E4C1	Ivory Oats	象牙燕麦
#EEEADC	Ivory Palace	象牙宫殿
#E6DECA	Ivory Paper	象牙纸
#EFE3CA	Ivory Parchment	象牙羊皮纸
#D9C9B8	Ivory Ridge	象牙山岭
#F0EADA	Ivory Steam	象牙蒸汽
#EEE1CC	Ivory Stone	象牙石
#F8EAD8	Ivory Tassel	象牙流苏
#FBF3F1	Ivory Tower	象牙塔
#EDEDE4	Ivory Wedding	象牙婚礼
#277B74	Ivy	常春藤
#93A272	Ivy Enchantment	常春藤结界
#818068	Ivy Garden	常春藤花园
#585442	Ivy Green	常春藤绿
#007958	Ivy League	常春藤盟校
#67614F	Ivy Topiary	常春藤修剪树
#708D76	Ivy Wreath	常春藤花环
#6B6F59	Iwai Brown	岩井棕
#5E5545	Iwaicha Brown	岩茶棕
#A59A59	Iyanden Darksun	伊扬登暗日
#CEB0B5	Izmir Pink	伊兹密尔粉色
#4D426E	Izmir Purple	伊兹密尔紫
#A06856	J’s Big Heart	J的大心脏
#AD6D68	Jab?oński Brown	Jab?oński 棕
#536871	Jab?oński Grey	雅布隆斯基灰
#F9D7EE	Jacaranda	蓝花楹
#6C70A9	Jacaranda Jazz	蓝花楹爵士乐
#A8ACB7	Jacaranda Light	蓝花楹灯
#C760FF	Jacaranda Pink	蓝花楹粉色
#440044	Jacarta	雅加达
#BCACCD	Jacey’s Favourite	杰西的最爱
#920F0E	Jack and Coke	杰克和可乐
#869F69	Jack Bone	杰克骨头
#DAE6E3	Jack Frost	杰克·弗罗斯特
#C0B2B1	Jack Rabbit	杰克兔
#FB9902	Jack-O	杰克O
#D37A51	Jack-O-Lantern	杰克南瓜灯
#A9A093	Jackal	豺狼
#F7C680	Jackfruit	菠萝蜜
#413628	Jacko Bean	杰克·比恩
#D19431	Jackpot	大奖
#C3BDA9	Jackson Antique	杰克逊古董
#3D3F7D	Jacksons Purple	杰克逊紫色
#D6B281	Jacob’s Ladder	雅各布的阶梯
#E4CCB0	Jacobean Lace	詹姆士一世时期的蕾丝
#5D4E50	Jacqueline	杰奎琳
#007CAC	Jacuzzi	按摩浴缸
#00A86B	Jade	翡翠
#C2D7AD	Jade Bracelet	翡翠手链
#B0BDA2	Jade Cameo	翡翠浮雕
#59B587	Jade Cream	翡翠奶油
#6AA193	Jade Dragon	翡翠龙
#CEDDDA	Jade Dust	翡翠尘
#00CED1	Jade Glass	翡翠玻璃
#0ABAB5	Jade Gravel	翡翠碎石
#779977	Jade Green	翡翠绿
#247E81	Jade Jewel	翡翠宝石
#C1CAB7	Jade Light Green	翡翠浅绿
#9DCA7B	Jade Lime	翡翠青柠
#D6E9D7	Jade Mist	翡翠薄雾
#34C2A7	Jade Mountain	翡翠山
#166A45	Jade Mussel Green	翡翠贻贝绿
#318F33	Jade of Emeralds	翡翠玉
#00AAAA	Jade Orchid	翡翠兰花紫
#D0EED7	Jade Palace	翡翠宫殿
#2BAF6A	Jade Powder	翡翠粉
#B8E0D0	Jade Sea	翡翠海
#017B92	Jade Shard	翡翠碎片
#C1E5D5	Jade Spell	翡翠咒语
#74BB83	Jade Stone Green	翡翠石绿
#BBCCBC	Jade Tinge	玉色
#0092A1	Jaded	厌倦了
#AEDDD3	Jaded Clouds	倦云
#CC7766	Jaded Ginger	玉姜
#BBD3AD	Jaded Lime	翡翠石灰
#38C6A1	Jadeite	翡翠
#77A276	Jadesheen	贾德辛
#01A6A0	Jadestone	玉石
#61826C	Jadite	翡翠
#E27945	Jaffa	雅法
#D87839	Jaffa Orange	雅法橙
#FFCCCB	Jagdwurst	香肠
#CAE7E2	Jagged Ice	锯齿冰
#3F2E4C	Jagger	贾格尔
#29292F	Jaguar	捷豹
#F1B3B6	Jaguar Rose	捷豹玫瑰
#A43323	Jaipur	斋浦尔
#D0417E	Jaipur Pink	斋浦尔粉色
#EFDDC3	Jakarta	雅加达
#3D325D	Jakarta Skyline	雅加达天际线
#9A8D3F	Jalape?o	墨西哥辣椒
#576648	Jalape?o Bouquet	墨西哥辣椒花束
#B5AD70	Jalape?o Jelly	墨西哥辣椒果冻
#AC335E	Jam Jar	果酱罐
#D4CFD6	Jam Session	即兴演奏会
#B38B6D	Jama Masjid Taupe	贾玛清真寺 灰褐色
#95CBC4	Jamaica Bay	牙买加湾
#04627A	Jamaican Dream	牙买加梦
#64D1BE	Jamaican Jade	牙买加翡翠
#26A5BA	Jamaican Sea	牙买加海
#F7B572	Jambalaya	什锦饭
#F2E3B5	James Blonde	詹姆斯金发女郎
#E3C2FF	Jane Purple	简紫
#FF2211	Janemba Red	邪念波红
#CEB5C8	Janey’s Party	珍妮的派对
#2266CC	Janitor	清洁工
#F4EBD3	Janna	迦娜
#00A1B9	January Blue	一月蓝
#DFE2E5	January Dawn	一月黎明
#99C1DC	January Frost	一月霜
#7B4141	January Garnet	一月石榴石
#DDD6F3	Japan Blush	日本腮红
#829F96	Japanese Bonsai	日本盆景
#9F2832	Japanese Carmine	日本胭脂红
#C47A88	Japanese Coral	日本珊瑚
#965036	Japanese Cypress	日本柏
#B5B94C	Japanese Fern	日本蕨
#A8BF93	Japanese Horseradish	日本辣根
#264348	Japanese Indigo	日本靛蓝
#7F5D3B	Japanese Iris	日本鸢尾
#CC6358	Japanese Kimono	日本和服
#DB7842	Japanese Koi	日本锦鲤
#2F7532	Japanese Laurel	日本月桂
#780109	Japanese Maple	日本枫
#C4BAB7	Japanese Poet	日本诗人
#E4B6C4	Japanese Rose Garden	日本玫红花园
#313739	Japanese Sable	日本紫貂
#53594B	Japanese Seaweed	日本海藻
#5B3256	Japanese Violet	日本紫罗兰
#B77B57	Japanese Wax Tree	日本蜡树
#EEE6D9	Japanese White	日本白
#522C35	Japanese Wineberry	日本酒莓
#D8A373	Japanese Yew	日本紫杉
#CE7259	Japonica	粳稻
#BDD0AB	Jardin	花园
#C6CAA7	Jardin de Hierbas	希尔巴斯花园
#019A74	Jardinière	花园
#53A38F	Jargon Jade	行话玉
#827058	Jarrah	红柳桉树
#FFF4BB	Jasmine	茉莉
#F4E8E1	Jasmine Flower	茉莉花
#79C63D	Jasmine Green	茉莉绿
#7E7468	Jasmine Hollow	茉莉谷
#DEE2D9	Jasmine Rice	茉莉米
#D73B3E	Jasper	碧玉
#E7C89F	Jasper Cane	贾斯珀·坎恩
#57605A	Jasper Green	碧玉绿
#DE8F4E	Jasper Orange	碧玉橙
#4A6558	Jasper Park	碧玉公园
#FA2B00	Jasper Red	碧玉红
#8D9E97	Jasper Stone	碧玉石
#8DC36A	Jaunty Green	活泼的绿色
#259797	Java	爪哇咖啡
#50859E	Jay Bird	杰·伯德
#7994B5	Jay Wing Feathers	杰翼羽毛
#464152	Jazlyn	贾兹琳
#5F2C2F	Jazz	爵士
#3B4A6C	Jazz Age Blues	爵士时代蓝调
#F1BFB1	Jazz Age Coral	爵士时代珊瑚
#1A6A9F	Jazz Blue	爵士蓝
#D48740	Jazz Brass	爵士黄铜
#9892A8	Jazz Tune	爵士乐
#674247	Jazzberry Jam	爵士莓果酱
#B6E12A	Jazzercise	爵士乐
#C31E4E	Jazzy	爵士乐
#3A4C88	Jazzy Blue	爵士蓝
#55DDCC	Jazzy Jade	爵士玉
#771C2B	Jazzy Red	爵士红
#B36B92	Je t’aime	我爱你
#BB0099	Jealous Jellyfish	嫉妒水母
#7FAB60	Jealousy	嫉妒
#7B90A2	Jean Jacket Blue	牛仔夹克蓝色
#6D8994	Jeans Indigo	靛蓝牛仔裤
#041108	Jedi Night	绝地之夜
#F1E4C8	Jefferson Cream	杰斐逊奶油
#44798E	Jelly Bean	果冻豆
#EE1177	Jelly Berry	果冻浆果
#DE6646	Jelly Slug	果冻蛞蝓
#EDE6D9	Jelly Yoghurt	果冻酸奶
#9B6575	Jellybean Pink	果冻粉红
#95CAD0	Jellyfish Blue	水母蓝
#EE6688	Jellyfish Sting	水母蜇伤
#F6D67F	Jemima	杰迈玛
#DFB886	Jerboa	跳鼠
#4D8681	Jericho Jade	杰里科玉
#F5DEBB	Jersey Cream	泽西霜
#25B387	Jess	杰西
#216879	Jester Blue	小丑蓝
#AC112C	Jester Red	小丑红
#343434	Jet	煤玉
#353337	Jet Black	煤玉黑
#D1EAEC	Jet d’Eau	大喷泉
#575654	Jet Fuel	航空燃油
#9D9A9A	Jet Grey	煤玉灰
#2F3734	Jet Set	喷气机
#5492AF	Jet Ski	摩托艇
#BBD0C9	Jet Stream	煤玉溪流
#F2EDE2	Jet White	煤玉白
#005D96	Jetski Race	摩托艇比赛
#A6D40D	Jeune Citron	年轻香橼
#136843	Jewel	宝石
#8CC90B	Jewel Beetle	宝石甲虫
#D374D5	Jewel Caterpillar	宝石毛毛虫
#3C4173	Jewel Cave	宝石洞穴
#46A795	Jewel Weed	宝石草
#CFEEE1	Jewel White	宝石白
#CED6E6	Jewellery White	珠宝白
#E6DDCA	Jewett White	朱厄特·怀特
#FFAAFF	Jigglypuff	胖夫
#3D5D64	Jimbaran Bay	金巴兰湾
#F5D565	Jīn Huáng Gold	金黄
#A5A502	Jīn Sè Gold	金色
#8E7618	Jīn Zōng Gold	金棕
#EE827C	Jinza Safflower	金座红花
#F7665A	Jinzamomi Pink	金座桃粉红
#BAC08A	Jitterbug	吉特巴
#019D6E	Jitterbug Jade	吉特巴玉
#8DB0AD	Jitterbug Lure	吉特巴诱饵
#77EEBB	Jittery Jade	紧张的玉
#005B7A	Job’s Tears	薏米的眼泪
#77CC99	Jocose Jade	乔科斯·杰德
#CCE2CA	Jocular Green	俏皮绿
#9BD7E9	Jodhpur Blue	焦特布尔蓝
#DAD1C8	Jodhpur Tan	焦特布尔谭
#EBDCB6	Jodhpurs	焦特马
#433F39	Joesmithite	乔铁矿
#C0B9A9	Jogging Path	慢跑道
#EEFF22	John Lemon	约翰·柠檬
#BC86AF	Joie de Vivre	生活乐趣
#D9BD7D	Jojoba	荷荷巴油
#EA5505	Jokaero Orange	小丑橙
#D70141	Joker’s Smile	小丑的微笑
#B2C1C2	Jolene	乔琳
#5E774A	Jolly Green	乔利·格林
#77CCBB	Jolly Jade	快乐玉
#82C785	Jolt of Green	绿色的震动
#4ABCA0	Jolt of Jade	玉石震动
#EEF293	Jonquil	琼奎尔
#F7D395	Jonquil Trail	黄奎尔步道
#037A3B	Jordan Jazz	乔丹爵士
#7AAAE0	Jordy Blue	乔迪·蓝
#D3C3BE	Josephine	约瑟芬
#7FB377	Joshua Tree	约书亚树
#E6D3B2	Journal White	日记白
#016584	Journey Into Night	夜行之旅
#CDECED	Journey to the Sky	天空之旅
#BAC9D4	Journey’s End	旅程的终点
#55AAFF	Joust Blue	格斗蓝
#EEB9A7	Jovial	快活
#88DDAA	Jovial Jade	快活玉
#F6EEC0	Joyful	愉悦
#E4D4E2	Joyful Lilac	愉悦丁香紫
#FA9335	Joyful Orange	愉悦橙
#EBADA5	Joyful Poppy	愉悦罂粟
#503136	Joyful Ruby	愉悦红宝石
#006669	Joyful Tears	愉悦泪
#FFEEB0	Joyous	欢乐
#AE2719	Joyous Red	欢乐红
#5B365E	Joyous Song	欢乐歌
#F9900F	Jú Huáng Tangerine	橘黄
#4B373C	Jube	朱布
#78CF86	Jube Green	朱碧绿
#44AA77	Jubilant Jade	喜气玉
#7BB92B	Jubilant Meadow	欢欣鼓舞的草地
#FBDD24	Jubilation	欢庆
#7E6099	Jubilee	禧年
#7C7379	Jubilee Grey	银禧格雷
#473739	Judah Silk	犹大丝绸
#5D5346	Judge Grey	格雷法官
#C3C8B3	Jugendstil Green	绿色青年风格
#9D6375	Jugendstil Pink	青年风格粉色
#5F9B9C	Jugendstil Turquoise	绿松石青年风格
#255367	Juggernaut	主宰
#442238	Juice Violet	汁紫罗兰
#D9787C	Juicy Details	多汁的细节
#7D6C4A	Juicy Fig	多汁无花果
#EEDD33	Juicy Jackfruit	多汁的菠萝蜜
#B1CF5D	Juicy Lime	多汁青柠
#FFD08D	Juicy Mango	多汁芒果
#F18870	Juicy Passionfruit	多汁西番莲果
#D99290	Juicy Peach	水蜜桃
#57AA80	Julep	冰镇酒
#C7DBD9	Julep Green	朱利普·格林
#A73940	Jules	朱尔斯
#A5BEC8	Juliet Blue	朱丽叶蓝
#8BD2E3	July	七月
#773B4A	July Ruby	七月红宝石
#878785	Jumbo	巨型
#887636	Jumping Juniper	跳跃杜松
#9BC4D4	June	六月
#BDDA57	June Bud	六月蕾
#264A48	June Bug	六月虫子
#FFE182	June Day	六月白天
#416858	June Ivy	六月常春藤
#F1F1DA	June Vision	六月视觉
#775496	Juneberry	六月莓
#00A466	Jungle	丛林
#446D46	Jungle Adventure	丛林探险
#654F2D	Jungle Beat	丛林节拍
#366C4E	Jungle Book Green	丛林之书绿色
#53665A	Jungle Camouflage	丛林迷彩
#69673A	Jungle Civilization	丛林文明
#686959	Jungle Cloak	丛林斗篷
#565042	Jungle Cover	丛林封面
#B49356	Jungle Expedition	丛林探险
#048243	Jungle Green	丛林绿
#115511	Jungle Jam	丛林果酱
#58A64B	Jungle Jewels	丛林珠宝
#A4C161	Jungle Juice	丛林汁
#C7BEA7	Jungle Khaki	丛林卡其
#4F4D32	Jungle King	丛林王
#727736	Jungle Look	丛林看
#B0C4C4	Jungle Mist	丛林薄雾
#BDC3AC	Jungle Moss	丛林苔藓
#36716F	Jungle Noises	丛林噪音
#938326	Jungle Palm	丛林棕榈
#6D6F42	Jungle Trail	丛林小径
#65801D	Jungle Vibes	丛林氛围
#74918E	Juniper	杜松子
#798884	Juniper Ash	杜松子灰
#547174	Juniper Berries	杜松子莓
#B9B3C2	Juniper Berry	杜松子浆果
#3F626E	Juniper Berry Blue	杜松子浆果蓝
#D9E0D8	Juniper Breeze	杜松子微风
#567F69	Juniper Green	杜松子绿
#C4D3C5	Juniper Mist	杜松子薄雾
#6B8B75	Juniper Oil	杜松子油
#FBECD3	Junket	中介
#998778	Junkrat	狂鼠
#E1E1E2	Jupiter	木星
#AC8181	Jupiter Brown	木星棕
#E6A351	Jurassic Gold	侏罗纪黄金
#0D601C	Jurassic Moss	侏罗纪苔藓
#3C663E	Jurassic Park	侏罗纪公园
#6C5D97	Just a Fairytale	只是一个童话
#DBE0D6	Just a Little	小
#FBD6D2	Just a Tease	只是一个玩笑
#E2E7D3	Just About Green	关于绿色
#E8E8E0	Just About White	就白色
#FAB4A4	Just Blush	绯红
#FFBA45	Just Ducky	只是鸭子
#D6C4C1	Just Gorgeous	真漂亮
#F8C275	Just Peachy	桃色
#EAECD3	Just Perfect	完美
#FFEBEE	Just Pink Enough	粉红就够了
#DCBFAC	Just Right	刚刚好
#C4A295	Just Rosey	只是罗西
#606B8E	Justice	正义
#AD9773	Jute	黄麻
#815D40	Jute Brown	黄麻棕
#8ABBD0	Juvie	朱维
#A1D5F1	Juzcar Blue	朱斯卡蓝
#736354	Kā Fēi Sè Brown	咖啡色棕
#B14A30	Kabacha Brown	卡巴查棕色
#038C67	Kabalite Green	卡巴拉特绿
#044A05	Kabocha Green	卡博查绿
#A73A3E	Kabuki	歌舞伎
#F0DEC1	Kabuki Clay	歌舞伎粘土
#6C5E53	Kabul	喀布尔
#E94B7E	Kacey’s Pink	凯西的粉红
#393E4F	Kachi Indigo	卡奇靛蓝
#816D5A	Kaffee	咖啡
#B7BFB0	Kahili	卡希里
#BAB099	Kahlua Milk	卡鲁瓦牛奶
#0093D6	Kahu Blue	卡胡蓝
#EED484	Kaiser Cheese	凯撒奶酪
#245336	Kaitoke Green	凯托克绿
#7D806E	Kakadu Trail	卡卡杜步道
#298256	Kākāriki Green	卡卡里基绿
#3E62AD	Kakitsubata Blue	柿子蓝
#201819	Kālā Black	Kālā黑
#46444C	Kala Namak	卡拉纳马克
#9F5440	Kalahari Sunset	卡拉哈里日落
#6A6555	Kalamata	卡拉马塔
#648251	Kale	羽衣甘蓝
#4F6A56	Kale Green	羽衣甘蓝绿
#8DA8BE	Kaleidoscope	万花筒
#00505A	Kali Blue	卡利蓝
#552288	Kalish Violet	卡利什紫罗兰
#B59808	Kalliene Yellow	卡林黄
#0FFEF9	Kaltes Klares Wasser	卡尔特斯·克莱雷斯·瓦塞尔
#C6C2B6	Kamenozoki Grey	龟之纪灰
#CCA483	Kamut	卡姆特
#DD8833	Kanafeh	卡纳菲
#2D8284	Kandinsky Turquoise	康定斯基绿松石
#C5C3B0	Kangaroo	袋鼠
#C4AD92	Kangaroo Fur	袋鼠毛皮
#DECAC5	Kangaroo Paw	袋鼠爪子
#BDA289	Kangaroo Pouch	袋鼠袋
#E4D7CE	Kangaroo Tan	袋鼠棕褐
#FEE7CB	Kansas Grain	堪萨斯谷物
#001146	Kantor Blue	坎特蓝
#FF8936	Kanzō Orange	观三橙
#AD7D40	Kaolin	高岭土
#C5DED1	Kappa Green	河童绿
#783C1D	Kara Cha Brown	卡拉查棕
#B35C44	Karacha Red	卡拉查红
#BB9662	Karak Stone	卡拉克石
#2D2D24	Karaka	卡拉卡
#F04925	Karaka Orange	卡拉卡橙
#C91F37	Karakurenai Red	卡拉库雷内红
#2196F3	Karimun Blue	卡里蒙蓝
#6E7955	Kariyasu Green	刈安绿
#B2A484	Karma	业力
#9F78A9	Karma Chameleon	业力变色龙
#545F8A	Karmic Grape	业力葡萄
#FEDCC1	Karry	凯瑞
#6F8D6A	Kashmir	克什米尔
#576D8E	Kashmir Blue	克什米尔蓝
#E9C8C3	Kashmir Pink	克什米尔粉红
#F3DFD5	Kasugai Peach	春日井桃子
#8FA099	Kathleen’s Garden	凯瑟琳的花园
#AD9A5D	Kathmandu	加德满都
#C9E3CC	Katsura	桂
#AA0077	Katy Berry	凯蒂·贝瑞
#66BC91	Katydid	螽斯
#5AC7AC	Kauai	考艾岛
#EAABBC	Kawaii	卡哇伊
#FEC50C	Kazakhstan Yellow	哈萨克斯坦黄
#D49595	Keel Joy	龙骨欢乐
#A49463	Keemun	祁门
#226600	Keen Green	敏锐的绿色
#C0CED6	Keepsake	纪念品
#B899A2	Keepsake Lilac	纪念品丁香
#B08693	Keepsake Rose	纪念品玫瑰
#0000BC	Keese Blue	基斯蓝
#D5D5CE	Kefir	开菲尔
#02AB2E	Kelley Green	凯利·格林
#DEC7CF	Kellie Belle	凯莉·贝尔
#339C5E	Kelly Green	凯利绿
#BABD6C	Kelly’s Flower	凯莉的花
#4D503C	Kelp	海带
#716246	Kelp Brown	海带棕
#448811	Kelp Forest	海带森林
#0092AE	Kelp’thar Forest Blue	凯尔萨森林蓝
#437B48	Kemp Kelly	坎普·凯利
#EC2C25	Ken Masters Red	肯·马斯特斯红
#547867	Kendal Green	肯德尔·格林
#F7CCCD	Kendall Rose	肯德尔·罗斯
#D45871	Kenny’s Kiss	肯尼之吻
#543F32	Kenpō Brown	拳法棕
#2E211B	Kenpōzome Black	拳法染黑
#6395BF	Kentucky	肯塔基州
#A5B3CC	Kentucky Blue	肯塔基蓝
#22AABB	Kentucky Bluegrass	肯塔基蓝草
#CCA179	Kenya	肯尼亚
#6C322E	Kenyan Copper	肯尼亚铜
#BB8800	Kenyan Sand	肯尼亚沙
#5FB69C	Keppel	吉宝
#5CB200	Kermit Green	科米特·格林
#ECB976	Kernel	内核
#FFB210	Kernel of Truth	真理的核心
#B57281	Kerr’s Pink Potato	可儿的粉红土豆
#524E4D	Keshizumi Cinder	气住煤渣
#E0D6C8	Kestrel White	红隼白
#9A382D	Ketchup	番茄酱
#A91C1C	Ketchup Later	稍后番茄酱
#141314	Kettle Black	水壶黑
#F6E2BD	Kettle Corn	水壶玉米
#9BCB96	Kettle Drum	水壶鼓
#606061	Kettleman	凯特尔曼
#ECD1A5	Key Keeper	钥匙保管员
#7FB6A4	Key Largo	拉戈岛
#AEFF6E	Key Lime	钥匙青柠
#BFC921	Key Lime Pie	钥匙青柠派
#E8F48C	Key Lime Water	钥匙青柠水
#BB9B7C	Key to the City	钥匙城
#759FC1	Key West Zenith	基韦斯特天顶
#D5AF91	Key Wester	基韦斯特
#B39372	Keystone	基石
#B6BBB2	Keystone Grey	梯形灰
#9E9284	Keystone Taupe	梯形灰褐色
#C3B091	Khaki	卡其
#954E2A	Khaki Brown	卡其棕
#FBE4AF	Khaki Core	卡其色核心
#728639	Khaki Green	卡其绿
#D4C5AC	Khaki Shade	卡其暗调
#C9BEAA	Khaki Shell	卡其壳
#B16840	Khardic	哈迪奇
#76664C	Khemri Brown	卡姆里棕
#EE5555	Khmer Curry	高棉咖喱
#6A0001	Khorne Red	恐虐红
#7777CC	Kickstart Purple	启动紫
#B6AEAE	Kid Gloves	儿童手套
#A81000	Kid Icarus	小伊卡洛斯
#ED8732	Kid’s Stuff	儿童用品
#BFC0AB	Kidnapper	绑匪
#FEF263	Kihada Yellow	木肌黄
#2E4EBF	Kikorangi Blue	天蓝
#E29C45	Kikuchiba Gold	菊池金
#5D3F6A	Kikyō Purple	桔梗紫
#843D38	Kilauea Lava	基拉韦厄熔岩
#D7C5AE	Kilim Beige	基里姆米色
#3A3532	Kilimanjaro	乞力马扎罗山
#498555	Kilkenny	基尔肯尼
#49764F	Killarney	基拉尼
#C9D2D1	Killer Fog	杀手雾
#C6BEA9	Kiln Clay	窑土
#A89887	Kiln Dried	窑干
#386B7D	Kimberley Sea	金伯利海
#B8C1B1	Kimberley Tree	金伯利树
#696FA5	Kimberlite	金伯利岩
#695D87	Kimberly	金伯利
#ED4B00	Kimchi	泡菜
#896C39	Kimirucha Brown	Kimirucha 棕
#6D86B6	Kimono	和服
#3D4C51	Kimono Grey	和服灰
#75769B	Kimono Violet	和服紫
#F39800	Kin Gold	琴金
#C66B27	Kincha Brown	金查棕
#AAC2B3	Kind Green	绿色
#FF1DCE	Kind Magenta	洋红色
#B8BFCA	Kinder	金德
#A09174	Kinderhook Clay	金德胡克黏土
#E9967A	Kindleflame	点燃之火
#7A7068	Kindling	点燃
#D4B2C0	Kindness	善良
#71A2D4	Kindred	亲属
#254D6A	Kinetic Blue	动感蓝
#64CDBE	Kinetic Teal	动感青色
#5F686F	King Creek Falls	王小溪瀑布
#C64A4A	King Crimson	王深红
#757166	King Fischer	费舍尔王
#AA9977	King Ghidorah	王者基多拉
#161410	King Kong	金刚
#ADD900	King Lime	王青柠
#77DD22	King Lizard	王蜥蜴
#FFB800	King Nacho	纳乔王
#7794C0	King Neptune	海王星国王
#C6DCE7	King of Waves	王浪
#D88668	King Salmon	王鲑粉
#86B394	King Theo	西奥国王
#2A7279	King Tide	王潮汐
#3C85BE	King Triton	海卫一国王
#C48692	King’s Cloak	国王斗篷
#706D5E	King’s Court	国王法庭
#F2E887	King’s Field	国王球场
#B3107A	King’s Plum Pie	国王的李子派
#B59D77	King’s Ransom	国王的赎金
#6274AB	King’s Robe	国王的长袍
#D1A436	Kingdom Gold	王国金
#E9CFB7	Kingdom’s Keys	王国的钥匙
#3A5760	Kingfisher	翠鸟
#006491	Kingfisher Blue	翠鸟蓝
#096872	Kingfisher Bright	翠鸟亮
#583580	Kingfisher Daisy	翠鸟雏菊
#7E969F	Kingfisher Grey	翠鸟灰
#007FA2	Kingfisher Sheen	翠鸟光泽
#7AB6B6	Kingfisher Turquoise	翠鸟绿松石
#DEDEDE	Kingly Cloud	王云
#DE9930	Kingpin Gold	金销金
#2D8297	Kings of Sea	海王
#EAD665	Kings Yellow	国王黄
#D4DCD3	Kingston	金士顿
#8FBCC4	Kingston Aqua	金士顿水族
#BB00BB	Kinky Koala	淫考拉
#EE55CC	Kinky Pinky	淫小指
#7F7793	Kinlock	金洛克
#7D4E2D	Kinsusutake Brown	金寿竹棕色
#B45877	Kir Royale Rose	基尔皇家玫瑰
#D74894	Kirby	柯比
#5C6116	Kirchner Green	基什内尔·格林
#C5C5D3	Kiri Mist	基里雾
#8B352D	Kiriume Red	桐梅红
#B2132B	Kirsch	基尔希
#974953	Kirsch Red	樱桃红
#EFCDCB	Kislev Pink	基斯莱夫粉红
#A18AB7	Kismet	天运
#D28CA7	Kiss	吻
#BEC187	Kiss a Frog	吻蛙
#D86773	Kiss and Tell	亲吻并诉说
#AA854A	Kiss Candy	吻糖果
#E5C8D9	Kiss Good Night	吻好夜
#E7EEEC	Kiss Me Kate	吻我凯特
#DE6B86	Kiss Me More	再吻我一下
#8A0009	Kiss of a Vampire	吻吸血鬼
#EAE2AC	Kiss of Lime	吻青柠
#BDCFB2	Kiss of Mint	吻薄荷
#DC331A	Kiss of the Scorpion	吻蝎
#FD8F79	Kissable	可亲吻
#B15363	Kissed by a Zombies	被僵尸亲吻
#FCCCF5	Kissed by Mist	被雾吻过
#FF66BB	Kisses	吻
#FF6677	Kisses and Hugs	亲吻和拥抱
#8AB5BD	Kitchen Blue	厨房蓝
#C0816E	Kitchen Terra Cotta	厨房赤土陶器
#95483F	Kite Brown	风筝棕
#D0C8B0	Kitsilano Cookie	基斯拉诺饼干
#BB8141	Kitsurubami Brown	木鹤波米棕
#D3C7BC	Kitten	小猫
#8AADF7	Kitten’s Eye	小猫的眼睛
#DAA89B	Kitten’s Paw	小猫的爪子
#CCCCBB	Kittiwake Gull	三趾鸥
#C7BDB3	Kitty Kitty	猫咪猫咪
#B7B5B1	Kitty Whiskers	小猫胡须
#749E4E	Kiwi	几维鸟
#7BC027	Kiwi Crush	奇异果碎
#8EE53F	Kiwi Green	几维鸟绿
#E5E7A7	Kiwi Ice Cream	几维鸟冰奶油
#EEF9C1	Kiwi Kiss	几维鸟吻
#9CEF43	Kiwi Pulp	猕猴桃浆
#DEE8BE	Kiwi Sorbet	几维鸟冰糕
#D1EDCD	Kiwi Squeeze	猕猴桃榨汁
#909495	Kiwikiwi Grey	猕猴桃灰
#2987C7	Klaxosaur Blue	克拉索龙蓝
#3FA282	Klimt Green	克里姆特·格林
#95896C	Knapsack	背包
#4B5B40	Knarloc Green	纳洛克绿
#926CAC	Knight Elf	精灵骑士
#0F0707	Knight Rider	假面骑士
#5C5D5D	Knight’s Armour	骑士铠甲
#AA91AE	Knight’s Tale	骑士的故事
#3C3F52	Knighthood	骑士身份
#EDCC99	Knightley Straw	奈特莉·斯特劳
#403C39	Knights of the Desert	沙漠骑士
#C2CCC7	Knightsbridge Mist	骑士桥迷雾
#6D6C5F	Knit Cardigan	针织开衫
#C3C1BC	Knitting Needles	织针
#9F9B84	Knock on Wood	敲木头
#C42B2D	Knockout	淘汰赛
#E16F3E	Knockout Orange	淘汰橙
#FF399C	Knockout Pink	淘汰赛粉红
#988266	Knot	结
#837F67	Knotweed	虎杖
#B9ACA0	Koala	考拉
#BDB7A3	Koala Bear	考拉熊
#DB5A6B	Kōbai Red	红梅
#882D17	Kobe	神户
#E093AB	Kobi	科比
#6B4423	Kobicha	媚茶
#F0D2CF	Kobold Pink	狗头人粉
#00AA22	Kobra Khan	科布拉汗
#E8F5FC	Kodama White	儿玉白
#E97551	Koeksister	南非甜辫
#883322	Kofta Brown	科夫塔肉棕
#773644	K?fte Brown	土耳其肉丸棕
#E5B321	Kogane Gold	黄金
#CA6924	Kohaku Amber	红琥珀
#C0B76C	Kohlrabi	大头菜
#D9D9B1	Kohlrabi Green	大头菜绿
#D2663B	Koi	锦鲤
#797F63	Koi Pond	锦鲤池
#F6AD49	Koji Orange	米曲橙
#8B7D3A	Koke Moss	苔藓绿
#7B3B3A	Kokiake Brown	小基明棕
#3A243B	Kokimurasaki Purple	小木紫
#7B785A	Kokoda	科科达
#171412	Kokushoku Black	国食黑
#00477A	Kolibri Blue	蜂鸟蓝
#7B8D42	Komatsuna Green	小松菜绿
#7E726D	Kombu	昆布
#3A4032	Kombu Green	昆布绿
#D89F66	Kombucha	康普茶
#9D907E	Kommando Khaki	突击队卡其
#A06814	Komodo	科莫多
#B38052	Komodo Dragon	科莫多龙
#BBC5B2	Komorebi	科莫雷比
#192236	Kon	康
#574B50	Kona	科纳
#003171	Konjō Blue	绀城蓝
#191F45	Konkikyō Blue	金贵峡蓝
#58D854	Koopa Green Shell	库帕绿贝壳
#833D3E	Kopi Luwak	猫屎咖啡
#203838	Kōrainando Green	红莲堂绿
#F2D1C3	Koral Kicks	珊瑚踢
#5D7D61	Korean Mint	韩国薄荷
#8D4512	Korichnewyi Brown	科里奇涅维棕
#D7E9C8	Korila	科里拉绿
#804E2C	Korma	科尔马酱棕
#FEB552	Koromiko	科罗米科黄
#592B1F	Kōrozen	红禅
#888877	Kosher Khaki	犹太卡其色
#F9D054	Kournikova	库尔尼科娃
#E1B029	Kōwhai Yellow	苦槐黄
#E1D956	Kowloon	九龙
#D5B59C	Kraft Paper	牛皮纸
#CD48A9	Krameria	克拉梅里亚
#EB2E28	Krasnyi Red	克拉斯尼红
#633639	Kremlin Red	克里姆林宫红
#C0BD81	Krieg Khaki	战地卡其
#01ABFD	Krishna Blue	克里希纳蓝
#EA27C2	Kriss Me Not Fuchsia	勿吻紫红
#B8C0C3	Krypton	氪
#83890E	Krypton Green	氪绿
#439946	Kryptonite Green	氪石绿
#512888	KSU Purple	堪萨斯州立紫
#E8000D	KU Crimson	堪萨斯大学深红
#FFDB4F	Kuchinashi Yellow	栀子黄
#87D3F8	Kul Sharif Blue	库尔沙里夫蓝色
#886221	Kumera	库梅拉
#FB9942	Kumquat	金橘
#D2CCDA	Kundalini Bliss	昆达里尼极乐
#643B42	Kung Fu	功夫
#DDB6C6	Kunzite	紫锂辉石
#D7003A	Kurenai Red	红
#001122	Kuretake Black Manga	吴竹黑漫画
#554738	Kuri Black	库里黑
#583822	Kuro Brown	黑棕
#1B2B1B	Kuro Green	黑绿
#23191E	Kurobeni	黑贝尼
#14151D	Kuroi Black	黑井黑
#9F7462	Kurumizome Brown	胡染棕
#5789A5	Kuta Surf	库塔冲浪
#55295B	Kuwanomi Purple	桑见紫
#59292C	Kuwazome Red	桑染红
#C7610F	Kvass	格瓦斯
#1560FB	Kyanite	蓝晶石
#E8530F	Kyawthuite	凯维特
#9D5B8B	Kyo Purple	京紫
#BEE3EA	Kyoto	京都
#503000	Kyoto House	京都之家
#DFD6D1	Kyoto Pearl	京都珍珠
#4B5D16	Kyuri Green	久里绿
#7A7A60	La Grange	拉格兰奇
#FC2647	Là Jiāo Hóng Red	辣椒红
#A3498A	La la Lavender	啦啦薰衣草
#BF90BB	La la Love	啦啦爱
#FFFFE5	La Luna	月
#FDDFA0	La Luna Amarilla	黄色月亮
#F5E5DC	La Minute	这一刻
#428929	La Palma	拉帕尔马
#C1E5EA	La Paz Siesta	拉巴斯午睡
#577E88	La Pineta	拉皮内塔
#BAC00E	La Rioja	拉里奥哈
#087830	La Salle Green	拉萨尔绿
#EA936E	La Terra	大地
#EECCDD	LA Vibes	洛杉矶氛围
#C4A703	La Vida	缤纷生活
#D2A5A3	La Vie en Rose	玫瑰人生
#C3B1BE	La-De-Dah	装腔作势
#F2ECD9	Labrador	拉布拉多
#D6C575	Labrador’s Locks	拉布拉多的锁
#657B83	Labradorite	拉长石
#547D80	Labradorite Green	拉长石绿
#C9A487	Labyrinth Walk	迷宫漫步
#EBEAED	Lace Cap	蕾丝帽
#ECEBEA	Lace Veil	蕾丝面纱
#C2BBC0	Lace Wisteria	蕾丝紫藤
#CCEE99	Laced Green	花边绿色
#D7E3CA	Lacewing	草蛉
#CAAEAB	Lacey	莱西
#1B322C	Lacquer Green	漆绿
#F0CFE1	Lacquer Mauve	漆淡紫
#383838	Lacquered Liquorice	漆光甘草
#2E5C58	Lacrosse	长曲棍球
#19504C	Lacustral	湖相
#A78490	Lacy Mist	花边薄雾
#FF8E13	Laddu Orange	拉杜橙
#D9DED8	Ladoga Bottom	拉多加底部
#FDE2DE	Lady Anne	安妮女士
#FDE5A7	Lady Banksia	班克西亚女士
#8FA174	Lady Fern	女士蕨
#CCBBC0	Lady Fingers	手指饼干
#D0A4AE	Lady Flower	女士花
#CAA09E	Lady Guinevere	桂妮薇儿女士
#B34B47	Lady in Red	红衣女郎
#47613C	Lady Luck	幸运女神
#D6D6CD	Lady Nicole	妮可女士
#05498B	Lady of the Night	夜之女士
#0000CC	Lady of the Sea	海洋女士
#AEDCEC	Lady-In-Waiting	侍女
#C99BB0	Lady’s Cushions Pink	女士靠垫粉色
#E3E3EA	Lady’s Slipper	女士拖鞋
#BD474E	Ladybug	瓢虫
#FFC3BF	Ladylike	淑女
#F5C8DD	Laelia Pink	莱莉亚粉红
#F6F513	Lager	啤酒
#1FB4C3	Lago Blue	拉戈蓝
#4B9B93	Lagoon	泻湖
#EAEDEE	Lagoon Mirror	泻湖镜
#8B7E64	Lagoon Moss	泻湖苔藓
#A9B9BB	Lagoon Reflection	泻湖倒影
#43BCBE	Lagoon Rock	泻湖岩石
#76C6D3	Lagoona Teal	泻湖青色
#36A5C9	Laguna	拉古纳
#E9D7C0	Laguna Beach	拉古纳海滩
#5A7490	Laguna Blue	拉古纳蓝
#01B1AF	Laguna Green	拉古纳绿
#5F5855	Lahar	拉哈尔
#E2DAD1	Lahmian Medium	拉赫米安媒介
#FFF80A	Lahn Yellow	兰黄
#B3AFA7	Laid Back Grey	休闲灰色
#819EA1	Laid-Back Blue	悠闲蓝
#79853C	Laird	莱尔德
#A6D3E6	Laissez-Faire	自由放任
#92CDCC	Lake	湖
#155084	Lake Baikal	贝加尔湖
#009EAF	Lake Blue	湖蓝
#D9CFB5	Lake Bluff Putty	湖崖腻子
#AED4D2	Lake Breeze	湖微风
#96B4B1	Lake Forest	湖森林
#2E8B57	Lake Green	湖绿
#4181A6	Lake Henry	亨利湖
#689DB7	Lake Lucerne	琉森湖
#83A0B4	Lake Okoboji	奥科博吉湖
#AEB9BC	Lake Placid	普莱西德湖
#B74A70	Lake Red	湖红
#9DD8DB	Lake Reflection	湖倒影
#EE55EE	Lake Retba Pink	雷特巴湖粉红
#3E6B83	Lake Stream	湖溪流
#34B1B2	Lake Tahoe Turquoise	太浩湖绿松石
#44BBDD	Lake Thun	图恩湖
#2E4967	Lake View	湖景
#86ABA5	Lake Water	湖水
#80A1B0	Lake Winnipeg	温尼伯湖
#8B9CA5	Lakefront	湖畔
#306F73	Lakelike	湖光
#5B96A2	Lakeshore	湖岸
#ADB8C0	Lakeside	湖畔
#B7D1D1	Lakeside Find	湖边寻找
#D7EEEF	Lakeside Mist	湖畔薄雾
#566552	Lakeside Pine	湖滨松
#6C849B	Lakeville	莱克维尔
#E6BF95	Laksa	叻沙
#D85525	Lāl Red	拉尔红
#E0BB95	Lama	喇嘛
#82502C	Lamb Chop	羊排
#C8CCBC	Lamb’s Ears	羊耳朵
#FFFFE3	Lamb’s Wool	羊毛
#3B5B92	Lambent Lagoon	兰本特泻湖
#EBDCCA	Lambskin	小羊皮
#BAD0D5	Lament Blue	哀叹蓝
#FFFEB6	Lamenters Yellow	哀叹者黄
#3AFDDB	Lamiaceae	唇形科
#BBD9BC	Lamina	层板
#948C7E	Laminated Wood	层压木
#4A4F55	Lamp Post	灯柱
#FFD140	Lamplight	灯光
#E4AF65	Lamplit	灯光
#805557	Lampoon	讽刺
#4D4DFF	Lán Sè Blue	蓝色
#97DDD4	Land Ahoy!	土地啊嘿！
#BFBEAD	Land Before Time	提前着陆
#DFCAAA	Land Light	大地浅
#EDABE6	Land of Dreams	大地梦
#A99B88	Land of Nod	点头之地
#E0D5B9	Land of Trees	树之国
#C9BBA1	Land Rush Bone	大地冲骨白
#EEE1D9	Landing	着陆
#AF403C	Landj?ger	兰德贾格
#746854	Landmark	地标
#756657	Landmark Brown	地标棕
#C1CFA9	Landscape	风景
#B5AB9A	Langdon Dove	兰登·达夫
#DC5226	Langoustine	海螯虾
#CA6C56	Langoustino	兰古斯蒂诺
#A4B7BD	Languid Blue	慵懒的蓝
#D6CADD	Languid Lavender	慵懒的薰衣草
#D9C948	Lanky Lemon	瘦瘦柠檬
#CD0101	Lannister Red	兰尼斯特红
#D87273	Lantana	马缨丹
#D7ECCD	Lantana Lime	马缨丹石灰
#EFDDB8	Lantern	灯笼
#FFD97D	Lantern Gold	灯笼金
#F6EBB9	Lantern Light	灯笼灯
#C09972	Lanyard	挂绳
#A6927F	Lap Dog	哈巴狗
#515366	Lap of Luxury	奢华的一圈
#98BBB7	Lap Pool Blue	泳池蓝色
#00508D	Lapis Blue	青金石蓝
#165D95	Lapis Jewel	青金石宝石
#26619C	Lapis Lazuli	青金石
#215F96	Lapis Lazuli Blue	青金石蓝色
#1F22D2	Lapis on Neptune	海王星上的青金石
#7A7562	Lapwing Grey Green	田凫灰绿色
#DFC6AA	Larb Gai	猪盖
#FFAA77	Larch Bolete	落叶松牛肝菌
#70BAA7	Larchmere	落叶松
#D79A74	Laredo	拉雷多
#C7994F	Laredo Road	拉雷多路
#E4E2D6	Large Wild Convolvulus	大型野生空心菜
#551F2F	Largest Black Slug	最大的黑蛞蝓
#1D78AB	Larimar Blue	拉利玛蓝
#93D3BC	Larimar Green	拉利马尔·格林
#B89B72	Lark	云雀
#8AC1A1	Lark Green	云雀绿
#C4CED1	Lark Wing	百灵翼
#3C7D90	Larkspur	翠雀
#20AEB1	Larkspur Blue	翠雀蓝
#798BBD	Larkspur Bouquet	翠雀花束
#B7C0EA	Larkspur Bud	翠雀蕾
#928AAE	Larkspur Violet	翠雀紫罗兰
#C6DA36	Las Palmas	拉斯帕尔马斯
#C6A95E	Laser	激光
#FFFF66	Laser Lemon	激光柠檬
#FF3F6A	Laser Trap	激光陷阱
#475F94	Last Light Blue	最后的浅蓝色
#AADD66	Last of Lettuce	最后的生菜
#CBBBCD	Last of the Lilacs	最后的紫丁香
#E3DBCD	Last Straw	最后一根稻草
#E5B73B	Last Sunlight	最后的阳光
#D30F3F	Last Warning	最后一次警告
#B36663	Lasting Impression	持久的印象
#88FF00	Lasting Lime	持久石灰
#D4E6B1	Lasting Thoughts	持久的思念
#F8AB33	Late Afternoon	晚午后
#DB8959	Late Bloomer	大器晚成
#F2E08E	Late Day Sun	晚白天太阳
#3B2932	Late Night Out	晚夜
#008A51	Later Gator	后来的鳄鱼
#3B9C98	Latigo Bay	拉蒂戈湾
#292E44	Latin Charm	拉丁魅力
#C5A582	Latte	拿铁
#F3F0E8	Latte Froth	拿铁泡沫
#E8E7E6	Latteo	拉特奥
#CECEC6	Lattice	格子
#6F9843	Lattice Green	格子绿
#B9E1C2	Lattice Work	格子工作
#8CBF6F	Laudable Lime	值得称赞的石灰
#C9C3D2	Laughing Jack	笑杰克
#F0E5A4	Laughing Liam	笑利亚姆
#F49807	Laughing Orange	笑橙
#C0E7EB	Launderette Blue	自助洗衣店蓝色
#A2ADB3	Laundry Blue	洗衣蓝
#F6F7F1	Laundry White	洗衣白
#A6979A	Laura	劳拉
#800008	Laura Potato	劳拉土豆
#6E8D71	Laurel	月桂
#68705C	Laurel Garland	劳雷尔·加兰
#A9BA9D	Laurel Green	月桂绿
#AAACA2	Laurel Grey	月桂灰
#969B8B	Laurel Leaf	月桂叶
#ACB5A1	Laurel Mist	月桂薄雾
#55403E	Laurel Nut Brown	月桂坚果棕
#918C7E	Laurel Oak	月桂橡
#F7E1DC	Laurel Pink	月桂粉
#889779	Laurel Tree	月桂树
#44493D	Laurel Woods	月桂树林
#52A786	Laurel Wreath	月桂花环
#EFEAE7	Lauren’s Lace	劳伦的蕾丝
#D5E5E7	Lauren’s Surprise	劳伦的惊喜
#868172	Lauriston Stone	劳瑞斯顿·斯通
#F3C64A	Lauwiliwilinukunuku’oi’oi	夏威夷长鼻鱼
#CF1020	Lava	熔岩
#352F36	Lava Black	熔岩黑
#5A4239	Lava Cake	熔岩蛋糕
#764031	Lava Core	熔岩核心
#DBD0CE	Lava Geyser	熔岩间歇泉
#5E686D	Lava Grey	熔岩灰
#EB7135	Lava Lamp	熔岩灯
#E5530E	Lava Nectar	熔岩花蜜
#E46F34	Lava Pit	熔岩坑
#535E64	Lava Rock	熔岩岩石
#D04014	Lava Smoothie	熔岩冰沙
#3C4151	Lava Stone	熔岩石
#AF9894	Lavenbrun	拉文布伦
#8F818B	Lavendaire	薰衣草
#E9EBEE	Lavendar Wisp	薰衣草小精灵
#B56EDC	Lavender	薰衣草紫
#9998A7	Lavender Ash	薰衣草紫灰
#9F99AA	Lavender Aura	薰衣草紫光环
#E5D9DA	Lavender Bikini	薰衣草色比基尼
#B68FC3	Lavender Blaze	薰衣草烈焰
#D3B8C5	Lavender Blessing	薰衣草祝福
#CEC3DD	Lavender Bliss	薰衣草紫极乐
#B57EDC	Lavender Blossom	薰衣草紫花
#CCCCFF	Lavender Blue	薰衣草紫蓝
#8B88F8	Lavender Blue Shadow	薰衣草紫蓝暗影
#FFF0F5	Lavender Blush	薰衣草紫绯红
#9994C0	Lavender Bonnet	薰衣草色帽子
#C7C2D0	Lavender Bouquet	薰衣草紫花束
#E4E1E3	Lavender Breeze	薰衣草紫微风
#FCB4D5	Lavender Candy	薰衣草紫糖果
#B8ABB1	Lavender Cloud	薰衣草紫云
#C79FEF	Lavender Cream	薰衣草紫奶油
#956D9A	Lavender Crystal	薰衣草紫水晶
#B4AECC	Lavender Dream	薰衣草紫梦
#C4C3D0	Lavender Dust	薰衣草紫尘
#AF92BD	Lavender Earl	薰衣草伯爵
#9D9399	Lavender Elan	薰衣草埃兰
#786C75	Lavender Elegance	薰衣草紫优雅
#C0C3D7	Lavender Escape	薰衣草紫逃离
#DFDAD9	Lavender Essence	薰衣草紫精华
#CAADD8	Lavender Field Dreamer	薰衣草田梦想家
#C5B5CC	Lavender Fog	薰衣草紫雾
#DDBBFF	Lavender Fragrance	薰衣草香
#BDABBE	Lavender Frost	薰衣草紫霜
#BDBBD7	Lavender Grey	薰衣草紫灰
#D3D0DD	Lavender Haze	薰衣草紫霾
#AD88A4	Lavender Herb	薰衣草紫草药
#C0C2D2	Lavender Honour	薰衣草荣誉
#A99BA7	Lavender Illusion	薰衣草紫幻觉
#9457EB	Lavender Indigo	薰衣草紫靛蓝
#D3B0CE	Lavender Knoll	薰衣草小山丘
#DFDDE0	Lavender Lace	薰衣草紫蕾丝
#A198A2	Lavender Lake	薰衣草紫湖
#8C9180	Lavender Leaf Green	薰衣草紫叶绿
#A5969C	Lavender Lily	薰衣草紫百合
#8C9CC1	Lavender Lustre	薰衣草光泽
#EE82ED	Lavender Magenta	薰衣草紫品红
#687698	Lavender Mauve	薰衣草紫淡紫
#D3D3E2	Lavender Memory	薰衣草记忆
#E5E5FA	Lavender Mist	薰衣草紫薄雾
#F2DDE3	Lavender Moon	薰衣草紫月
#67636E	Lavender Moor	薰衣草紫荒野
#857E86	Lavender Mosaic	薰衣草紫马赛克
#C0C0CA	Lavender Oil	薰衣草紫油
#EDE5E8	Lavender Pearl	薰衣草紫珍珠
#CB82E3	Lavender Perceptions	薰衣草感知
#A6BADF	Lavender Phlox	薰衣草紫福禄考
#C5B9D3	Lavender Pillow	薰衣草枕头
#E9E2E5	Lavender Pizzazz	薰衣草活力
#E9D2EF	Lavender Princess	薰衣草紫公主
#967BB6	Lavender Purple	薰衣草紫
#BD88AB	Lavender Quartz	薰衣草紫石英
#FBA0E3	Lavender Rose	薰衣草紫玫红
#BEC2DA	Lavender Sachet	薰衣草紫香包
#C3B7BF	Lavender Sand	薰衣草紫沙
#EEDDFF	Lavender Savour	薰衣草味
#BFACB1	Lavender Scent	薰衣草紫香
#DBD7F2	Lavender Sky	薰衣草紫天空
#F1BFE2	Lavender Soap	薰衣草紫皂
#CFCEDC	Lavender Sparkle	薰衣草紫闪光
#9392AD	Lavender Spectacle	薰衣草奇观
#C6CBDB	Lavender Steel	薰衣草紫钢
#B4A5A0	Lavender Suede	薰衣草紫麂皮
#BD83BE	Lavender Sweater	薰衣草色毛衣
#E6E6F1	Lavender Syrup	薰衣草紫糖浆
#D783FF	Lavender Tea	薰衣草紫茶
#CCBBFF	Lavender Tonic	薰衣草紫汤力
#C8C1C9	Lavender Vapour	薰衣草紫蒸汽
#D9BBD3	Lavender Veil	薰衣草紫面纱
#767BA5	Lavender Violet	薰衣草紫
#E3D7E5	Lavender Vista	薰衣草紫远景
#AAB0D4	Lavender Wash	薰衣草紫洗
#D2C9DF	Lavender Water	薰衣草紫水
#B86FC2	Lavendless	无薰衣草
#BCA4CB	Lavendula	薰衣草
#A38154	Lavish Gold	奢华黄金
#7ED0B7	Lavish Green	奢华的绿色
#C2AEC3	Lavish Lavender	奢华薰衣草
#F9EFCA	Lavish Lemon	奢华柠檬
#B0C175	Lavish Lime	奢华青柠
#8469BC	Lavish Spending	奢侈消费
#4DA409	Lawn Green	草坪绿
#5EB56A	Lawn Party	草坪派对
#5C7186	Layers of Ocean	海洋层
#AB9BA5	Laylock	莱洛克
#174C60	Lazurite Blue	琉璃蓝
#97928B	Lazy Afternoon	慵懒午后
#E2E5C7	Lazy Caterpillar	慵懒毛毛虫
#F6EBA1	Lazy Daisy	慵懒雏菊
#95AED1	Lazy Day	慵懒白天
#BEC1C3	Lazy Grey	慵懒灰
#A3A0B3	Lazy Lavender	慵懒薰衣草紫
#6E6E5C	Lazy Lichen	慵懒地衣
#9C9C4B	Lazy Lizard	慵懒蜥蜴
#CC0011	Lazy Shell Red	慵懒壳红
#FEF3C3	Lazy Summer Day	慵懒夏白天
#FEC784	Lazy Sun	慵懒太阳
#CAD3E7	Lazy Sunday	慵懒周日
#E4CB6B	Le Bon Dijon	乐邦第戎
#BF4E46	Le Corbusier Crush	勒·柯布西耶迷恋
#244E94	Le Grand Bleu	宏伟蓝
#5E6869	Le Luxe	豪华酒店
#85B2A1	Le Max	勒麦克斯
#212121	Lead	铅
#6C809C	Lead Cast	主演
#FFFAE5	Lead Glass	铅玻璃
#8A7963	Lead Grey	铅灰
#99AABB	Lead Ore	铅矿石
#CACACB	Leadbelcher	利宝翠
#888D8F	Leadbelcher Metal	利宝翠金属
#71AA34	Leaf	叶
#EFF19D	Leaf Bud	叶蕾
#E1D38E	Leaf Print	叶印
#6CB506	Leaf Sheep	叶羊
#E9D79E	Leaf Yellow	叶黄
#8B987B	Leaflet	传单
#679B6A	Leafy	多叶
#AACC11	Leafy Canopy	绿叶树冠
#80BB66	Leafy Greens	绿叶蔬菜
#C0F000	Leafy Lemon	多叶柠檬
#7D8574	Leafy Lichen	多叶地衣
#08690E	Leafy Lush	多叶繁茂
#8D9679	Leafy Rise	叶茂盛
#B6C406	Leafy Seadragon	叶海龙
#AABB11	Leafy Woodland	多叶林地
#A0B7A8	Leamington Spa	利明顿温泉
#C4D3E3	Leap of Faith	信仰之跃
#41A94F	Leapfrog	蛙跳
#447A66	Leaping Lizard	跳跃的蜥蜴
#6F803B	Leaps and Bounds	跨越式发展
#ABC123	Learning Green	学习绿色
#906A54	Leather	皮革
#76563E	Leather & Lace	皮革蕾丝
#916E52	Leather Bound	皮面
#97502B	Leather Brown	皮革棕
#A3754C	Leather Chair	皮椅
#744E42	Leather Clutch	皮革手拿包
#867354	Leather Loafers	皮革乐福鞋
#7C4F3A	Leather Satchel	皮革挎包
#A48454	Leather Tan	皮革棕褐
#8A6347	Leather Work	皮革制品
#3C341F	Lebanon Cedar	黎巴嫩雪松
#3C351F	LeChuck’s Beard	勒查克胡须
#0066A3	LED Blue	LED蓝
#D8CB32	LED Green	LED绿
#98D98E	Leek	韭葱
#BCA3B8	Leek Blossom Pink	韭葱花粉
#979C84	Leek Green	韭葱绿
#B7B17A	Leek Powder	韭葱粉
#7A9C58	Leek Soup	韭葱汤
#CEDCCA	Leek White	韭葱白
#F5C71A	Leery Lemon	利里柠檬
#4C2226	Lees	酒糟
#699CAB	Left Bank Blue	左岸蓝色
#FF0303	Left on Red	红灯左转
#5E5A67	Legacy	遗产
#9EC9E2	Legacy Blue	传统蓝
#6D758F	Legal Eagle	法律之鹰
#6F434A	Legal Ribbon	法律丝带
#C6BAAF	Legendary	传奇
#787976	Legendary Grey	传奇灰
#9D61D4	Legendary Lavender	传奇薰衣草
#AD969D	Legendary Lilac	传说中的紫丁香
#4E4E63	Legendary Purple	传奇紫
#7F8384	Legendary Sword	传奇剑
#245A6A	Legion Blue	军团蓝
#D87B6A	Lei Flower	雷花
#C19634	Leisure	休闲
#6A8EA1	Leisure Blue	休闲蓝
#438261	Leisure Green	休闲绿
#758C8F	Leisure Time	闲暇时间
#FFF700	Lemon	柠檬
#EFE4AE	Lemon Appeal	柠檬魅力
#E5D9B6	Lemon Balm	柠檬香脂
#005228	Lemon Balm Green	柠檬香蜂草绿
#CEA02F	Lemon Bar	柠檬条
#FCECAD	Lemon Blast	柠檬爆发
#FCEBBF	Lemon Bubble	柠檬泡泡
#FEF59F	Lemon Bundt Cake	柠檬邦特蛋糕
#FED67E	Lemon Burst	柠檬爆发
#FCE99F	Lemon Butter	柠檬黄油
#F7DE9D	Lemon Caipirinha	柠檬凯匹林纳鸡尾酒
#FAE8AB	Lemon Candy	柠檬糖果
#FFFACD	Lemon Chiffon	柠檬雪纺
#FFF7C4	Lemon Chiffon Pie	柠檬雪纺派
#FAAE00	Lemon Chrome	柠檬铬
#FEE193	Lemon Cream	柠檬奶油
#FFEE11	Lemon Curd	柠檬凝乳
#CDA323	Lemon Curry	柠檬咖喱
#FCE699	Lemon Delicious	柠檬好吃
#EEA300	Lemon Dream	柠檬梦
#FEE483	Lemon Drizzle	柠檬细雨
#FFE49D	Lemon Drops	柠檬滴
#F4EFDE	Lemon Edge	柠檬边缘
#E2AE4D	Lemon Essence	柠檬精华
#D4D292	Lemon Fennel	柠檬茴香
#F9E4A6	Lemon Filling	柠檬馅
#F0E891	Lemon Flesh	柠檬肉
#96FBC4	Lemon Gate	柠檬门
#F8EC9E	Lemon Gelato	柠檬意式冰淇淋
#968428	Lemon Ginger	柠檬姜
#FDFF00	Lemon Glacier	柠檬冰川
#ADF802	Lemon Green	柠檬绿
#F6EBC8	Lemon Icing	柠檬糖霜
#FFFFEC	Lemon Juice	柠檬汁
#FAF4D9	Lemon Lily	柠檬百合
#BFFE28	Lemon Lime	柠檬青柠
#CBBA61	Lemon Lime Mojito	柠檬青柠莫吉托
#F6E199	Lemon Meringue	柠檬蛋白霜
#F9F1DB	Lemon Pearl	柠檬珍珠
#FFED80	Lemon Peel	柠檬皮
#EBECA7	Lemon Pepper	柠檬胡椒
#F1FF62	Lemon Pie	柠檬派
#E1AE58	Lemon Poppy	柠檬罂粟
#FAF2D1	Lemon Popsicle	柠檬冰棒
#FFDD93	Lemon Pound Cake	柠檬磅蛋糕
#FECF24	Lemon Punch	柠檬宾治
#FBE9AC	Lemon Rose	柠檬玫红
#FAF0CF	Lemon Sachet	柠檬香包
#F1FFA8	Lemon Sherbet	柠檬果子露
#FFFBA8	Lemon Slice	柠檬片
#FFFCC4	Lemon Soap	柠檬皂
#FFFAC0	Lemon Sorbet	柠檬冰糕
#DCC68E	Lemon Sorbet Yellow	柠檬冰糕黄
#FFE8AD	Lemon Souffle	柠檬舒芙蕾
#F9F6DE	Lemon Splash	柠檬飞溅
#F7F0E1	Lemon Sponge Cake	柠檬海绵蛋糕
#FBF7E0	Lemon Stick	柠檬棍
#F0F6DD	Lemon Sugar	柠檬糖
#E1BC5C	Lemon Surprise	柠檬惊喜
#FFDD66	Lemon Tart	柠檬塔
#E4CF86	Lemon Thyme	柠檬百里香
#FCF3CB	Lemon Tint	柠檬调
#EFEFB2	Lemon Tonic	柠檬汤力
#FED95D	Lemon Twist	柠檬扭
#F2ED6B	Lemon Verbena	柠檬马鞭草
#FFE6BA	Lemon Whip	柠檬搅
#FFB10D	Lemon Whisper	柠檬低语
#FBF6E0	Lemon White	柠檬白
#F9D857	Lemon Zest	柠檬皮
#EFE499	Lemonade	柠檬水
#F2CA3B	Lemonade Stand	柠檬水摊
#999A86	Lemongrass	柠檬草
#F9F3D7	Lemonwood Place	柠檬伍德广场
#695F4F	Lemur	狐猴
#BFB9D4	Lemures	狐猴
#CEE2E2	Lens Flare Blue	镜头光晕蓝色
#B0FF9D	Lens Flare Green	镜头光晕绿色
#E4CBFF	Lens Flare Pink	镜头光晕粉色
#6FB5A8	Lenticular Ore	透镜状矿石
#DCC8B0	Lentil	扁豆
#A09548	Lentil Sprout	扁豆芽
#BA93D8	Lenurple	狐猴紫
#E042D5	Leo Royal Fuchsia	狮子座皇家紫红
#D09800	Leopard	豹子
#29906D	Leprechaun	小妖精
#395549	Leprechaun Green	妖精绿
#8CC37D	Leprechaun Laugh	妖精笑
#D99631	Leprous Brown	麻风棕色
#D0A000	Lepton Gold	轻子金
#71635A	Leroy	乐华
#0F63B3	Les Cavaliers Beach	骑士海滩
#E59D7B	Les Demoiselles d’Avignon	阿维尼翁少女
#756761	Less Brown	少棕色
#5D6957	Less Traveled	旅行较少
#AFD1C4	Lester	莱斯特
#B6B8BD	Let It Rain	让它下雨吧
#CFAE74	Let It Ring	让它响
#D8F1F4	Let It Snow	下雪吧
#88FF11	Lethal Lime	致命石灰
#95BE76	Leticiaz	莱蒂亚兹
#8F8F8B	Letter Grey	字母灰色
#B8860B	Letter Jacket	字母夹克
#CEDDA2	Lettuce Alone	单独生菜
#B9D087	Lettuce Green	生菜绿
#92A772	Lettuce Mound	生菜堆
#F2F1ED	Leukocyte White	白细胞白
#E8E8E9	Leukophobia	白细胞恐惧症
#E4090B	Level !	等级！
#468741	Level Up	升级
#EDCDC2	Leverkaas	莱沃卡斯
#8B2A98	Leviathan Purple	利维坦紫
#CEA269	Lewis Gold	刘易斯·戈尔德
#F8F1D3	Lewisburg Lemon	刘易斯堡柠檬
#675A49	Lewisham	刘易舍姆
#00E436	Lexaloffle Green	莱克索弗绿
#7D9294	Lexington Blue	列克星敦蓝
#8C3F52	Liaison	联络员
#F075E6	Lián Hóng Lotus Pink	莲红荷花粉
#CCB8D2	Liberace	利伯拉斯
#9955BB	Liberal Lilac	自由丁香
#0C4792	Liberalist	自由主义者
#D8DDCC	Liberated Lime	解放石灰
#E8C447	Liberator Gold	解放者金币
#EFE2DB	Liberia	利比里亚
#514B98	Liberty	自由
#696B6D	Liberty Bell Grey	自由钟灰色
#0E1531	Liberty Blue	自由蓝
#16A74E	Liberty Green	自由绿
#AFBFC9	Liberty Grey	自由灰
#4CD5FF	Libra Blue Morpho	天秤座蓝色闪蝶
#E6C19F	Library Card	图书卡
#68554E	Library Leather	图书馆皮革
#8F7459	Library Oak	图书馆橡树
#7F7263	Library Pewter	图书馆白镴
#5B3530	Library Red	图书馆红
#A9A694	Lich Grey	巫妖灰
#730061	Liche Purple	荔枝紫
#8EBAA6	Lichen	地衣
#5D89B3	Lichen Blue	地衣蓝
#DDE7AE	Lichen Gold	地衣金
#9DA693	Lichen Green	地衣绿
#697056	Lichen Moss	地衣苔藓
#EE5577	Lick and Kiss	舔吻
#A6CC72	Lick of Lime	舔石灰
#B4496C	Lickedy Lick	舔舔
#C3D997	Lickety Split	疯狂分裂
#C99C59	Liddell	利德尔
#019294	Lido Deck	丽都甲板
#92B498	Liebermann Green	利伯曼·格林
#FDFF38	Liechtenstein Yellow	列支敦士登黄
#A2B0A8	Life Aquatic	生命水上运动
#AFC9DC	Life at Sea	生命海
#6FB7E0	Life Force	生命力
#E5CDBE	Life Is a Peach	生命桃
#E19B42	Life Is Good	生命好
#C5CABE	Life Lesson	人生教训
#81B6BC	Lifeboat Blue	救生艇蓝色
#E50000	Lifeguard	救生员
#00DEAD	Lifeless Green	死气沉沉的绿色
#E6D699	Lifeless Planet	无生命的星球
#990033	Lifeline	生命线
#CDD6C2	Ligado	利加多
#C3C5C5	Light Aluminium	轻质铝
#ED9A76	Light Amber Orange	浅琥珀橙
#D4D3E0	Light Amourette	轻情人
#FFD5A1	Light and Fluffy	轻盈蓬松
#DAD4E4	Light Angel Kiss	浅天使吻
#C9D4E1	Light Angora Blue	浅安哥拉毛蓝
#F2DAD6	Light Apricot	浅杏
#DECFD2	Light Aroma	淡香
#C2A487	Light Ash Brown	浅灰棕
#DAC6A1	Light Bamboo	浅竹
#DED0D8	Light Bassinet	轻型摇篮
#ABD5DC	Light Bathing	光浴
#E5DECA	Light Beige	浅米色
#9DB567	Light Birch Green	浅桦绿
#D5D4D0	Light Bleaches	浅色漂白剂
#E8D3AF	Light Blond	浅金发
#ECDDD6	Light Blossom Time	浅花时光
#ADD8E6	Light Blue	浅蓝
#D2D3E1	Light Blue Cloud	浅蓝云
#A8D3E1	Light Blue Glint	浅蓝色闪光
#B7C9E2	Light Blue Grey	浅蓝灰
#C6DDE4	Light Blue Sloth	浅蓝树懒
#C0D8EB	Light Blue Veil	浅蓝面纱
#A4DBE4	Light Bluish Water	浅偏蓝水
#E9C4CC	Light Blush	浅绯红
#ADD2E3	Light Bobby Blue	浅鲍比蓝
#CFE0F2	Light Breeze	浅微风
#94D0E9	Light Bright Spark	明亮的火花
#BC9468	Light Bronzer	浅古铜色
#B5651D	Light Brown	浅棕
#B08699	Light Brown Drab	浅棕土褐
#D6D5D2	Light Brume	淡雾
#9ED6E8	Light Budgie Blue	浅虎皮鹦鹉蓝
#DECED1	Light Bunny Soft	浅小兔柔
#C6D4E1	Light Cameo Blue	浅浮雕蓝
#C9D2DF	Light Candela	光坎德拉
#8BD4C3	Light Capri Green	浅卡普里绿
#A38A83	Light Caramel	浅焦糖
#DBD9C9	Light Cargo River	轻货河
#F9DBCF	Light Carob	浅角豆树
#D8F3D7	Light Carolina	光卡罗莱纳州
#D8F2DC	Light Celery Stick	浅芹菜棍
#D1C6BE	Light Chamois Beige	浅麂皮米色
#726E68	Light Charcoal	浅炭
#ECEAD1	Light Chervil	浅山萝卜
#F4E7E5	Light Chiffon	浅雪纺
#E0D5C9	Light Chintz	浅印花棉布
#DFD3CA	Light Christobel	光克里斯托贝尔
#D5DAD1	Light Cipollino	轻西波里诺
#AFD5D8	Light Continental Waters	轻大陆水域
#C48F4B	Light Copper	浅铜
#F3E2D1	Light Corn	浅玉米
#E0C3A2	Light Corn Yellow	浅玉米黄
#93CCEA	Light Cornflower Blue	浅矢车菊蓝
#DDD7D1	Light Crushed Almond	浅碎杏仁
#CBD7ED	Light Cuddle	轻拥抱
#F9E9C9	Light Curd	凝乳
#E0FFFF	Light Cyan	浅青
#C2E4E7	Light Daly Waters	光达利沃特斯
#C6DEDF	Light Dante Peak	光但丁峰
#E2D9D2	Light Daydreamer	光白日梦想家
#FCE9D5	Light Dedication	光的奉献
#9ED1E3	Light Delphin	浅海豚
#A4D4EC	Light Deluxe Days	轻奢日
#CDDBDC	Light Detroit	光明底特律
#C4DADD	Light Dewpoint	光露点
#A7AEA5	Light Drizzle	浅细雨
#D4E3D7	Light Dry Lichen	浅干地衣
#D5EBDD	Light Duck Egg Cream	浅鸭蛋奶油
#D4CED1	Light Easter Rabbit	轻复活节兔子
#D9D2C9	Light Eggshell Pink	浅蛋壳粉色
#EAD5C7	Light Ellen	光艾伦
#D8CDD3	Light Elusive Dream	轻飘飘的梦
#D6EADB	Light Enchanted	浅魔法
#F3DED7	Light Fairy Pink	浅仙子粉
#EAD3E0	Light Favourite Lady	浅最爱女士
#D3D9C5	Light Feather Green	浅羽毛绿
#C1D8EB	Light Featherbed	轻质羽毛床
#E6E6D0	Light Fern Green	浅蕨绿
#C9CFCC	Light French Grey	浅法国灰
#C2C0BB	Light French Taupe	浅法国灰褐
#E2F4D7	Light Fresh Lime	浅鲜青柠
#ECF4D2	Light Freshman	轻新生
#EDE8D7	Light Frost	浅霜
#D7EFD5	Light Frosty Dawn	浅霜白黎明
#D2D9CD	Light Gentle Calm	浅温柔平静
#D7D3CA	Light Ghosting	光鬼影
#F7D28C	Light Ginger Yellow	浅姜黄
#C0B5AA	Light Glaze	浅釉
#E2DDCF	Light Granite	浅花岗岩
#70AA7C	Light Grass Green	浅草绿
#76FF7B	Light Green	浅绿
#D5D8C9	Light Green Alabaster	浅绿雪花石膏
#D7DDCD	Light Green Ash	浅绿灰
#E5F4D5	Light Green Glint	浅绿色闪光
#E8F4D2	Light Green Veil	浅绿面纱
#D4E6D9	Light Green Wash	浅绿洗
#E2F0D2	Light Greenette	浅绿色
#D7D4E4	Light Gregorio Garden	光格雷戈里奥花园
#D8DCD6	Light Grey	浅灰
#CDD6EA	Light Hindsight	事后诸葛亮
#DCCFCE	Light Hint of Lavender	浅微意薰衣草紫
#E5DDCB	Light Hog Bristle	轻猪鬃毛
#D0D2DE	Light Horizon Sky	浅地平线天空
#D8DED0	Light Iced Aniseed	淡冰茴香
#D0D4E3	Light Iced Lavender	浅冰薰衣草紫
#AED4D8	Light Imagine	光想象
#EFDCBE	Light Incense	淡香
#E2D9D4	Light Instant	轻瞬间
#DBE4D1	Light Issey-San	浅三宅一生
#ACD6DB	Light Jellyfish Blue	浅水母蓝
#D6EAD8	Light Katsura	桂光
#998D7C	Light Khaki	浅卡其
#D3D2DD	Light Kiri Mist	轻雾气
#D6D9CB	Light Lamb’s Ears	浅色小羊耳朵
#EFC0FE	Light Lavender	浅薰衣草紫
#E3D2CF	Light Lavender Blush	浅薰衣草紫绯红
#DDD6E7	Light Lavender Water	浅薰衣草紫水
#BFB6A9	Light Lichen	浅地衣
#D9E0D0	Light Ligado	浅利加多
#EED2D7	Light Light Blush	浅浅绯红
#D3E7DC	Light Light Lichen	浅浅地衣
#DCC6D2	Light Lilac	浅丁香紫
#D8E6CE	Light Lime Sherbet	浅青柠果子露
#DBD5CE	Light Limed White	浅石灰白
#DAD1D7	Light Limpid Light	光 清澈的光
#E7D9D4	Light Lip Gloss	浅色唇彩
#D8D7CA	Light Livingstone	光利文斯通
#D1F0DD	Light Lost Lace	浅失落蕾丝
#DCD5D3	Light Lunette	浅月形
#DBD5DA	Light Magnolia Rose	浅木兰玫红
#9B8B7C	Light Mahogany	浅桃花心木
#F6DDCE	Light Maiden’s Blush	光之少女的腮红
#E3DBD0	Light Male	轻男
#F4DDDB	Light Marshmallow Magic	浅棉花糖魔法
#D1EFDD	Light Martian Moon	浅火星月
#C292A1	Light Mauve	浅淡紫
#CEE1D9	Light Meadow Lane	浅草地巷
#B6FFBB	Light Mint	浅薄荷
#DCE1D5	Light Mist	浅薄雾
#B18673	Light Mocha	浅摩卡
#DED5E2	Light Modesty	轻谦逊
#C4D9EB	Light Morality	光明道德
#D8CDD0	Light Mosque	光明清真寺
#D1CAE1	Light Mulberry	浅桑葚
#F8611A	Light My Fire	浅火
#D6E4D4	Light Mystified	光迷惑
#FBE6C7	Light Nougat	浅牛轧糖
#F4DCDC	Light Nursery	光苗圃
#E3D8D4	Light Nut Milk	浅坚果奶
#D2B183	Light Oak	浅橡
#EAF3D0	Light of New Hope	浅新希望
#ACBF69	Light Olive	浅橄榄
#C1E8EA	Light Opale	浅蛋白石
#D6CDD0	Light Orchid Haze	浅兰花紫霾
#CDE7DD	Light Otto Ice	轻奥托冰
#D4CBCE	Light Pale Pearl	浅淡珍珠
#DBDACB	Light Pale Tendril	淡色卷须
#B2FBA5	Light Pastel Green	浅粉彩绿
#C0C2B4	Light Patina	浅铜绿
#D5D3E3	Light Pax	轻帕克斯
#FFE6D8	Light Peach Rose	浅桃玫红
#DCD6D1	Light Pearl Ash	浅珍珠灰
#BEC8D8	Light Pearl Soft Blue	浅珍珠柔蓝
#E1CED4	Light Pelican Bill	浅鹈鹕比尔
#C8D4E7	Light Penna	轻佩纳
#D0D0D7	Light Pensive	淡淡的沉思
#C1C6FC	Light Periwinkle	浅长春花蓝
#E0D5CD	Light Perk Up	轻振作起来
#F0D7D7	Light Petite Pink	浅粉色
#ECDBD6	Light Pianissimo	轻弱弱音
#CDE5DE	Light Picnic Bay	轻野餐湾
#FFD1DF	Light Pink	浅粉
#DDCED1	Light Pink Linen	浅粉亚麻
#E9D3D5	Light Pink Pandora	浅粉色潘多拉
#D8C9CC	Light Pink Polar	浅粉极地
#E2DEC8	Light Pistachio Tang	淡开心果汤
#C8D8E8	Light Placid Blue	淡蓝色
#EBE1CB	Light Pollinate	光授粉
#E7DAD7	Light Porcelain	浅瓷器
#C4D9EF	Light Powder Blue	浅粉蓝
#D1D6EB	Light Powdered Granite	浅粉末花岗岩
#C5D0D9	Light Pre School	光明幼儿园
#D9CED5	Light Puffball	淡马勃
#C2A585	Light Pumpkin Brown	浅南瓜棕
#C2D2D8	Light Pure Blue	浅纯蓝
#E0D5E9	Light Purity	光纯度
#CDDED7	Light Quaver	轻颤
#FDE1D4	Light Quilt	轻被子
#C6D5EA	Light Radar	光雷达
#DACDB6	Light Raffia	浅拉菲草
#D1C1AA	Light Rattan	浅藤
#ECDFCA	Light Raw Cotton	浅生棉
#FF7F7F	Light Red	浅红
#CADDDE	Light Relax	轻松放松
#C3D5E5	Light Ridge Light	浅山岭浅
#615544	Light Roast	浅烤肉
#F4D4D6	Light Rose	浅玫红
#F9EBE4	Light Rose Beige	浅玫红米色
#FFCCA5	Light Saffron Orange	浅藏红花橙
#B3B0A3	Light Sage	浅鼠尾草
#CCF1E3	Light Salome	轻莎乐美
#BBD3DA	Light Salt Spray	浅盐浪花
#DEDCC6	Light Sandbank	轻沙洲
#E1DACF	Light Sandy Day	浅沙质白天
#B7CDD9	Light Sea Breeze	浅海微风
#B9D4E7	Light Sea Cliff	浅海悬崖
#ABD6DE	Light Sea Spray	浅海浪花
#A0FEBF	Light Sea-Foam	浅海泡沫
#A7FFB5	Light Seafoam Green	浅海沫绿
#E0E9D0	Light Security	光安全
#F1E8CE	Light Shell Haven	浅壳港湾
#FCE0D6	Light Shell Tint	浅壳调
#E7DCCF	Light Shetland Lace	浅色设得兰群岛蕾丝
#A3D4EF	Light Shimmer	浅闪烁
#8E8887	Light Shōchi Black	浅松地黑
#1155FF	Light Shōjin Blue	浅精真蓝
#D0181F	Light Shōrei Red	浅精灵红
#CBE8DF	Light Short Phase	光短相
#F7E582	Light Shōshin Yellow	浅正信黄
#AA55EE	Light Shōtoku Purple	浅圣德紫
#CEF2E4	Light Shutterbug	轻摄影爱好者
#D4DBD1	Light Silver Grass	浅银草
#CEE3D9	Light Silverton	轻银顿
#A1D0E2	Light Sky Babe	光天贝贝
#AFCFE0	Light Sky Bus	轻天巴士
#BAD7DC	Light Sky Chase	光天追击
#C2E3E8	Light Skyway	光天桥
#CFD1D8	Light Slipper Satin	轻质拖鞋缎面
#CEDCD4	Light Soft Celadon	浅柔青瓷
#CFE0D7	Light Soft Fresco	浅柔壁画
#DCDDCC	Light Soft Kind	轻柔的那种
#CFDED7	Light Spearmint Ice	浅留兰香冰
#B3A18E	Light Spice	浅辛香
#C3CAD3	Light Spirit	浅烈酒
#D8EEE7	Light Spirited	轻松活泼
#E0CFD2	Light Sprig Muslin	浅小枝薄纱
#D6E8D5	Light Spring Burst	浅春爆发
#E3E3D7	Light Sprinkle	轻洒
#C7D2DD	Light Stargate	光之星门
#CBD0D7	Light Starlight	浅星光
#D2CCD1	Light Stately Frills	轻盈庄严的装饰
#B0C4DE	Light Steel Blue	浅钢蓝
#DCD1CC	Light Stone	浅石
#E4DAD3	Light Subpoena	轻传票
#DEEDD4	Light Tactile	轻触感
#B19D8D	Light Taupe	浅灰褐
#D5D0CB	Light Taupe White	浅灰褐白
#B1CCC5	Light Teal	浅青
#BBD6EA	Light Template	灯光模板
#DF9B81	Light Terracotta	浅赤陶
#E2D8D4	Light Thought	轻思
#BCD6E9	Light Tidal Foam	浅潮汐泡沫
#C5D2DF	Light Time Travel	光时空旅行
#E1D0D8	Light Tip Toes	轻踮脚尖
#D0756F	Light Tomato	浅番茄
#B08971	Light Topaz Ochre	浅黄玉赭
#B5CDD7	Light Topaz Soft Blue	浅黄玉柔蓝
#F5ECDF	Light Touch	浅触感
#7EF4CC	Light Turquoise	浅青
#BFE7EA	Light Vandamint	浅色万达薄荷
#B8CED9	Light Vanilla Ice	浅香草冰
#D8D5D0	Light Vanilla Quake	轻微香草地震
#D6B4FC	Light Violet	浅紫罗兰
#D4CCCE	Light Wallis	光沃利斯
#ACDCE7	Light Washed Blue	浅水洗蓝
#BFD5EB	Light Water Wash	浅水洗
#C2F0E6	Light Water Wings	浅水翅膀
#B7DADD	Light Watermark	浅水印
#E6DAD6	Light Watermelon Milk	浅西瓜奶
#E0D4D0	Light Weathered Hide	浅风化兽皮
#99D0E7	Light Whimsy	轻奇思妙想
#CEDCD6	Light White Box	浅白盒
#BFBFB4	Light Year	光年
#FFFE7A	Light Yellow	浅黄
#C2FF89	Light Yellowish Green	浅黄绿色
#EAD7D5	Light Youth	轻青春
#D1DBD2	Light Zen	浅禅
#75FD63	Lighter Green	浅绿色
#DFEBDD	Lighter Mint	打火机薄荷
#DCE4D6	Lightest Sky	最轻的天空
#F7E0E1	Lighthearted	轻松愉快
#EDD5DD	Lighthearted Pink	轻松的粉色
#C7A1A9	Lighthearted Rose	轻松的玫瑰
#F3F4F4	Lighthouse	灯塔
#F8D568	Lighthouse Glow	灯塔发光
#B4C4CA	Lighthouse Shadows	灯塔阴影
#D9DCD5	Lighthouse View	灯塔景观
#3D7AFD	Lightish Blue	淡蓝色
#61E160	Lightish Green	浅绿色
#A552E6	Lightish Purple	淡紫色
#F0EDA8	Lightly Lime	淡石灰
#E5EBE6	Lightning Bolt	闪电
#EFDE74	Lightning Bug	闪电虫
#F8EDD1	Lightning White	闪电白
#F7A233	Lightning Yellow	闪电黄
#01968B	Lights at Sea	光海
#F8F2DE	Lights of Shibuya	涩谷的灯光
#3D474B	Lights Out	光
#15F2FD	Lightsaber Blue	光剑蓝
#F6E5C5	Lightweight Beige	轻质米色
#67765B	Lignum Vit? Foliage	愈疮木叶
#D2B18F	Ligonier Tan	利戈尼尔·谭
#D1B7A8	Likeable Sand	可爱的沙子
#CEA2FD	Lilac	丁香紫
#D7CDCD	Lilac Ash	丁香紫灰
#C6CDE0	Lilac Bisque	丁香紫浓汤
#AFABB8	Lilac Bloom	丁香紫绽放
#9A93A9	Lilac Blossom	丁香紫花
#8293AC	Lilac Blue	丁香紫蓝
#A590C0	Lilac Breeze	丁香紫微风
#D7BDBE	Lilac Buds	丁香花蕾
#9470C4	Lilac Bush	丁香紫灌木丛
#DFE1E6	Lilac Champagne	丁香紫香槟
#DE9BC4	Lilac Chiffon	丁香紫雪纺
#CDD7EC	Lilac Cotton Candy	丁香紫棉糖果
#CBC5D9	Lilac Crystal	丁香紫水晶
#8F939D	Lilac Fields	丁香紫原野
#B2BADB	Lilac Flare	丁香闪耀
#C8A4BF	Lilac Fluff	紫丁香绒毛
#E8DEEA	Lilac Frost	丁香紫霜
#BB88FF	Lilac Geode	丁香晶洞
#D5B6D4	Lilac Haze	丁香紫霾
#CACBD5	Lilac Hint	丁香紫微意
#A7ADBE	Lilac Hush	丁香紫寂静
#9A7EA7	Lilac Intuition	紫丁香直觉
#C6A1CF	Lilac Lace	丁香紫蕾丝
#DFCBDA	Lilac Lane	丁香紫巷
#FF3388	Lilac Lotion	丁香乳液
#C3B9D8	Lilac Lust	丁香泽
#AE98AA	Lilac Lustre	淡紫色光泽
#C3BABF	Lilac Marble	丁香紫大理石
#D6D0D6	Lilac Mauve	丁香紫淡紫
#E4E4E7	Lilac Mist	丁香紫薄雾
#E5E6EA	Lilac Murmur	紫丁香呢喃
#E9E8E5	Lilac Muse	丁香缪斯
#DCBBBA	Lilac Paradise	丁香紫天堂
#C09DC8	Lilac Pink	丁香紫粉
#A183C0	Lilac Purple	丁香紫
#BD4275	Lilac Rose	丁香紫玫红
#ABB6D7	Lilac Sachet	丁香紫香包
#9EABD0	Lilac Scent Soft Blue	丁香紫香柔蓝
#B6A3A0	Lilac Smoke	丁香紫烟
#DCC0D3	Lilac Snow	丁香紫雪
#8822CC	Lilac Spring	丁香紫春
#BA9B97	Lilac Suede	丁香紫麂皮
#D4C7C4	Lilac Tan	丁香紫棕褐
#A4ABBF	Lilac Time	丁香紫时光
#754A80	Lilac Violet	丁香紫
#E9CFE5	Lilacs in Spring	春天的丁香花
#CC99FF	Lilás	莉拉丝
#D4A1B0	Lili Elbe’s Pink	莉莉易北河的粉红
#C48EFD	Liliac	紫丁香
#E1BF03	Lilikoi	莉莉科伊
#874886	Lilikoi Flower Purple	百香果花紫
#88DD55	Lilliputian Lime	小人国石灰
#FCEBD8	Lilting Laughter	轻快的笑声
#C19FB3	Lily	百合
#EEC7D6	Lily Legs	百合腿
#9191BB	Lily of the Nile	百合尼罗
#E2E3D6	Lily of the Valley White	百合山谷白
#818F84	Lily Pad Pond	睡莲叶池塘
#6DB083	Lily Pads	睡莲叶
#DEEAD8	Lily Pond	百合池塘
#55707F	Lily Pond Blue	百合池塘蓝
#E6E6BC	Lily Scent Green	百合香绿
#F5DEE2	Lily the Pink	百合粉
#E0E1C1	Lilylock	百合花
#A9F971	Lima	利马
#E1D590	Lima Bean	利马豆
#88BE69	Lima Bean Green	利马豆绿
#B1B787	Lima Green	利马绿
#7AAC21	Lima Sombrio	利马松布里奥
#988870	Limbert Leather	林伯特皮革
#AAFF32	Lime	青柠
#F4F2D3	Lime Blossom	青柠花
#DAE3D0	Lime Cake	青柠蛋糕
#AAFF00	Lime Candy Pearl	青柠糖果珍珠
#E5DDC8	Lime Chalk	青柠粉笔
#E6EFCC	Lime Coco Cake	青柠可可蛋糕
#D0E3AD	Lime Cream	青柠奶油
#DDE6D7	Lime Daiquiri	青柠代基里酒
#C2ECBC	Lime Dream	青柠梦
#EAC13D	Lime Drop	青柠滴
#CFE838	Lime Fizz	青柠气泡
#D2E3CC	Lime Flip	石灰翻转
#E1ECD9	Lime Glow	青柠辉光
#DCE1B8	Lime Granita	石灰格兰尼塔
#8EAD2C	Lime Green	青柠绿
#CDAEA5	Lime Hawk Moth	青柠隼蛾
#D1DD86	Lime Ice	青柠冰
#8CA94A	Lime It or Leave It	石灰它或离开它
#E3FF00	Lime Jelly	青柠果冻
#E7E4D3	Lime Juice	青柠汁
#E5E896	Lime Juice Green	青柠汁绿
#BEFD73	Lime Lightning	青柠闪电
#ABD35D	Lime Lizard	青柠蜥蜴
#B4BD7A	Lime Lollipop	青柠棒棒糖
#E6ECD6	Lime Meringue	青柠蛋白霜
#DDFFAA	Lime Mist	青柠薄雾
#00FF0D	Lime on Steroides	柠檬类固醇
#95C577	Lime Parfait	青柠冻糕
#C6C191	Lime Peel	青柠皮
#B6848C	Lime Pink	青柠粉
#CCCB2F	Lime Pop	青柠流行
#C1DB3B	Lime Popsicle	青柠冰棒
#C0D725	Lime Punch	青柠宾治
#B5CE08	Lime Rasp	石灰锉刀
#AFB96A	Lime Rickey	石灰瑞奇
#CDD78A	Lime Sherbet	青柠果子露
#1DF914	Lime Shot	青柠一饮
#F0FDED	Lime Slice	青柠片
#7AF9AB	Lime Soap	青柠皂
#BEE5BE	Lime Sorbet	青柠冰糕
#C6CD7D	Lime Sorbet Green	青柠冰糕绿
#CFDB8D	Lime Splash	青柠飞溅
#DAE1CF	Lime Spritz	青柠雪碧
#BAD1B5	Lime Taffy	青柠太妃糖
#EBE734	Lime Time	青柠时光
#D8D06B	Lime Tree	青柠树
#C6D624	Lime Twist	青柠扭
#E9E4DF	Lime White	青柠白
#D0FE1D	Lime Yellow	青柠黄
#DDFF00	Lime Zest	青柠皮
#E8E2D0	Lime-Washed	石灰水洗
#5F9727	Limeade	柠檬水
#747D63	Limed Ash	石灰灰
#AC8A56	Limed Oak	石灰橡木
#394851	Limed Spruce	石灰云杉
#CFC9C0	Limed White	石灰白
#EEE96B	Limelight	聚光灯
#F8B109	Lime?o Limón	柠檬柠檬
#76857B	Limerick	利默里克
#E0D4B7	Limescent	石灰光
#F2EABF	Limesicle	石灰冰
#DCD8C7	Limestone	石灰岩
#A5AF9D	Limestone Green	石灰岩绿
#D6D7DB	Limestone Mauve	石灰岩淡紫
#CFD9D4	Limestone Path	石灰岩径
#F9F6DB	Limestone Quarry	石灰石采石场
#C5E0BD	Limestone Slate	石灰岩石板
#A7CCA4	Limestoned	石灰石
#8E9A21	Limetta	利梅塔
#DBD5CB	Limewash	石灰水
#BBB875	Liminal Yellow	阈黄
#DAD79B	Liminality	阈限
#EAECB9	Limited Lime	限量石灰
#F0DDB8	Limitless	无限
#4B4950	Limo-Scene	豪华轿车场景
#F3E0DB	Limoge Pink	利摩日粉色
#243F6C	Limoges	利摩日
#97B73A	Limolicious	青柠美味
#F7EB73	Limon	柠檬
#CEBC55	Limón Fresco	鲜柠檬
#11DD66	Limonana	柠檬柠檬
#BFFF00	Limoncello	柠檬酒
#D6C443	Limone	柠檬
#BE7F51	Limonite	褐铁矿
#4B4433	Limonite Brown	褐铁矿棕
#535F62	Limousine Grey Blue	豪华轿车灰蓝色
#3B3C3B	Limousine Leather	豪华轿车皮革
#90DCD9	Limpet Shell	帽贝
#CDC2CA	Limpid Light	清澈的光
#FEFC7E	Limuyi Yellow	里木依黄
#195905	Lincoln Green	林肯·格林
#E3E6DA	Lincolnshire Sausage	林肯郡香肠
#C1B76A	Linden Green	椴绿
#8E9985	Linden Spear	椴树矛
#229922	Linderhof Garden	林德霍夫花园
#172808	Lindworm Green	林虫绿
#F8F3DA	Line Dried	晾干
#F5EDED	Line Dried Sheets	晾晒床单
#4C3430	Lineage	血统
#164975	Linear	线性
#FAF0E6	Linen	亚麻
#D9BCA9	Linen Cloth	亚麻布
#466163	Linen Grey	亚麻灰
#EFEBE3	Linen Ruffle	亚麻荷叶边
#B4D6E5	Lingerie Blue	内衣蓝色
#E6DEF0	Lingering Lilac	挥之不去的丁香
#858381	Lingering Storm	挥之不去的风暴
#FF255C	Lingonberry	越橘
#A95657	Lingonberry Punch	越橘潘趣酒
#CE4458	Lingonberry Red	越橘红
#778290	Link	链接
#01A049	Link Green	链接绿
#7F7E72	Link Grey	链接灰色
#D2B48C	Link to the Past	链接到过去
#C7CDD8	Link Water	链接水
#3EAF76	Link’s Awakening	林克的觉醒
#C2ABC4	Linnea Blossom	林内花
#C3BCB3	Linnet	红雀
#FFCCDD	Linnet Egg Red	红雀蛋红
#427C9D	Linoleum Blue	油毡蓝
#3AA372	Linoleum Green	油毡绿
#B0A895	Linseed	亚麻籽
#ADB28D	Lint	棉绒
#C19A62	Lion	狮
#F9CDA4	Lion Cub	小狮子
#DD9933	Lion King	狮王
#DBD1B9	Lion of Hadrian	哈德良之狮
#EEAA66	Lion of Menecrates	梅尼克拉特之狮
#81522E	Lion’s Lair	狮子巢穴
#E8AF49	Lion’s Mane	狮子鬃毛
#946B41	Lion’s Mane Blonde	狮鬃金发
#F5DAB3	Lion’s Roar	狮子吼
#BB9252	Lion’s Slumber	狮子的沉睡
#E0AF47	Lioness	母狮
#A3A5AA	Lionfish	狮子鱼
#E03C28	Lionfish Red	狮子鱼红
#D5B60A	Lionhead	狮头
#CC2222	Lionheart	狮心王
#DFCDC7	Lip Gloss	唇彩
#D16A68	Lippie	莉皮
#FBCEB1	Lips of Apricot	唇杏
#C95B83	Lipstick	口红
#D4696D	Lipstick Illusion	口红错觉
#BD7F8A	Lipstick Pink	口红粉色
#C0022F	Lipstick Red	口红
#61394B	Liqueur Red	利口酒红
#55B7CE	Liquid Blue	液态蓝
#2D3796	Liquid Denim	液态牛仔蓝
#FDC675	Liquid Gold	液态金
#3B7A5F	Liquid Green Stuff	液体绿色的东西
#CEDFE0	Liquid Hydrogen	液氢
#F77511	Liquid Lava	液态熔岩
#CDF80C	Liquid Lime	液态青柠
#757A80	Liquid Mercury	液态汞
#C8FF00	Liquid Neon	液态霓虹
#F3F3F4	Liquid Nitrogen	液氮
#0A0502	Liquorice	甘草
#2A4041	Liquorice Green	甘草绿
#740900	Liquorice Red	甘草红
#222200	Liquorice Root	甘草根
#B53E3D	Liquorice Stick	甘草棍
#E2C28D	Lira	里拉
#423921	Lisbon Brown	里斯本棕
#FFFB00	Lisbon Lemon	里斯本柠檬
#DD5511	Liselotte Syrup	利瑟洛特糖浆
#DE6FA1	Liseran Purple	利瑟兰紫
#FFFED8	Lit	点亮
#D6E8E1	Lit’l Buoy Blew	小浮标爆炸了
#E5DFCF	Litewood	莱特伍德
#53626E	Lithic Sand	石砂
#9895C5	Litmus	石蕊
#F8B9D4	Little Baby Girl	小婴儿女孩
#604B42	Little Bear	小熊
#B6D3C5	Little Beaux Blue	小美女蓝
#43484B	Little Black Dress	小黑裙
#8AC5BA	Little Blue Box	小蓝盒
#3C4378	Little Blue Heron	小蓝鹭
#D37C99	Little Bow Pink	小蝴蝶结粉色
#C7D8DB	Little Boy Blu	小男孩布鲁
#6495DA	Little Boy Blue	小男孩蓝
#E4E6EA	Little Dipper	小北斗
#EBE0CE	Little Dove	小鸽
#FF1414	Little Ladybug	小瓢虫
#EAE6D7	Little Lamb	小羊羔
#6A9A8E	Little League	少年棒球联盟
#E0D8DF	Little Lilac	小丁香紫
#2D454A	Little Mermaid	小美人鱼
#F4EFED	Little Pinky	小粉红
#A6D1EB	Little Pond	小池塘
#E6AAC1	Little Princess	小公主
#E50102	Little Red Corvette	小红克尔维特
#F8D0E8	Little Smile	小微笑
#DAE9D6	Little Sprout	小芽
#F7C85F	Little Sun Dress	小太阳裙
#73778F	Little Theatre	小剧场
#E7CFE8	Little Touch	小触感
#A4A191	Little Valley	小山谷
#87819B	Live Jazz	现场爵士乐
#CECEBD	Liveable Green	宜居绿色
#FFDFB9	Liveliness	热闹
#E67C7A	Lively Coral	活泼珊瑚
#B3AE87	Lively Ivy	活泼常春藤
#E1DD8E	Lively Laugh	活泼的笑声
#816F7A	Lively Lavender	活泼薰衣草紫
#A18899	Lively Light	活泼浅
#9096B7	Lively Lilac	活泼丁香紫
#BEB334	Lively Lime	活泼青柠
#C8D8E5	Lively Tune	活泼的曲调
#F7F3E0	Lively White	活泼白
#FFE9B1	Lively Yellow	活泼黄
#654A46	Liver	肝脏
#513E32	Liver Brown	肝棕色
#987456	Liver Chestnut	肝栗子
#A8D275	Livery Green	制服绿色
#6688CC	Livid	脸色铁青
#312A29	Livid Brown	青褐色
#B8E100	Livid Lime	青柠色
#FF6A52	Living Coral	活珊瑚橘
#C87163	Living Large	生活大
#37708C	Living Stream	直播流
#A39880	Livingston	利文斯顿
#CBCBBB	Livingstone	利文斯顿
#7B6943	Lizard	蜥蜴
#CCCC33	Lizard Belly	蜥蜴腹
#EDBB32	Lizard Breath	蜥蜴呼吸
#795419	Lizard Brown	蜥蜴棕
#7F6944	Lizard Legs	蜥蜴腿
#917864	Llama Wool	羊驼羊毛
#C35B99	Llilacquered	紫丁香漆
#DBD9C2	Loafer	乐福鞋
#443724	Loam	壤土
#9FC8B2	Lobaria Lichen	洛巴里亚地衣
#A780B2	Lobby Lilac	大堂丁香
#7498BE	Lobelia	半边莲
#B3BBB7	Loblolly	火炬手
#BB240C	Lobster	龙虾
#DB8981	Lobster Bisque	龙虾浓汤
#A73836	Lobster Brown	龙虾棕
#CC8811	Lobster Butter Sauce	龙虾黄油酱
#CB9E34	Local Curry	当地咖喱
#609795	Loch Blue	蓝湖
#DFE5BF	Loch Modan Moss	洛克莫丹苔藓
#5F6DB0	Loch Ness	尼斯湖
#489084	Lochinvar	洛钦瓦尔
#316EA0	Lochmara	洛赫马拉
#BE9AA2	Lockhart	洛克哈特
#988171	Locomotion	运动
#A2A580	Locust	蝗虫
#7D6546	Loden Blanket	洛登毯子
#788F74	Loden Frost	洛登弗罗斯特
#747A59	Loden Green	洛登格林
#553A76	Loden Purple	洛登紫
#B68B13	Loden Yellow	洛登黄
#ACA690	Lodgepole Pines	洛奇波尔松树
#DCCAB7	Loft Light	阁楼灯
#CBCECD	Loft Space	阁楼空间
#D9A9C6	Lofty Delight	崇高的喜悦
#705A46	Log Cabin	小木屋
#9D9CB4	Logan	洛根
#5F4B6F	Loganberry	洛甘伯里
#C4B7A5	Loggia	凉廊
#E1EBDE	Loggia Lights	凉廊灯
#577042	Loire Valley	卢瓦尔河谷
#E7CD8B	Lol Yellow	哈哈黄
#B9ACBB	Lola	萝拉
#BF2735	Lolita	洛丽塔
#D91E3F	Lollipop	棒棒糖
#FD978F	Lolly	棒棒糖
#A6DAD0	Lolly Ice	棒棒糖
#CDCCCF	London Calling	伦敦的召唤
#BAB0AC	London Coach	伦敦教练
#9D988C	London Fog	伦敦雾
#666677	London Grey	伦敦灰
#AE94AB	London Hue	伦敦色调
#D1DCE4	London Lights	伦敦光
#0055BB	London Rain	伦敦雨
#7F878A	London Road	伦敦路
#7F909D	London Square	伦敦广场
#A89F94	London Stones	伦敦宝石
#94C84C	Lone Hunter	孤独猎人
#575A44	Lone Pine	孤松
#4A0A00	Lonely Chocolate	孤独的巧克力
#947754	Lonely Road	寂寞路
#522426	Lonestar	孤星
#FAEFDF	Long Beach	长滩
#A1759C	Long Forgotten Purple	久被遗忘的紫色
#95D0FC	Long Island Sound	长岛海峡
#68757E	Long Lake	长湖
#C97586	Long Spring	长泉
#425A5E	Long Water	长水
#002277	Long-Haul Flight	长途航班
#BD7A33	Longan	龙眼
#442117	Longan’s Kernel	龙眼仁
#CECEAF	Longbeard Grey	长胡子灰
#60513A	Longboat	长船
#90B1A3	Longfellow	朗费罗
#D88E5F	Longhorn	长角牛
#4B9F5D	Longing for Nature	向往自然
#ADD5E4	Longitude	经度
#EBD84B	Longlure Frogfish	长饵躄鱼
#77928A	Longmeadow	朗梅多
#E3D3B5	Loofah	丝瓜
#FEBF01	Look at the Bright Side	看看光明的一面
#888786	Looking Glass	镜子
#454151	Loom of Fate	命运织机
#2E6676	Loon Turquoise	潜鸟绿松石
#11FFFF	Looney Blue	卢尼蓝
#CBC0B3	Loophole	漏洞
#84613D	Loose Leather	宽松皮革
#AE7C4F	Loquat Brown	枇杷棕
#B76764	Lord Baltimore	巴尔的摩勋爵
#664488	Lords of the Night	夜之领主
#50702D	Loren Forest	罗伦森林
#8EBCBD	Lorian	洛里安
#658477	Lorna	洛娜
#8D9CA7	Lost at Sea	失落海
#5F7388	Lost Atlantis	失落的亚特兰蒂斯
#998E7A	Lost Canyon	失落峡谷
#74AF54	Lost Golfer	迷失的高尔夫球手
#002489	Lost in Heaven	失落天堂
#DEE8E1	Lost in Istanbul	迷失在伊斯坦布尔
#151632	Lost in Sadness	迷失在悲伤中
#03386A	Lost in Space	失落太空
#014426	Lost in the Woods	失落树林
#9FAFBD	Lost in Time	失落时光
#C2EBD1	Lost Lace	失落蕾丝
#B5ADB5	Lost Lake	失落湖
#8D828C	Lost Lavender Somewhere	某处迷失的薰衣草
#E5D7D4	Lost Love	失落爱
#08457E	Lost River	失落河
#929591	Lost Soul Grey	失落灵魂灰
#969389	Lost Space	失落太空
#887A6E	Lost Summit	失落顶峰
#6699CC	Lothern Blue	洛瑟恩蓝
#FEFDFA	Lotion	乳液
#E5ECB7	Lots of Bubbles	很多泡泡
#768371	Lottery Winnings	彩票中奖
#E40046	Lotti Red	洛蒂红
#8B504B	Lotus	莲花
#F4F0DA	Lotus Flower	莲花
#93A79E	Lotus Leaf	莲花叶
#F2E9DC	Lotus Petal	莲花花瓣
#E7D7C2	Lotus Pod	莲蓬
#D1717B	Lotus Red	莲花红
#64EB65	Loud Green	响亮的绿色
#88FF22	Loud Lime	响亮的石灰
#D92FB4	Loudicious Pink	响亮的粉红色
#655856	Louisiana Mud	路易斯安那泥浆
#4C3347	Loulou	楼楼
#BB2288	Loulou’s Purple	露露紫
#8BA97F	Lounge Green	休息室绿色
#563E31	Lounge Leather	休闲皮革
#5E336D	Lounge Violet	休息室紫罗兰
#DDC3A4	Louvre	卢浮宫
#C87570	Lovable	可爱
#98B1A6	Lovage Green	欧当归绿
#FFBEC8	Love Affair	风流韵事
#E5A5B1	Love at First Sight	一见钟情
#C6D0E3	Love Crystal	爱水晶
#EB94DA	Love Dust	爱尘
#CD0106	Love for All	爱
#FDD0D5	Love Fumes	爱烟
#CD0D0D	Love Goddess	爱女神
#E1B9C2	Love in a Mist	爱薄雾
#CC1155	Love Juice	爱汁
#E4658E	Love Letter	情书
#C54673	Love Lord	爱主
#A06582	Love Poem	爱情诗
#CE145E	Love Potion	爱药水
#BB55CC	Love Priestess	爱神女
#FF496C	Love Red	爱红
#DD8877	Love Sceptre	爱情权杖
#F8B4C4	Love Spell	爱咒语
#CE1D51	Love Surge	爱情涌动
#EE0099	Love Vessel	爱情容器
#AEAEB7	Love-Struck Chinchilla	失恋的龙猫
#F0C1C6	Loveable	可爱
#C76A77	Lovebirds	爱情鸟
#C8ABA8	Lovebug	爱虫
#EEBBEE	Lovecloud	爱云
#E6718D	Loveland	拉夫兰
#A69A5C	Loveliest Leaves	最可爱的叶子
#F7D6D8	Lovelight	爱莱特
#E2D0B3	Lovely Bluff	可爱崖
#F9D8E4	Lovely Breeze	可爱微风
#FFEEFF	Lovely Euphoric Delight	可爱的欣快感
#F4DBDC	Lovely Harmony	可爱的和谐
#D6D2DD	Lovely Lavender	可爱薰衣草紫
#E9DD22	Lovely Lemonade	可爱柠檬水
#A7B0CC	Lovely Lilac	可爱丁香紫
#DBCEAC	Lovely Linen	可爱亚麻
#E35F66	Lovely Little Rosy	可爱小绯红
#D8BFD4	Lovely Pink	可爱粉
#D0C6B5	Lover’s Hideaway	情人隐居处
#8F3B3D	Lover’s Kiss	情人之吻
#F2DBDB	Lover’s Knot	情人结
#957E68	Lover’s Leap	情人之跃
#F4CED8	Lover’s Retreat	情人静修处
#B48CA3	Lover’s Tryst	情人的幽会
#5A6141	Lovers Pine	恋人松
#6A2E36	Lovestruck	痴情
#99D1A4	Low Tide	退潮
#E0EFE3	Lower Green	低绿
#DCDFEF	Lower Lavender	下薰衣草
#E2D6D8	Lower Lilac	下丁香
#E6F1DE	Lower Lime	下莱姆
#E0DCD8	Lower Linen	下层亚麻布
#F7468A	Lower Lip	下唇
#EC9079	Lox	洛克斯
#01455E	Loyal Blue	忠诚蓝
#4E6175	Loyalty	忠诚度
#02C14D	Lǜ Sè Green	LǜSè绿
#989746	Luau Green	卢奥绿
#0B83B5	Lucario Blue	路卡利欧蓝
#7CAFE1	Lucea	卢西
#00FF33	Lucent Lime	朗讯青柠
#E4D0A5	Lucent Yellow	朗讯黄
#77B87C	Lucerne	卢塞恩
#7E8D9F	Lucid Blue	透明蓝
#632F92	Lucid Dreams	清醒梦
#1E4469	Lucidity	清醒
#A6BBB7	Lucinda	露辛达
#BAA2CE	Lucius Lilac	卢修斯·丁香
#547839	Luck of the Irish	爱尔兰人的运气
#AB9A1C	Lucky	幸运
#93834B	Lucky Bamboo	幸运竹
#008400	Lucky Clover	幸运三叶草
#929A7D	Lucky Day	幸运白天
#D3C8BA	Lucky Dog	幸运狗
#F4ECD7	Lucky Duck	幸运鸭
#238652	Lucky Green	幸运绿
#777777	Lucky Grey	幸运灰
#9ACD32	Lucky Lime	幸运青柠
#CC3322	Lucky Lobster	幸运龙虾
#FF7700	Lucky Orange	幸运橙
#BC6F37	Lucky Penny	幸运便士
#292D4F	Lucky Point	幸运点
#EFEAD8	Lucky Potato	幸运土豆
#487A7B	Lucky Shamrock	幸运三叶草绿
#FAD9DA	Lucky You	幸运
#91B2BC	Lucy Blue	露西蓝
#BB8877	Ludicrous Lemming	可笑的旅鼠
#EBDAC0	Ludlow Beige	勒德洛米色
#F7A58B	Lugganath Orange	卢加纳特橙
#4CBB17	Luigi	路易吉
#C3D5E8	Lull Wind	微风
#CBD4D4	Lullaby	摇篮曲
#FFE4CD	Lumber	木材
#9D4542	Lumberjack	伐木工
#FFFEED	Luminary	发光体
#DEE799	Luminary Green	明亮绿
#A4DDE9	Luminescent Blue	夜光蓝
#769C18	Luminescent Green	夜光绿
#B9FF66	Luminescent Lime	发光石灰
#F984EF	Luminescent Pink	夜光粉红
#CAFFFB	Luminescent Sky	发光的天空
#ECBF55	Luminous Apricot	夜光杏
#BF8FE5	Luminous Lavender	夜光薰衣草紫
#BBAEB9	Luminous Light	夜光浅
#CDDED5	Luminous Mist	夜光薄雾
#DC6C84	Luminous Pink	夜光粉
#FEE37F	Luminous Yellow	夜光黄
#4E5154	Lump of Coal	煤块
#D4D8CE	Luna	月
#C1E0C8	Luna Green	月绿
#C2CECA	Luna Light	月浅
#ECEAE1	Luna Moon	月月
#70C1C9	Luna Moona	卢娜·穆娜
#414D62	Luna Pier	月栈桥
#686B67	Lunar Basalt	月球玄武岩
#878786	Lunar Base	月基地
#CCCCDD	Lunar Dust	月尘
#415053	Lunar Eclipse	月食
#868381	Lunar Federation	月球联邦
#4E5541	Lunar Green	月绿
#DECE9E	Lunar Lander	月球着陆器
#D2CFC1	Lunar Landing	登月
#938673	Lunar Launch Site	月球发射场
#9B959C	Lunar Light	月浅
#FBF4D6	Lunar Luxury	月球奢华
#828287	Lunar Outpost	月球前哨站
#CACED2	Lunar Rays	月光
#C5C5C5	Lunar Rock	月岩石
#707685	Lunar Shadow	月暗影
#B6B9B6	Lunar Surface	月球表面
#6F968B	Lunar Tide	月潮汐
#F7E7CD	Lunaria	月月
#DDAA88	Lunatic Lynx	疯狂山猫
#76FDA8	Lunatic Sky Dancer	疯狂的天空舞者
#F2CA95	Lunch Box	饭盒
#D0C8C6	Lunette	鲁内特
#D1E0E9	Lupin Grey	羽扇豆灰
#BE9CC1	Lupine	羽扇豆
#6A96BA	Lupine Blue	羽扇豆蓝
#B4F319	Lurid Lettuce	鲜艳的生菜
#FF33EE	Lurid Pink	鲜艳的粉红色
#FF4505	Lurid Red	艳红
#903D49	Luscious	甘美
#049945	Luscious Green	甘美绿
#D7C8A4	Luscious Latte	甘美拿铁
#696987	Luscious Lavender	甘美薰衣草紫
#BBCC22	Luscious Leek	甘美韭葱
#EEBD6A	Luscious Lemon	甘美柠檬
#517933	Luscious Lemongrass	甘美柠檬草
#91A673	Luscious Lime	甘美青柠
#C5847C	Luscious Lobster	甘美龙虾
#605C71	Luscious Purple	甘美紫
#C5BDA0	Lush	繁茂
#004466	Lush Aqua	繁茂水色
#AFBB33	Lush Bamboo	繁茂竹
#88AA77	Lush Fields	繁茂原野
#008811	Lush Garden	繁茂花园
#468D45	Lush Grass	繁茂草
#BBEE00	Lush Green	繁茂绿
#7FF23E	Lush Greenery	郁郁葱葱的绿色植物
#7A9461	Lush Highlands	郁郁葱葱的高地
#FCA81B	Lush Honeycomb	郁郁葱葱的蜂窝
#6C765C	Lush Hosta	郁郁葱葱的玉簪
#E9F6E0	Lush Life	繁茂生命
#9D7EB7	Lush Lilac	繁茂丁香紫
#A091B7	Lush Mauve	繁茂淡紫
#007351	Lush Meadow	繁茂草地
#2E7D32	Lush Paradise	繁茂天堂
#22BB22	Lush Plains	郁郁葱葱的平原
#7B8476	Lush Sage	繁茂鼠尾草
#54A64D	Lush Un’goro Crater	郁郁葱葱的安戈洛火山口
#E62020	Lust	欲望
#BB3388	Lust Priestess	情欲女祭司
#CC4499	Lustful Wishes	淫荡的愿望
#BECE61	Lustre Green	光泽绿
#F4F1EC	Lustre White	光泽白
#415A09	Lustrian Undergrowth	露丝契亚灌木丛
#E6DA78	Lustrous Yellow	光泽黄
#8D5EB7	Lusty Lavender	活力薰衣草
#D5174E	Lusty Lips	性感的嘴唇
#00BB11	Lusty Lizard	精力旺盛的蜥蜴
#E26D28	Lusty Orange	活力橙
#B1383D	Lusty Red	活力红
#EFAFA7	Lusty Salmon	活力三文鱼
#FFCCCC	Lusty-Gallant	精力旺盛
#516582	Luxe Blue	奢华蓝
#C3BAB0	Luxe Grey	奢华灰
#A8A3B1	Luxe Lilac	奢华丁香色
#BDE9E5	Luxor Blue	卢克索蓝
#AB8D3F	Luxor Gold	卢克索黄金
#D4B75D	Luxurious	豪华
#365F8C	Luxurious Blue	奢华蓝
#88EE22	Luxurious Lime	豪华石灰
#863A42	Luxurious Red	奢华红
#818EB1	Luxury	豪华
#384172	Lviv Blue	利沃夫蓝
#0182CC	Lvivian Rain	利维维亚雨
#ADCF43	Lyceum	兰心学院
#CD0C41	Lychee	荔枝
#C3A5A5	Lychee Berry	荔枝莓
#F7F2DA	Lychee Pulp	荔枝浆
#9E9478	Lye	碱液
#7F6B5D	Lye Tinted	碱液染色
#E5C7B9	Lyman Camellia	莱曼茶花
#697D89	Lynch	林奇
#604D47	Lynx	山猫
#2CB1EB	Lynx Screen Blue	山猫屏蓝
#F7F7F7	Lynx White	山猫白
#005E76	Lyons Blue	里昂蓝
#0087AD	Lyrebird	琴鸟
#728791	Lyric Blue	抒情蓝
#72696F	Lythrum	千屈菜
#B4023D	M. Bison	拜森将军红
#F4F7FD	Mā White	Mā白
#001C3D	Maastricht Blue	马斯特里赫特蓝
#CBE8E8	Mabel	梅布尔
#E4B070	Mac N Cheese	通心粉奶酪
#880033	Macabre	令人毛骨悚然
#E1CCAF	Macadamia	澳洲坚果
#F7DFBA	Macadamia Beige	澳洲坚果米色
#BBA791	Macadamia Brown	澳洲坚果棕
#EEE3DD	Macadamia Nut	澳洲坚果
#F3D085	Macaroni	通心粉
#FFB97B	Macaroni and Cheese	通心粉奶酪
#B38B71	Macaroon	马卡龙
#FEE8D6	Macaroon Cream	马卡龙奶油
#F75280	Macaroon Rose	马卡龙玫红
#46C299	Macau	澳门
#FFBD24	Macaw	金刚鹦鹉
#9CAD3B	Macaw Green	金刚鹦鹉绿
#928168	Macchiato	玛奇朵
#DD4400	Macharius Solar Orange	马卡里乌斯太阳橙
#A6A23F	Machine Green	机绿
#454545	Machine Gun Metal	机枪金属
#F1E782	Machine Oil	机油
#9999AA	Machinery	机械
#99BB33	Machu Picchu Gardens	马丘比丘花园
#BFAE5B	Mack Creek	麦克溪
#007D82	Macquarie	麦格理
#004577	Macragge Blue	马库拉格蓝
#ADA5A3	Maculata Bark	斑斑树皮
#EDA69E	Mad About Maddie	为麦迪而疯狂
#94508E	Mad About Magenta	为洋红色着迷
#A9324B	Mad About You	为你疯狂
#F8A200	Mad for Mango	疯狂芒果
#9D8544	Madagascar	马达加斯加
#D194A1	Madagascar Pink	马达加斯加粉红
#7CA7CB	Madam Butterfly	蝴蝶女士
#B5ADB4	Madame Mauve	莫芙夫人
#B7E3A8	Madang	马当
#754C50	Madder	茜草
#B5B6CE	Madder Blue	茜草蓝
#783738	Madder Brown	茜草棕
#CC3336	Madder Lake	茜草湖
#80496E	Madder Magenta	茜草品红
#F1BEB0	Madder Orange	茜草橙
#B7282E	Madder Red	茜草红
#EEBBCB	Madder Rose	茜草玫红
#6B717A	Made in the Shade	在阴凉处制造
#5B686F	Made of Steel	钢制
#8F4826	Madeira Brown	马德拉酒棕
#F504C9	Mademoiselle Pink	粉红小姐
#EED09D	Madera	马德拉
#2D3C54	Madison	麦迪逊
#3D3E3E	Madison Avenue	麦迪逊大道
#3F4250	Madonna	麦当娜
#71B5D1	Madonna Blue	麦当娜蓝
#EEE6DB	Madonna Lily	麦当娜莉莉
#473E23	Madras	马德拉斯
#9AC3DA	Madras Blue	马德拉斯蓝
#ECBF9F	Madrid Beige	马德里米色
#8F003A	Madrile?o Maroon	马德里栗色
#FF00FF	Magenta	品红
#AA44DD	Magenta Affair	品红韵事
#FF55A3	Magenta Crayon	品红蜡笔
#CA1F7B	Magenta Dye	品红染料
#DE0170	Magenta Elephant	品红象
#ED24ED	Magenta Fizz	品红气泡
#A44775	Magenta Haze	品红霾
#513D3C	Magenta Ink	品红墨
#983166	Magenta Manicure	洋红色美甲
#B4559B	Magenta Memoir	洋红色回忆录
#CC338B	Magenta Pink	品红粉
#762A54	Magenta Purple	品红紫
#913977	Magenta Red	品红
#62416D	Magenta Red Lips	品红唇
#FA5FF7	Magenta Stream	品红溪流
#BB989F	Magenta Twilight	品红暮光
#6C5389	Magenta Violet	品红紫罗兰
#CF3476	Magentarama	玛根达拉玛
#D521B8	Magentella	马根特拉
#AA11AA	Magentle	马根特尔
#AA22BB	Magentleman	马根特曼
#BF3CFF	Magento	品红托
#DDEEE2	Maggie’s Magic	玛吉的魔法
#656B78	Magic	魔法
#44DD00	Magic Blade	魔法之刃
#3E8BAA	Magic Blue	魔法蓝
#9488BE	Magic Carpet	魔毯
#817C85	Magic Dust	魔法尘
#1F75FF	Magic Fountain	魔法喷泉
#8E7282	Magic Gem	魔法宝石
#0247FE	Magic Ink	魔法墨
#C2A260	Magic Lamp	神灯
#7F4774	Magic Magenta	魔法品红
#A5887E	Magic Malt	魔法麦芽
#DE9851	Magic Melon	魔法瓜
#3F3925	Magic Metal	魔法金属
#AAF0D1	Magic Mint	魔法薄荷
#757CAF	Magic Moment	魔法时刻
#717462	Magic Mountain	魔法山
#3A3B5B	Magic Night	魔法夜
#FF4466	Magic Potion	魔法药水
#598556	Magic Sage	魔法鼠尾草
#E0D2BA	Magic Sail	魔法帆
#CCC9D7	Magic Scent	魔法香
#544F66	Magic Spell	魔法咒语
#C3D9E4	Magic Wand	魔法棒
#17034A	Magic Whale	魔法鲸
#C1CEDA	Magical	神奇
#FF7A8F	Magical Girl	魔法少女
#22CC88	Magical Malachite	神奇孔雀石
#BAA3A9	Magical Mauve	神奇淡紫
#E9E9D0	Magical Melon	神奇瓜
#3D8ED0	Magical Merlin	魔法梅林
#F0EEEB	Magical Moonlight	神奇月光
#EAEADB	Magical Stardust	魔法星尘
#784467	Magician’s Cloak	魔术师斗篷
#FF4E01	Magma	岩浆
#DD0066	Magna Cum Laude	优等生
#64BFDC	Magnesia Bay	马格尼西亚湾
#C1C2C3	Magnesium	镁
#525054	Magnet	磁铁
#697987	Magnet Dapple	磁铁斑点
#B2B5AF	Magnetic	磁性
#054C8A	Magnetic Blue	磁蓝
#2B6867	Magnetic Green	磁绿
#838789	Magnetic Grey	磁灰色
#3FBBB2	Magnetic Magic	磁力魔法
#AA1D8E	Magneto’s Magenta	万磁王的洋红色
#7F556F	Magnificence	宏伟
#EE22AA	Magnificent Magenta	华丽的洋红色
#AE8D7B	Magnitude	震级
#FFF9E4	Magnolia	木兰
#F4E7CE	Magnolia Blossom	木兰花
#F7EEE3	Magnolia Petal	木兰花瓣
#ECB9B3	Magnolia Pink	木兰粉
#F6E6CB	Magnolia Spray	木兰浪花
#F4F2E7	Magnolia Spring	木兰春
#D8BFC8	Magnolia White	木兰白
#003686	Magnus Blue	马格努斯蓝
#69475A	Magos	贤者
#4C4B45	Magpie	喜鹊
#3F354F	Maharaja	大君
#C04000	Mahogany	桃花心木
#812308	Mahogany Brown	桃花心木棕
#AA5511	Mahogany Finish	桃花心木饰面
#C39D90	Mahogany Rose	桃花心木玫红
#5B4646	Mahogany Spice	桃花心木辛香
#62788E	Mahonia Berry Blue	十大功劳浆果蓝
#A56531	Mai Tai	麦泰
#F5E9CA	Maiden Hair	处女发
#EFDCEB	Maiden of the Mist	雾中少女号
#FF2FEB	Maiden Pink	少女粉红
#8AC7D4	Maiden Voyage	首航
#F3D3BF	Maiden’s Blush	少女脸红
#44764A	Maidenhair Fern	铁线蕨
#D8BAA6	Maiko	舞妓
#B79400	Main Mast Gold	主桅杆金色
#C2792B	Maine Coon Orange	缅因浣熊橙
#A95249	Maine-Anjou Cattle	缅因-安茹牛
#D9DFE2	Mainsail	主帆
#2A2922	Maire	梅尔
#D7D8DC	Mais Oui	麦斯奥伊
#DFD2BF	Maison Blanche	布兰奇之家
#BB9B7D	Maison de Campagne	康帕尼庄园
#E5F0D9	Maison Verte	绿屋
#F4D054	Maize	玉米
#FBEC5E	Maizena	梅泽纳
#5D4250	Majestic	雄伟
#3F425C	Majestic Blue	雄伟蓝
#F3BC80	Majestic Dune	雄伟沙丘
#443388	Majestic Eggplant	雄伟茄紫
#AD9A84	Majestic Elk	雄伟马鹿
#7D8878	Majestic Evergreen	雄伟常绿
#607535	Majestic Jungle	雄伟丛林
#EE4488	Majestic Magenta	雄伟品红
#555570	Majestic Magic	雄伟魔法
#7C8091	Majestic Mount	雄伟山
#447788	Majestic Mountain	雄伟山
#8D576D	Majestic Orchid	雄伟兰花紫
#806173	Majestic Plum	雄伟梅紫
#65608C	Majestic Purple	雄伟紫
#F2E9A5	Majestic Treasures	雄伟宝藏
#9D9AC4	Majestic Violet	雄伟紫罗兰
#673E6E	Majesty	威严
#FFAACC	Majin Bū Pink	魔人布粉红
#2D4B65	Majolica Blue	珐琅蓝
#976352	Majolica Earthenware	陶器
#AEB08F	Majolica Green	珐琅绿
#A08990	Majolica Mauve	淡紫珐琅器
#289EC4	Major Blue	主蓝色
#61574E	Major Brown	主棕色
#F246A7	Major Magenta	大洋红色
#001177	Major Tom	汤姆少校
#4A9C95	Majorca Blue	马略卡岛蓝
#808337	Majorca Green	马略卡岛绿色
#6050DC	Majorelle Blue	马约尔蓝
#337766	Majorelle Gardens	马约尔花园
#695F50	Makara	玛卡拉
#335F8D	Make-Up Blue	彩妆蓝
#88BB55	Makin It Rain	下雨了
#505555	Mako	马科
#6E2F2C	Makore Veneer Red	马科雷单板红
#688C43	Makrut Lime	马蜂橙青柠
#CFBEA9	Malabar	马拉巴尔
#0BDA51	Malachite	孔雀石
#0E4F4F	Malachite Blue Turquoise	孔雀石蓝青
#004E00	Malachite Green	孔雀石绿
#AB5871	Malaga	马拉加
#6E7D6E	Malarca	马拉卡
#B8D1D0	Malaysian Mist	马来西亚薄雾
#00BBDD	Maldives	马尔代夫
#D6CEC3	Male	男
#347699	Male Betta	雄性斗鱼
#BB6688	Malevolent Mauve	恶意淡紫
#66B7E1	Malibu	马里布
#C9C0B1	Malibu Beige	马里布米色
#00A9DA	Malibu Blue	马里布蓝
#E7CFC2	Malibu Coast	马里布海岸
#E7CEB5	Malibu Dune	马里布沙丘
#FDC8B3	Malibu Peach	马里布桃子
#FFF2D9	Malibu Sun	马里布太阳
#254855	Mallard	绿头鸭
#3F6378	Mallard Blue	野鸭蓝
#478865	Mallard Green	绿头鸭
#91B9C2	Mallard Lake	野鸭湖
#F8F2D8	Mallard’s Egg	野鸭蛋
#3A4531	Mallardish	野鸭
#517B95	Mallorca Blue	马略卡蓝
#F8EBDE	Mallow Root	锦葵根
#A7D7FF	Malm? FF	马尔默足球俱乐部
#DDCFBC	Malt	麦芽
#BBA87F	Malt Shake	麦芽奶昔
#A59784	Malta	马耳他
#DBC8C0	Malted	麦芽
#E8D9CE	Malted Milk	麦乳精
#BFD6C8	Malted Mint	麦芽薄荷
#11DDAA	Malted Mint Madness	麦芽薄荷疯狂
#551111	Mama Africa	非洲妈妈
#594F40	Mama Racoon	浣熊妈妈
#005E8C	Mamala Bay	玛马拉湾
#766D7C	Mamba	曼巴
#77AD3B	Mamba Green	曼巴绿
#FDD014	Mamba Yellow	曼巴黄
#EBA180	Mamey	玛米
#EE82EE	Mamie Pink	玛米粉红
#B00B1E	Mammary Red	乳红
#3B6A7A	Mammoth Mountain	猛犸山
#995522	Mammoth Wool	猛犸毛
#816045	Man Cave	人洞
#3C4C5D	Man Friday	男人星期五
#B09737	Mana	魔力
#4F7942	Mana Tree	魔力树
#94BBDA	Manakin	侏儒鸟
#8D90A1	Manatee	海牛
#65916D	Manchester	曼彻斯特
#504440	Manchester Brown	曼彻斯特棕
#992222	Manchester Nights	曼彻斯特之夜
#B57B2E	Mandalay	曼德勒
#A05F45	Mandalay Road	曼德勒路
#F37A48	Mandarin	柑橘
#EE9944	Mandarin Essence	柑橘精华
#FF8800	Mandarin Jelly	柑橘果冻
#EC6A37	Mandarin Orange	柑橘橙
#FF9F00	Mandarin Peel	柑橘皮
#E84F3C	Mandarin Red	柑橘红
#F1903D	Mandarin Rind	柑橘皮
#FFAE42	Mandarin Sorbet	柑橘冰糕
#F6E7E1	Mandarin Sugar	柑橘糖
#D8D4D3	Mandarin Tusk	獠牙
#97691E	Mandolin	曼陀林
#8889A0	Mandrake	曼德拉草
#C6C0A6	Mandu Dumpling	满都饺子
#CD525B	Mandy	曼迪
#F5B799	Mandys Pink	曼迪粉红
#F5B9D8	Manga Pink	漫画粉红
#E781A6	Mangala Pink	曼加拉粉红
#202F4B	Manganese Black	锰黑
#E52B50	Manganese Red	锰红
#9DBCD4	M?ngata	曼加塔
#FFA62B	Mango	芒果
#BB8434	Mango Brown	芒果棕
#FBEDDA	Mango Cheesecake	芒果芝士蛋糕
#FFB769	Mango Creamsicles	芒果冰棒
#96FF00	Mango Green	芒果绿
#F7BD8D	Mango Ice	芒果冰
#FFBB4D	Mango Latte	芒果拿铁
#FEB81C	Mango Loco	芒果疯子
#FD8C23	Mango Madness	芒果疯狂
#F7B74E	Mango Margarita	芒果玛格丽特
#D1A229	Mango Mojito	芒果莫吉托
#FFD49D	Mango Nectar	芒果花蜜
#FF8B58	Mango Orange	芒果橙
#FFB066	Mango Salsa	芒果莎莎酱
#8E6C39	Mango Squash	芒果南瓜
#FF8243	Mango Tango	芒果探戈
#383E5D	Mangosteen	山竹
#3A2732	Mangosteen Violet	山竹紫
#757461	Mangrove	红树林
#607C3D	Mangrove Leaf	红树林叶
#292938	Mangu Black	曼古黑
#B2896C	Mangy Moose	癞皮驼鹿
#E2AF80	Manhattan	曼哈顿
#404457	Manhattan Blue	曼哈顿蓝
#CCCFCF	Manhattan Mist	曼哈顿迷雾
#97908E	Mani	玛尼
#009000	Maniac Green	狂绿
#004058	Maniac Mansion	疯子大厦
#899888	Manifest	清单
#8A9BC2	Manifest Destiny	昭昭天命
#E7C9A9	Manila	马尼拉
#FF6E61	Manila Sunset	马尼拉日落
#FFE2A7	Manila Tint	马尼拉色彩
#DAC9B8	Manilla Rope	马尼拉绳
#5B92A2	Manitou Blue	曼尼通蓝
#CF7336	Mann Orange	曼橙
#FAE2BE	Manna	甘露
#EEDFDD	Mannequin	人体模型
#F6E5CE	Mannequin Cream	模特霜
#C19763	Mannered Gold	彬彬有礼的金子
#665D57	Manor House	庄园别墅
#FFBC02	Mantella Frog	曼特拉青蛙
#957840	Manticore Brown	蝎尾狮棕色
#DD7711	Manticore Wing	蝎尾翼
#74C365	Mantis	螳螂
#96A793	Mantle	地幔
#DCE2DF	Mantra	咒语
#881144	Manually Pressed Grapes	手工压榨葡萄
#AD900D	Manure	粪肥
#D1C9BA	Manuscript	手稿
#827E71	Manuscript Ink	手稿墨水
#E4DB55	Manz	曼兹
#9E8F6B	Manzanilla Olive	曼萨尼拉橄榄
#643C37	Manzanita	曼萨尼塔
#B88E72	Maple	枫
#FAD0A1	Maple Beige	枫米色
#A38E6F	Maple Brown Sugar	枫棕糖
#F6D193	Maple Elixir	枫丹药
#A76944	Maple Glaze	枫釉
#D17B41	Maple Leaf	枫叶
#E3D1BB	Maple Pecan	枫山核桃
#BF514E	Maple Red	枫红
#C1967C	Maple Sugar	枫糖
#BB9351	Maple Syrup	枫糖浆
#C88554	Maple Syrup Brown	枫糖浆棕
#D4A882	Maple Tan	枫棕褐
#B49161	Maple View	枫景
#FF2600	Maraschino	黑樱桃酒
#F3E5CB	Marble Dust	大理石尘
#646255	Marble Garden	大理石花园
#DEE2C7	Marble Grape	大理石葡萄
#8F9F97	Marble Green	大理石绿
#85928F	Marble Green-Grey	大理石绿-灰色
#E2DCD7	Marble Quarry	大理石采石场
#A9606E	Marble Red	大理石红
#F2F0E6	Marble White	大理石白
#E3DACF	March Breeze	三月微风
#D4CC00	March Green	三月绿
#FF750F	March Hare Orange	三月兔橙
#D8CDC5	March Ice	三月冰
#9A7276	March Pink	三月粉
#D4C978	March Tulip Green	三月郁金香绿
#BAB9B6	March Wind	三月风
#F1D48A	March Yellow	三月黄
#880085	Mardi Gras	狂欢节
#2E5464	Marea Baja	马雷亚巴哈
#F9ECDA	Marfil	马菲尔
#F2D930	Margarine	人造黄油
#A9BC81	Margarita	玛格丽特
#445956	Mariana Trench	马里亚纳海沟
#FCC006	Marigold	万寿菊
#F5CC3D	Marigold Dust	万寿菊尘
#FBE870	Marigold Yellow	万寿菊黄
#E7C3AC	Marilyn Monroe	玛丽莲·梦露
#C9001E	Marilyn MonRouge	玛丽莲·蒙鲁格
#5A88C8	Marina	码头
#D3AF37	Marina Bay Sands	码头海湾沙
#B1C8BF	Marina Isle	码头岛
#FF0008	Marinara Red	玛丽娜红
#042E60	Marine	海洋
#01386A	Marine Blue	海洋蓝
#40A48E	Marine Green	海洋绿
#A5B2AA	Marine Grey	海洋灰
#6384B8	Marine Ink	海洋墨
#A5B4B6	Marine Layer	海洋层
#515E62	Marine Magic	海洋魔法
#008383	Marine Teal	海洋青
#33A3B3	Marine Tinge	海洋色调
#1F7073	Marine Wonder	海洋奇迹
#42639F	Mariner	水手
#E4000F	Mario	马里奥
#380282	Marionberry	紫蓝莓
#BDCFEA	Maritime	海事
#2D3145	Maritime Blue	海蓝色
#8B9BA4	Maritime Hush	海上静默
#1E4581	Maritime Outpost	海上前哨站
#69B8C0	Maritime Soft Blue	海事软蓝
#E5E6E0	Maritime White	海洋白
#BFCBA2	Marjoram	马郁兰
#00869A	Marker Blue	标记蓝色
#9DAF00	Marker Green	标记绿色
#E3969B	Marker Pink	记号笔粉
#FBB377	Market Melon	市场瓜
#515B87	Marlin	枪鱼蓝
#41A1AA	Marlin Green	枪鱼绿
#D46F14	Marmalade	橘子酱
#C27545	Marmalade Glaze	橘子酱釉
#DF7F73	Marmalade Magic	橘子酱魔法
#46221B	Marmite	马麦酱棕
#928475	Marmot	土拨鼠灰
#D0F0C0	Maroccan Tea	摩洛哥茶
#800000	Maroon	栗色
#C32249	Maroon Flush	栗色红晕
#BF3160	Maroon Light	栗色浅
#520C17	Maroon Oak	栗色橡
#8D5455	Maroon Rover	栗色漫游者
#86CDAB	Marooned	困于栗色
#F5EAD6	Marquee White	华盖白
#D2783A	Marquis Orange	侯爵橙
#F3D49D	Marquisette	薄纱帘
#91734C	Marrakech Brown	马拉喀什棕
#01B2BD	Marrakech Mile	马拉喀什之路
#783B3C	Marrakesh Red	马拉喀什红
#CACAA3	Marrett Apple	马雷特苹果
#6E4C4B	Marron	栗褐
#A7735A	Marron Canela	肉桂栗褐
#008C8C	Marrs Green	马尔斯绿
#AD6242	Mars	火星色
#C92A37	Mars Red	火星红
#96534C	Marsala	马萨拉酒
#B7BBBB	Marseilles	马赛灰
#5C5337	Marsh	沼泽
#6B8781	Marsh Creek	沼泽小溪
#B6CA90	Marsh Fern	沼泽蕨
#D4C477	Marsh Field	沼泽原野
#C6D8C7	Marsh Fog	沼泽雾
#82763D	Marsh Grass	沼泽草
#FFEF17	Marsh Marigold	沼泽万寿菊
#E8E1A1	Marsh Mist	沼泽薄雾
#5A653A	Marsh Mix	沼泽混合
#C4A3BF	Marsh Orchid	沼泽兰花紫
#3E4355	Marshal Blue	元帅蓝
#2B2E26	Marshland	沼泽地
#F0EEE4	Marshmallow	棉花糖
#DBC2B4	Marshmallow Cocoa	棉花糖可可
#F3E0D6	Marshmallow Cream	棉花糖奶油
#FAF3DE	Marshmallow Fluff	棉花糖绒
#F9DCE3	Marshmallow Heart	棉花糖心
#EFD2D0	Marshmallow Magic	棉花糖魔法
#E0CAAA	Marshmallow Mist	棉花糖薄雾
#F7E5E6	Marshmallow Rose	棉花糖玫红
#F9EFE0	Marshmallow Whip	棉花糖奶霜
#8E712E	Marshy Green	沼泽绿
#B8AEA2	Marshy Habitat	沼泽栖息地
#FDF200	Marsupilami	长尾貘
#AEA132	Martian	火星
#57958B	Martian Cerulean	火星蔚蓝
#E5750F	Martian Colony	火星殖民地
#136C51	Martian Green	火星绿
#ADEACE	Martian Haze	火星霾
#B7410E	Martian Ironcrust	火星铁壳
#C15A4B	Martian Ironearth	火星铁土
#C3E9D3	Martian Moon	火星月
#F4E5B7	Martica	玛蒂卡
#8E8E41	Martina Olive	玛蒂娜·奥利弗
#B7A8A3	Martini	马提尼
#CE8C8D	Martini East	马提尼东
#3C3748	Martinique	马提尼克岛
#6A7FB4	Marvellous	太棒了
#E1C6D6	Marvellous Magic	奇妙的魔法
#006A77	Mary Blue	玛丽蓝
#D1B5CA	Mary Poppins	欢乐满人间
#D7B1B0	Mary Rose	玛丽·罗斯
#69913D	Mary’s Garden	玛丽花园
#A6D0EC	Marzena Dream	玛泽纳梦
#EBC881	Marzipan	杏仁糖
#EEBABC	Marzipan Pink	杏仁糖粉
#EBE5D8	Marzipan White	杏仁糖白
#57534B	Masala	玛莎拉
#EECCAA	Masala Chai	马沙拉柴
#ECE6D4	Mascarpone	马斯卡彭奶酪
#AB878D	Mask	面具
#C6B2BE	Masked Mauve	蒙面淡紫
#D57C6B	Masoho Red	马索霍红
#3A4B61	Master	大师
#507D2A	Master Chief	士官长绿
#E0CE80	Master Gardener	园丁大师
#DDCC88	Master Key	大师钥匙
#FFB81B	Master Nacho	大师玉米片
#E78303	Master Round Yellow	大师圆黄
#00FFEE	Master Sword Blue	大师剑蓝
#A1A2AB	Masterpiece	杰作灰
#4D646C	Masuhana Blue	马苏花蓝
#FF48D0	Mat Dazzle Rose	哑光炫玫
#544859	Mata Hari	玛塔·哈里
#CF6E66	Matador’s Cape	斗牛士斗篷
#D63756	Match Head	火柴头红
#FFAA44	Match Strike	火柴擦燃
#D8D458	Matcha	抹茶
#35382D	Matcha Ash	抹茶灰
#9FAF6C	Matcha Mecha	抹茶机甲
#99BB00	Matcha Picchu	抹茶比丘
#A0D404	Matcha Powder	抹茶粉
#7BB18D	Mate Tea	马黛茶
#590A01	Mathematical Rage	数学的愤怒
#365C7D	Matisse	马蒂斯蓝
#7E6884	Matriarch	女族长紫
#454D32	Matsuba Green	松叶绿
#151515	Matt Black	哑光黑
#2C6FBB	Matt Blue	哑光蓝
#DD4433	Matt Demon	哑光恶魔红
#39AD48	Matt Green	哑光绿
#DEC6D3	Matt Lilac	哑光丁香紫
#FFB6C1	Matt Pink	哑光粉
#9370DB	Matt Purple	哑光紫
#B2B9A5	Matt Sage	哑光鼠尾草
#FFFFD4	Matt White	哑光白
#884433	Mattar Paneer	豌豆奶酪咖喱
#8FB0CE	Matte Blue	哑光蓝
#A17F67	Matte Brown	哑光棕
#A06570	Matte Carmine	哑光胭脂红
#B4A8A4	Matte Grey	哑光灰
#B5CBBD	Matte Jade Green	哑光翡翠绿
#998F7F	Matte Olive	哑光橄榄
#8A9381	Matte Sage Green	哑光鼠尾草绿
#524B4B	Matterhorn	马特宏峰
#E0FEFE	Matterhorn Snow	马特洪峰雪
#C4AFB3	Mature	成熟
#9A463D	Mature Cognac	成熟干邑白兰地
#5F3F54	Mature Grape	成熟的葡萄
#38796C	Maturity	成熟期
#988286	Maud	莫德
#21A5BE	Maui	毛伊岛
#52A2B4	Maui Blue	毛伊岛蓝
#B66044	Maui Mai Tai	毛伊岛迈泰
#EEF2F3	Maui Mist	毛伊岛薄雾
#B08A7D	Maui Poi	毛伊波伊岛
#E0B0FF	Mauve	淡紫
#E3D2DB	Mauve Aquarelle	淡紫水彩
#B69289	Mauve Blush	淡紫绯红
#62595F	Mauve Brown	淡紫棕
#E5D0CF	Mauve Chalk	淡紫粉笔
#AC8C8C	Mauve Day	淡紫白天
#545883	Mauve Dusk	淡紫黄昏
#CBB8C0	Mauve Finery	淡紫华服
#D18489	Mauve Glow	淡紫辉光
#BB4466	Mauve It	淡紫
#908186	Mauve Jazz	淡紫爵士
#AA7982	Mauve Madness	淡紫疯狂
#BF91B2	Mauve Magic	淡紫魔法
#A69F9A	Mauve Melody	淡紫旋律
#A46A95	Mauve Memento	淡紫遗忆
#C49BD4	Mauve Mist	淡紫薄雾
#7D716E	Mauve Mole	淡紫鼹鼠
#E7CCCD	Mauve Morn	淡紫晨
#D9D0CF	Mauve Morning	淡紫早晨
#A98CA1	Mauve Musk	淡紫麝香
#B59EAD	Mauve Muslin	淡紫薄纱
#685C61	Mauve Mystery	淡紫神秘
#BB4477	Mauve Mystique	淡紫神秘
#C0ADA6	Mauve Nymph	淡紫仙女
#AB728D	Mauve Orchid	淡紫兰花紫
#D9C4D0	Mauve Organdie	淡紫蝉翼纱
#BEBBC0	Mauve Pansy	淡紫三色堇
#BB7788	Mauve Seductress	淡紫魅惑
#AF8F9C	Mauve Shadows	淡紫影
#C4BAB6	Mauve Stone	淡紫石
#915F6D	Mauve Taupe	淡紫灰褐
#E7E1E1	Mauve Tinge	淡紫色调
#DEE3E4	Mauve White	淡紫白
#653C4A	Mauve Wine	淡紫酒红
#EADDE1	Mauve Wisp	淡紫缕
#90686C	Mauve-a-Lish	淡紫可人
#8A6D8B	Mauveine	苯胺紫
#D6B3C0	Mauvelous	淡紫美妙
#9D8888	Mauverine	淡紫精灵
#C4B2A9	Mauvette	小淡紫
#AE6A78	Mauvewood	淡紫木
#BB8899	Mauvey Nude	淡紫裸色
#8C8188	Mauvey Pink	淡紫粉
#86666B	Mauving Up	淡紫渐进
#C8B1C0	Maverick	特立独行紫
#EFE9DD	Mawmaw’s Pearls	奶奶的珍珠
#017478	Maxi Teal	马克西青色
#47ABCC	Maximum Blue	最大蓝
#30BFBF	Maximum Blue Green	最大蓝绿
#ACACE6	Maximum Blue Purple	最大蓝紫
#5E8C31	Maximum Green	最大绿
#D9E650	Maximum Green Yellow	最大绿黄
#6B4A40	Maximum Mocha	最大摩卡
#FF5B00	Maximum Orange	最大橙
#733380	Maximum Purple	最大紫
#D92121	Maximum Red	最大红
#A63A79	Maximum Red Purple	最大红紫
#FAFA37	Maximum Yellow	最大黄
#F2BA49	Maximum Yellow Red	最大黄红
#92D599	May Apple	五月苹果
#53CBC4	May Day	五月白天
#4C9141	May Green	五月绿
#A19FC8	May Mist	五月薄雾
#FAEAD0	May Sun	五月太阳
#73C2FB	Maya Blue	玛雅蓝
#98D2D9	Maya Green	玛雅绿
#006B6C	Mayan Blue	玛雅蓝
#655046	Mayan Chocolate	玛雅巧克力
#B68C37	Mayan Gold	玛雅黄金
#6C4A43	Mayan Red	玛雅红
#7D6950	Mayan Ruins	玛雅遗址
#CE9844	Mayan Treasure	玛雅宝藏
#F6D48D	Maybe Maui	也许是毛伊岛
#E2D8CB	Maybe Mushroom	也许是蘑菇
#EDDFC9	Maybeck Muslin	梅贝克穆斯林
#E6F0DE	Mayfair White	梅菲尔·怀特
#ED93D7	Mayflower Orchid	五月花兰花
#696841	Mayfly	蜉蝣
#E1E6F0	Mayon Mist	马荣雾
#F6EED1	Mayonnaise	蛋黄酱
#BEE8D3	Maypole	五月柱
#2A407E	Mazarine Blue	玛泽蓝
#5C5638	Maze	迷宫
#B0907C	Mazzone	马佐内
#BF5BB0	Mazzy Star	迷惑星
#8C6338	McKenzie	麦肯齐
#33FF11	McNuke	麦克努克
#FFC878	Mead	米德
#81B489	Meadow	草地
#7AB2D4	Meadow Blossom Blue	草地花蓝
#E2D4AD	Meadow Dew	草地露
#987184	Meadow Flower	草地花
#CCD1B2	Meadow Glen	草地谷
#C1D6B1	Meadow Grass	草地草
#739957	Meadow Green	草地绿
#C0D7CD	Meadow Lane	草地巷
#DFE9DE	Meadow Light	草地浅
#AC5D91	Meadow Mauve	草地淡紫
#CCD8BA	Meadow Mist	草地薄雾
#AEBEA6	Meadow Morn	草地晨
#A8AFC7	Meadow Phlox	草地福禄考
#C5ACD0	Meadow Thistle	草地蓟
#8D8168	Meadow Trail	草地小径
#764F82	Meadow Violet	草地紫罗兰
#F7DA90	Meadow Yellow	草地黄
#60A0A3	Meadowbrook	梅多布鲁克
#807A55	Meadowland	梅多兰
#E8D940	Meadowlark	草地鹨
#9DA28E	Meadowood	梅多伍德
#D4E3E2	Meadowsweet Mist	绣线菊薄雾
#FF00AE	Mean Girls Lipstick	贱女孩口红
#8F8C79	Meander	蜿蜒
#BEDBD8	Meander Blue	蜿蜒蓝
#F08080	Meat	肉
#F8EED3	Meatbun	肉包
#663311	Meatloaf	肉饼
#C89134	Mecca Gold	麦加黄金
#BD5745	Mecca Orange	麦加橙
#663F3F	Mecca Red	麦加红
#BBDDDD	Mech Suit	机甲套装
#8D847F	Mecha Grey	机甲灰
#D0C4D3	Mecha Kitty	机甲小猫
#848393	Mecha Metal	机甲金属
#DEDCE2	Mechagodzilla	机甲哥斯拉
#3D4B4D	Mechanicus Standard Grey	机械教标准灰色
#A31713	Mechrite Red	机械红
#C3A679	Medallion	奖章
#696DB0	Mediaeval	中世纪
#2E3858	Mediaeval Blue	中世纪蓝色
#878573	Mediaeval Cobblestone	中世纪鹅卵石
#007E6B	Mediaeval Forest	中世纪森林
#AC7F48	Mediaeval Gold	中世纪黄金
#A79F5C	Mediaeval Sulphur	中世纪硫磺
#8C7D88	Mediaeval Wine	中世纪葡萄酒
#B8C4B8	Median Green	中绿色
#95CCE4	Medical Mask	医用口罩
#104773	Medici Blue	美第奇蓝
#F3E9D7	Medici Ivory	美第奇象牙色
#69556D	Medicine Man	药师
#99A28C	Medicine Wheel	药轮
#A9AC9D	Meditation	冥想
#A7A987	Meditation Time	冥想时间
#96AAB0	Meditative	冥想
#39636A	Mediterranea	地中海
#60797D	Mediterranean	地中海
#1682B9	Mediterranean Blue	地中海蓝
#A1CFEC	Mediterranean Charm	地中海魅力
#007B84	Mediterranean Cove	地中海小湾
#B3C3BD	Mediterranean Dusk	地中海黄昏
#E0E9D3	Mediterranean Green	地中海绿
#BCE9D6	Mediterranean Mist	地中海薄雾
#1E8CAB	Mediterranean Sea	地中海
#D0BABB	Mediterranean Sunset	地中海日落
#2999A2	Mediterranean Swirl	地中海漩涡
#66DDAA	Medium Aquamarine	中号海蓝宝石
#444443	Medium Black	中黑色
#0000CD	Medium Blue	中蓝色
#7F5112	Medium Brown	中棕色
#E2062C	Medium Candy Apple Red	中号糖果苹果红
#AF4035	Medium Carmine	中胭脂红
#F3E5AC	Medium Champagne	中号香槟
#035096	Medium Electric Blue	中电光蓝
#EAEAAE	Medium Goldenrod	中黄花
#418C53	Medium Green	中绿色
#7D7F7C	Medium Grey	中灰色
#4D6B53	Medium Grey Green	中灰绿
#3F4952	Medium Gunship Grey	中型武装直升机灰
#1C352D	Medium Jungle Green	中丛林绿
#DDA0FD	Medium Lavender Magenta	中薰衣草洋红色
#BA55D3	Medium Orchid	中兰花
#0067A5	Medium Persian Blue	中波斯蓝
#F36196	Medium Pink	中粉色
#9E43A2	Medium Purple	中紫色
#BB3385	Medium Red Violet	中红紫
#3C2005	Medium Roast	中度烘焙
#AA4069	Medium Ruby	中红宝石
#FC2847	Medium Scarlet	中猩红色
#3CB371	Medium Sea Green	中海绿色
#80DAEB	Medium Sky Blue	中天蓝色
#7B68EE	Medium Slate Blue	中石板蓝
#C9DC87	Medium Spring Bud	中春芽
#674C47	Medium Taupe	中灰褐色
#DC9D8B	Medium Terracotta	中号陶瓦
#48D1CC	Medium Turquoise	中绿松石色
#794431	Medium Tuscan Red	中托斯卡纳红
#D9603B	Medium Vermilion	中朱红色
#C71585	Medium Violet Red	中淡紫
#A68064	Medium Wood	中木
#D5D7BF	Medlar	枸杞子
#998800	Medusa Green	美杜莎绿
#777711	Medusa’s Snakes	美杜莎的蛇
#EE7700	Mee-hua Sunset	美花夕阳
#869F98	Meek Moss Green	温顺的苔藓绿
#AB7647	Meerkat	猫鼬
#739DAD	Meetinghouse Blue	蓝色会议室
#366FA6	Mega Blue	超级蓝
#ADA295	Mega Greige	巨型坯布
#D767AD	Mega Magenta	超级洋红色
#DFCBCF	Mega Metal Mecha	巨型金属机甲
#C6CCD4	Mega Metal Phoenix	巨型金属凤凰
#0EE8A3	Mega Teal	巨型青色
#4A40AD	Megadrive Screen	MD屏幕
#3CBCFC	Megaman	洛克人
#0058F8	Megaman Helmet	洛克人头盔
#A10000	Megido Red	梅吉多红
#FE023C	Méi Gūi Hóng Red	梅桂红
#E03FD8	Méi Gūi Zǐ Purple	梅鬼子紫
#123120	Méi Hēi Coal	梅黑煤
#007FB9	Meissen Blue	迈森蓝
#12390D	Melancholia	忧郁症
#AA1133	Melancholic Macaw	忧郁金刚鹦鹉
#53778F	Melancholic Sea	忧郁的海
#DD8899	Melancholy	忧郁
#C4C476	Mélange Green	混色绿
#E0B7C2	Melanie	梅兰妮
#282E27	Melanite Black Green	黑绿
#01081C	Melanophobia	黑色恐惧症
#342931	Melanzane	梅兰赞
#4C7C4B	Melbourne	墨尔本
#45C3AD	Melbourne Cup	墨尔本杯
#B5D96B	Melissa	梅丽莎
#F0DDA2	Mella Yella	梅拉·耶拉
#C9E1E0	Mellifluous Blue	柔美蓝
#F8B878	Mellow Apricot	醇和杏
#D7E2DD	Mellow Blue	醇和蓝
#D5AF92	Mellow Buff	醇和浅黄
#E0897E	Mellow Coral	醇和珊瑚
#F8DE7F	Mellow Dandelion	醇和蒲公英
#FFC65F	Mellow Drama	醇和戏剧
#F1DFE9	Mellow Flower	醇和花
#FFCFAD	Mellow Glow	醇和辉光
#D5D593	Mellow Green	醇和绿
#CC4400	Mellow Mango	醇和芒果
#E8C2B4	Mellow Marrow	醇髓
#9C6579	Mellow Mauve	醇和淡紫
#EE2266	Mellow Melon	醇和瓜
#DDEDBD	Mellow Mint	醇和薄荷
#F2C996	Mellow Moment	醇和时刻
#B1B7A1	Mellow Mood	醇和情绪
#D9A6A1	Mellow Rose	醇和玫红
#C3CDBA	Mellow Spring	醇和春
#F5D39C	Mellow Sun	醇和太阳
#E2A94F	Mellowed Gold	醇金
#B6B2A1	Melmac Silver	梅尔马克银
#EEE8E8	Melodic White	旋律白
#7BB5AE	Melodious	悠扬
#DD22AA	Melodramatic Magenta	夸张的洋红色
#BECBD7	Melody	旋律
#A8ACD0	Melody Purple	旋律紫
#FF7855	Melon	瓜
#F2BD85	Melon Balls	瓜丸子
#74AC8D	Melon Green	瓜绿
#F4D9C8	Melon Ice	瓜冰
#F9C291	Melon Melody	瓜旋律
#F2B88C	Melón Meloso	梅隆·梅洛索
#E88092	Melon Mist	瓜薄雾
#F08F48	Melon Orange	瓜橙
#F1D4C4	Melon Pink	瓜粉
#F69268	Melon Red	瓜红
#F47869	Melon Refresher	蜜瓜冰饮
#332C22	Melon Seed	瓜种子
#F8B797	Melon Sorbet	瓜冰糕
#FFCD9D	Melon Sprinkle	瓜撒
#F8E7D4	Melon Tint	瓜调
#AA6864	Melon Twist	瓜扭
#FDBCB4	Melon Water	瓜水
#EE8170	Melondrama	情节剧
#C3B9DD	Melrose	梅尔罗斯
#B4CBE3	Melt Ice	融化冰
#E3CFAB	Melt With You	与你融化
#FFCF53	Melted Butter	融化的黄油
#785F4C	Melted Chocolate	融化的巧克力
#CE8544	Melted Copper	熔化的铜
#DCB7A6	Melted Ice Cream	融化的冰淇淋
#FEE2CC	Melted Marshmallow	融化的棉花糖
#F6E6C5	Melted Wax	融化的蜡
#E9F9F5	Melting Glacier	冰川融化
#CAE1D9	Melting Ice	融化的冰
#ECEBE4	Melting Icicles	融化的冰柱
#BBA2B6	Melting Moment	融化的时刻
#CBE1E4	Melting Point	熔点
#DAE5E0	Melting Snowman	融化的雪人
#EAAB7D	Melting Sunset	融化的夕阳
#D4B8BF	Melting Violet	融化的紫罗兰
#79C0CC	Meltwater	融水
#95A99E	Melville	梅尔维尔
#ECF0DA	Memoir	回忆录
#CF8A8D	Memorable Rose	难忘的玫瑰
#E8DEDA	Memories	回忆
#9197A4	Memorise	记住
#C7D1DB	Memory Lane	记忆巷
#A7C3CE	Memorybook Blue	记忆册蓝色
#5E9D7B	Memphis Green	孟菲斯绿
#5D5F73	Men’s Night	男士之夜
#69788A	Menacing Clouds	险云
#837A64	Mendocino Hills	门多西诺山
#F3E8B8	Menoth White Base	曼诺斯白底
#F0F1CE	Menoth White Highlight	梅诺斯白高光
#DEB4C5	Mental Floss	牙线
#EAEEDE	Mental Note	心理笔记
#C1F9A2	Menthol	薄荷醇
#9CD2B4	Menthol Green	薄荷绿
#A0E2D4	Menthol Kiss	薄荷之吻
#9A1115	Mephiston Red	墨菲斯顿红
#ACA495	Mercer Charcoal	美世木炭
#0343DF	Merchant Marine Blue	商船蓝
#B6B0A9	Mercurial	水银
#EBEBEB	Mercury	水星
#CEC9CA	Mercury Glass	水银玻璃
#89C8C3	Mercury Mist	水银雾
#650021	Merguez	梅尔格斯
#877272	Meridian	子午线
#7BC8B2	Meridian Star	子午星
#FF9408	Merin’s Fire	梅林之火
#F3E4B3	Meringue	蛋白霜
#C2A080	Meringue Tips	酥皮小贴士
#E1DBD0	Merino	美利奴羊毛
#CFC1AE	Merino Wool	美利奴羊毛
#AAE1CE	Meristem	分生组织
#4F4E48	Merlin	梅林
#EFE2D9	Merlin’s Beard	梅林的胡子
#9F8898	Merlin’s Choice	梅林的选择
#89556E	Merlin’s Cloak	梅林的斗篷
#444C8F	Merlin’s Robe	梅林的长袍
#730039	Merlot	梅洛红
#712735	Merlot Fields	梅洛红原野
#B64055	Merlot Magic	梅洛红魔法
#817A65	Mermaid	美人鱼
#004477	Mermaid Blues	美人鱼蓝调
#FCB39A	Mermaid Cheeks	人鱼脸颊
#0088BB	Mermaid Dreams	美人鱼梦
#00776F	Mermaid Harbour	美人鱼港湾
#22CCCC	Mermaid Net	美人鱼网
#297F6D	Mermaid Sea	美人鱼海
#25AE8E	Mermaid Song	美人鱼歌
#D9E6A6	Mermaid Tears	美人鱼泪
#1FAFB4	Mermaid Treasure	美人鱼珍宝
#8AA786	Mermaid’s Cove	美人鱼湾
#59C8A5	Mermaid’s Kiss	人鱼之吻
#337B35	Mermaid’s Tail	人鱼的尾巴
#70859B	Merman	人鱼
#CED3C1	Merry Music	快乐音乐
#EAC8DA	Merry Pink	快乐粉红
#A5D0AF	Merrylyn	梅里林
#BCA177	Mesa	台地
#F2EBD6	Mesa Beige	台地米色
#C19180	Mesa Peach	台地桃
#DDB1A8	Mesa Pink	台地粉
#92555B	Mesa Red	台地红
#772F39	Mesa Ridge	台地山岭
#EEB5AF	Mesa Rose	台地玫红
#DCB49D	Mesa Sand	台地沙
#EA8160	Mesa Sunrise	台地日出
#A78B71	Mesa Tan	台地棕褐
#CDBDAD	Mesa Tumbleweed	梅萨风滚草
#7F976C	Mesa Verde	台地绿
#9DB682	Mesclun Green	梅斯克伦绿色
#1F0B1E	Me?ki Black	梅什基黑
#8E9074	Mesmerise	催眠
#804040	Mesopotamian Dagger	美索不达米亚匕首
#997700	Mesozoic Green	中生代绿
#E3C8B1	Mesquite Powder	豆科灌木粉
#37B8AF	Message Green	留言绿色
#7D745E	Messenger Bag	邮差包
#FEE2BE	Messinesi	梅西内西
#BABFBC	Metal	金属
#9C9C9B	Metal Chi	金属气
#2F2E1F	Metal Construction Green	金属建筑绿色
#244343	Metal Deluxe	金属豪华版
#838782	Metal Flake	金属片
#837E74	Metal Fringe	金属流苏
#A2C3DB	Metal Gear	合金装备
#677986	Metal Grey	金属灰
#B090B2	Metal Petal	金属花瓣
#EEFF99	Metal Spark	金属火花
#34373C	Metalise	金属化
#BCC3C7	Metallic	金属
#4F738E	Metallic Blue	金属蓝
#554A3C	Metallic Bronze	金属古铜
#6E3D34	Metallic Copper	金属铜
#D4AF37	Metallic Gold	金属金
#24855B	Metallic Green	金属绿
#CDCCBE	Metallic Mist	金属薄雾
#0A7E8C	Metallic Seaweed	金属海藻
#9C7C38	Metallic Sunburst	金属旭日纹
#A9959F	Metamorphosis	变形记
#BB7431	Meteor	流星
#5533FF	Meteor Shower	流星雨
#4A3B6A	Meteorite	陨石
#414756	Meteorite Black Blue	陨石黑蓝
#596D69	Meteorological	气象
#CC2233	Methadone	美沙酮
#0074A8	Methyl Blue	甲基蓝
#828393	Metro	地铁
#F83800	Metroid Red	银河战士红
#61584F	Metropolis	大都会
#99A1A5	Metropolis Mood	都会心情
#3E4244	Metropolitan Silhouette	大都会剪影
#EEECE7	Metropolitan White	都会白
#F9E1D4	Mette Penne	梅特潘尼
#DF7163	Mettwurst	香肠
#E39B99	Mexicali Rose	墨西卡利玫瑰
#D16D76	Mexican Chile	墨西哥 智利
#6F5A48	Mexican Chocolate	墨西哥巧克力
#FFB9B2	Mexican Milk	墨西哥奶
#C99387	Mexican Moonlight	墨西哥月光
#FCD8DC	Mexican Mudkip	墨西哥泥鱼
#E4007C	Mexican Pink	墨西哥粉
#5A3C55	Mexican Purple	墨西哥紫
#9B3D3D	Mexican Red	墨西哥红
#C6452F	Mexican Red Papaya	墨西哥红木瓜
#AF9781	Mexican Sand	墨西哥沙
#DAD4C5	Mexican Sand Dollar	墨西哥沙币
#CECEC8	Mexican Silver	墨西哥银
#D68339	Mexican Spirit	墨西哥烈酒
#EC9F76	Mexican Standoff	墨西哥对峙
#DAD7AD	Mǐ Bái Beige	米白米色
#E8AF45	Mì Chéng Honey	米成蜜
#FD8973	Miami Coral	迈阿密珊瑚
#17917F	Miami Jade	迈阿密翡翠
#F7931A	Miami Marmalade	迈阿密橘子酱
#F7C3DA	Miami Pink	迈阿密粉
#907A6E	Miami Spice	迈阿密辛香
#F5D5B8	Miami Stucco	迈阿密灰泥
#6EC2B0	Miami Teal	迈阿密青
#EDE4D3	Miami Weiss	迈阿密韦斯
#CCCCEE	Miami White	迈阿密白
#70828F	Mica Creek	云母溪
#C5DACC	Micaceous Green	云母绿
#CDC7BD	Micaceous Light Grey	云母浅灰色
#B7B4B1	Michigan Avenue	密歇根大道
#BABCC0	Microchip	微芯片
#556E6B	Micropolis	微城
#EE172B	MicroProse Red	微散文红
#2D5254	Microwave Blue	微波蓝
#276AB3	Mid Blue	中蓝
#553333	Mid Century	世纪中叶
#AE5C1B	Mid Century Furniture	中世纪家具
#779781	Mid Cypress	中柏树
#50A747	Mid Green	中绿
#5F5F6E	Mid Grey	中灰色
#CFF7EF	Mid Spring Morning	仲春的早晨
#C4915E	Mid Tan	中棕
#81B39C	Mid-century Gem	中世纪宝石
#F6B404	Midas Finger Gold	迈达斯手指金
#E8BD45	Midas Touch	点石成金
#F7D78A	Midday	中午
#FFE1A3	Midday Sun	正午的太阳
#7ED4E6	Middle Blue	中蓝
#8DD9CC	Middle Blue Green	中蓝绿
#8B72BE	Middle Blue Purple	中蓝紫
#7C6942	Middle Ditch	中沟
#4D8C57	Middle Green	中绿
#ACBF60	Middle Green Yellow	中绿黄
#D982B5	Middle Purple	中紫
#E58E73	Middle Red	中红
#210837	Middle Red Purple	中红紫
#C85179	Middle Safflower	中红花
#FFEB00	Middle Yellow	中黄
#ECB176	Middle Yellow Red	中黄红
#A2948D	Middle-Earth	中土世界
#C7AB84	Middlestone	米德斯通
#AA8ED6	Middy’s Purple	米迪的紫色
#03012D	Midnight	午夜
#534657	Midnight Affair	午夜韵事
#853C69	Midnight Aubergine	午夜茄
#585960	Midnight Badger	午夜獾
#020035	Midnight Blue	午夜蓝
#979FBF	Midnight Blush	午夜绯红
#706048	Midnight Brown	午夜棕
#3C574E	Midnight Clover	午夜三叶草
#112473	Midnight Crest	午夜峰
#002233	Midnight Dreams	午夜梦
#0C121B	Midnight Edition	午夜版
#2B3458	Midnight Escapade	午夜恶作剧
#403C40	Midnight Escape	午夜逃离
#21263A	Midnight Express	午夜快车
#685D49	Midnight Forest	午夜森林
#637057	Midnight Garden	午夜花园
#004953	Midnight Green	午夜绿
#666A6D	Midnight Grey	午夜灰
#3E505F	Midnight Haze	午夜霾
#3B484F	Midnight Hour	午夜时刻
#4E5A59	Midnight in NY	纽约午夜
#DD8866	Midnight in Saigon	西贡的午夜
#435964	Midnight in the Tropics	热带地区的午夜
#000088	Midnight in Tokyo	东京午夜
#32496F	Midnight Interlude	午夜插曲
#484D61	Midnight Iris	午夜鸢尾
#0B0119	Midnight Jam	午夜果酱
#46474A	Midnight Magic	午夜魔法
#2C2E47	Midnight Masquerade	午夜假面舞会
#002266	Midnight Melancholia	午夜忧郁
#880044	Midnight Merlot	午夜梅洛红
#001F3F	Midnight Mirage	午夜海市蜃楼
#1C0F33	Midnight Monarch	午夜君主
#3D5267	Midnight Mosaic	午夜马赛克
#242E28	Midnight Moss	午夜苔藓
#364251	Midnight Navy	午夜海军蓝
#0F2D4D	Midnight Ocean	午夜海洋
#0B0C14	Midnight Oil	午夜油
#5F6C74	Midnight Pearl	午夜珍珠
#372D52	Midnight Pie	午夜派
#17240B	Midnight Pines	午夜松树
#280137	Midnight Purple	午夜紫
#565B8D	Midnight Sea	午夜海
#41434E	Midnight Serenade	午夜小夜曲
#566373	Midnight Shadow	午夜暗影
#546473	Midnight Show	午夜秀
#424753	Midnight Sky	午夜天空
#243A5E	Midnight Sleigh	午夜雪橇
#225374	Midnight Sonata	午夜奏鸣曲
#555B53	Midnight Spruce	午夜云杉
#4E5A6D	Midnight Sun	午夜太阳
#476062	Midnight Teal	午夜青
#2A2243	Midnight Velvet	午夜绒
#6A75AD	Midnight Violet	午夜紫罗兰
#2A603B	Midori	绿
#3EB370	Midori Green	翠绿
#F6D9A9	Midsummer	盛夏
#88CC44	Midsummer Field	仲夏原野
#EAB034	Midsummer Gold	仲夏金
#0011EE	Midsummer Nights	仲夏夜
#B1A4B4	Midsummer Twilight	仲夏黄昏
#B4D0D9	Midsummer’s Dream	仲夏之梦
#B5A18A	Midtown	市中心
#DD1100	Midwinter Fire	仲冬之火
#A5D4DC	Midwinter Mist	仲冬薄雾
#8F7F85	Mighty Mauve	强大的淡紫
#000133	Mighty Midnight	强大的午夜
#283482	Migol Blue	米戈尔蓝
#3F3623	Mikado	天皇
#A7A62D	Mikado Green	天皇绿
#FFC40C	Mikado Yellow	天皇黄
#F08300	Mikan Orange	橘子
#11EE55	Mike Wazowski Green	迈克·瓦佐斯基·格林
#EEE1DC	Milady	米莱迪
#F6F493	Milan	米兰
#C1A181	Milano	米兰
#9E3332	Milano Red	米兰红
#CBD5DB	Mild Blue	淡蓝色
#A2ADD0	Mild Blue Yonder	那边淡蓝色
#8EBBAC	Mild Evergreen	温和常青树
#789885	Mild Green	淡绿色
#F27362	Mild Heart Attack	轻度心脏病发作
#87F8A3	Mild Menthol	温和薄荷醇
#DCE6E3	Mild Mint	温和薄荷
#F3BB93	Mild Orange	淡橙色
#667960	Mildura	米尔杜拉
#829BA0	Miles	英里
#7F848A	Milestone	里程碑
#229955	Militant Vegan	激进的素食主义者
#667C3E	Military Green	军绿
#706043	Military Olive	军事橄榄
#FDFFF5	Milk	奶
#E9E1DF	Milk and Cookies	牛奶和饼干
#F7E4C2	Milk and Honey	奶蜂蜜
#DCE3E7	Milk Blue	奶蓝
#8F7265	Milk Brownie Dough	奶布朗尼面团
#7F4E1E	Milk Chocolate	奶巧克力
#966F5D	Milk Coffee Brown	奶咖啡棕
#F6FFE8	Milk Foam	奶泡沫
#FFEECC	Milk Froth	奶泡沫
#FAF7F0	Milk Jug	牛奶罐
#FAF3E6	Milk Moustache	牛奶胡子
#EFE9D9	Milk Paint	奶油漆
#FFF4D3	Milk Punch	奶宾治
#F5DEAE	Milk Quartz	奶石英
#F5EDE2	Milk Star White	奶星白
#9E9B88	Milk Thistle	奶蓟
#D1B39C	Milk Toast	奶吐司
#FAEBD7	Milk Tooth	奶牙
#DCD9CD	Milk White	奶白
#F0CDD2	Milkshake Pink	奶昔粉
#E3E8D9	Milkweed	乳草
#95987E	Milkweed Pod	乳草荚
#916981	Milkwort Red	乳草红
#E2DCD4	Milky	乳白
#038487	Milky Aquamarine	乳白海蓝
#72A8BA	Milky Blue	乳白蓝
#C6D4C9	Milky Green	乳白绿
#AEA3D0	Milky Lavender	乳白薰衣草紫
#F9D9A0	Milky Maize	乳玉米
#C3B1AF	Milky Skies	乳白天空
#6BB3DB	Milky Waves	乳白浪
#E8F4F7	Milky Way	银河系
#FAEFD5	Milky Way Galaxy	银河系
#F8DD74	Milky Yellow	乳白黄
#876E59	Mill Creek	磨坊小溪
#595648	Millbrook	米尔布鲁克
#EFC87D	Mille-Feuille	千层酥
#939796	Millennial Greige	千禧坯布
#7B7B7D	Millennial Grey	千禧灰
#F6C8C1	Millennial Pink	千禧粉红
#8C9595	Millennium Silver	千禧银
#999999	Million Grey	百万格雷
#B6843C	Millionaire	百万富翁
#B9D4DE	Millstream	米尔斯特里姆
#99BD91	Milly Green	米莉·格林
#689663	Milpa	米尔帕
#B4B498	Milton	米尔顿
#BB7722	Milvus Milvus Orange	赤鸢橙
#2269CA	Mimesia Blue	米梅西亚蓝
#FFDAE9	Mimi Pink	咪咪粉红
#EE8811	Mimolette Orange	米莫莱特橙
#F5E9D5	Mimosa	含羞草
#DFC633	Mimosa Yellow	含羞草黄
#BDB387	Minced Ginger	姜末
#B66A3C	Mincemeat	肉馅
#DAEA6F	Mindaro	明达罗
#C8AC82	Mindful	正念
#BDB5AD	Mindful Grey	正念灰
#8E8583	Mine Rock	矿岩
#373E41	Mine Shaft	矿井
#6C6B65	Mined Coal	开采的煤炭
#D3CEC5	Miner’s Dust	矿工之尘
#D7D1C5	Mineral	矿物
#D8C49F	Mineral Beige	矿物米色
#6D9192	Mineral Blue	矿物蓝
#4D3F33	Mineral Brown	矿物棕
#ABB0AC	Mineral Deposit	矿藏
#FCE8CE	Mineral Glow	矿物辉光
#506355	Mineral Green	矿物绿
#B2B6AC	Mineral Grey	矿物灰
#B35457	Mineral Red	矿物红
#EDF2EC	Mineral Spring	矿物春
#B18B32	Mineral Umber	矿物赭褐
#DFEBD6	Mineral Water	矿物水
#DCE5D9	Mineral White	矿物白
#D19A3B	Mineral Yellow	矿物黄
#B5DEDA	Minerva	密涅瓦
#C72616	Minestrone	蔬菜通心粉汤
#8F1CAE	Minesweeper’s Purple	扫雷的紫色
#FA0103	Minesweeper’s Red	扫雷的红色
#407577	Ming	明
#41B57E	Ming Green	明绿
#8AADCF	Mini Bay	迷你湾
#96D7DB	Mini Blue	迷你蓝
#FBF6DE	Mini Cake	迷你蛋糕
#9FC5AA	Mini Green	迷你绿
#E5BEBA	Miniature Posey	迷你波西
#D3DFEA	Minified Ballerina Blue	迷你芭蕾舞蓝色
#B3DBEA	Minified Blue	缩小蓝色
#F2DDE1	Minified Blush	迷你腮红
#DED9DB	Minified Cinnamon	肉桂粉
#DDE8E0	Minified Green	缩小绿色
#C1E3E9	Minified Jade	缩小版玉石
#EBF5DE	Minified Lime	细石灰
#E6DFE8	Minified Magenta	缩小洋红色
#DDF3E5	Minified Malachite	细化孔雀石
#E5DBDA	Minified Maroon	缩小栗色
#E0DCE4	Minified Mauve	缩小淡紫
#E4EBDC	Minified Mint	迷你薄荷
#E3E8DB	Minified Moss	缩小的苔藓
#E9E6D4	Minified Mustard	迷你芥末
#E1DEE7	Minified Purple	缩小紫色
#F4EBD4	Minified Yellow	缩小黄色
#F3EECD	Minimal	最小
#948D99	Minimal Grey	最小灰色
#F2CFE0	Minimal Rose	最小的玫瑰
#CABEAD	Minimalist	极简主义
#E9ECE5	Minimalistic	简约
#E8D3BA	Minimum Beige	最低米色
#FECE4E	Minion Yellow	小黄人黄
#F3DD51	Minions	小黄人
#8A7561	Mink	貂
#67594C	Mink Brown	貂棕
#D7CFC6	Mink Frost	貂霜
#C5B29F	Mink Haze	貂霾
#7F7674	Mink Suede	貂麂皮
#9B9FB5	Minnesota April	明尼苏达四月
#B7DFE8	Minor Blue	小蓝
#4A120D	Minotaur Hide	牛头怪隐藏
#734B42	Minotaur Red	牛头怪红
#882211	Minotaurus Brown	牛头怪棕色
#3E3267	Minsk	明斯克
#118800	Minstrel of the Woods	森林吟游诗人
#C89697	Minstrel Rose	吟游诗人玫瑰
#3EB489	Mint	薄荷
#7EFFBA	Mint Bliss	薄荷极乐
#D7C2CE	Mint Blossom Rose	薄荷花玫红
#BCE0DF	Mint Blue	薄荷蓝
#7DB6A8	Mint Bonbon Green	薄荷薄荷绿
#E6FDF1	Mint Chiffon	薄荷雪纺
#CFEBEA	Mint Chip	薄荷芯片
#A9CEAA	Mint Circle	薄荷圈
#B8E2B0	Mint Cocktail Green	薄荷鸡尾酒绿
#CCFFEE	Mint Coffee	薄荷咖啡
#6CBBA0	Mint Cold Green	薄荷寒冷绿
#DFFBF3	Mint Condition	完好无损
#F5FFFA	Mint Cream	薄荷奶油
#DFEADB	Mint Emulsion	薄荷乳液
#E6F3E7	Mint Fizz	薄荷气泡
#DCF4E6	Mint Flash	薄荷闪光
#D0EBC8	Mint Frappé	薄荷冰沙
#C1BFA5	Mint Frost	薄荷霜
#B1D9C4	Mint Gala	薄荷晚会
#C8F3CD	Mint Gloss	薄荷光亮
#E2F0E0	Mint Grasshopper	薄荷蚱蜢
#487D4A	Mint Green	薄荷绿
#BDE8D8	Mint Ice	薄荷冰
#98CDB5	Mint Ice Cream	薄荷冰奶油
#C9CAA1	Mint Ice Green	薄荷冰绿
#C5DCC6	Mint Intermezzo	薄荷间奏曲
#45CEA2	Mint Jelly	薄荷果冻
#DEF0A3	Mint Julep	薄荷冰镇酒
#00CFB0	Mint Leaf	薄荷叶
#6A7D4E	Mint Leaves	薄荷叶
#AFEEEE	Mint Macaron	薄荷马卡龙
#7DD7C0	Mint Majesty	薄荷威严
#B9E0D3	Mint Mist	薄荷薄雾
#00DDCC	Mint Morning	薄荷早晨
#B4CCBD	Mint Mousse	薄荷慕斯
#BBE6BB	Mint Parfait	薄荷冻糕
#DAEED3	Mint Shake	薄荷奶昔
#C5E6D1	Mint Smoothie	薄荷冰沙
#CBD5B1	Mint Soap	薄荷皂
#95B090	Mint Stone	薄荷石
#AFEEE1	Mint Tea	薄荷茶
#98FF97	Mint to Be	薄荷
#99EEAA	Mint Tonic	薄荷汤力
#C6EADD	Mint Tulip	薄荷郁金香
#98CBBA	Mint Twist	薄荷扭
#DCE5D8	Mint Wafer	薄荷威化饼
#C9E5DA	Mint Whisper	薄荷低语
#CCFFDD	Mint Zest	薄荷味
#B6E9C8	Mint-o-licious	薄荷味
#78BFB2	Mintage	发行量
#AFFFD5	Mintastic	薄荷绝妙
#E0EAD8	Minted	铸造
#26A6BE	Minted Blue	铸造蓝色
#B32651	Minted Blueberry Lemonade	薄荷蓝莓柠檬水
#6EC9A3	Minted Elegance	铸造优雅
#D8F3EB	Minted Ice	薄荷冰
#C1C6A8	Minted Lemon	薄荷柠檬
#ABF4D2	Mintie	敏蒂
#7CBBAE	Mintnight	明夜
#80D9CC	Mintos	明托斯
#D2E2D5	Minty Delight	薄荷糖
#D2F2E7	Minty Fresh	薄荷清新
#DBE8CF	Minty Frosting	薄荷糖霜
#0BF77D	Minty Green	薄荷绿
#00FFBB	Minty Paradise	薄荷天堂
#A5B6CF	Minuet	小步舞曲
#777BA9	Minuet Lilac	小步舞曲丁香
#B38081	Minuet Rose	小步舞曲玫瑰
#E8E6E7	Minuet White	小步舞曲白色
#D47791	Minuette	小步舞曲
#F2E4F5	Minute Mauve	分钟淡紫
#886793	Mirabella	米拉贝拉
#F3BE67	Mirabelle Yellow	米拉贝尔黄
#898696	Miracle	奇迹
#255BA2	Miracle at Wrigley	箭牌奇迹
#799292	Miracle Bay	奇迹湾
#617BA6	Miracle Elixir	奇迹灵丹妙药
#BCDCCD	Mirador	米拉多尔
#373F43	Mirage	海市蜃楼
#4F938F	Mirage Lake	海市蜃楼湖
#7B1C6E	Mirage of Violets	紫罗兰海市蜃楼
#614251	Miranda’s Spike	米兰达的穗子
#D6D4D7	Mirror Ball	镜球
#7AA8CB	Mirror Lake	镜湖
#A8B0B2	Mirror Mirror	镜子镜子
#8E876E	Mirrored Willow	镜柳
#C2AFBA	Mischief	恶作剧
#954738	Mischief Maker	恶作剧制造者
#B7BAB9	Mischief Mouse	恶作剧老鼠
#DFF2DD	Mischievous	淘气
#A5A9B2	Mischka	米施卡
#D4BA9E	Mish Mosh	米什·莫什
#EFF0C0	Missed	错过了
#6F5D57	Missing Link	缺失的链接
#9BA9AB	Mission Bay Blue	使命海湾蓝
#775C47	Mission Brown	使命棕
#818387	Mission Control	任务控制中心
#F3D1B3	Mission Courtyard	使命庭院
#B78D61	Mission Gold	使命金
#B29C7F	Mission Hills	使命山丘
#456252	Mission Jewel	使命宝石
#DAC5B6	Mission Stone	使命石
#DAC6A8	Mission Tan	使命棕褐
#874C3E	Mission Tile	使命瓷砖
#857A64	Mission Trail	使命小径
#E2D8C2	Mission White	使命白
#9E5566	Mission Wildflower	使命野花
#99886F	Mississippi Mud	密西西比泥浆
#3B638C	Mississippi River	密西西比河
#A6A19B	Missouri Mud	密苏里泥
#E4EBE7	Mist Spirit	薄雾烈酒
#F8EED6	Mist Yellow	薄雾黄
#D7E7E6	Misted Aqua	迷雾水色
#A2B7CF	Misted Eve	迷雾之夜
#E1ECD1	Misted Fern	迷雾蕨
#DAB965	Misted Yellow	雾黄
#8AA282	Mistletoe	槲寄生
#98B489	Mistletoe Kiss	槲寄生之吻
#5A8065	Mistletoe Whisper	槲寄生低语
#B8BFCC	Mistral	米斯特拉尔
#CDD2D2	Misty	雾蒙蒙
#C6DCC7	Misty Afternoon	雾蒙蒙午后
#BCDBDB	Misty Aqua	雾蒙蒙水色
#F1EEDF	Misty Beach Cattle	迷雾滩牛
#D2D59B	Misty Bead	雾珠
#B4C4C3	Misty Blue	雾蒙蒙蓝
#DDC9C6	Misty Blush	雾蒙蒙绯红
#D5D9D3	Misty Coast	雾蒙蒙海岸
#83BBC1	Misty Cold Sea	雾蒙蒙寒冷海
#E4E5E0	Misty Dawn	雾蒙蒙黎明
#ADC2BE	Misty Dreams	雾蒙蒙梦
#CDE7DB	Misty Glen	雾蒙蒙谷
#65434D	Misty Grape	雾蒙蒙葡萄
#65769A	Misty Harbour	雾蒙蒙港湾
#CEC9C3	Misty Haze	雾蒙蒙霾
#DCE5CC	Misty Hillside	迷雾山坡
#C5E4DC	Misty Isle	雾蒙蒙岛
#ACD0BB	Misty Jade	雾蒙蒙翡翠
#C2D5C4	Misty Lake	雾蒙蒙湖
#DBD9E1	Misty Lavender	雾蒙蒙薰衣草紫
#DFFAE1	Misty Lawn	雾蒙蒙草坪
#B9B1C2	Misty Lilac	雾蒙蒙丁香紫
#E4BDA8	Misty Loch	迷雾湖
#D3E1D3	Misty Marsh	雾蒙蒙沼泽
#BEC0B0	Misty Meadow	雾蒙蒙草地
#EAC3D2	Misty Memories	朦胧的记忆
#CBCDBE	Misty Memory	朦胧的记忆
#DBC6B9	Misty Mink	雾蒙蒙貂
#DEECDA	Misty Mint	雾蒙蒙薄荷
#E5E0CC	Misty Moonstone	朦胧月光石
#718981	Misty Moor	雾蒙蒙荒野
#E7E1E3	Misty Morn	雾蒙蒙晨
#B2C8BD	Misty Morning	雾蒙蒙早晨
#BAC1CC	Misty Morning Dew	雾蒙蒙早晨露
#BBB477	Misty Moss	雾蒙蒙苔藓
#C0D0E6	Misty Mountains	迷雾山脉
#F7EBD1	Misty Mustard	雾蒙蒙芥末
#FFE4E1	Misty Rose	雾蒙蒙玫红
#B5C8C9	Misty Surf	雾蒙蒙冲浪
#BDC389	Misty Valley	雾蒙蒙山谷
#DBD7E4	Misty Violet	雾蒙蒙紫罗兰
#0D789F	Mitchell Blue	米切尔蓝
#878787	Mithril	秘银
#BBBBC1	Mithril Silver	秘银
#CCCCBA	Mix or Match	混合或搭配
#96819A	Mixed Berries	混合浆果
#6A4652	Mixed Berry Jam	混合浆果果酱
#F9BAB2	Mixed Fruit	混合水果
#719166	Mixed Veggies	混合蔬菜
#6E8659	Mixedwood Leaf	混合木叶
#E4030F	Miyamoto Red	宫本红
#6FEA3E	Miyazaki Verdant	宫崎翠绿
#70C1E0	Mizu	米祖
#A7DBED	Mizu Cyan	水青色
#749F8D	Mizuasagi Green	水浅绿
#1A3F2C	Mizukaze Green	水风绿
#3E6A6B	Moat	护城河
#605A67	Mobster	黑帮
#DDE8ED	Moby Dick	莫比迪克
#FBEBD6	Moccasin	莫卡辛
#9D7651	Mocha	摩卡
#8D8171	Mocha Accent	摩卡强调
#847569	Mocha Bean	摩卡豆
#9A6340	Mocha Bisque	摩卡浓汤
#6B565E	Mocha Brown	摩卡棕
#BEAF93	Mocha Cake	摩卡蛋糕
#F1D96E	Mocha Dandelion	摩卡蒲公英
#8E664E	Mocha Delight	摩卡喜悦
#BBA28E	Mocha Foam	摩卡泡沫
#773322	Mocha Glow	摩卡辉光
#DFD2CA	Mocha Ice	摩卡冰
#82715F	Mocha Latte	摩卡拿铁
#8B6B58	Mocha Madness	摩卡疯狂
#88796D	Mocha Magic	摩卡魔法
#996E5B	Mocha Mousse	摩卡慕斯
#926F53	Mocha Syrup	摩卡糖浆
#AC9680	Mocha Tan	摩卡棕褐
#918278	Mocha Wisp	摩卡缕
#945200	Mochaccino	摩卡奇诺
#8EFA00	Mochito	莫奇托
#FF9863	Mock Orange	仿橙子
#D8583C	Mod Orange	模组橙
#31A6D1	Modal	莫代尔
#40A6AC	Modal Blue	莫代尔蓝
#96711F	Mode Beige	模式米色
#484F49	Model T	T型车
#E9DECF	Moderate White	中白
#AD9167	Modern Avocado	现代牛油果
#BAD1E9	Modern Blue	现代蓝
#D5CEC2	Modern Grey	现代灰
#BEA27D	Modern History	近代史
#F5ECDC	Modern Ivory	现代象牙
#A8AAB3	Modern Lavender	现代薰衣草紫
#88A395	Modern Mint	现代薄荷
#9D8376	Modern Mocha	现代摩卡
#D6D6D1	Modern Monument	现代纪念碑
#E0DEB2	Modern Zen	现代禅
#745B49	Moderne Class	现代类
#838492	Modest Mauve	淡淡紫
#C7C0BC	Modest Silver	适度的银
#E9E4EF	Modest Violet	谦虚的紫罗兰
#E6DDD4	Modest White	谦虚的白
#EEA59D	Modestly Peach	谦虚的桃子
#D4C7D9	Modesty	谦虚
#C3B68B	Modish Moss	时尚苔藓
#F19172	Moegi Green	萌木绿
#553311	Moelleux au Chocolat	巧克力熔岩
#C8A692	Moenkopi Soil	摩恩科皮土壤
#DDCC00	Mogwa-Cheong Yellow	木瓜清黄
#BFA59E	Mohair Mauve	马海毛淡紫
#A78594	Mohair Pink	马海毛粉
#97B2B7	Mohair Soft Blue Grey	马海毛柔蓝灰
#A79B7E	Mohalla	莫哈拉
#BEADB0	Moire	莫尔条纹
#665D63	Moire Satin	云纹缎
#DBDB70	Moist Gold	湿润金
#E0E7DD	Moist Silver	湿银
#004422	Moisty Mire	潮湿的泥沼
#BEA684	Mojave Desert	莫哈韦沙漠
#B99178	Mojave Dusk	莫哈韦黄昏
#BF9C65	Mojave Gold	莫哈韦黄金
#AA6A53	Mojave Sunset	莫哈韦日落
#E4F3E0	Mojito	莫吉托
#97463C	Mojo	魔力
#574A47	Molasses	糖蜜
#8B714B	Molasses Cookie	糖蜜饼干
#392D2B	Mole	鼹鼠
#938F8A	Mole Grey	鼹鼠灰
#B0A196	Moleskin	鼹鼠皮
#E6BCA0	Mollusca	软体动物
#E3EFE3	Molly Green	莫莉·格林
#4D8B72	Molly Robins	莫莉·罗宾斯
#C69C04	Molten Bronze	熔青铜
#BB7A39	Molten Caramel	熔焦糖
#FF5800	Molten Core	熔火之心
#E8C690	Molten Gold	熔金
#E1EDE6	Molten Ice	熔冰
#B5332E	Molten Lava	熔岩
#686A69	Molten Lead	熔铅
#EAB781	Mom’s Apple Pie	妈妈的苹果派
#FFD4BB	Mom’s Love	妈妈的爱
#F5C553	Mom’s Pancake	妈妈的煎饼
#8FC1E5	Moment of Grace	恩典时刻
#57493D	Momentous Occasion	重要时刻
#746F5C	Momentum	势头
#F47983	Momo Peach	莫莫桃子
#542D24	Momoshio Brown	桃尾棕
#C45971	Mon Cher Ami	亲爱的亲爱的
#FF9889	Mona Lisa	蒙娜丽莎
#ABD4E6	Monaco	摩纳哥
#274376	Monaco Blue	摩纳哥蓝
#6B252C	Monarch	君主
#B7813C	Monarch Gold	君主金
#BF764C	Monarch Migration	君主迁徙
#EFA06B	Monarch Orange	帝王橙
#543941	Monarch Velvet	君主天鹅绒
#FF8D25	Monarch Wing	君主翼
#8CB293	Monarch’s Cocoon	君主之茧
#4B62D2	Monarchist	君主主义者
#9093AD	Monarchy	君主制
#41363A	Monastery Mantle	修道院地幔
#ABA9D2	Monastic	修道院
#B78999	Monastir	莫纳斯提尔
#9BB9AE	Moncur	蒙库尔
#554D42	Mondo	蒙多
#0F478C	Mondrian Blue	蒙德里安蓝
#C3CFDC	Monet	莫奈
#CDD7E6	Monet Lily	莫奈百合
#C1ACC3	Monet Magic	莫奈魔法
#EEF0D1	Monet Moonrise	莫奈月出
#92DBC4	Monet Vert	莫奈·维特
#DDE0EA	Monet’s Lavender	莫奈的薰衣草
#7B9A6D	Money	钱
#AABE49	Money Banks	货币银行
#C9937A	Money Tree	金钱树
#777700	Mongolian Plateau	蒙古高原
#A58B6F	Mongoose	猫鼬
#6E6355	Monk’s Cloth	僧衣
#553B39	Monkey Island	猴岛
#BF6414	Monkey King	猴王
#63584C	Monkey Madness	猴子疯狂
#AC9894	Monkeypod	猴荚
#704822	Monks Robe	僧袍
#595747	Monogram	字母组合
#A1BCD8	Monologue	独白
#B8BCBB	Monorail Silver	单轨银号
#DEC1B8	Monroe Kiss	梦露之吻
#7A7679	Monsoon	季风雨
#839AB0	Monsoon Season	季风雨季节
#2F8351	Monster Monstera	怪物龟背竹
#5F674B	Monstera	龟背竹
#75BF0A	Monstera Deliciosa	龟背竹美味
#22CC11	Monstrous Green	巨大的绿色
#9EB6D8	Mont Blanc	勃朗峰
#F2E7E7	Mont Blanc Peak	勃朗峰
#8190A4	Montage	蒙太奇
#393B3C	Montana	蒙大拿州
#76627C	Montana Grape	蒙大拿葡萄
#6AB0B9	Montana Sky	蒙大拿天空
#E2AC6E	Montana Wheat Field	蒙大拿州麦田
#BBAD9E	Montauk Sands	蒙托克金沙酒店
#7AC5B4	Monte Carlo	蒙特卡洛
#B6A180	Montecito	蒙特西托
#3FBABD	Montego Bay	蒙特哥湾
#946E5C	Monterey Brown	蒙特利棕
#7D4235	Monterey Chestnut	蒙特利栗子
#E0DFEA	Monterey Mist	蒙特利薄雾
#D2CDB6	Montezuma	蒙特祖玛
#EECC44	Montezuma Gold	蒙特祖玛金
#A6B2A4	Montezuma Hills	蒙特祖玛山
#D9AD9E	Montezuma’s Castle	蒙特祖玛的城堡
#5879A2	Montreux Blue	蒙特勒蓝
#9D6A73	Montrose Rose	蒙特罗斯玫瑰
#84898C	Monument	纪念碑
#D3C190	Monument Green	纪念碑绿
#AD5C34	Monument Valley	纪念碑谷
#C7031E	Monza	蒙扎
#FBE5BD	Moo	哞
#393F52	Mood Indigo	情绪靛蓝
#FFE7D5	Mood Lighting	情绪照明
#7F90CB	Mood Mode	心情模式
#49555D	Moody Black	穆迪黑
#586E75	Moody Blues	穆迪布鲁斯
#6586A5	Moody Indigo	穆迪靛蓝
#CAE2D9	Moody Mist	喜怒无常的薄雾
#4B7991	Moody Teal	穆迪青色
#8F9294	Moody Whitby	穆迪惠特比
#C7B8A9	Mooloolaba	穆卢拉巴
#7D7D77	Moon Base	月基地
#C7BDC1	Moon Buggy	月球车
#FAEFBE	Moon Dance	月舞
#DDD5C9	Moon Drop	月滴
#DFE5E4	Moon Garden	月花园
#BCD1C7	Moon Glass	月玻璃
#F5F3CE	Moon Glow	月辉光
#CFC7D5	Moon Goddess	月女神
#8EB8CE	Moon Jellyfish	月水母
#A7A7A7	Moon Landing	登月
#E6E6E7	Moon Lily	月百合
#FAF1DE	Moon Maiden	月之少女
#F4F4E8	Moon Rise	月亮升起
#897D76	Moon Rock	月岩石
#96A5B8	Moon Shadow	月暗影
#E9E3D8	Moon Shell	月壳
#CBC5BB	Moon Shot	登月
#6F8588	Moon Tide	月潮汐
#FCF1DE	Moon Valley	月山谷
#8D99B1	Moon Veil	月面纱
#EAF4FC	Moon White	月白
#F0C420	Moon Yellow	月黄
#C2B8AE	Moonbeam	月光
#F3DEBF	Moondoggie	月狗
#65FFFF	Moonglade Water	月光林地水
#1E2433	Moonless Mystery	无月之谜
#3C393D	Moonless Night	无月之夜
#444B4A	Moonless Sky	无月的天空
#F6EED5	Moonlight	月光
#567090	Moonlight Blue	月光蓝
#D2E8D8	Moonlight Green	月光绿
#C7E5DF	Moonlight Jade	月光翡翠
#CA83A7	Moonlight Mauve	月光淡紫
#AF73B0	Moonlight Melody	月光旋律
#4E468B	Moonlight Sonata	月光奏鸣曲
#999FB2	Moonlight Stroll	月光漫步
#F9F0DE	Moonlight White	月光白
#E1C38B	Moonlight Yellow	月光黄
#F9F0E6	Moonlit Beach	月光海滩
#3E6D6A	Moonlit Forest	月光森林
#D28FB0	Moonlit Mauve	月光淡紫
#30445A	Moonlit Ocean	月光海洋
#949194	Moonlit Orchid	月光兰花
#205A61	Moonlit Pool	月光泳池
#EAEEEC	Moonlit Snow	月雪
#C9D9E0	Moonmist	月雾
#8D9596	Moonquake	月震
#C0B2D7	Moonraker	太空城
#A53F48	Moonrose	月玫瑰
#806B77	Moonscape	月景
#5A6E9C	Moonshade	月影
#C3C2B2	Moonshine	月光
#3AA8C1	Moonstone	月光石
#73A9C2	Moonstone Blue	月光石蓝
#FCF0C2	Moonstruck	月色袭人
#BEBEC4	Moonwalk	月球漫步
#A5AE9F	Moonwort	月草
#6A584D	Moor Oak Grey	荒野橡灰
#3C6461	Moor Pond Green	荒野池塘绿
#1F5429	Moor-Monster	摩尔怪物
#A6AB9B	Moorland	荒原
#CC94BE	Moorland Heather	高沼地希瑟
#CFD1CA	Moorstone	摩尔斯通
#725440	Moose Fur	驼鹿毛皮
#CAB59F	Moose Mousse	驼鹿慕斯
#6B5445	Moose Trail	驼鹿小径
#5D5744	Moosewood	穆斯伍德
#A2DB10	Moot Green	穆特·格林
#00EE33	Moping Green	摩平绿
#9955CC	Morado Purple	莫拉多紫
#CEB391	Moraine	冰碛
#B4CDE5	Morality	道德
#726138	Morass	沼泽
#C8BD6A	Moray	海鳗
#00A78B	Moray Eel	海鳗
#9E0E64	Morbid Princess	病态公主
#2A6671	Mordant Blue	媒染蓝
#AE0C00	Mordant Red 19	媒染红 19
#2F5684	Mordian Blue	莫迪蓝
#DFBF9A	More Cowbell	更多牛铃
#D0AB70	More Maple	更多枫木
#E0E3C8	More Melon	更多甜瓜
#E6E8C5	More Mint	更多薄荷
#8D8D8D	More Than a Week	一个多星期了
#73645C	Morel	莫雷尔
#DFCEC6	Morganite	摩根石
#82979B	Morning at Sea	早晨海
#F4DABB	Morning Blossom	早晨花
#8DA399	Morning Blue	早晨蓝
#F9E8DF	Morning Blush	早晨绯红
#E7E6DE	Morning Bread	早晨面包
#D5E3DE	Morning Breeze	早晨微风
#CEEEEF	Morning Calm	早晨平静
#CED5E3	Morning Chill	早晨寒气
#B0B9AC	Morning Dew	早晨露
#C6DBD6	Morning Dew White	早晨露白
#D0DBD7	Morning Fog	早晨雾
#6DAE81	Morning Forest	早晨森林
#EBF4DF	Morning Frost	早晨霜
#9ED1D3	Morning Glory	早晨荣光
#CA99B7	Morning Glory Pink	早晨荣光粉
#EEF0D6	Morning Glow	早晨辉光
#89BAB2	Morning Green	早晨绿
#E0E8ED	Morning Haze	早晨霾
#C9CCC9	Morning Lake	早晨湖
#E0EFE9	Morning Light Wave	早晨浅波浪
#EE8A67	Morning Marmalade	早晨橘子酱
#E5EDF1	Morning Mist	早晨薄雾
#ADA7B9	Morning Mist Grey	早晨薄雾灰
#F7EECF	Morning Moon	早晨月
#DAD6AE	Morning Moor	早晨荒野
#ACC0BD	Morning Parlour	早晨客厅
#DEE4DC	Morning Rush	早高峰
#F8EAED	Morning Shine	早晨光泽
#D3DCEA	Morning Shower	早晨阵雨
#FCE9DE	Morning Sigh	晨叹
#C7ECEA	Morning Sky	早晨天空
#F5F4ED	Morning Snow	早晨雪
#E4ECE9	Morning Song	早晨歌
#C3D1E5	Morning Star	早晨星
#F3E6CE	Morning Sun	早晨太阳
#FDEFCC	Morning Sunlight	早晨阳光
#CABD94	Morning Tea	早晨茶
#E7D2A9	Morning Wheat	早晨小麦
#CBCDB9	Morning Zen	早晨禅
#D9BE77	Morning’s Egg	早上的鸡蛋
#F3E2DF	Morningside	晨兴
#DCC6B9	Mornington	莫宁顿
#115674	Moroccan Blue	摩洛哥蓝
#75583D	Moroccan Blunt	摩洛哥钝器
#7C726C	Moroccan Brown	摩洛哥棕
#6B5E5D	Moroccan Dusk	摩洛哥黄昏
#6E5043	Moroccan Henna	摩洛哥指甲花
#6D4444	Moroccan Leather	摩洛哥皮革
#B4C0C3	Moroccan Moderne	摩洛哥现代
#EAE0D4	Moroccan Moonlight	摩洛哥月光
#335E8B	Moroccan Resort	摩洛哥度假村
#8D504B	Moroccan Ruby	摩洛哥红宝石
#BF7756	Moroccan Sky	摩洛哥天空
#8F623B	Moroccan Spice	摩洛哥辛香
#B67267	Morocco	摩洛哥
#442D21	Morocco Brown	摩洛哥棕
#96453B	Morocco Red	摩洛哥红
#ECE3CC	Morocco Sand	摩洛哥沙
#AC8F6C	Morrel	莫雷尔
#8CB295	Morris Artichoke	莫里斯朝鲜蓟
#A0B8CE	Morris Blue	莫里斯蓝
#C2D3AF	Morris Leaf	莫里斯·利夫
#ADA193	Morris Room Grey	莫里斯室灰色
#546B78	Morro Bay	莫罗湾
#FCFCCF	Morrow White	莫罗·怀特
#DEAD00	Mortal Yellow	凡人黄
#565051	Mortar	迫击炮
#9E9F9E	Mortar Grey	灰浆灰
#00E6D3	MoS? Cyan	二硫化钼青
#007C94	Mosaic Blue	马赛克蓝
#599F68	Mosaic Green	马赛克绿
#E8CEC5	Mosaic Pink	马赛克粉
#1C6B69	Mosaic Tile	马赛克瓷砖
#204652	Moscow Midnight	莫斯科午夜
#EECC77	Moscow Mule	莫斯科骡子
#937C00	Moscow Papyrus	莫斯科纸莎草纸
#2E4E36	Moselle Green	摩泽尔绿
#005F5B	Mosque	清真寺
#86A852	Mosquito Fern	蚊蕨
#009051	Moss	苔藓
#A0AA9A	Moss Agate	苔藓玛瑙
#6B7061	Moss Beach	苔藓海滩
#715B2E	Moss Brown	苔藓棕
#8AA775	Moss Candy	苔藓糖果
#42544C	Moss Cottage	苔藓小屋
#7A7E66	Moss Covered	青苔覆盖
#768B59	Moss Gardens	苔藓花园
#4A473F	Moss Glen	苔藓谷
#AFAB97	Moss Grey	苔藓灰
#C7CAC1	Moss Ink	苔藓墨
#C8C6B4	Moss Island	苔藓岛
#6D7E40	Moss Landing	莫斯兰丁
#DEE1D3	Moss Mist	苔藓薄雾
#7E8D60	Moss Point Green	苔藓点绿
#AFB796	Moss Print	苔藓打印
#729067	Moss Ring	苔藓环
#5E5B4D	Moss Rock	苔藓岩石
#8F6D6B	Moss Rose	苔藓玫红
#B4A54B	Moss Stone	苔藓石
#38614C	Moss Vale	莫斯谷
#B4C2B6	Mossa	莫萨
#779966	Mosslands	苔藓地
#8C9D8F	Mossleaf	苔叶
#7F805B	Mosstone	莫斯通
#857349	Mossy	苔藓
#88806F	Mossy Aura	苔藓光环
#8B8770	Mossy Bank	莫西银行
#83A28F	Mossy Bench	长满青苔的长凳
#525F48	Mossy Bronze	苔藓古铜
#A4A97B	Mossy Cavern	苔藓洞穴
#789B4A	Mossy Glossy	苔藓光泽
#9C9273	Mossy Gold	苔藓金
#5A7C46	Mossy Green	苔藓绿
#867E36	Mossy Meadow	苔藓草地
#848178	Mossy Oak	苔藓橡
#908C7E	Mossy Pavement	长满青苔的路面
#A9965D	Mossy Rock	苔藓岩石
#7E6C44	Mossy Shade	苔藓暗调
#BAD147	Mossy Shining Gold	苔藓闪亮的金色
#828E74	Mossy Statue	苔藓雕像
#E7F2DE	Mossy White	苔藓白
#7A9703	Mossy Woods	苔藓树林
#E3D6D4	Most Delicate	最精致
#575E5F	Mostly Metal	主要是金属
#C1C1C5	Mote of Dust	微尘
#CBC1A2	Moth	蛾
#007700	Moth Green	蛾绿
#DAD3CB	Moth Grey	蛾灰
#EDEBDE	Moth Mist	蛾薄雾
#D00172	Moth Orchid	蛾兰花紫
#CFBDBA	Moth Pink	蛾粉
#EDF1DB	Moth’s Wing	飞蛾之翼
#849C8D	Mother Earth	地球母亲
#A28761	Mother Lode	母矿脉
#BDE1C4	Mother Nature	大自然
#E9D5C3	Mother of Pearl	珍珠母贝
#8FD89F	Mother of Pearl Green	珍珠母绿
#D1C4C6	Mother of Pearl Pink	珍珠母粉红
#CCD6E6	Mother of Pearl Silver	珍珠母银
#F7EDCA	Mother’s Milk	母乳
#BCB667	Motherland	祖国
#EEDD82	Mothra Wing	魔斯拉之翼
#CEBBB3	Mothy	莫西
#A58E71	Motif	主题
#495A6E	Motor City Blue	汽车城蓝色
#917C6F	Motto	座右铭
#D5A300	Mouldy Ochre	发霉的赭色
#E7EFE0	Mount Eden	伊甸山
#3D484C	Mount Etna	埃特纳火山
#3D703E	Mount Hyjal	海加尔山
#BAC0CD	Mount Nirvana	涅槃山
#716646	Mount Olive	山橄榄
#D4FFFF	Mount Olympus	奥林匹斯山
#CAD3D4	Mount Sterling	斯特林山
#7C7B6A	Mount Tam	谭山
#E6E0E0	Mountain Air	山空气
#CC7700	Mountain Ash	山灰
#3C4B6C	Mountain Blueberry	山蓝莓
#4C98C2	Mountain Bluebird	山蓝鸫
#BFB8B5	Mountain Boulder	山巨石
#E2EFE8	Mountain Crystal Silver	山水晶银
#CFE2E0	Mountain Dew	山露
#867965	Mountain Elk	山马鹿
#BDCAC0	Mountain Falls	山瀑布
#94B491	Mountain Fern	山蕨
#383C49	Mountain Fig	山无花果
#6C71A6	Mountain Flower Mauve	山花淡紫
#F4DBC7	Mountain Fog	山雾
#4D663E	Mountain Forest	山森林
#B2B599	Mountain Green	山绿
#E8E3DB	Mountain Grey	山灰
#6C6E7E	Mountain Haze	山霾
#EEDAE6	Mountain Heather	山石楠
#A2917B	Mountain Hideaway	山间隐居处
#5C5687	Mountain Iris	山鸢尾
#2D5975	Mountain Lake	山湖
#4CBCA7	Mountain Lake Azure	山湖蔚蓝
#85D4D4	Mountain Lake Blue	山湖蓝
#75B996	Mountain Lake Green	山湖绿
#F4C8D5	Mountain Laurel	山月桂
#A7AE9E	Mountain Lichen	山地衣
#8DB8D0	Mountain Main	主山
#EFCC7C	Mountain Maize	山玉米
#30BA8F	Mountain Meadow	山草地
#418638	Mountain Meadow Green	山草地绿
#385058	Mountain Midnight	山午夜
#A7E0C2	Mountain Mint	山薄荷
#A09F9C	Mountain Mist	山薄雾
#D4DCD1	Mountain Morn	山晨
#94A293	Mountain Moss	山苔藓
#908456	Mountain Olive	山橄榄
#7F9F97	Mountain Outlook	山景
#5C6A6A	Mountain Pass	山口
#E9E0D4	Mountain Peak	山峰
#3B5257	Mountain Pine	山松
#605B57	Mountain Quail	山鹌鹑
#53B8C9	Mountain Range Blue	山脉蓝
#283123	Mountain Range Green	山山脉绿
#75665E	Mountain Ridge	山山岭
#475F77	Mountain River	山河
#868578	Mountain Road	山路
#A3AA8C	Mountain Sage	山鼠尾草
#B1AB9A	Mountain Shade	山暗调
#8E877F	Mountain Smoke	山烟
#D9E1C1	Mountain Spring	山春
#96AFB7	Mountain Stream	山溪流
#615742	Mountain Trail	山小径
#394C3B	Mountain View	山景
#D8D0E3	Mountain’s Majesty	山之陛下
#997A8D	Mountbatten Pink	蒙巴顿粉红
#E9EAEB	Mourn Mountain Snow	哀山雪
#6F5749	Mournfang Brown	哀牙棕
#1651BD	Mourning Blue	哀蓝
#928D88	Mourning Dove	哀鸽
#474354	Mourning Violet	哀悼紫罗兰
#9E928F	Mouse Catcher	捕鼠器
#FFE5B4	Mouse Nose	老鼠鼻子
#727664	Mouse Tail	鼠尾
#BEB1B0	Mouse Trap	老鼠夹
#6D2A13	Moussaka	穆萨卡
#E8CEF6	Mousse aux Pruneaux	李子慕斯
#5C4939	Mousy Brown	穆西棕
#5C544E	Mousy Indigo	穆西靛蓝
#BF9005	Moutarde de Bénichon	贝尼雄穆塔德
#4EFFCD	Move Mint	移动薄荷
#9CCE9E	Mover & Shaker	动摇器
#B2BFD5	Movie Magic	电影魔法
#C52033	Movie Star	电影明星
#A9B49A	Mow the Lawn	割草坪
#627948	Mown Grass	割过的草
#E6D3BB	Mown Hay	割干草
#E5DAD8	Moxie	莫西
#485480	Mozart	莫扎特
#E39B7A	Mozzarella Covered Chorizo	马苏里拉奶酪覆盖香肠
#A3C5DB	Mr Frosty	霜先生
#E4B857	Mr Mustard	芥末先生
#C0D5EF	Mr. Glass	玻璃先生
#DBDBD4	Mr. Kitty	基蒂先生
#D04127	Mr. Krabs	蟹老板
#FF00AA	Ms. Pac-Man Kiss	吃豆人女士之吻
#18453B	MSU Green	密歇根州立大学绿色
#597766	Mt Burleigh	伯利山
#E7E9E6	Mt. Hood White	胡德山白色
#7F8181	Mt. Rushmore	拉什莫尔山
#F1F2D3	Mǔ Lì Bái Oyster	MǔLìBái牡蛎
#70543E	Mud	泥
#966544	Mud Ball	泥球
#7C6841	Mud Bath	泥浴
#D0C8C4	Mud Berry	泥浆果
#60460F	Mud Brown	泥棕
#606602	Mud Green	泥绿
#847146	Mud House	泥屋
#9D9588	Mud Pack	泥包
#DCC0C3	Mud Pink	泥粉
#B6B5B1	Mud Pots	泥盆
#9D958B	Mud Puddle	泥坑
#60584B	Mud Room	泥房
#C18136	Mud Yellow	泥黄
#A08B76	Mud-Dell	泥谷
#A46960	Mudbrick	泥砖
#5A5243	Muddled Basil	糊涂的罗勒
#A13905	Muddy	泥泞
#886806	Muddy Brown	泥泞棕
#3F6976	Muddy Cyan	泥泞青
#657432	Muddy Green	泥泞绿
#E4B3CC	Muddy Mauve	泥泞淡紫
#C3988B	Muddy Mire	泥沼
#805C44	Muddy Mississippi	泥泞的密西西比州
#4B5D46	Muddy Olive	泥泞橄榄
#715D3D	Muddy River	泥泞河
#E2BEB4	Muddy Rose	泥泞玫红
#A9844F	Muddy Waters	泥泞水域
#BFAC05	Muddy Yellow	泥泞黄
#B8D0DA	Mudra	手印
#897A69	Mudskipper	弹涂鱼
#84735F	Mudslide	泥石流
#84846F	Mudstone	泥岩
#9E7E53	Muesli	麦片
#F9DDC7	Muffin Magic	松饼魔法
#F5E0D0	Muffin Mix	松饼混合
#DADBE2	Muffled White	闷白
#448800	Mughal Green	莫卧儿绿
#A38961	Mukluks	穆克鲁克斯
#920A4E	Mulberry	桑葚
#956F29	Mulberry Brown	桑葚棕
#AD6EA0	Mulberry Bush	桑葚灌木丛
#463F60	Mulberry Mauve Black	桑葚淡紫黑
#9F556C	Mulberry Mix	桑葚混合
#4A3C62	Mulberry Purple	桑葚紫
#94766C	Mulberry Silk	桑葚丝
#C6BABE	Mulberry Stain	桑葚染色
#C57F2E	Mulberry Thorn	桑刺
#997C85	Mulberry Wine	桑葚酒红
#5C0536	Mulberry Wood	桑葚木
#C54B8C	Mulberry Yoghurt	桑葚酸奶
#4E4240	Mulch	覆盖物
#827B77	Mule	骡
#884F40	Mule Fawn	骡小鹿
#C2B332	Mulgore Mustard	莫高雷芥末
#A18162	Mulled Cider	热苹果酒
#675A74	Mulled Grape	热葡萄
#763D57	Mulled Plum	热李子
#D5A579	Mulled Spice	香料
#524D5B	Mulled Wine	热红酒
#CA4042	Mullen Pink	马伦粉红
#C18654	Mulling Spice	思考香料
#CCD0DD	Multnomah Falls	摩特诺玛瀑布
#55BB00	Mulu Frog	姆鲁蛙
#824B27	Mummy Brown	木乃伊棕
#828E84	Mummy’s Tomb	木乃伊之墓
#F23E67	Munch on Melon	吃瓜
#9BB139	Munchkin	芒奇金
#CAC76D	Mung Bean	绿豆
#0093AF	Munsell Blue	孟塞尔蓝
#EFCC00	Munsell Yellow	孟塞尔黄
#D2A172	Muntok White Pepper	蒙托克白胡椒
#C5D6EE	Murano Soft Blue	穆拉诺软蓝
#4F284B	Murasaki	紫咲
#884898	Murasaki Purple	紫
#AC7E04	Murder Mustard	谋杀芥末
#B3205F	Murderous Magenta	凶残的洋红色
#5B8D6B	Murdoch	默多克
#847EB1	Murex	骨螺螺
#02273A	Murky Depths	黑暗深处
#6C7A0E	Murky Green	暗绿
#7E8177	Murky Sage	阴暗圣人
#C7CFC7	Murmur	低语
#6B3C39	Murray Red	穆雷红
#F4E5AB	Muscadine	圆叶葡萄
#EBE2CF	Muscat Blanc	白麝香
#5E5067	Muscat Grape	马斯喀特葡萄
#7B6A68	Muscatel	麝香葡萄
#9B6957	Muscovado Sugar	黑糖
#E9DECB	Muscovite	白云母
#A5857F	Muse	缪斯
#685951	Museum	博物馆
#2D4436	Mushiao Green	木犀绿
#BDACA3	Mushroom	蘑菇
#977A76	Mushroom Basket	蘑菇篮
#CAB49B	Mushroom Bisque	蘑菇浓汤
#906E58	Mushroom Brown	蘑菇棕
#D3BEAC	Mushroom Cap	蘑菇帽
#8E8062	Mushroom Forest	蘑菇森林
#DBD0CA	Mushroom Risotto	蘑菇意大利烩饭
#F0E1CD	Mushroom White	蘑菇白
#F8EAE6	Musical Mist	音乐迷雾
#CCA195	Musk	马斯克
#7E5B58	Musk Deer	麝
#CFBFB9	Musk Dusk	麝香黄昏
#774548	Musk Memory	马斯克记忆
#4D5052	Muskeg Grey	马斯基格灰色
#A57545	Muskelmannbraun	马斯克曼布劳恩
#7D6D39	Musket	火枪
#E98447	Muskmelon	甜瓜
#7E6F4F	Muskrat	麝香鼠
#D3D1C4	Muslin	薄纱
#E0CDB1	Muslin Tint	薄纱调
#24342A	Mussel Green	贻贝绿
#F0E2DE	Mussel White	贻贝白
#9B6B45	Must Love Dogs	一定爱狗
#5E4A47	Mustang	野马
#CEB301	Mustard	芥末
#EF8144	Mustard Crusted Salmon	芥末结皮三文鱼
#D8B076	Mustard Field	芥末原野
#D2BD0A	Mustard Flower	芥末花
#E7A733	Mustard Glaze	芥末釉
#A6894B	Mustard Gold	芥末金
#A8B504	Mustard Green	芥末绿
#857139	Mustard Magic	芥末魔法
#D5A129	Mustard Musketeers	芥末火枪手
#D5BD66	Mustard Oil	芥末油
#DDCC33	Mustard on Toast	芥末吐司
#EDBD68	Mustard Sauce	芥末酱
#C69F26	Mustard Seed	芥末种子
#C5A574	Mustard Seed Beige	芥末种子米色
#E1AD01	Mustard Yellow	芥末黄
#C29594	Mutabilis	穆塔比利斯
#91788C	Muted Berry	哑浆果
#3B719F	Muted Blue	哑蓝
#CF8A78	Muted Clay	哑黏土
#515453	Muted Ebony	哑乌木
#5FA052	Muted Green	哑绿
#3B5698	Muted Lavender	哑薰衣草紫
#D0C678	Muted Lime	哑青柠
#B3A9A3	Muted Mauve	哑淡紫
#66626D	Muted Mulberry	哑桑葚
#D1768F	Muted Pink	哑粉
#805B87	Muted Purple	哑紫
#954B51	Muted Red	哑红
#93907E	Muted Sage	哑鼠尾草
#EE0000	MVS Red	MVS红
#D3B395	My Chai	印度奶茶
#F3C4C2	My Fair Lady	美女士
#CBB698	My Guinea Pig	我的豚鼠
#E1C6A8	My Love	爱
#CABDCE	My Mona	我的莫娜
#CFBAA4	My Piazza	我的广场
#D68B80	My Pink	粉
#4F434E	My Place or Yours	我的地方还是你的地方
#FDAE45	My Sin	我的罪孽
#6597AB	My Skiff	我的小船
#F8E7DF	My Sweetheart	我的甜心
#387ABE	Mykonos	米科诺斯岛
#005780	Mykonos Blue	米科诺斯蓝
#284C75	Mykonos Reflection	米科诺斯岛倒影
#E0218A	Myoga Purple	妙加紫
#21421E	Myrtle	默特尔
#00524C	Myrtle Deep Green	香桃木深绿
#9EB3DE	Myrtle Flower	香桃木花
#317873	Myrtle Green	默特尔·格林
#B77961	Myrtle Pepper	香桃木胡椒
#8E6F76	Myself	我自己
#98817C	Mystere	神秘
#826F7A	Mysteria	神秘
#46394B	Mysterioso	神秘人
#535E63	Mysterious	神秘
#3E7A85	Mysterious Blue	神秘蓝
#060929	Mysterious Depths	神秘深处
#A6A3A9	Mysterious Mauve	神秘淡紫
#0F521A	Mysterious Mixture	神秘混合物
#6F6A52	Mysterious Moss	神秘苔藓
#5C6070	Mysterious Night	神秘之夜
#27454A	Mysterious Waters	神秘水域
#A4CDCC	Mystery	神秘
#BBEFD3	Mystery Mint	神秘薄荷
#063C89	Mystery Oceans	神秘海洋
#D8DDDA	Mystic	神秘
#48A8D0	Mystic Blue	神秘蓝
#EAE9E1	Mystic Fog	神秘雾
#D8F878	Mystic Green	神秘绿
#D2E4EE	Mystic Harbour	神秘港湾
#8596D2	Mystic Iris	神秘鸢尾
#DDE5EC	Mystic Light	神秘浅
#E02E82	Mystic Magenta	神秘品红
#AD4379	Mystic Maroon	神秘栗色
#DBB7BA	Mystic Mauve	神秘淡紫
#EDEBB4	Mystic Melon	神秘瓜
#4B2C74	Mystic Nights	神秘夜
#FBDDBE	Mystic Opal	神秘蛋白石
#D5DDE2	Mystic Pool	神秘池
#FF5500	Mystic Red	神秘红
#B7CAE0	Mystic River	神秘河
#F8C0BA	Mystic Rose	神秘玫红
#B9E0DB	Mystic Sea	神秘海
#5A4742	Mystic Taupe	神秘灰褐
#F9B3A3	Mystic Tulip	神秘郁金香
#00877B	Mystic Turquoise	神秘青
#EBEBE9	Mystic White	神秘白
#6E5881	Mystical	神秘
#B5AAA9	Mystical Grey	神秘灰
#E5E2E3	Mystical Mist	神秘迷雾
#745D83	Mystical Purple	神秘紫
#DCE3D1	Mystical Sea	神秘海
#4C5364	Mystical Shade	神秘阴影
#352B30	Mystical Shadow	神秘之影
#7A6A75	Mystical Trip	神秘之旅
#2A4071	Mystification	神秘化
#C9DBC7	Mystified	迷惑不解
#C920B0	Mystifying Magenta	神秘洋红色
#A598A0	Mystique	魔形女
#723D5B	Mystique Violet	神秘紫罗兰
#657175	Myth	神话
#4A686C	Mythic Forest	神话森林
#7E778E	Mythical	神话
#93A8A7	Mythical Blue	神话蓝
#398467	Mythical Forest	神话森林
#1C2E63	Mythical Night	神话之夜
#FF7F49	Mythical Orange	神话橙
#7A0A14	Mythical Wine	神话酒
#FFCB5D	Nacho	纳乔
#FFBB00	Nacho Cheese	纳乔奶酪
#E8E2D4	Nacre	珍珠层
#F6ADC6	Nadeshiko Pink	抚子粉红
#AFC9C0	Nadia	纳迪亚
#C90406	Naga Morich	娜迦莫里奇
#ED292B	Naga Viper Pepper	娜迦毒蛇辣椒
#3D3354	Naggaroth Night	纳加罗斯之夜
#FDEDC3	Nǎi Yóu Sè Cream	奶油色
#BD4E84	Nail Polish Pink	指甲油粉色
#D9A787	Nairobi Dusk	内罗毕黄昏
#FCE7D3	Naive Peach	天真桃子
#F6EBE6	Naivete	天真
#C93756	Nakabeni Pink	中红粉红
#C8A397	Naked Clay	裸粘土
#F7CB6E	Naked Noodle	裸面
#EBB5B3	Naked Rose	裸玫瑰
#785E49	Namakabe Brown	生壁棕
#7B7C7D	Namara Grey	纳马拉·格雷
#BDD8C0	Namaste	合十礼
#7C6D61	Namibia	纳米比亚
#A08DA7	Nana	娜娜
#DFCBC3	Nana’s Pearls	娜娜的珍珠
#DE9EAA	Nana’s Rose	娜娜的玫瑰
#57B8DC	Nancy	南希
#8F423D	Nandi Bear	南迪熊
#4E5D4E	Nandor	南多尔
#B89E82	Nankeen	南基恩
#F2F0EA	Nano White	纳米白
#E3B130	Nanohanacha Gold	纳米花茶黄金
#7D9192	Nantucket Bay	楠塔基特湾
#D0BFAA	Nantucket Dune	楠塔基特沙丘
#CABFBF	Nantucket Mist	楠塔基特薄雾
#B4A89A	Nantucket Sands	楠塔基特金沙酒店
#A39A87	Napa	纳帕
#E1D8D5	Napa Dawn	纳帕黎明
#5B5162	Napa Grape	纳帕葡萄
#534853	Napa Harvest	纳帕收获
#CD915C	Napa Sunset	纳帕日落
#5D4149	Napa Wine	纳帕酒
#6A5C7D	Napa Winery	纳帕酒庄
#EFDDC1	Napery	纸巾
#2A8000	Napier Green	纳皮尔绿
#FADA5F	Naples Yellow	那不勒斯黄
#404149	Napoleon	拿破仑
#2C4170	Napoleonic Blue	拿破仑蓝
#FF8050	Nārangī Orange	纳兰吉橙
#C39449	Narcissus	水仙
#E6E3D8	Narcomedusae	水螅科
#FFC14B	Narenji Orange	纳伦吉橙
#E9E6DC	Narvik	纳尔维克
#080813	Narwhal Grey	独角鲸灰
#746062	Nasake	那坂
#EDD4B1	Nashi Pear Beige	纳什梨米色
#FE5B2E	Nasturtium	旱金莲
#E64D1D	Nasturtium Flower	旱金莲花
#87B369	Nasturtium Leaf	金莲花叶
#869F49	Nasturtium Shoot	旱金莲芽
#70B23F	Nasty Green	讨厌的绿色
#5D21D0	Nasu Purple	那须紫
#A17917	Nataneyu Gold	纳塔内尤金
#BA9F95	Natchez	纳奇兹
#B1A76F	Natchez Moss	纳奇兹·莫斯
#3F6F98	National Anthem	国歌
#DC6B67	Native Berry	原生浆果
#9AA099	Native Flora	本土植物区系
#848667	Native Henna	原生指甲花
#D33300	Native Hue of Resolution	分辨率的原生色调
#A89AA7	Native Lilac	原生丁香
#887B69	Native Soil	原生土壤
#153043	NATO Blue	北约蓝
#555548	NATO Olive	北约橄榄
#EBBC71	Natrolite	钠沸石
#C79843	Nattō	纳豆
#A48B74	Natural	天然
#DED2BB	Natural Almond	天然杏仁
#6D574D	Natural Bark	天然树皮
#A29171	Natural Bridge	天然桥
#E4717A	Natural Candy Pink	天然糖果粉
#BBA88B	Natural Chamois	天然麂皮
#E3DED0	Natural Choice	自然选择
#8B655A	Natural Copper	天然铜
#976343	Natural Cork	天然软木
#A27833	Natural Evolution	自然进化
#BCCD91	Natural Green	天然绿
#C4C0BB	Natural Grey	天然灰
#82745C	Natural Habitat	自然栖息地
#91AA90	Natural Harmony	自然和谐
#003740	Natural Indigo	天然靛蓝
#017374	Natural Instinct Green	自然本能绿色
#A80E00	Natural Leather	天然皮革
#F1EBC8	Natural Light	天然浅
#ECDFCF	Natural Linen	天然亚麻
#4C9C77	Natural Orchestra	自然乐团
#77B033	Natural Order	自然秩序
#4A4A43	Natural Pumice	天然浮石
#E7DCC1	Natural Radiance	天然光辉
#DCC39F	Natural Rice Beige	天然米米色
#FCE7C5	Natural Sheepskin	天然羊皮
#D3C5C0	Natural Silk Grey	天然丝灰
#E5D8C2	Natural Soap	天然皂
#AA838B	Natural Spring	天然春
#8A8287	Natural Steel	天然钢
#AEA295	Natural Stone	天然石
#DCD2C3	Natural Tan	天然棕褐
#DBC39B	Natural Twine	天然麻线
#006E4E	Natural Watercourse	天然水道
#F0E8CF	Natural Whisper	天然低语
#FBEDE2	Natural White	天然白
#FFF6D7	Natural Wool	天然羊毛
#EED88B	Natural Yellow	天然黄
#D7E5B4	Natural Youth	自然青春
#F1E0CF	Naturale	自然
#68685D	Naturalism	自然主义
#8B8C83	Naturalist Grey	自然主义灰色
#CED0D9	Naturally Calm	自然平静
#BFD5B3	Nature	自然
#FEB7A5	Nature Apricot	自然杏
#7DAF94	Nature Green	自然绿
#6C7763	Nature Lover	自然爱好者
#7B8787	Nature Retreat	自然隐居
#C8C8B4	Nature Spirits	自然之灵
#52634B	Nature Surrounds	自然环境
#E6D7BB	Nature Trail	自然小径
#7C7A7A	Nature Walk	自然漫步
#A6D292	Nature’s Delight	自然之乐
#666A60	Nature’s Gate	自然之门
#99A399	Nature’s Gift	大自然的礼物
#006611	Nature’s Masterpiece	大自然的杰作
#C5D4CD	Nature’s Reflection	自然的倒影
#117733	Nature’s Strength	自然的力量
#CBC0AD	Naturel	自然
#BA403A	Naughty Hottie	顽皮辣妹
#E3CCDC	Naughty Marietta	顽皮的玛丽埃塔
#483D8B	Nauseous Blue	恶心的蓝色
#2E4A7D	Nautical	航海
#1A5091	Nautical Blue	航海蓝
#295C7A	Nautical Creatures	航海生物
#AAB5B7	Nautical Star	航海之星
#273C5A	Nautilus	鹦鹉螺号
#378FB3	Navagio Bay	纳瓦吉奥湾
#EFDCC3	Navajo	纳瓦霍语
#A48679	Navajo Horizon	纳瓦霍地平线
#007C78	Navajo Turquoise	纳瓦霍绿松石
#FFDEAD	Navajo White	纳瓦霍白
#41729F	Naval	海军
#072688	Naval Adventures	海上冒险
#384B6B	Naval Blue	海军蓝
#011C39	Naval Night	海军之夜
#386782	Naval Passage	海军通道
#EC8430	Navel	肚脐
#008A86	Navigate	导航
#5D83AB	Navigator	导航器
#01153E	Navy	海军蓝
#E0DCCF	Navy Bean	海军蓝豆
#263032	Navy Black	海军蓝黑
#2A2E3F	Navy Blazer	海军蓝西装外套
#000080	Navy Blue	海军蓝
#57415C	Navy Cosmos	海军宇宙
#425166	Navy Damask	海军蓝花缎
#004C6A	Navy Dark Blue	海军蓝深蓝
#9556EB	Navy Genesis Evangelion	海军创世纪新世纪福音战士
#35530A	Navy Green	海军蓝绿
#223A5E	Navy Peony	海军蓝牡丹
#253A91	Navy Seal	海军蓝海豹
#20576E	Navy Teal	海军蓝青
#203462	Navy Trim	海军蓝装饰
#5DC2DB	Naxos Sky	纳克索斯天空
#9B7A78	Neapolitan	那不勒斯
#4D7FAA	Neapolitan Blue	那不勒斯蓝
#5EE7DF	Near Moon	近月
#A88E76	Nearly Brown	近棕色
#EFDED1	Nearly Peach	近桃花
#C8D5DD	Nearsighted	近视
#A104C3	Nebula	星云
#281367	Nebula Night	星云之夜
#922B9C	Nebula Outpost	星云前哨站
#2E62A7	Nebulas Blue	星云蓝
#C4B9B8	Nebulous	朦胧
#B3B2BF	Nebulous December	朦胧的十二月
#DEDFDC	Nebulous White	云雾白
#828B8E	Necron Compound	太空死灵化合物
#DEAD69	Necrophilic Brown	嗜尸棕
#ECDACD	Nectar	花蜜
#F0D38F	Nectar Jackpot	花蜜大奖
#E3A701	Nectar of the Goddess	花蜜女神
#513439	Nectar of the Gods	众神的甘露
#7F4C64	Nectar Red	花蜜红
#D38D72	Nectarina	油桃
#FF8656	Nectarine	油桃
#D29B8D	Nectarine Spice	油桃香料
#DD5566	Nectarous Nectarine	甘美油桃
#B1D6DE	Needed Escape	需要逃脱
#546670	Needlepoint Navy	针绣海军蓝
#C5CED8	Nefarious Blue	邪恶的蓝
#E6D1DC	Nefarious Mauve	邪恶的淡紫
#938B4B	Negishi Green	根岸绿
#EEC7A2	Negroni	内格罗尼
#F3C1A3	Neighbourly Peach	邻里桃子
#337711	Nemophilist	嗜睡者
#AAFFCC	Neo Mint	新薄荷
#BEC0C2	Neo Tokyo Grey	新东京灰
#04D9FF	Neon Blue	霓虹蓝
#DFC5FE	Neon Boneyard	霓虹墓地
#FF9832	Neon Carrot	霓虹胡萝卜
#FFD4A9	Neon Cloud	霓虹云
#FE4164	Neon Fuchsia	霓虹紫红
#39FF14	Neon Green	霓虹绿
#09CDCD	Neon Lagoon	霓虹泻湖
#FFDF5E	Neon Light	霓虹浅
#95FF00	Neon Lime	霓虹青柠
#4FDCE1	Neon Nazar	霓虹纳扎尔
#FE019A	Neon Pink	霓虹粉
#BC13FE	Neon Purple	霓虹紫
#FF073A	Neon Red	霓虹红
#E9023A	Neon Romance	霓虹浪漫
#FF0080	Neon Rose	霓虹玫红
#FF629F	Neon Sunset	霓虹日落
#674876	Neon Violet	霓虹紫罗兰
#CFFF04	Neon Yellow	霓虹黄
#93AAB9	Nepal	尼泊尔
#6D9288	Nephrite	软玉
#007DAC	Neptune	海王星
#2E5D9D	Neptune Blue	海王星蓝
#7FBB9E	Neptune Green	海王星绿
#003368	Neptune’s Dream	海王星的梦想
#97C0D1	Neptune’s Realm	海王星领域
#11425D	Neptune’s Wrath	海王星的愤怒
#4C793C	Nereus	海神星
#252525	Nero	尼禄
#318181	Nero’s Green	尼禄的绿
#FF6EC7	Nervous Neon Pink	紧张霓虹粉色
#D7C65B	Nervy Hue	紧张的色调
#716748	Nessie	尼斯湖水怪
#917B68	Nest	巢
#EEEADA	Nesting Dove	筑巢的鸽子
#B6A194	Net Worker	网络工作者
#881111	Netherworld	幽冥界
#E0CFB0	Netsuke	悬付
#BBAC7D	Nettle	荨麻
#364C2E	Nettle Green	荨麻绿
#E4F7E7	Nettle Rash	荨麻疹
#A0A5A7	Network Grey	网络灰
#CAC1B1	Neutra	中性
#9D928F	Neutral Buff	中性浅黄
#AAA583	Neutral Green	中性绿
#8E918F	Neutral Grey	中性灰
#E2DACA	Neutral Ground	中性地面
#FFE6C3	Neutral Peach	中性桃
#8B694D	Neutral Valley	中性山谷
#ECEDE8	Neutral White	中性白
#01248F	Neutrino Blue	中微子蓝
#666F6F	Nevada	内华达州
#FFD5A7	Nevada Morning	内华达早晨
#EAD5B9	Nevada Sand	内华达沙
#A1D9E7	Nevada Sky	内华达天空
#6E6455	Never Cry Wolf	狼来了
#A67283	Never Forget	永远不会忘记
#666556	Nevergreen	永青
#9CE5D6	Neverland	梦幻岛
#7BC8F6	Nevermind Nirvana	无所谓涅槃
#403940	Nevermore	不再
#13181B	Neverything	什么都没有
#496EAD	New Age Blue	新时代蓝
#6D3B24	New Amber	新琥珀
#BDB264	New Avocado	新牛油果
#D8DECE	New Baby Smell	新婴儿的气味
#ADAC84	New Bamboo	新竹
#934C3D	New Brick	新砖
#CB4154	New Brick Red	新砖红
#482427	New Bulgarian Rose	新保加利亚玫红
#214FC6	New Car	新车
#A28367	New Chestnut	新栗
#EFC1B5	New Clay	新黏土
#B89B6B	New Cork	新软木
#EDE0C0	New Cream	新奶油
#DA9A21	New England Autumn	新英格兰秋
#AD7065	New England Brick	新英格兰砖
#AA7755	New England Roast	新英格兰烤肉
#C9A171	New Fawn	新小鹿
#C2BC90	New Foliage	新叶
#47514D	New Forest	新森林
#BACCA0	New Frond	新叶
#EAD151	New Gold	新金
#B5AC31	New Green	新绿
#DBD5B7	New Growth	新成长
#EDDFC7	New Harvest Moon	新丰收月
#BD827F	New Haven Rose	新港湾玫红
#D0E5F2	New Heights	新高度
#E2EFC2	New Hope	新希望
#F1EDE7	New House White	新屋白
#4A5F58	New Hunter	新猎人绿
#7C1C05	New Kenyan Copper	新肯尼亚铜
#D9C7AA	New Khaki	新卡其
#7C916E	New Life	新生命
#9DC209	New Limerick	新利默里克
#C6BBDB	New Love	新爱
#48C09B	New Meadow	新草地
#DEAA89	New Mexico Mesa	新墨西哥梅萨
#B2BDBB	New Morn Fog	新晨雾
#C6D6C7	New Moss	新苔藓
#3B4A55	New Navy Blue	新海军蓝
#BEC0AA	New Neutral	新中性
#C3CDD2	New North	新北
#E4C385	New Orleans	新奥尔良
#95A294	New Patina	新铜绿
#A27D66	New Penny	新便士
#B1D9E9	New Prince	新王子
#EEEEE5	New Ream	新令
#691D6C	New Riders of the Purple Sage	新紫圣骑士
#875251	New Roof	新屋顶
#869E3E	New Shoot	新拍摄
#933C3C	New Sled	新雪橇
#738595	New Steel	新钢
#90ABBB	New Toile	新印花布
#D6C1DD	New Violet	新紫罗兰
#11FF11	New Wave Green	新波浪绿
#FF22FF	New Wave Pink	新波浪粉
#D2AF6F	New Wheat	新小麦
#D6C3B9	New Wool	新羊毛
#E8C247	New Yellow	新黄
#DD8374	New York Pink	新约克粉
#FF0059	New York Sunset	新约克日落
#F0E1DF	New Youth	新青年
#A0C4BE	New-Age Green	新时代绿色
#616550	Newbury Moss	纽伯里莫斯
#445A79	Newburyport	纽伯里波特
#B2C7E1	Newman’s Eye	纽曼之眼
#EAE2DC	Newmarket Sausage	纽马基特香肠
#1C8AC9	Newport Blue	纽波特蓝
#26566E	Newport Grey	纽波特格雷
#313D6C	Newport Indigo	纽波特靛蓝
#756F6D	Newsprint	新闻纸
#29A98B	Niagara	尼亚加拉
#CBE3EE	Niagara Falls	尼亚加拉瀑布
#C5E8EE	Niagara Mist	尼亚加拉薄雾
#7DC734	Niblet Green	尼布莱特绿
#107AB0	Nice Blue	漂亮的蓝色
#FAECD1	Nice Cream	好奶油
#DBA37E	Nice Tan	漂亮的棕褐色
#E6DDD5	Nice White	漂亮的白色
#65758F	Niche	利基
#84979A	Nichols Beach	尼科尔斯海滩
#909062	Nick’s Nook	尼克的角落
#929292	Nickel	镍
#537E7E	Nickel Ore Green	镍矿石绿
#C1C6BF	Nickel Plate	镍板
#CC7755	Nicotine Glaze	尼古丁釉
#EEBB33	Nicotine Gold	尼古丁金
#B6C3C4	Niebla Azul	涅布拉·阿祖尔
#019187	Nifty Turquoise	漂亮的绿松石
#613E3D	Night Bloom	夜绽放
#F9F7EC	Night Blooming Jasmine	夜盛开茉莉
#040348	Night Blue	夜蓝
#44281B	Night Brown	夜棕
#322D25	Night Brown Black	夜棕黑
#494B4E	Night Club	夜俱乐部
#201B20	Night Demons	夜魔
#003355	Night Dive	夜潜水
#20586D	Night Edition	夜间版
#572E89	Night Fever	夜发烧
#434D5C	Night Flight	夜间飞行
#2D1962	Night Fog	夜雾
#49646D	Night Folly	夜蠢事
#302F27	Night Green	夜绿
#45444D	Night Grey	夜灰
#615D5C	Night Gull Grey	夜鸥灰
#324AB2	Night in Manchester	曼彻斯特之夜
#443300	Night in the Woods	夜树林
#005572	Night Kite	夜风筝
#F8E8CD	Night Light	夜浅
#4C6177	Night Market	夜市场
#508793	Night Masque	夜间面膜
#5D3B41	Night Mauve	夜淡紫
#5E5C50	Night Mission	夜使命
#234E86	Night Mode	夜间模式
#9C96AF	Night Music	夜间音乐
#4F4F5E	Night Night	夜夜
#898487	Night on the Moors	荒野之夜
#656A6E	Night Out	夜
#5D7B89	Night Owl	夜猫头鹰
#11FFBB	Night Pearl	夜珍珠
#3C2727	Night Red	夜红
#66787E	Night Rendezvous	夜会
#332E2E	Night Rider	夜行者
#715055	Night Romance	夜浪漫
#B0807A	Night Rose	夜玫红
#0E737E	Night Scape	夜景
#A23D54	Night Shadz	夜沙兹
#2A5C6A	Night Shift	夜班
#292B31	Night Sky	夜天空
#756968	Night Skyscraper	夜摩天大楼
#AACCFF	Night Snow	夜雪
#254A57	Night Swim	夜泳
#6B7BA7	Night Thistle	夜蓟
#455360	Night Tide	夜潮汐
#4B7689	Night Train	夜行列车
#003833	Night Turquoise	夜青
#465560	Night View	夜景
#77BB55	Night Vision	夜视觉
#3C4F4E	Night Watch	守夜人
#E1E1DD	Night White	夜白
#D7E2DB	Night Wind	夜风
#313740	Night Wizard	暗夜精灵
#934C1D	Nightcap	睡帽
#43535E	Nightfall	夜幕降临
#0011DD	Nightfall in Suburbia	郊区的黄昏
#615452	Nighthawk	夜鹰
#234C47	Nighthawks	夜鹰
#5C4827	Nightingale	夜莺
#BAAEA3	Nightingale Grey	夜莺灰
#27426B	Nightlife	夜生活
#536078	Nightly	每晚
#2E5090	Nightly Activities	夜间活动
#9BEEC1	Nightly Aurora	夜间极光
#5A7D9A	Nightly Blade	夜刃
#0433FF	Nightly Escapade	夜间恶作剧
#221188	Nightly Expedition	夜间探险
#444940	Nightly Ivy	夜间常春藤
#4F5B93	Nightly Silhouette	夜间剪影
#784384	Nightly Violet	夜紫罗兰
#391531	Nightly Voyager	夜间航行者号
#544563	Nightly Walk	夜行
#013220	Nightly Woods	夜间森林
#112211	Nightmare	噩梦
#293135	Nightmare Fuel	噩梦燃料
#3C464B	Nightshade	龙葵
#1B1811	Nightshade Berries	龙葵莓
#535872	Nightshade Purple	龙葵紫
#A383AC	Nightshade Violet	龙葵紫罗兰
#555971	Nightshadow Blue	夜影蓝
#161D3B	Nightwalker	夜行者
#931121	Nigritella Red	黑质红
#A0D6B4	Nihilakh Oxide	尼希拉克氧化物
#0055FF	Nīlā Blue	Nīlā蓝
#AFB982	Nile	尼罗
#8B8174	Nile Clay	尼罗黏土
#99BE85	Nile Green	尼罗绿
#968F5F	Nile Reed	尼罗芦苇
#9AB6A9	Nile River	尼罗河
#BBAD94	Nile Sand	尼罗沙
#61C9C1	Nile Stone	尼罗石
#F1EBE0	Nilla Vanilla	妮拉香草
#747880	Nimbostratus	雨层云
#4422FF	Nimbus Blue	雨云蓝
#C8C8CC	Nimbus Cloud	雨云
#F5E3EA	Nina	妮娜
#46434A	Nine Iron	九铁
#FFEF19	Níng Méng Huáng Lemon	宁孟黄柠檬
#020308	Ninja	忍者
#75528B	Ninja Princess	忍者公主
#94B1A9	Ninja Turtle	忍者神龟
#E5AA70	Ninjin Orange	忍津橙
#BB7777	Nipple	乳头
#BC002C	Nippon	日本
#A2919B	Nirvana	涅槃
#64A5AD	Nirvana Jewel	涅槃宝石
#43242A	Nisemurasaki Purple	新濑紫
#056EEE	Níu Zǎi Sè Denim	牛仔色牛仔布
#404C02	No Emissions Green	无排放绿
#A33F40	No More Drama	不再有戏剧性
#FFD6DD	No Need to Blush	不用脸红
#FBAA95	No Way Rosé	不可能桃红葡萄酒
#F8E888	No$GMB Yellow	No$GMB黄
#F8D68B	№5	№5
#A99D9D	Nobel	诺贝尔奖
#ECDEC5	Nobility	贵族
#414969	Nobility Blue	贵族蓝
#202124	Noble Black	贵族黑
#697991	Noble Blue	贵族蓝
#E8B9B2	Noble Blush	贵族绯红
#990C0D	Noble Cause	崇高事业
#7E1E9C	Noble Cause Purple	高贵事业紫色
#6D4433	Noble Chocolate	贵族巧克力
#E1DACE	Noble Cream	贵族奶油
#8D755D	Noble Crown	贵族王冠
#627B44	Noble Eric	高贵的埃里克
#5A736D	Noble Fir	贵族冷杉
#C1BEB9	Noble Grey	贵族灰
#51384A	Noble Hatter’s Violet	贵族帽匠的紫罗兰
#69354F	Noble Honour	崇高荣誉
#394D78	Noble Knight	贵族骑士
#B28392	Noble Lilac	贵族丁香紫
#871F78	Noble Plum	贵族梅紫
#AFB1C5	Noble Purple	贵族紫
#92181D	Noble Red	贵族红
#807070	Noble Robe	贵族袍
#73777F	Noble Silver	贵族银
#884967	Noble Tone	贵族调
#524B50	Noblesse	贵族
#463636	Noblesse Oblige	贵族义务
#BC8E6C	Nobody but Ben	除了本，没有人
#646B77	Noctis	诺克提斯
#767D86	Nocturnal	夜间
#114C5A	Nocturnal Expedition	夜间探险
#675754	Nocturnal Flight	夜间飞行
#2F3738	Nocturnal Green	夜绿
#CC6699	Nocturnal Rose	夜行玫瑰
#0E6071	Nocturnal Sea	夜海
#344D58	Nocturne	夜曲
#37525F	Nocturne Blue	夜曲蓝
#7A4B56	Nocturne Red	夜曲红
#356FAD	Nocturne Shade	夜曲阴影
#BDBEBD	Noghrei Silver	诺格莱银
#312B27	Noir	黑
#150811	Noir Fiction	黑色小说
#1F180A	Noir Mystique	黑色神秘
#866745	Nom Nom	名义 名义
#A19986	Nomad	游牧者
#7E736F	Nomad Grey	游牧灰
#AF9479	Nomadic	游牧
#C7B198	Nomadic Desert	游牧沙漠
#DBDEDB	Nomadic Dream	游牧梦
#D2C6AE	Nomadic Taupe	游牧灰褐色
#E0C997	Nomadic Travels	游牧旅行
#357567	Nominee	提名者
#8A8DAA	Non Skid Grey	防滑灰
#A4DDED	Non-Photo Blue	非照片蓝色
#DD8811	Non-Stop Orange	不停橙
#C3F400	Non-Toxic Boyfriend	无毒男友
#DEDDD1	Nonchalant White	漫不经心的白
#C1A65C	Nonpareil Apple	无与伦比的苹果
#F5DDC4	Noodle Arms	面条臂
#F9E3B4	Noodles	面条
#99A9AD	Nor’wester	诺维斯特
#003333	Nora’s Forest	诺拉的森林
#1D393C	Nordic	北欧
#D3DDE7	Nordic Breeze	北欧微风
#317362	Nordic Forest	北欧森林
#1FAB58	Nordic Grass Green	北欧草绿
#003344	Nordic Noir	北欧暗色
#43694D	Nordic Pine	北欧松
#7E95AB	Nordland Blue	诺德兰蓝
#96AEC5	Nordland Light Blue	诺德兰浅蓝色
#2E7073	Nordmann Fir	诺德曼冷杉
#2E4B3C	Norfolk Green	诺福克格林
#6CBAE7	Norfolk Sky	诺福克天空
#112A12	Nori Green	海苔绿
#464826	Nori Seaweed Green	海苔绿
#E9C68E	Norman Shaw Goldspar	诺曼·肖·金石
#3D9DC2	Norse Blue	北欧蓝
#5E7B7F	North Atlantic	北大西洋
#3676B5	North Atlantic Breeze	北大西洋微风
#849C9D	North Beach Blue	北海滩蓝
#7A9595	North Cape Grey	北海角灰
#6A7777	North Grey	北灰
#BCB6B4	North Island	北岛
#D8A892	North Rim	北缘
#316C69	North Sea	北海
#343C4C	North Sea Blue	北海蓝
#F2DEA4	North Star	北星
#223399	North Star Blue	北星蓝
#059033	North Texas Green	北德州绿
#555A51	North Woods	北树林
#767962	Northampton Trees	北安普顿树
#D1DCDD	Northbound	北行
#948666	Northeast Trail	东北步道
#DE743C	Northern Barrens Dust	北贫瘠之地的尘埃
#E9DAD2	Northern Beach	北海滩
#BFC7D4	Northern Exposure	北国风光
#536255	Northern Glen	北谷
#017466	Northern Hemisphere	北半球
#778F8E	Northern Juniper	北杜松子
#C5C1A3	Northern Landscape	北风景
#A7AEB4	Northern Light Grey	北浅灰
#E6F0EA	Northern Lights	北光
#A3B9CD	Northern Pond	北池塘
#8DACCC	Northern Sky	北天空
#9CBACD	Northern Sky Blue	北天空蓝
#FFFFEA	Northern Star	北星
#5E463C	Northern Territory	北领地
#AAA388	Northgate Green	北门绿
#9E9181	Northpointe	北角
#B9F2FF	Northrend	诺森德
#CEE5E9	Northwind	北风
#A4B88F	Norway	挪威
#78888E	Norwegian Blue	挪威蓝
#8896AA	Norwegian Night	挪威夜
#B4CDDE	Norwegian Sky	挪威天空
#ACB597	Norwich Green	诺维奇格林
#FFE6EC	Nosegay	鼻花
#A9A8A8	Nosferatu	诺斯费拉图
#426579	Noshime Flower	野志花
#D6B8BD	Nostalgia	怀旧之情
#DBDBF7	Nostalgia Perfume	怀旧香水
#A2747D	Nostalgia Rose	怀旧玫瑰
#666C7E	Nostalgic	怀旧
#47626F	Nostalgic Evening	怀旧之夜
#85C8D3	Not a Cloud in Sight	看不见的云
#7E7D78	Not My Fault	不是我的错
#6A6968	Not so Innocent	不那么天真
#090615	Not Tonight	今晚不行
#B1714C	Not yet Caramel	还没有焦糖
#FFC12C	Not Yo Cheese	不是哟奶酪
#8BA7BB	Notable Hue	显着的色调
#E8EBE6	Notebook Paper	笔记本纸
#770F05	Notes of Plum	梅子香调
#D9BACC	Noteworthy	值得注意
#F2DEB9	Nothing Less	一点也不差
#BA8686	Notice Me	注意我
#BDA998	Notorious	臭名昭著
#664400	Notorious Neanderthal	臭名昭著的尼安德特人
#C6C5BC	Notre Dame	巴黎圣母院
#585D4E	Nottingham Forest	诺丁汉森林
#AE8A78	Nougat	牛轧糖
#7C503F	Nougat Brown	牛轧糖棕
#686F7E	Nouveau	新风格
#A05B42	Nouveau Copper	新铜
#B88127	Nouveau Green	新绿
#996872	Nouveau Rose	新玫瑰
#FFBB77	Nouveau-Riche	暴发户
#E1DCDA	Nouvelle White	新白
#D94F9A	Nova Pink	新星粉红
#F8EED9	Nova White	新星白
#C2A4C2	Novel Lilac	小说丁香
#9DB9D3	Novella Blue	中篇小说蓝色
#E3C7B2	Novelle Peach	中篇小说桃子
#515B62	Novelty Navy	新奇海军
#BE7767	November	十一月
#754D42	November Foliage	十一月叶
#F6B265	November Gold	十一月金
#767764	November Green	十一月绿
#F1B690	November Leaf	十一月叶
#EDE6E8	November Pink	十一月粉
#7CAFB9	November Skies	十一月天空
#423F3B	November Storms	十一月风暴
#89A203	Noxious	有毒
#E2E0D6	Nuance	细微差别
#ECF474	Nuclear Acid	核酸
#BBFF00	Nuclear Blast	核爆炸
#AA9900	Nuclear Fallout	核辐射
#EE9933	Nuclear Mango	核芒果
#44EE00	Nuclear Meltdown	核熔毁
#00DE00	Nuclear Throne	核王座
#7CFC00	Nuclear Waste	核废料
#E58F7C	Nude Flamingo	裸体火烈鸟
#B5948D	Nude Lips	裸唇
#BC9229	Nugget	金块
#BF961F	Nugget Gold	金块金
#B48395	Nuisette	努伊塞特
#1E488F	Nuit Blanche	不眠之夜
#14100E	Nuln Oil	努恩油
#171310	Nuln Oil Gloss	努恩油光泽
#E2E6DE	Numero Uno	数字乌诺
#F8F6E9	Nun Orchid	尼姑兰花
#9B8F22	Nurgle’s Rot	纳垢之腐
#B8CC82	Nurgling Green	纳垢绿
#EFD0D2	Nursery	托儿所
#EDF0DE	Nursery Green	苗圃绿
#F4D8E8	Nursery Pink	苗圃粉色
#9EBCB7	Nursery Wall	苗圃墙
#D7DCD5	Nurture	培育
#98B092	Nurture Green	培育绿色
#A1A97B	Nurturing	培育
#9D896C	Nurude Brown	努鲁德棕
#9E8A6D	Nut	坚果
#86695E	Nut Brown	坚果棕
#816C5B	Nut Cracker	胡桃夹子
#D7BEA4	Nut Flavour	坚果味
#D9CCC8	Nut Milk	坚果奶
#775D38	Nut Oil	坚果油
#8E725F	Nuthatch	五子雀
#445599	Nuthatch Back	五子雀回来
#7E4A3B	Nutmeg	肉豆蔻
#ECD9CA	Nutmeg Frost	肉豆蔻霜
#D8B691	Nutmeg Glow	肉豆蔻辉光
#683600	Nutmeg Wood Finish	肉豆蔻木饰面
#75663E	Nutria	海狸鼠
#514035	Nutria Fur Brown	海狸鼠毛皮棕色
#898C92	Nuts and Bolts	具体细节
#A9856B	Nutshell	简而言之
#F7D4C6	Nutter Butter	坚果黄油
#D4BCA3	Nutty Beige	坚果米色
#8A6F44	Nutty Brown	坚果棕色
#E9FFDB	Nyanza	尼安萨
#EFEAE8	NYC Apartment Wall	纽约公寓墙
#F7B731	NYC Taxi	纽约出租车
#0B0F1A	Nyctophobia	睡眠恐惧症
#4D587A	Nyctophobia Blue	夜视症蓝色
#E9E3CB	Nylon	尼龙
#AEC2A5	Nymph Green	若虫绿
#7B6C8E	Nymph’s Delight	仙女的喜悦
#CEE0E3	Nymphaeaceae	睡莲科
#5F6E77	NYPD	纽约警察局
#E1B8B5	O Fortuna	福尔图娜啊
#005522	O Tannenbaum	奥坦南鲍姆
#F3A347	O’Brien Orange	奥布莱恩橙
#58AC8F	O’grady Green	奥格雷迪·格林
#395643	O’Neal Green	奥尼尔·格林
#715636	Oak Barrel	橡桶
#A18D80	Oak Brown	橡棕
#CF9C63	Oak Buff	橡浅黄
#5D504A	Oak Creek	橡小溪
#CDB386	Oak Harbour	橡港湾
#BB6B41	Oak Palace	橡宫殿
#5D4F39	Oak Plank	橡木板
#C0B0AB	Oak Ridge	橡山岭
#EED8C2	Oak Shaving	橡木刨花
#D0C7B6	Oak Tone	橡调
#E0B695	Oakley Apricot	奥克利杏子
#6D7244	Oakmoss	橡苔
#BDA58B	Oakwood	奥克伍德
#8F716E	Oakwood Brown	奥克伍德棕
#648D95	Oarsman Blue	桨手蓝色
#0092A3	Oasis	绿洲
#FCEDC5	Oasis Sand	绿洲沙
#47A3C6	Oasis Spring	绿洲春
#A2EBD8	Oasis Stream	绿洲溪流
#E1CAB3	Oat Cake	燕麦饼
#C0AD89	Oat Field	燕麦田
#F7E4CD	Oat Flour	燕麦粉
#DEDACD	Oat Milk	燕麦奶
#F1D694	Oat Straw	燕麦秸秆
#C8B9A4	Oatbran	燕麦麸
#4A465A	Oath	誓言
#C9C1B1	Oatmeal	燕麦
#DDC7A2	Oatmeal Bath	燕麦浴
#B7A86D	Oatmeal Biscuit	燕麦饼干
#EADAC6	Oatmeal Cookie	燕麦饼干
#E7BF81	Oats and Honey	燕麦和蜂蜜
#FCD389	Oberon	奥布朗
#E7C492	Oberon on the Beach	海滩上的奥布朗
#B0A3B6	Obi Lilac	奥比丁香
#B7A8A8	Object of Desire	欲望的对象
#BBC6DE	Objectivity	客观性
#54645C	Obligation	义务
#000435	Oblivion	遗忘
#88654E	Obscure Ochre	暗赭色
#771908	Obscure Ogre	晦涩的食人魔
#4A5D23	Obscure Olive	晦涩的橄榄
#BB5500	Obscure Orange	暗橙
#9D0759	Obscure Orchid	暗淡兰花
#008F70	Observatory	天文台
#AE9550	Obsession	痴迷
#445055	Obsidian	黑曜石
#523E35	Obsidian Brown	黑曜石棕
#382B46	Obsidian Lava Black	黑曜石熔岩黑
#3F1D50	Obsidian Orchid	黑曜石兰花紫
#372A38	Obsidian Red	黑曜石红
#060313	Obsidian Shard	黑曜石碎片
#441166	Obsidian Shell	黑曜石壳
#3C3F40	Obsidian Stone	黑曜石
#D7552A	Obstinate Orange	顽固橙
#FFB077	Obtrusive Orange	突兀的橙色
#4B1E87	Occult	神秘学
#005493	Ocean	海洋
#221166	Ocean Abyss	海洋深渊
#DAE4ED	Ocean Air	海洋空气
#0077BE	Ocean Boat Blue	海洋船蓝
#A4C8C8	Ocean Boulevard	海洋大道
#D3E5EB	Ocean Breeze	海洋微风
#8CADCD	Ocean Bubble	海洋泡泡
#2B6C8E	Ocean Call	海洋呼唤
#7896BA	Ocean City	海洋城
#D6DDDD	Ocean Crest	海洋峰
#9CD4E1	Ocean Cruise	海洋巡航
#537783	Ocean Current	海洋洋流
#00657F	Ocean Depths	海洋深处
#D4DDE2	Ocean Dream	海洋梦
#B0BEC5	Ocean Drive	海洋大道
#AFC3BC	Ocean Droplet	海洋水滴
#A9C7CF	Ocean Eyes	海洋眼
#CAC8B4	Ocean Foam	海洋泡沫
#7A7878	Ocean Frigate	远洋护卫舰
#B8E3ED	Ocean Front	海滨
#C1CCC2	Ocean Froth	海洋泡沫
#3D9973	Ocean Green	海洋绿
#7FC1D8	Ocean Horizon	海洋地平线
#68DFBB	Ocean in a Bowl	碗里的海洋
#A4C3C5	Ocean Kiss	海洋吻
#189086	Ocean Liner	远洋客轮
#7D999F	Ocean Melody	海洋旋律
#00748F	Ocean Mirage	海洋海市蜃楼
#637195	Ocean Night	海洋夜
#006C68	Ocean Oasis	海洋绿洲
#D3CFBD	Ocean Pearl	海洋珍珠
#016072	Ocean Radiance	海洋光辉
#1F989B	Ocean Reef	海洋礁石
#7594B3	Ocean Ridge	海洋山岭
#E4D5CD	Ocean Sand	海洋沙
#5B7886	Ocean Shadow	海洋暗影
#34B5D5	Ocean Sigh	海洋叹息
#C8DCD5	Ocean Silk	海洋丝
#41767B	Ocean Slumber	海洋沉睡
#00878F	Ocean Soul	海洋灵魂
#005379	Ocean Spray	海洋浪花
#3F677E	Ocean Storm	海洋风暴
#79A2BD	Ocean Surf	海洋冲浪
#727C7E	Ocean Swell	海洋汹涌
#2E526A	Ocean Trapeze	海洋飞人
#62AEBA	Ocean Trip	海洋之旅
#67A6D4	Ocean Tropic	热带海洋
#729BB3	Ocean View	海洋景
#7DBCAA	Ocean Wave	海洋波浪
#6C6541	Ocean Weed	海洋杂草
#306A78	Ocean’s Embrace	海洋的拥抱
#4F6D82	Oceanic	海洋
#BBC8C9	Oceanic Climate	海洋性气候
#347284	Oceanic Metropolis	海洋都市
#1D5C83	Oceanic Motion	海洋运动
#172B36	Oceanic Noir	海洋黑色
#9AD6E5	Oceano	欧神诺
#415F61	Oceans Deep	海洋深处
#015A6B	Oceanside	欧申赛德
#90ABA8	Oceanus	俄刻阿诺斯
#F1E2C9	Ocelot	豹猫
#6B6047	Ochicha Latte	奥奇查拿铁
#D99E73	Ochraceous Salmon	赭色鲑鱼
#CC7722	Ochre	赭
#9F7B3E	Ochre Brown	赭棕
#CC7733	Ochre Maroon	赭栗色
#C77135	Ochre Pigment	赭颜料
#EEC987	Ochre Revival	赭复兴
#E96D03	Ochre Spice	赭辛香
#085B73	Octagon Ocean	八角海洋
#CCDD00	Octarine	八颗星
#C67533	October	十月
#E3C6A3	October Bounty	十月赏金
#D1BB98	October Harvest	十月丰收
#F8AC8C	October Haze	十月霾
#855743	October Leaves	十月叶
#8FA2A2	October Sky	十月天空
#357911	Odd Pea Pod	奇怪的豌豆荚
#B6E5D6	Ode to Green	绿色颂歌
#9D404A	Ode to Joy	欢乐颂
#A798C2	Ode to Purple	紫色颂歌
#FFDFBF	Odious Orange	可恶的橙子
#374A5A	Odyssey	奥德赛
#4C4E5D	Odyssey Grey	奥德赛灰
#D5C6CC	Odyssey Lilac	奥德赛丁香
#E1C2C5	Odyssey Plum	奥德赛梅花
#303030	Off Black	黑
#5684AE	Off Blue	蓝
#433F3D	Off Broadway	百老汇外
#6BA353	Off Green	绿
#D1CCCB	Off Shore	岸
#534C4B	Off the Beaten Path	不走寻常路
#9F9049	Off the Grid	脱离网络
#FFFFE4	Off White	白
#F1F33F	Off Yellow	黄
#003723	Off-Road Green	越野绿
#FFA259	Off-The-Leash Orange	脱绳橙
#D6D0C6	Offbeat	另类
#9C8B1F	Offbeat Green	另类绿色
#849DB4	Office Blue	办公室蓝色
#006C65	Office Blue Green	办公室蓝绿
#00800F	Office Green	办公室绿
#635D54	Office Grey	办公室灰色
#FF2277	Office Neon Light	办公室霓虹灯
#2E4182	Official Violet	官方紫罗兰
#CAD8D8	Offshore Mist	离岸薄雾
#FF714E	Often Orange	常橙色
#D7B235	Ogen Melon	奥根瓜
#FD5240	Ogre Odour	食人魔气味
#9DA94B	Ogryn Camo	欧格林迷彩
#D1A14E	Ogryn Wash	欧格林洗
#BBDAF8	Oh Boy!	男孩
#EDEEC5	Oh Dahling	哦大令
#E3C81C	Oh Em Ghee	哦酥油
#EEBB55	Oh My Gold	金
#ABCA99	Oh Pistachio	开心果绿
#F1C7D0	Oh so Pink	粉
#EAC7CB	Oh so Pretty	漂亮
#C74536	Oh so Red	红
#0180AB	Oh so Vo	哦如此
#313330	Oil	油
#678F8A	Oil Blue	油蓝
#7B7F68	Oil Green	油绿
#3B3131	Oil Grey	油灰
#FF5511	Oil on Fire	油火
#333144	Oil Rush	油涌
#031602	Oil Slick	浮油
#C2AB3F	Oil Yellow	油黄
#83BA8E	Oilcloth Green	油布绿
#6C5A51	Oiled Teak	涂油柚木
#996644	Oiled up Kardashian	涂油的卡戴珊
#C2BE0E	Oilseed Crops	油籽作物
#2D0F47	Oily Purple	油紫
#99AAAA	Oily Steel	油性钢
#5E644F	Oitake Green	大竹绿
#D07360	OK Corral	好的畜栏
#CD4600	ōkaihau Express	大开豪快车
#F5E0BA	Oklahoma Wheat	俄克拉荷马州小麦
#BA7D4C	Okonomiyaki Brown	御好烧棕色
#3E912D	Okra	秋葵
#40533D	Okroshka	奥克罗什卡
#EFCB96	Oktoberfest	慕尼黑啤酒节
#87868F	Old Amethyst	旧紫水晶
#616652	Old Army Helmet	旧军盔
#929000	Old Asparagus	旧芦笋
#769164	Old Bamboo	旧竹
#029386	Old Benchmark	旧基准
#DBC2AB	Old Bone	旧骨白
#7C644B	Old Boot	旧靴子
#5E624A	Old Botanical Garden	旧植物花园
#8A3335	Old Brick	旧砖
#330000	Old Brown Crayon	旧棕蜡笔
#43302E	Old Burgundy	旧勃艮第
#A8A89D	Old Celadon	旧青瓷
#E3D6E9	Old Chalk	旧粉笔
#DD6644	Old Cheddar	老切达干酪
#704241	Old Coffee	旧咖啡
#73503B	Old Copper	旧铜
#784430	Old Cumin	旧孜然
#BDAB9B	Old Doeskin	老杜斯金
#97694F	Old Driftwood	老浮木
#614051	Old Eggplant	旧茄紫
#CDC4BA	Old Eggshell	老蛋壳
#82A2BE	Old Faithful	老忠实泉
#F4C6CC	Old Fashioned Pink	老式粉色
#73486B	Old Fashioned Purple	老式紫色
#F2B7B5	Old Flame	旧焰
#757D43	Old Four Leaf Clover	旧四叶草
#C66787	Old Geranium	旧天竺葵
#002868	Old Glory Blue	旧荣光蓝
#BF0A30	Old Glory Red	旧荣光红
#CFB53B	Old Gold	旧金
#839573	Old Green	旧绿
#B4B6AD	Old Grey Mare	老灰母马
#B35E1F	Old Guitar	老吉他
#0063EC	Old Gungeon Red	老地牢红
#E66A77	Old Heart	旧心
#563C5C	Old Heliotrope	老天芥菜
#FFFFCB	Old Ivory	旧象牙
#EFF5DC	Old Kitchen White	旧厨房白色
#FDF5E6	Old Lace	旧蕾丝
#FDFC74	Old Laser Lemon	老激光柠檬
#796878	Old Lavender	旧薰衣草紫
#A88B66	Old Leather	旧皮革
#AEC571	Old Lime	旧青柠
#4A0100	Old Mahogany	旧桃花心木
#8E2323	Old Mandarin	旧柑橘
#D5C9BC	Old Map	旧地图
#673147	Old Mauve	旧淡紫
#343B4E	Old Mill	旧磨坊
#6E6F82	Old Mill Blue	旧磨坊蓝
#D8C2CA	Old Mission Pink	旧使命粉
#2C5C4F	Old Money	老钱
#5E5896	Old Nan Yarn	老楠纱
#F6EBD7	Old Pearls	旧珍珠
#C77986	Old Pink	旧粉
#EBA770	Old Plaster	旧石膏
#745947	Old Porch	旧门廊
#8272A4	Old Prune	老李子
#D8CBCF	Old Red Crest	旧红峰
#C08081	Old Rose	旧玫红
#917B53	Old Ruin	旧废墟
#BBA582	Old Salem	老塞勒姆
#353C3D	Old School	旧学校
#848482	Old Silver	旧银
#918D80	Old Soul	旧灵魂
#CFD5D1	Old Sterling	老英镑
#431705	Old Study	旧书房
#BB8811	Old Trail	旧小径
#544333	Old Treasure Chest	旧珍宝箱
#0A888A	Old Truck	旧卡车
#6C574C	Old Tudor	老都铎
#687760	Old Vine	旧藤
#DDAA55	Old Whiskey	旧威士忌
#756947	Old Willow Leaf	旧柳叶
#90091F	Old Wine	旧酒红
#91A8CF	Old World	旧世界
#FEED9A	Old Yella	老耶拉
#ECE6D7	Old Yellow Bricks	老黄砖
#8F6C3E	Olde World Gold	旧世界金
#EEB76B	Olden Amber	老琥珀
#D6B63D	Oldies but Goldies	老歌但金曲
#EBD5CC	Ole Pink	奥莱·粉红
#C79E5F	Ole Yeller	奥勒·耶勒
#F2CCC5	Oleander	夹竹桃
#F85898	Oleander Pink	夹竹桃粉色
#665439	Oliva Oscuro	奥利瓦·奥斯库罗
#6E592C	Olivary	橄榄
#808010	Olive	橄榄
#5F5537	Olive Bark	橄榄树皮
#957C4C	Olive Boat	橄榄船
#646A45	Olive Branch	橄榄枝条
#C3BEBB	Olive Bread	橄榄面包
#645403	Olive Brown	橄榄棕
#BCD382	Olive Buff	橄榄浅黄
#A6997A	Olive Chutney	橄榄酸辣酱
#E4E5D8	Olive Conquering White	橄榄征服白色
#5F5D48	Olive Court	橄榄庭
#E8ECC0	Olive Creed	橄榄信条
#6F7632	Olive Drab	橄榄土褐
#BFAC8B	Olive Gold	橄榄金
#716A4D	Olive Grove	橄榄小树林
#888064	Olive Haze	橄榄霾
#C9BD88	Olive Hint	橄榄微意
#4E4B35	Olive Leaf	橄榄叶
#C7B778	Olive Marinade	橄榄腌料
#CED2AB	Olive Martini	橄榄马提尼
#88432E	Olive Ni?oise	橄榄尼索瓦兹
#565342	Olive Night	橄榄夜
#837752	Olive Ochre	橄榄赭
#BAB86C	Olive Oil	橄榄油
#83826D	Olive Paste	橄榄酱
#A9A491	Olive Pit	橄榄坑
#A4A84D	Olive Reserve	橄榄储备
#A39467	Olive Rush	橄榄涌
#9ABF8D	Olive Sand	橄榄沙
#7F7452	Olive Sapling	橄榄树苗
#7D7248	Olive Shade	橄榄暗调
#706041	Olive Shadow	橄榄暗影
#585545	Olive Smudge	橄榄涂抹
#97A49A	Olive Soap	橄榄皂
#ACAF95	Olive Sprig	橄榄小枝
#6D8E2C	Olive Thrill	橄榄色的刺激
#EFEBD7	Olive Tint	橄榄调
#7E7957	Olive to the Max	橄榄到最大
#ABA77C	Olive Tree	橄榄树
#756244	Olive Wood	橄榄木
#C2B709	Olive Yellow	橄榄黄
#333311	Olivenite	橄榄石
#747028	Olivetone	奥利维通
#996622	Olivia	奥利维亚
#9AB973	Olivine	橄榄石
#655867	Olivine Basalt	橄榄石玄武岩
#928E7C	Olivine Grey	橄榄石灰色
#FFE6E2	Olm Pink	奥尔姆粉红
#84FBCE	Olo	奥洛
#5A6647	Olympia Ivy	奥林匹亚常春藤
#1C4C8C	Olympian Blue	奥林匹亚蓝
#4F8FE6	Olympic Blue	奥林匹克蓝
#9A724A	Olympic Bronze	奥运铜牌
#424C44	Olympic Range	奥林匹克山脉
#D4D8D7	Olympus White	奥林巴斯白
#4A4E5D	Ombre Blue	渐变蓝
#848998	Ombre Grey	渐变灰色
#8CA891	OMGreen	天哪绿
#B5CEDF	Omphalodes	脐螺
#019E91	On a Whim	一时兴起
#C2E7E8	On Cloud Nine	云九
#D4C6DC	On Location	现场
#948776	On the Avenue	大道
#666D68	On the Moor	荒野
#B29AA7	On the Nile	尼罗
#D0CEC8	On the Rocks	在岩石上
#D1E8F1	On Thin Ice	如履薄冰
#C2E6EC	Onahau	奥纳豪
#BD2F10	Once Bitten	一旦被咬
#0044BB	Once in a Blue Moon	千载难逢
#65362E	One Dozen	一打
#003388	One Minute to Midnight	距离午夜还有一分钟
#DCBDAD	One to Remember	一个值得记住的人
#29465B	One Year of Rain	一年雨
#48412B	Onion	洋葱
#ECE2D4	Onion Powder	洋葱粉
#47885E	Onion Seedling	洋葱苗
#EEEDDF	Onion Skin	洋葱肌肤
#4C5692	Onion Skin Blue	洋葱肌肤蓝
#E2D5C2	Onion White	洋葱白
#B0B5B5	Online	在线
#468C3E	Online Lime	在线石灰
#E1BC99	Only Natural	天然
#D4CDB5	Only Oatmeal	燕麦
#CBCCB5	Only Olive	橄榄
#F4D1B9	Only Yesterday	昨天
#66EEBB	Onsen	温泉
#777CB0	Ontario Violet	安大略紫罗兰
#464544	Onyx	缟玛瑙
#353839	Onyx Heart	缟玛瑙心
#DCBFD5	Ooh la La	哦啦啦
#C2BEB6	Ooid Sand	乌伊沙
#AEE0E4	Opal	蛋白石
#FCEECE	Opal Cream	蛋白石奶油
#E95C4B	Opal Flame	蛋白石焰
#157954	Opal Green	蛋白石绿
#9A9394	Opal Grey	蛋白石灰
#9DB9B2	Opal Silk	蛋白石丝
#96D1C3	Opal Turquoise	蛋白石青
#7E8FBB	Opal Violet	蛋白石紫罗兰
#B1C6D1	Opal Waters	蛋白石水域
#B4C0B6	Opalescence	乳光
#3C94C1	Opalescent	乳光
#FFD2A9	Opalescent Coral	乳光珊瑚
#C1D1C4	Opaline	蛋白石
#A3C57D	Opaline Green	蛋白绿
#C6A0AB	Opaline Pink	蛋白石粉色
#C7DFE0	Open Air	露天
#F5F1E5	Open Book	打开书本
#BBA990	Open Canyon	开放峡谷
#91876B	Open Range	开放范围
#83AFBC	Open Seas	公海
#F8E2A9	Open Sesame	芝麻开门
#D0E2E8	Open Skies	开阔的天空
#BD6426	Opening Night	开幕之夜
#BD273A	Opening Ribbon	打开丝带
#816575	Opera	歌剧
#453E6E	Opera Blue	歌剧蓝
#E5F1EB	Opera Glass	歌剧玻璃
#365360	Opera Glasses	歌剧眼镜
#B784A7	Opera Mauve	淡紫歌剧
#FF1B2D	Opera Red	歌剧红
#3A284C	Operetta Mauve	淡紫轻歌剧
#987E7E	Opium	鸦片
#735362	Opium Mauve	鸦片淡紫
#E9AB51	Optimist Gold	乐观金
#F5E1A6	Optimistic Yellow	乐观黄
#465A7F	Optimum Blue	最佳蓝色
#130D0D	Optophobia	恐惧症
#D5892F	Opulent	华丽
#0055EE	Opulent Blue	华丽蓝
#103222	Opulent Green	华丽绿
#88DD11	Opulent Lime	华丽青柠
#462343	Opulent Mauve	华丽淡紫
#F2EBEA	Opulent Opal	华丽蛋白石
#F16640	Opulent Orange	华丽橙
#775577	Opulent Ostrich	华丽鸵鸟
#673362	Opulent Purple	华丽紫
#88DDCC	Opulent Turquoise	华丽青
#A09EC6	Opulent Violet	华丽紫罗兰
#CECAE1	Opus	作品
#E3E1ED	Opus Magnum	大作
#395555	Oracle	甲骨文
#FFA500	Orange	橙
#FAF8F7	Orange Albedo	橙色反照率
#FF9682	Orange Aura	橙光环
#FF8822	Orange Avant-Garde	橙色前卫
#B56D41	Orange Ballad	橙色民谣
#FF8844	Orange Bell Pepper	橙铃胡椒
#F5C99B	Orange Blast	橙爆发
#B16002	Orange Brown	橙棕
#FF6E3A	Orange Burst	橙爆发
#FDD1A4	Orange Canyon	橙峡谷
#DE954B	Orange Caramel	橙焦糖
#FAD48B	Orange Chalk	橙粉笔
#F9AE7D	Orange Chiffon	橙雪纺
#F3C775	Orange Chocolate	橙巧克力
#E6A57F	Orange Clay	橙黏土
#FF550E	Orange Clown Fish	橙色小丑鱼
#FBEBCF	Orange Coloured White	橙色白
#F4E3D2	Orange Confection	橙色甜点
#FFB710	Orange Creamsicle	橙色奶油冰棒
#EE7733	Orange Crush	橙迷恋
#DD6600	Orange Danger	橙色危险
#EB7D5D	Orange Daylily	橙色黄花菜
#FFC355	Orange Delight	橙喜悦
#E18E3F	Orange Drop	橙滴
#FE4C40	Orange Dusk	橙黄昏
#D1907C	Orange Essential	橙色精华
#A96F55	Orange Flambe	橙色火焰
#FE9E13	Orange Fruit	橙果
#FFCA7D	Orange Glass	橙玻璃
#FFE2BD	Orange Glow	橙辉光
#EE7722	Orange Gluttony	橘子暴食
#FBAF8D	Orange Grove	橙小树林
#FF9A45	Orange Hibiscus	橙木槿
#FFDEC1	Orange Ice	橙冰
#FAC205	Orange Jelly	橙果冻
#FF9731	Orange Jewel	橙宝石
#FF7F00	Orange Juice	橙汁
#CA5333	Orange Keeper	橙色守护者
#BE7249	Orange Lily	橙百合
#EDAA80	Orange Liqueur	橙子利口酒
#D3A083	Orange Maple	橙枫
#FAAC72	Orange Marmalade	橙橘子酱
#FFBD8A	Orange Mousse	橙慕斯
#CE8C4F	Orange Nectar Bat	橙花蜜蝙蝠
#DA7631	Orange Ochre	橙赭
#DD7700	Orange Outburst	橙色爆发
#F49975	Orange Pecan	橙山核桃
#FFA000	Orange Peel	橙皮
#CB8D5F	Orange Pekoe	橙白毫
#DA7D00	Orange Pepper	橙胡椒
#FF6611	Orange Pi?ata	橙色皮纳塔
#FF6F52	Orange Pink	橙粉
#FFBC3E	Orange Pop	橙流行
#E68750	Orange Poppy	橙罂粟
#FF7913	Orange Popsicle	橙色冰棒
#F2A60F	Orange Pospsicle	橙色冰棒
#FEBC61	Orange Quench	橙色淬火
#FE4401	Orange Red	橙红
#A85335	Orange Roughy	橙色粗暴
#C05200	Orange Rufous	橙红褐色
#F0B073	Orange Salmonberry	橙桑莓
#DD9900	Orange Satisfaction	橙满意
#FEC49B	Orange Sherbet	橙果子露
#E2D6BD	Orange Shimmer	橙闪烁
#DD7744	Orange Shot	橙一口
#F4915C	Orange Slice	橙片
#FA5B3D	Orange Soda	橙苏打
#FAE1C7	Orange Sparkle	橙闪光
#FEA060	Orange Spice	橙辛香
#C27635	Orange Squash	橙南瓜
#E8A320	Orange Sulphur	橙硫磺
#FF7435	Orange Supreme	橙色至尊
#FF8379	Orange Tea Rose	橙茶玫红
#F95C14	Orange Tiger	橙虎
#FFB452	Orange Toffee	橙太妃
#BC5339	Orange Vermillion	橙朱红
#EAE3CD	Orange White	橙白
#B74923	Orange Wood	橙木
#FDB915	Orange Yellow	橙黄
#FFA601	Orange You Glad	橙子你很高兴
#FD7F22	Orange You Happy?	橙快乐
#F07227	Orange Zest	橙皮
#E35435	Orangeade	橙水
#EE5511	Orangealicious	橙味
#E6BCA9	Orangery	橘园
#E88354	Orangevale	橙谷
#E57059	Orangeville	橙镇
#FEC615	Orangina	奥兰吉纳
#FD8D49	Orangish	橙色
#B25F03	Orangish Brown	橙棕色
#F43605	Orangish Red	橙红
#EE6237	Oranzhewyi Orange	奥兰哲维橙
#772299	Orb of Discord	不和谐宝珠
#EEDD44	Orb of Harmony	和谐宝珠
#6D83BB	Orbital	轨道
#220088	Orbital Kingdom	轨道王国
#D0CCC9	Orca White	虎鲸白
#9A858C	Orchard Plum	果园梅紫
#AE230E	Orchestra of Red	红色乐团
#7A81FF	Orchid	兰花紫
#C3CCD5	Orchid Ash	兰花紫灰
#C5AECF	Orchid Bloom	兰花紫绽放
#E4E1E4	Orchid Blossom	兰花紫花
#D6CBC7	Orchid Blush	兰花紫绯红
#D1ACCE	Orchid Bouquet	兰花紫花束
#AA55AA	Orchid Dottyback	兰花多蒂巴克
#BB4488	Orchid Ecstasy	兰花狂喜
#C9C1D0	Orchid Fragrance	兰花香
#5E5871	Orchid Grey	兰花紫灰
#B0879B	Orchid Haze	兰花紫霾
#C3BBD4	Orchid House	兰花紫屋
#E5E999	Orchid Hue	兰花紫色调
#CEC3D2	Orchid Hush	兰花紫寂静
#E0D0DB	Orchid Ice	兰花紫冰
#AC74A4	Orchid Kiss	兰花紫吻
#E5DDE7	Orchid Lane	兰花紫巷
#9C4A7D	Orchid Lei	兰花蕾
#E8E6E8	Orchid Mist	兰花紫薄雾
#FFA180	Orchid Orange	兰花紫橙
#876281	Orchid Orchestra	兰花乐团
#BFB4CB	Orchid Petal	兰花紫花瓣
#AD878D	Orchid Red	兰花紫红
#E9D1DA	Orchid Rose	兰花紫玫红
#CBC5C2	Orchid Shadow	兰花紫暗影
#E1CCDF	Orchid Shimmer	兰花紫闪烁
#CD899E	Orchid Smoke	兰花紫烟
#D3C9D4	Orchid Tint	兰花紫调
#DDE0E8	Orchid Whisper	兰花紫低语
#F1EBD9	Orchid White	兰花紫白
#938EA9	Orchilla	奥奇拉
#998188	Ordain	命定
#1A4C32	Order Green	订购绿色
#1C3339	Ore Bluish Black	矿石偏蓝黑
#2B6551	Ore Mountains Green	矿石山绿
#FAEECB	Orecchiette	猫耳朵
#7F8353	Oregano	牛至
#4DA241	Oregano Green	牛至绿
#8D8764	Oregano Spice	牛至辛香
#9B4703	Oregon	俄勒冈州
#448EE4	Oregon Blue	俄勒冈蓝
#49354E	Oregon Grape	俄勒冈葡萄
#916238	Oregon Hazel	俄勒冈榛树
#EFB91B	Oregon Trail	俄勒冈小径
#FFCDA8	Orenju Ogon Koi	橙金锦鲤
#9E9B85	Orestes	俄瑞斯忒斯
#747261	Organic	有机
#E1CDA4	Organic Bamboo	有机竹
#FEEDE0	Organic Fibre	有机纤维
#C6C2AB	Organic Field	有机田
#ABA964	Organic Garden	有机花园
#7FAC6E	Organic Green	有机绿色
#A99E54	Organic Matter	有机物
#A67E3E	Organic Style	有机风格
#FFDEA6	Organza	欧根纱
#BBCCBD	Organza Green	欧根纱绿
#FBEEDA	Organza Peach	欧根纱桃
#7391CC	Organza Violet	欧根纱紫罗兰
#ECE0C6	Origami	折纸
#E1E6C7	Origami Clover	折纸四叶草
#E5E2DA	Origami White	折纸白
#F0E5D3	Original White	原白
#D2D3B3	Orinoco	奥里诺科河
#FF8008	Oriole	黄莺
#F6D576	Oriole Yellow	黄莺黄
#FB4F14	Orioles Orange	金莺橙
#DE55A9	Orion	猎户座
#40525F	Orion Blue	猎户座蓝
#535558	Orion Grey	猎户座灰色
#A55AF4	Orion Nebula	猎户星云
#27221F	Orka Black	奥卡黑
#3E5755	Orkhide Shade	兰花色
#D91407	Orko	奥科
#97D5E7	Orleans Tune	奥尔良曲调
#929BAC	Ornamental Silver	观赏银
#00867D	Ornamental Turquoise	观赏绿松石
#806D95	Ornate	华丽
#F77D25	Ornery Tangerine	脾气暴躁的橘子
#C29436	Oro	奥罗
#D9D8DA	Orochimaru	大蛇丸
#D17C3F	Orpiment Orange	雌黄橙
#F9C89B	Orpiment Yellow	雌黄
#BE855E	Orpington Chicken	奥尔平顿鸡
#F9EACC	Orzo Pasta	米粒面食
#F4A045	Osage Orange	奥塞奇橙
#5B5A4D	Osiris	奥西里斯
#A6BDBE	Oslo Blue	奥斯陆蓝
#878D91	Oslo Grey	奥斯陆灰色
#63564B	Osprey	鱼鹰
#CCBAB1	Osprey Nest	鱼鹰巢
#AD9769	Osso Bucco	炖牛膝
#E9E3D5	Ostrich	鸵鸟
#DCD0BB	Ostrich Egg	鸵鸟蛋
#EADFE6	Ostrich Tail	鸵鸟尾
#665D59	Oswego Tea	奥斯威戈茶
#FF4E20	ōtan Red	大滩红
#633D38	Otis Madeira	奥蒂斯·马德拉
#00A78D	Ottawa Falls	渥太华瀑布
#7F674F	Otter	水獭
#654320	Otter Brown	水獭棕
#3F5A5D	Otter Creek	水獭小溪
#938577	Otter Tail	水獭尾
#8C4512	Otterly Brown	水獭棕
#BEDFD3	Otto Ice	奥托·艾斯
#D3DBCB	Ottoman	奥斯曼
#EE2222	Ottoman Red	奥斯曼红
#990000	OU Crimson Red	俄大深红
#4F4944	Oubliette	欧布利特
#EE7948	Ouni Red	欧尼红
#A84B7A	Our Little Secret	我们的小秘密
#F26D8F	Out of Fashion	时尚
#2CED2B	Out of Left Field	左外野
#9C909C	Out of Plumb	失去平衡
#1199EE	Out of the Blue	出其不意
#C9A375	Outback	内陆地区
#7E5D47	Outback Brown	内陆棕色
#8D745E	Outdoor Cafe	户外咖啡馆
#A07D5E	Outdoor Land	户外乐园
#6E6F4D	Outdoor Oasis	户外绿洲
#B2974D	Outdoorsy	户外
#654846	Outer Boundary	外界
#2A6295	Outer Reef	外礁
#221177	Outer Rim	外缘
#314E64	Outer Space	外太空
#B7A48B	Outerbanks	外班克斯
#E6955F	Outgoing Orange	即将离去的橙子
#B67350	Outlawed Orange	非法橙子
#824438	Outrageous	太离谱了
#8AB733	Outrageous Green	令人发指的绿色
#FF6E4A	Outrageous Orange	离谱的橙子
#82714D	Outrigger	支腿
#9EB2B9	Ovation	鼓掌
#4D6D08	Over the Hills	山丘
#ABB8D5	Over the Moon	月
#98D5EA	Over the Sky	天空
#B09D8A	Over the Taupe	灰褐
#61311C	Overbaked	烤过头了
#005555	Overboard	落水
#73A3D0	Overcast	阴
#B3583D	Overcast Brick	阴砖
#8F99A2	Overcast Day	阴天
#42426F	Overcast Night	阴夜
#A7B8C4	Overcast Sky	阴天
#0AE9B4	Overchlorinated Pool	过氯化池
#4400FF	Overdue Blue	过期蓝
#C7C3BE	Overdue Grey	过期灰色
#EFF4DC	Overexposed Shot	曝光过度的镜头
#88DD00	Overgrown	杂草丛生
#888844	Overgrown Citadel	杂草丛生的城堡
#8B8265	Overgrown Granite	杂草丛生的花岗岩
#448833	Overgrown Mausoleum	杂草丛生的陵墓
#116611	Overgrown Temple	杂草丛生的寺庙
#6B6048	Overgrown Trees	杂草丛生的树木
#6A8988	Overgrown Trellis	杂草丛生的格子
#88CC33	Overgrowth	过度生长
#EEC25F	Overjoy	喜出望外
#717481	Overlook	俯瞰
#FBF0DB	Overnight Oats	隔夜燕麦
#97A554	Overt Green	明显的绿色
#33557F	Overtake	超车
#A4E3B3	Overtone	泛音
#8C7E49	Ovoid Fruit	卵形果
#C0AF87	Owl Manner Malt	猫头鹰风格麦芽威士忌
#90845F	Owlet	猫头鹰
#C1E28A	Oxalis	酢浆草
#800020	Oxblood	牛血
#71383F	Oxblood Red	牛血红
#B1BBC5	Oxford	牛津
#002147	Oxford Blue	牛津蓝
#743B39	Oxford Brick	牛津砖
#504139	Oxford Brown	牛津棕
#001B2E	Oxford by Night	牛津之夜
#DB7192	Oxford Sausage	牛津香肠
#BDA07F	Oxford Street	牛津街
#B8A99A	Oxford Tan	牛津谭
#BF7657	Oxide	氧化物
#6D9A78	Oxley	奥克斯利
#92B6D5	Oxygen Blue	氧蓝
#E3D3BF	Oyster	牡蛎
#DBD0BB	Oyster Bar	牡蛎吧
#71818C	Oyster Bay	牡蛎海湾
#F2E5B1	Oyster Bisque	牡蛎浓汤
#4A4C45	Oyster Catch	牡蛎捕获
#F4F0D2	Oyster Cracker	蚝饼
#CBC1AE	Oyster Grey	牡蛎灰
#E4DED2	Oyster Haze	牡蛎霾
#EFEFE5	Oyster Island	牡蛎岛
#B1AB96	Oyster Linen	牡蛎亚麻
#B8BCBE	Oyster Mushroom	牡蛎蘑菇
#F5E6CC	Oyster Omelette Cream	牡蛎煎蛋卷奶油
#D4B5B0	Oyster Pink	牡蛎粉
#BFB3A1	Oyster Shoal	牡蛎浅滩
#CBC4A2	Oyster White	牡蛎白
#8B95A2	Ozone	臭氧
#C7D3E0	Ozone Blue	臭氧蓝
#5E3A39	Pa Red	霸红
#864B36	Paarl	帕尔
#7A715C	Pablo	巴勃罗
#FFE737	Pac-Man	吃豆人
#ECDFAD	Paccheri	帕切里
#E5DDD0	Pacer White	步行者白
#8F989D	Pachyderm	厚皮动物
#24646B	Pacific	太平洋
#96ACB8	Pacific Bliss	太平洋极乐
#1CA9C9	Pacific Blue	太平洋蓝
#C3A285	Pacific Bluffs	太平洋悬崖
#C1DBE7	Pacific Breeze	太平洋微风
#0052CC	Pacific Bridge	太平洋大桥
#5E85B1	Pacific Coast	太平洋海岸
#004488	Pacific Depths	太平洋深处
#DCDCD5	Pacific Fog	太平洋雾
#77B9DB	Pacific Harbour	太平洋港湾
#2D3544	Pacific Line	太平洋线
#CDD5D3	Pacific Mist	太平洋薄雾
#25488A	Pacific Navy	太平洋海军蓝
#92CBF1	Pacific Ocean	太平洋海洋
#69A4B9	Pacific Palisade	太平洋栅栏
#C0D6EA	Pacific Panorama	太平洋全景
#E8EAE6	Pacific Pearl	太平洋珍珠
#546B45	Pacific Pine	太平洋松
#167D97	Pacific Pleasure	太平洋欢乐
#026B5D	Pacific Queen	太平洋女王
#F1EBCD	Pacific Sand	太平洋沙
#3E8083	Pacific Sea Teal	太平洋海青
#3C4A56	Pacific Spirit	太平洋烈酒
#035453	Pacific Storm	太平洋风暴
#4E77A3	Pacifica	帕西菲卡
#778120	Pacifika	太平洋
#B7ACA0	Packed Sand	填充沙子
#BA9B5D	Packing Paper	包装纸
#4F4037	Paco	帕科
#859E94	Padded Leaf	垫叶
#88724D	Paddle Wheel	明轮
#DA9585	Paddy	稻田
#99BB44	Paddy Field	稻田
#7EB394	Padua	帕多瓦
#DCC61F	Paella	西班牙烩饭
#E1D7C2	Paella Natural White	西班牙烩饭天然白
#99DAC5	Pageant Green	选美绿色
#B6C3D1	Pageant Song	选美歌曲
#68447C	Pageantry Purple	华丽紫色
#127E93	Pagoda	宝塔
#1B8192	Pagoda Blue	宝塔蓝
#8C8E65	Paid in Full	全额异域感
#6B4947	Painite	派尼特
#11EEFF	Paint the Sky	油漆天空
#DDBA8F	Painted Ash	彩绘灰
#5F3D32	Painted Bark	彩绘树皮
#EB8F6F	Painted Clay	彩绘黏土
#BEB8B6	Painted Desert	彩绘沙漠
#6D544F	Painted Leather	彩绘皮革
#BB9471	Painted Pony	彩绘小马
#CB5139	Painted Poppy	彩绘罂粟
#008595	Painted Sea	彩绘海
#B28774	Painted Skies	彩绘天空
#56745F	Painted Turtle	彩绘龟
#F9F2DE	Painter’s Canvas	画家的画布
#F2EBDD	Painter’s White	画家白
#726F7E	Paisley	佩斯利
#8B79B1	Paisley Purple	佩斯利紫色
#AD7362	Pajarito Red	帕杰里托红
#006600	Pakistan Green	巴基斯坦绿
#43456D	Palace Arms	宫殿武器
#3973C0	Palace Blue	宫殿蓝
#426255	Palace Green	宫殿绿
#799AAA	Palace Intrigue	宫廷阴谋
#68457A	Palace Purple	宫殿紫
#752745	Palace Red	宫殿红
#F8CAD5	Palace Rose	宫殿玫红
#A7A6B1	Palace Walls	宫墙
#F4F0E5	Palais White	白宫
#888811	Palak Paneer	帕拉克·帕内尔
#EEDCD1	Palatial	富丽堂皇
#F9F2E4	Palatial White	富丽堂皇的白色
#273BE2	Palatinate Blue	普法尔茨蓝
#682860	Palatinate Purple	普法尔茨紫
#C9C7B6	Palatine	帕拉丁
#FFF9D0	Pale	淡
#F4E9BA	Pale Adobe	淡土坯
#FEF068	Pale Ale	淡色艾尔啤酒
#BCD4E1	Pale Aqua	淡水色
#C9BFA8	Pale Bamboo	淡竹
#F5E28D	Pale Banana	淡香蕉
#CCC7B1	Pale Beige	淡米色
#E2CCC7	Pale Berries	淡莓
#E39E9C	Pale Berry	淡浆果
#98DED9	Pale Beryl	淡绿柱石
#4A475C	Pale Blackish Purple	淡黑紫色
#F0EAE1	Pale Bloom	淡绽放
#FDE1F0	Pale Blossom	淡花
#D0FEFE	Pale Blue	淡蓝
#A2ADB1	Pale Blue Grey	淡蓝灰
#DFAFA4	Pale Blush	淡绯红
#B1916E	Pale Brown	淡棕
#EEEBE8	Pale Bud	淡蕾
#F1EFA6	Pale Canary	淡金丝雀
#E8DFD5	Pale Cashmere	淡羊绒
#C9CBBE	Pale Celadon	淡青瓷
#E9E9C7	Pale Celery	淡芹菜
#9BC4E2	Pale Cerulean	淡蔚蓝
#EFE5D7	Pale Chamois	淡麂皮
#FDEFF2	Pale Cherry Blossom	淡樱桃花
#DDADAF	Pale Chestnut	淡栗
#DADEE9	Pale Cloud	淡云
#F0D0B4	Pale Coral	淡珊瑚
#AD6E44	Pale Cordovan	淡马臀皮
#CED9E1	Pale Cornflower	淡矢车菊蓝
#D6D5BC	Pale Cucumber	淡黄瓜
#FDE89A	Pale Daffodil	淡水仙
#ECCCC1	Pale Dogwood	淡山茱萸
#FDE8D0	Pale Egg	淡蛋
#E7D1DD	Pale Flamingo	淡火烈鸟
#698AAB	Pale Flower	淡花
#C7E1EE	Pale Frost	淡霜
#EADDCA	Pale Gingersnap	淡姜饼
#FDDE6C	Pale Gold	淡金
#C0A2C7	Pale Grape	淡葡萄
#69B076	Pale Green	淡绿
#96907E	Pale Green Grey	淡绿灰
#E2E2D2	Pale Green Tea	淡绿茶
#FDFDFE	Pale Grey	淡灰
#D4E2EB	Pale Grey Blue	淡灰蓝
#E7D8EA	Pale Grey Magenta	淡灰品红
#F5D6AA	Pale Honey	淡蜂蜜
#8895C5	Pale Iris	淡鸢尾
#D4CFB2	Pale Ivy	淡常春藤
#77C3B4	Pale Jade	淡翡翠
#FED6CC	Pale Jasper	淡碧玉
#998877	Pale Khaki	淡卡其
#ABF5ED	Pale King’s Blue	淡王蓝
#DCD0FF	Pale Lavender	淡薰衣草紫
#BDCAA8	Pale Leaf	淡叶
#D8D4BF	Pale Lichen	淡地衣
#B1FC99	Pale Light Green	淡浅绿
#D8B5BF	Pale Lilac	淡丁香紫
#F3ECE7	Pale Lily	淡百合
#B1FF65	Pale Lime Green	淡青柠绿
#DFE497	Pale Lime Yellow	淡青柠黄
#EBE5D6	Pale Linen	淡亚麻
#CCD2CA	Pale Loden	浅罗登色
#C4ACB2	Pale Lychee	淡荔枝
#F5E1BA	Pale Maize	淡玉米色
#FFBB44	Pale Marigold	淡万寿菊
#C6A4A4	Pale Mauve	淡淡紫
#AAC2A1	Pale Mint	淡薄荷
#DCC797	Pale Moss	淡苔藓
#D0DBC4	Pale Moss Green	淡苔藓绿
#BAE1D3	Pale Mountain Lake Turquoise	淡山湖青
#E4DDE7	Pale Muse	苍白缪斯
#FAF5E2	Pale Narcissus	淡水仙
#DCE0CF	Pale Oak Grove	淡橡小树林
#D3C7A1	Pale Olive	淡橄榄
#DEDBE5	Pale Orchid	淡兰花紫
#F6E2EC	Pale Orchid Petal	淡兰花紫花瓣
#FDEBBC	Pale Organza	淡欧根纱
#9C8D72	Pale Oyster	淡牡蛎
#E5DBCA	Pale Palomino	淡帕洛米诺
#D1C3AD	Pale Parchment	淡羊皮纸
#E3D8BF	Pale Parsnip	淡欧洲防风
#9ADEDB	Pale Pastel	淡粉彩
#FFE5AD	Pale Peach	淡桃
#F4DA6E	Pale Pear	淡梨
#FFF2DE	Pale Pearl	淡珍珠
#F7E0DE	Pale Perfection	苍白完美
#C8D2E2	Pale Periwinkle	淡长春花蓝
#D4ACAD	Pale Persimmon	淡柿子
#D9BFCE	Pale Petals	淡花瓣
#BA9BA5	Pale Petticoat	淡色衬裙
#F8C0C7	Pale Petunia	淡矮牵牛
#CCD5FF	Pale Phthalo Blue	淡酞菁蓝
#EFCDDB	Pale Pink	淡粉
#E3E7D1	Pale Pistachio	淡开心果绿
#BCA8AD	Pale Poppy	淡罂粟
#EEC8D3	Pale Primrose	淡报春花
#B790D4	Pale Purple	淡紫
#EFEADA	Pale Quartz	淡石英
#EBEBD7	Pale Rebelka Jakub	苍白雅各布叛逆
#96DED1	Pale Robin Egg Blue	淡知更鸟蛋蓝
#EFD6DA	Pale Rose	淡玫红
#ACBDA1	Pale Sage	淡鼠尾草
#D3D1B9	Pale Sagebrush	苍白山艾树
#E5D5BA	Pale Sand	淡沙
#F0BCAD	Pale Satin Peach	淡缎面桃
#C3E7E8	Pale Seafoam	淡海沫
#CACFDC	Pale Shale	淡页岩
#F8DBD6	Pale Shrimp	淡虾
#DFC7BC	Pale Sienna	淡赭色
#BDF6FE	Pale Sky	淡天空
#9FABAD	Pale Slate	淡石板
#ECEBBD	Pale Spring Bud	淡春蕾
#B3BE98	Pale Spring Morning	淡春早晨
#E4DED8	Pale Starlet	苍白小星星
#F2C880	Pale Sunshine	淡阳光
#BC987E	Pale Taupe	淡灰褐
#82CBB2	Pale Teal	淡青
#CECDBB	Pale Tendril	苍白卷须
#EAAA96	Pale Terra	淡大地
#C8DCBB	Pale Tidepool	苍白潮池
#A5FBD5	Pale Turquoise	淡青
#6F9892	Pale Verdigris	淡铜绿
#C6C3D6	Pale Violet	淡紫罗兰
#D8DECF	Pale Vista	淡远景
#B6D3DF	Pale Whale	淡鲸
#D9C29F	Pale Wheat	淡小麦
#89AB98	Pale Willow	淡柳
#BBC8E6	Pale Wisteria	淡紫藤
#EAD2A2	Pale Wood	淡木
#F4EED1	Palest of Lemon	柠檬色
#DCCDB9	Palest Satin	淡缎
#C3B497	Palisade	栅栏
#AF8EA5	Palisade Orchid	栅栏兰花
#F7ECE1	Palish Peach	帕利什桃子
#EEE9DF	Palladian	帕拉第奥
#B1B1B1	Palladium	钯金
#314A4E	Pallasite Blue	橄榄石蓝
#B3CDD4	Pallid Blue	苍白的蓝色
#C1E0C1	Pallid Green	苍白的绿色
#CBDCB7	Pallid Light Green	苍白浅绿色
#FCB99D	Pallid Orange	淡橙色
#F3DFDB	Pallid Rose	苍白玫瑰
#CDCEBE	Pallid Wych	苍白的威奇
#AFAF5E	Palm	棕榈
#DBE2C9	Palm Breeze	棕榈微风
#AEAD5B	Palm Frond	棕榈叶
#20392C	Palm Green	棕榈绿
#DDD8C2	Palm Heart Cream	棕榈心奶油
#7A7363	Palm Lane	棕榈巷
#36482F	Palm Leaf	棕榈叶
#20887A	Palm Springs Splash	棕榈泉飞溅
#EDD69D	Palm Sugar Yellow	棕榈糖黄
#74B560	Palm Tree	棕榈树
#577063	Palmerin	帕默林
#6D9A9B	Palmetto	棕榈树
#CEB993	Palmetto Bluff	帕尔梅托布拉夫
#EAEACF	Palmito	帕尔米托
#5F6356	Palo Verde	帕洛维德
#9F9C99	Paloma	帕洛玛
#E9B679	Paloma Tan	帕洛玛棕褐
#BB7744	Palomino	帕洛米诺
#DAAE00	Palomino Gold	帕洛米诺金
#E6D6BA	Palomino Mane	帕洛米诺马内
#837871	Palomino Pony	帕洛米诺小马
#C2AA8D	Palomino Tan	帕洛米诺·谭
#EAE4DC	Pampas	潘帕斯草原
#F5EAEB	Pampered Princess	娇生惯养的公主
#DCA356	Pan de Coco	可可饼
#657AEF	Pan Purple	泛紫
#E8BE99	Pan Tostado	潘托斯塔多
#CFD0C5	Pan’s Flute	潘笛
#DDDBC0	Panacea	万能药
#EBF7E4	Panache	华丽
#EDC9D5	Panache Pink	华丽粉色
#C6577C	Panama Rose	巴拿马玫瑰
#F7D788	Pancake	薄煎饼
#DFB992	Pancho	潘乔
#BFDB89	Pancotto Pugliese	潘科托·普列塞
#544F3A	Panda	熊猫
#3C4748	Panda Black	熊猫黑
#EAE2D4	Panda White	熊猫白
#9FB057	Pandan Cake	班兰蛋糕
#616C44	Pandanus	露兜树
#A1A4AE	Pandemonium	混乱
#71689A	Pandora	潘多拉
#E3D4CF	Pandora Grey	潘多拉灰
#FEDBB7	Pandora’s Box	潘多拉魔盒
#9B5227	Panela	红糖粉
#4E4F6A	Pango Black	潘戈黑
#F4AA53	Pani Puri	帕尼·普里
#CDB9A7	Panko	面包粉
#7895CC	Pannikin	潘尼金
#327A88	Panorama	全景
#35BDC8	Panorama Blue	全景蓝
#F75394	Pansy	三色堇
#7F8FCA	Pansy Garden	三色堇花园
#5F4561	Pansy Petal	三色堇花瓣
#BFA7B6	Pansy Posie	潘西·波西
#BCA3B4	Pansy Posy	三色堇波西
#78184A	Pansy Purple	三色堇紫
#ADAFBA	Pantomime	哑剧
#009B7D	Paolo Veronese Green	保罗·韦罗内塞·格林
#5A4A64	Paparazzi	狗仔队
#C6CBD1	Paparazzi Flash	狗仔队闪光
#FE985C	Papaya	木瓜
#FCA07F	Papaya Punch	木瓜宾治
#FFEAC5	Papaya Sorbet	木瓜冰糕
#FFD1AF	Papaya Whip	木瓜奶霜
#D7AC7F	Paper Brown	纸棕
#F0E5C7	Paper Daisy	纸雏菊
#D6C5A9	Paper Dog	纸狗
#C5D0E6	Paper Elephant	纸象
#B1A99F	Paper Goat	纸山羊
#CC4466	Paper Hearts	纸心
#F2EBE1	Paper Lamb	纸羊羔
#F2E0C4	Paper Lantern	纸灯笼
#EAD4A6	Paper Moon	纸月
#F1ECE0	Paper Plane	纸飞机
#B4A07A	Paper Sack	纸袋
#FDF1AF	Paper Tiger	纸虎
#F6EFDF	Paper White	纸白
#249148	Paperboy’s Lawn	报童草坪
#EFEADC	Papier Blanc	白纸
#8590AE	Papilio Argeotus	凤蝶
#F9EBCC	Pappardelle Noodle	意大利面条
#7C2D37	Paprika	辣椒粉
#C24325	Paprika Kisses	辣椒粉吻
#999911	Papyrus	纸莎草
#C0AC92	Papyrus Map	纸莎草地图
#F5EDD6	Papyrus Paper	纸莎草纸
#507069	Par Four	四杆洞
#BEB755	Parachute	降落伞
#362852	Parachute Purple	降落伞紫
#FFE2B5	Parachute Silk	降落伞丝
#00589B	Parachuting	跳伞
#DEF1EA	Paradise	天堂
#FF8C55	Paradise Bird	天堂鸟
#5F7475	Paradise City	天堂城
#83988C	Paradise Found	找到天堂
#746565	Paradise Grape	天堂葡萄
#A3E493	Paradise Green	天堂绿
#5AA7A0	Paradise Island	天堂岛
#009494	Paradise Landscape	天堂风景
#398749	Paradise of Greenery	绿叶天堂
#006622	Paradise Palms	天堂棕榈树
#E4445E	Paradise Pink	天堂粉
#66C6D0	Paradise Sky	天堂天空
#8DDEE1	Paradisiacal Getaway	天堂之旅
#488084	Paradiso	天堂
#A99A8A	Parador Inn	帕拉多旅馆
#908D86	Parador Stone	帕拉多·斯通
#78AE48	Parakeet	鹦鹉
#7EB6FF	Parakeet Blue	鹦鹉蓝
#CBD3C6	Parakeet Pete	鹦鹉皮特
#5B6161	Paramount	派拉蒙
#E4E2D5	Paramount White	派拉蒙白
#007D7C	Parasailing	滑翔伞
#914B13	Parasite Brown	寄生虫棕色
#E9DFDE	Parasol	遮阳伞
#824A53	Parauri Brown	帕劳里棕
#FEFCAF	Parchment	羊皮纸
#F0E7D8	Parchment Paper	羊皮纸纸
#F9EAE5	Parchment White	羊皮纸白
#C8A6A1	Parfait	冻糕
#734F96	Parfait d’Amour	爱冻糕
#91A7BC	Paris	巴黎
#B7DDED	Paris Blue	巴黎蓝
#888873	Paris Creek	巴黎小溪
#FBEB50	Paris Daisy	巴黎雏菊
#50C87C	Paris Green	巴黎绿
#A6B7C8	Paris Grey	巴黎灰
#312760	Paris M	巴黎M
#C9C79A	Paris Mint	巴黎薄荷
#737274	Paris Paving	巴黎铺路
#DA6D91	Paris Pink	巴黎粉
#BFCDC0	Paris White	巴黎白
#4F7CA4	Parisian Blue	巴黎蓝
#978478	Parisian Café	巴黎人咖啡馆
#D1C7B8	Parisian Cashmere	巴黎羊绒
#6B9C42	Parisian Green	巴黎绿
#323341	Parisian Night	巴黎之夜
#7D9B89	Parisian Patina	巴黎古铜色
#787093	Parisian Violet	巴黎紫罗兰
#465048	Park Avenue	公园大道
#537F6C	Park Bench	公园长椅
#88C9A6	Park Green Flat	公园绿公寓
#428F46	Park Picnic	公园野餐
#46483E	Parkview	阳明山庄
#477BBD	Parkwater	帕克沃特
#465F7E	Parlour Blue	客厅蓝
#A12D5D	Parlour Red	客厅红
#BAA1B2	Parlour Rose	客厅玫红
#C8C197	Parlour Sage	客厅鼠尾草
#D4C6AF	Parlour Taupe	客厅灰褐
#806E85	Parma Grey	帕尔马灰
#F89882	Parma Ham	帕尔马火腿
#5F5680	Parma Mauve	帕尔马淡紫
#5E3958	Parma Plum Red	帕尔马梅子红
#55455A	Parma Violet	帕尔马紫罗兰
#887CAB	Parmentier	帕门捷
#FFFFDD	Parmesan	帕尔马干酪
#A9A237	Parrot Feather	鹦鹉羽毛
#018DA1	Parrot Flight	鹦鹉飞行
#8DB051	Parrot Green	鹦鹉绿
#D998A0	Parrot Pink	鹦鹉粉
#EEBFD5	Parrot Tulip	鹦鹉郁金香
#F8DC74	Parrot Waxcap	鹦鹉蜡帽
#028FC4	Parrotfish Blue	鹦嘴鱼蓝
#305D35	Parsley	欧芹
#5A9F4D	Parsley Green	欧芹绿
#3D7049	Parsley Sprig	欧芹小枝
#D6C69A	Parsnip	欧洲防风
#9D892E	Parsnip Root	欧洲防风根
#FFEDF8	Partial Pink	偏粉色
#DEF3E6	Particle Cannon	粒子炮
#CB3215	Particle Ioniser Red	粒子离子发生器红
#D0D2C5	Particular Mint	特别薄荷
#9DBBCD	Partly Cloudy	晴间多云
#844C44	Partridge	鹧鸪
#919098	Partridge Grey	鹧鸪灰
#A9875B	Partridge Knoll	鹧鸪山
#CAC1E2	Party Hat	派对帽
#E6E4DE	Party Ice	派对冰
#EE99FF	Party Pig	派对猪
#EEDF91	Party Sponge Cake	派对海绵蛋糕
#E3A9C4	Party Time	派对时光
#A84A49	Pasadena Rose	帕萨迪纳玫瑰
#929178	Paseo Verde	绿色大道
#C3B7A4	Pasha Brown	帕夏棕
#44413B	Pasilla Chiles	帕西拉·奇利斯
#B9BD97	Paspalum Grass	雀稗草
#5D98B3	Pass Time Blue	消磨时光蓝色
#647B86	Passageway	通道
#EED786	Passementerie	帕斯门特里
#CBCAC0	Passing Shadow	逝去的影子
#6F5698	Passion Flower	激情花
#DD0D06	Passion for Revenge	复仇热情
#907895	Passion Fruit	激情果
#E8AA9D	Passion Fruit Punch	激情果宾治
#E57681	Passion Pink	激情粉
#E398AF	Passion Potion	激情药水
#59355E	Passion Razz	激情狂欢
#725062	Passionate	热情
#1F3465	Passionate Blue	热情蓝
#334159	Passionate Blueberry	热情的蓝莓
#EDEFCB	Passionate Pause	热情的停顿
#DD00CC	Passionate Pink	热情粉红
#753A58	Passionate Plum	热情梅花
#882299	Passionate Purple	热情紫
#513E49	Passionfruit Mauve	百香果淡紫
#CBCCC9	Passive	被动
#DBA29E	Passive Pink	被动粉色
#795365	Passive Royal	被动皇家
#F7DFAF	Pasta	意大利面
#FAE17F	Pasta Luego	卢戈意大利面
#EEC474	Pasta Rasta	拉斯塔意大利面
#A2BFFE	Pastel Blue	粉彩蓝
#836953	Pastel Brown	粉彩棕
#F0E4E0	Pastel China	粉彩瓷
#DFD8E1	Pastel Day	粉彩白天
#F2C975	Pastel de Nata	蛋挞
#77DD77	Pastel Green	粉彩绿
#CFCFC4	Pastel Grey	粉彩灰
#BCCBB9	Pastel Grey Green	粉彩灰绿
#D2F0E0	Pastel Jade	粉彩翡翠
#D8A1C4	Pastel Lavender	粉彩薰衣草紫
#BDB0D0	Pastel Lilac	粉彩丁香紫
#B9D786	Pastel Lime	粉彩青柠
#F49AC2	Pastel Magenta	粉彩品红
#A9C9AF	Pastel Meadow	粉彩草地
#CEF0CC	Pastel Mint	粉彩薄荷
#ADD0B3	Pastel Mint Green	粉彩薄荷绿
#FFF5D9	Pastel Moon Creme	粉彩月奶油
#FF964F	Pastel Orange	粉彩橙
#DBCCC3	Pastel Parchment	粉彩羊皮纸
#BEE7A5	Pastel Pea	粉彩豌豆
#F1CAAD	Pastel Peach	粉彩桃
#DEA5A4	Pastel Pink	粉彩粉
#B39EB5	Pastel Purple	粉彩紫
#FF6961	Pastel Red	粉彩红
#E4C5B0	Pastel Rose Tan	粉彩玫红棕褐
#D5C6B4	Pastel Sand	粉彩沙
#DEECE1	Pastel Smirk	柔傻笑
#EF4F4C	Pastel Strawberry	粉彩草莓
#99C5C4	Pastel Turquoise	粉彩青
#CB99C9	Pastel Violet	粉彩紫罗兰
#FDFD96	Pastel Yellow	粉彩黄
#EDFAD9	Pastoral	田园风光
#E87175	Pastrami	熏牛肉
#F8DEB8	Pastry	糕点
#FAEDD5	Pastry Dough	糕点面团
#F8E1D0	Pastry Pink	糕点粉
#B77D58	Pastry Shell	糕点壳
#506351	Pasture Green	牧场绿
#3887BD	Pat-A-Pep	拍打气
#225511	Patch of Land	一片土地
#8A7D6B	Patches	补丁
#C4A89E	Patchwork Pink	拼布粉色
#7E696A	Patchwork Plum	拼布梅花
#C7C7C6	Paternoster	帕特诺斯特
#C4EEE8	Path to the Sky	径天空
#DBD6D2	Pathway	途径
#E6DDD6	Patience	耐心
#FFABA5	Patient Pink	耐心粉红
#EDE2DE	Patient White	耐心白
#66D0C0	Patina	铜绿
#B6C4BD	Patina Creek	铜绿小溪
#B6C0BC	Patina Grey	铜绿灰
#83BAA8	Patina Hue	铜绿色调
#695A67	Patina Violet	铜绿紫罗兰
#3F5A50	Patio Green	庭院绿
#6B655B	Patio Stone	庭院石
#EDDBC8	Patisserie	糕点店
#800070	Patriarch	族长
#8CD9A1	Patrice	帕特里斯
#72527F	Patrician Purple	贵族紫
#D9B611	Patrinia Flowers	败酱花
#F2F2B0	Patrinia Scabiosaefolia	败酱草
#3C3C5F	Patriot Blue	爱国者蓝
#D3E5EF	Pattens Blue	彭定康蓝
#BCC6B1	Pattipan	帕蒂潘
#EDB80F	Pattypan	帕蒂潘
#2A2551	Pāua	鲍鱼
#245056	Pāua Shell	鲍鱼壳
#80A4CD	Paula Loves Paris	宝拉爱巴黎
#629191	Pauley	保利
#343445	Pauper	乞丐
#828782	Paved Path	铺好的小路
#E8D284	Paved With Gold	铺满金子
#554F53	Pavement	路面
#C9C4BA	Pavestone	铺路石
#BEBF84	Pavilion	展馆
#C5B6A4	Pavilion Beige	亭米色
#DF9C45	Pavilion Peach	亭桃
#EDE4D4	Pavillion	展馆
#CBCCC4	Paving Stones	铺路石
#BAAB87	Pavlova	巴甫洛娃
#FBD49C	Paw Paw	爪爪
#827A6D	Paw Print	爪印
#473430	Pawn Broker	当铺
#C8C6DA	Pax	帕克斯
#70916C	Paying Mantis	付费螳螂
#536878	Payne’s Grey	佩恩的灰色
#002D04	PCB Green	PCB绿
#A4BF20	Pea	豌豆
#7C9865	Pea Aubergine	豌豆茄
#929901	Pea Soup	豌豆汤
#3F7074	Peabody	皮博迪
#A2B2BD	Peace	和平
#E0DAC8	Peace & Quiet	和平与安静
#C1875F	Peace of Mind	安心
#A8BFCC	Peace River	和平河
#EECF9E	Peace Yellow	和平黄
#DDCCAC	Peaceable Kingdom	和平王国
#9AB6C0	Peaceful Blue	平和蓝
#878E83	Peaceful Glade	平和空地
#D6E7E3	Peaceful Night	平和夜
#94D8AC	Peaceful Pastures	宁静的牧场
#FFDDCD	Peaceful Peach	平和桃
#579797	Peaceful Pond	平和池塘
#660088	Peaceful Purple	平和紫
#F1FBF1	Peaceful Rain	平和雨
#47A0D2	Peaceful River	平和河
#FFB07C	Peach	桃
#FB9F93	Peach Amber	桃琥珀
#FFCCB6	Peach and Quiet	桃安静
#EFC4BB	Peach Ash	桃灰
#FDCFA1	Peach Beach	桃海滩
#E7C3AB	Peach Beauty	桃美
#CD9489	Peach Beige	桃米色
#FEDCAD	Peach Bellini	桃子贝里尼
#D89A78	Peach Bloom	桃绽放
#DC7A83	Peach Blossom	桃花
#EECFBF	Peach Blossom Red	桃花红
#DCBEB5	Peach Blush	桃绯红
#FFECE5	Peach Breeze	桃微风
#E5CCBD	Peach Brick	桃砖
#FDB2AB	Peach Bud	桃蕾
#CC99BB	Peach Buff	桃浅黄
#F39998	Peach Burst	桃爆发
#FFAC3A	Peach Butter	桃黄油
#C56A3D	Peach Caramel	桃焦糖
#FFD9AA	Peach Cider	桃苹果酒
#FCE2D8	Peach Cloud	桃云
#FFA167	Peach Cobbler	桃子馅饼
#FFCBA7	Peach Crayon	桃蜡笔
#FFF0DB	Peach Cream	桃奶油
#FFE19D	Peach Crème Br?lée	桃子焦糖布丁
#F6C4A6	Peach Damask	桃花缎
#EFCDB4	Peach Darling	桃心宝贝
#F4DEBF	Peach Dip	桃酱
#B3695F	Peach Dunes	桃沙丘
#F0D8CC	Peach Dust	桃尘
#F6725C	Peach Echo	桃回声
#FEBC96	Peach Encounter	桃花邂逅
#F4E2D4	Peach Everlasting	桃花长青
#FCE9D6	Peach Fade	桃色褪色
#FFA883	Peach Fizz	桃气泡
#E198B4	Peach Flower	桃花
#F88435	Peach Fury	桃怒
#FFC7B9	Peach Fuzz	桃绒毛
#EBD7D3	Peach Glamour	桃色魅力
#FFDCAC	Peach Glow	桃辉光
#DFA479	Peach Ice Cream	桃冰奶油
#FFCFAB	Peach Juice	桃汁
#FBE2CD	Peach Kiss	桃吻
#E7C19F	Peach Latte	桃拿铁
#C67464	Peach Macaron	桃马卡龙
#FBBDAF	Peach Melba	桃子梅尔巴
#F4A28C	Peach Mimosa	桃含羞草
#FFAE96	Peach Nectar	桃花蜜
#EDB48F	Peach Nirvana	桃花涅槃
#E3A385	Peach Nougat	桃牛轧糖
#FFE2B4	Peach of Mind	心灵桃花
#FFCC99	Peach Orange	桃橙
#F6B895	Peach Parfait	桃冻糕
#F3D5A1	Peach Patch	桃块
#FFB2A5	Peach Pearl	桃珍珠
#D3B699	Peach Petals	桃花瓣
#FF9A8A	Peach Pink	桃粉
#DDAAAA	Peach Poppy	桃罂粟
#E38372	Peach Posey	桃花波西
#E2BDB3	Peach Powder	桃粉
#D29487	Peach Preserve	桃子保护区
#FFDAB9	Peach Puff	桃松
#F59997	Peach Punch	桃宾治
#EED0B6	Peach Purée	桃泥
#F4B087	Peach Quartz	桃石英
#F9CDC4	Peach Red	桃红
#F6E3D5	Peach Rose	桃玫红
#F6D9C9	Peach Sachet	桃香包
#FFDCD6	Peach Schnapps	桃杜松子酒
#FFBCBC	Peach Scone	桃司康
#F3DFD4	Peach Shortcake	桃酥饼
#FFE5BD	Peach Smoothie	桃冰沙
#ECBCB2	Peach Souffle	桃子舒芙蕾
#EC9D75	Peach Squared	桃平方
#F3E3D1	Peach Surprise	桃惊喜
#F3B68E	Peach Taffy	桃太妃糖
#FFB559	Peach Tea	桃茶
#F2C5B2	Peach Temptation	桃子诱惑
#FFDC8D	Peach Tickle	桃子痒痒
#EFA498	Peach Tile	桃瓷砖
#F2E3DC	Peach Tone	桃调
#F9E8CE	Peach Umbrella	桃花伞
#F7B28B	Peach Velour	桃丝绒
#D8B6B0	Peach Whip	桃搅
#F9BAB5	Peach Whisper	桃低语
#FADFAD	Peach Yellow	桃黄
#FD9B88	Peach’s Daydream	桃子的白日梦
#FADFC7	Peachade	桃子
#FFA361	Peaches à la Crème	奶油桃子
#D98586	Peaches of Immortality	不朽的桃子
#EEC9A6	Peaches’n’Cream	桃子奶油
#DDB3B2	Peachskin	桃皮
#F3DDCD	Peachtree	桃树
#FFA67A	Peachy	桃色
#FFD2B9	Peachy Bon-Bon	桃子棒棒糖
#FFC996	Peachy Breezes	桃色微风
#D4A88D	Peachy Confection	桃子甜点
#FDE0DC	Peachy Ethereal	桃色空灵
#ED8666	Peachy Feeling	桃色的感觉
#FFDEDA	Peachy Keen	桃色敏锐
#E8956B	Peachy Maroney	桃色马罗尼
#F3E0D8	Peachy Milk	桃色奶
#FFCCAA	Peachy Pico	桃子皮可
#FF775E	Peachy Pinky	桃色小指
#FF9B80	Peachy Salmon	桃色鲑粉
#FFDCB7	Peachy Sand	桃色沙
#DD7755	Peachy Scene	桃花场景
#F0CFA0	Peachy Skin	桃色肌肤
#FFD9A8	Peachy Summer Skies	桃色夏天空
#E3A381	Peachy Tint	桃色调
#F1BF92	Peachy-Kini	桃色基尼
#2D3146	Peacoat	短外套
#016795	Peacock Blue	孔雀蓝
#12939A	Peacock Feather	孔雀羽毛
#006A50	Peacock Green	孔雀绿
#2E4B44	Peacock House	孔雀屋
#206D71	Peacock Plume	孔雀翎
#006663	Peacock Pride	孔雀骄傲
#513843	Peacock Purple	孔雀紫
#6DA893	Peacock Silk	孔雀丝
#01636D	Peacock Tail	孔雀尾
#719E8A	Peahen	孔雀
#768083	Peak Point	山峰点
#FFDFC9	Peak Season	山峰季节
#7A4434	Peanut	花生
#A6893A	Peanut Brittle	花生糖
#BE893F	Peanut Butter	花生黄油
#F7B565	Peanut Butter Biscuit	花生黄油饼干
#FFB75F	Peanut Butter Chicken	花生黄油鸡
#C8A38A	Peanut Butter Crust	花生酱酥
#CE4A2D	Peanut Butter Jelly	花生黄油果冻
#82B185	Peapod	豆荚
#D1E231	Pear	梨
#91AF88	Pear Cactus	梨仙人掌
#CCDD99	Pear Perfume	梨香水
#F3EAC3	Pear Sorbet	梨冰糕
#CBF85F	Pear Spritz	梨雪碧
#E3DE92	Pear Tint	梨调
#EAE0C8	Pearl	珍珠
#88D8C0	Pearl Aqua	珍珠水色
#D0C9C3	Pearl Ash	珍珠灰
#7FC6CC	Pearl Bay	珍珠海湾
#76727F	Pearl Blackberry	珍珠黑莓
#F4CEC5	Pearl Blush	珍珠绯红
#E6E6E3	Pearl Brite	珍珠布里特
#DED1C6	Pearl Bush	珍珠灌木丛
#DCE4E9	Pearl City	珍珠城
#F0EBE4	Pearl Drops	珍珠滴
#EFE5D9	Pearl Dust	珍珠尘
#377B70	Pearl Green	珍珠绿
#EAE1C8	Pearl Lusta	珍珠露斯塔
#FCF7EB	Pearl Necklace	珍珠项链
#EEEFE1	Pearl Onion	珍珠洋葱
#DDD6CB	Pearl Oyster	珍珠牡蛎
#DED7DA	Pearl Pebble	珍珠卵石
#FAFFED	Pearl Powder	珍珠粉
#DFD3D4	Pearl Rose	珍珠玫红
#F4F1EB	Pearl Sugar	珍珠糖
#E6E0E3	Pearl Violet	珍珠紫罗兰
#F3F2ED	Pearl White	珍珠白
#F1E3BC	Pearl Yellow	珍珠黄
#F2E9D5	Pearled Couscous	珍珠蒸粗麦粉
#F0DFCC	Pearled Ivory	珍珠象牙
#DCD0CB	Pearls & Lace	珍珠蕾丝
#F4E3DF	Pearly	珠光
#E8E6DE	Pearly Gates	天国之门
#CEDBD5	Pearly Jade	珠光翡翠
#EE99CC	Pearly Pink	珠光粉
#B768A2	Pearly Purple	珠光紫
#DBD3BD	Pearly Putty	珠光腻子
#E4E4DA	Pearly Star	珠光星
#EEE9D8	Pearly Swirly	珍珠漩涡
#FEEFD3	Pearly White	珠光白
#8C7F3C	Peas Please	豌豆请
#DDC7A8	Peasant Bread	农家面包
#C1EFC6	Peasful Mint	豌豆薄荷
#8CAA95	Peaslake	皮斯莱克
#766D52	Peat	泥炭
#5A3D29	Peat Brown	泥炭棕
#4A352B	Peat Moss	泥炭苔
#6C5755	Peat Red Brown	泥炭红棕色
#988C75	Peat Swamp Forest	泥炭沼泽森林
#552211	Peaty Brown	泥炭棕
#9D9880	Pebble	卵石
#DED8DC	Pebble Beach	卵石海滩
#F3E1CA	Pebble Cream	卵石奶油
#D5BC94	Pebble Path	卵石径
#D3D7DC	Pebble Soft Blue White	卵石柔蓝白
#E0D9DA	Pebble Stone	卵石
#AFB2A7	Pebble Walk	卵石漫步
#D8D0BC	Pebblebrook	卵石溪
#DECAB9	Pebbled Courtyard	鹅卵石庭院
#A0968D	Pebbled Path	鹅卵石小路
#DBD5CA	Pebbled Shore	卵石海岸
#A67253	Pecan	山核桃
#F7DBA6	Pecan Cream	山核桃奶油
#F4DECB	Pecan Sandie	山核桃桑迪
#E09F78	Pecan Veneer	山核桃单板
#FDDCB7	Pêche	佩什
#E1A080	Pecos Spice	佩科斯香料
#C5AF91	Peculiarly Drab Tincture	奇特单调酊剂
#00BB22	Pedestrian Green	行人绿地
#F7F72D	Pedestrian Lemon	行人柠檬
#CC1122	Pedestrian Red	行人红
#31646E	Pedigree	血统书
#8F8E8C	Pedigrey	谱系
#D3CCC4	Pediment	山形墙饰
#C5E1E1	Peek-a-Blue	偷看蓝色
#0173BB	Peek-A-Boo Blue	躲猫猫蓝色
#E6DEE6	Peekaboo	躲猫猫
#87A96B	Peeled Asparagus	去皮芦笋
#FFCF38	Peeps	偷看
#FF2266	Peevish Red	暴躁红
#E8E9E4	Pegasus	飞马座
#EA9FB4	Pegeen Peony	佩金牡丹
#F5D2AC	Pekin Chicken	北京鸡
#355D83	Pelagic	远洋
#FF3333	Pelati	佩拉蒂
#C1BCAC	Pelican	鹈鹕
#9EACB1	Pelican Bay	鹈鹕海湾
#D7C0C7	Pelican Bill	鹈鹕比尔
#E8C3C2	Pelican Feather	鹈鹕羽毛
#FB9A30	Pelican Pecker	鹈鹕啄木鸟
#E2A695	Pelican Pink	鹈鹕粉
#C8A481	Pelican Tan	鹈鹕棕褐
#2599B2	Pelorus	罗盘
#DBB7BB	Pencil Eraser	铅笔橡皮擦
#5C6274	Pencil Lead	铅笔铅
#FD9F01	Pencil Me In	铅笔
#595D61	Pencil Point	铅笔点
#999D9E	Pencil Sketch	铅笔素描
#7B8267	Pendula Garden	彭杜拉花园
#E3E3EB	Penelope	佩内洛普
#9D6984	Penelope Pink	佩内洛普粉红
#37799C	Peninsula	半岛
#B9C8E0	Penna	佩纳
#A97F5A	Penny	便士
#A2583A	Pennywise	潘尼怀斯
#C2C1CB	Pensive	沉思
#EAB6AD	Pensive Pink	沉思粉
#96CCD1	Pentagon	五角大楼
#DBB2BC	Pentalon	五角星
#CABFB3	Penthouse View	顶楼景观
#627E75	Penzance	彭赞斯
#EB8F9D	Peony	牡丹
#D8C1BE	Peony Blush	牡丹绯红
#9F86B7	Peony Mauve	牡丹淡紫
#FADDD4	Peony Prize	牡丹奖
#B75754	Pepper & Spice	胡椒辛香
#CC2244	Pepper Jelly	胡椒果冻
#777568	Pepper Mill	胡椒磨坊
#8E7059	Pepper Spice	胡椒辛香
#7E9242	Pepper Sprout	胡椒芽
#C79D9B	Pepperberry	胡椒莓
#725C5B	Peppercorn	胡椒粒
#4F4337	Peppercorn Rent	胡椒租金
#807548	Peppered Moss	胡椒苔
#957D6F	Peppered Pecan	胡椒山核桃
#767461	Peppergrass	胡椒草
#D7E7D0	Peppermint	薄荷茶
#81BCA8	Peppermint Bar	薄荷条
#64BE9F	Peppermint Fresh	薄荷茶鲜
#B8FFEB	Peppermint Frosting	薄荷茶糖霜
#D1E6D5	Peppermint Patty	薄荷帕蒂
#AAC7C1	Peppermint Pie	薄荷茶派
#90CBAA	Peppermint Spray	薄荷茶浪花
#E8B9BE	Peppermint Stick	薄荷茶棍
#D35D7D	Peppermint Swirl	薄荷茶漩涡
#009933	Peppermint Toad	薄荷茶蟾蜍
#96CED5	Peppermint Twist	薄荷茶扭
#D8C553	Pepperoncini	意大利辣香肠
#AA4400	Pepperoni	意大利辣肠
#5B5752	Peppery	胡椒味
#72D7B7	Peppy	精力充沛
#55CCBB	Peppy Peacock	活泼的孔雀
#FFFF44	Peppy Pineapple	菠萝味
#A3CE27	Pêra Rocha	佩拉·罗查
#ACB9E8	Perano	佩拉诺
#F0E8DD	Percale	密织布
#C1ADA9	Perdu Pink	珀杜粉色
#BC9B08	Perennial	多年生植物
#87A56F	Perennial Garden	多年生花园
#E6A7AC	Perennial Phlox	多年生福禄考
#CFC2B3	Perfect Backdrop	完美背景
#D6CDBB	Perfect Crust	完美酥
#313390	Perfect Dark	完美深
#49A0E7	Perfect Days	完美的日子
#B7AB9F	Perfect Greige	完美灰米
#B2A492	Perfect Khaki	完美卡其
#9EB2C3	Perfect Landing	完美着陆
#3062A0	Perfect Ocean	完美海洋
#E9E8BB	Perfect Pear	完美梨
#A06A56	Perfect Penny	完美便士
#6487B0	Perfect Periwinkle	完美长春花蓝
#E5B3B2	Perfect Pink	完美粉
#B72356	Perfect Pout	完美的噘嘴
#4596CF	Perfect Sky	完美天空
#F2EDD7	Perfect Solution	完美解决方案
#9598A1	Perfect Storm	完美风暴
#CBAC88	Perfect Tan	完美棕褐
#B6ACA0	Perfect Taupe	完美灰褐
#F0EEEE	Perfect White	完美白
#D9D6E5	Perfection	完美
#97D0E5	Perfectly Blue	完美的蓝色
#694878	Perfectly Purple	完美的紫色
#CC22AA	Perfectly Purple Place	完美紫境
#C2A9DB	Perfume	香水
#E2C9CE	Perfume Cloud	香水云
#F3E9F7	Perfume Haze	香水霾
#BFA58A	Pergament	服装
#E4E0DC	Pergament Shreds	服装碎片
#E1E9DB	Pergola Panorama	凉棚全景
#C62D2C	Peri Peri	佩里佩里
#B6BDD3	Peri Wink	佩里温克
#904FEF	Pericallis Hybrida	瓜叶菊
#E6E200	Peridot	橄榄石
#ACB6B2	Periglacial Blue	冰缘蓝
#524A46	Périgord Truffle	佩里戈尔松露
#EF8B38	Peril’s Flames	危险之火
#52677B	Periscope	潜望镜
#AE905E	Peristyle Brass	围柱式黄铜
#8E82FE	Periwinkle	长春花蓝
#8B9AB9	Periwinkle Blossom	长春花蓝花
#8F99FB	Periwinkle Blue	长春花蓝
#B4C4DE	Periwinkle Bud	长春花蓝蕾
#B8CBE5	Periwinkle Dream	长春花蓝梦
#8D9DB3	Periwinkle Dusk	长春花蓝黄昏
#C3CDE6	Periwinkle Grey	长春花蓝灰
#C5CBE1	Periwinkle Powder	长春花蓝粉
#8CB7D7	Periwinkle Sky	长春花蓝天空
#D3DDD6	Periwinkle Tint	长春花蓝调
#D6C7BE	Perk Up	振作起来
#733C8E	Perkin Mauve	珀金淡紫
#408E7C	Perky	活泼
#FBF4D3	Perky Tint	活泼色调
#F2CA83	Perky Yellow	活泼的黄色
#4F4D51	Perle Noir	黑珍珠
#98EFF9	Permafrost	永久冻土
#E12C2C	Permanent Geranium Lake	永久天竺葵湖
#005437	Permanent Green	永久绿
#584D75	Perpetual Purple	永恒紫
#BDB3C3	Perplexed	困惑
#DDAA99	Perrigloss Tan	佩里格洛斯·谭
#8F8CE7	Perrywinkle	佩里温克尔
#ACB3C7	Perseverance	坚持不懈
#C5988C	Persian Bazaar	波斯集市
#99AC4B	Persian Belt	波斯腰带
#E3E1CC	Persian Blinds	波斯百叶窗
#1C39BB	Persian Blue	波斯蓝
#EFCADA	Persian Delight	波斯喜悦
#D4EBDD	Persian Fable	波斯寓言
#E1C7A8	Persian Flatbread	波斯小面包
#9B7939	Persian Gold	波斯金
#00A693	Persian Green	波斯绿
#32127A	Persian Indigo	波斯靛蓝
#6A7DBC	Persian Jewel	波斯宝石
#990077	Persian Luxury Purple	波斯奢华紫
#FFDCBF	Persian Melon	波斯瓜
#206874	Persian Mosaic	波斯马赛克
#D99058	Persian Orange	波斯橙
#AA9499	Persian Pastel	波斯粉彩
#F77FBE	Persian Pink	波斯粉
#701C1C	Persian Plum	波斯梅紫
#575B93	Persian Plush	波斯毛绒
#38343E	Persian Prince	波斯王子
#CC3333	Persian Red	波斯红
#FE28A2	Persian Rose	波斯玫红
#8C8EB2	Persian Violet	波斯紫罗兰
#FFB49B	Persicus	佩尔西库斯
#E59B34	Persimmon	柿子
#F7BD8F	Persimmon Fade	柿子褪色
#934337	Persimmon Juice	柿子汁
#F47327	Persimmon Orange	柿子橙
#A74E4A	Persimmon Red	柿子红
#9F563A	Persimmon Varnish	柿子清漆
#CEBEDA	Perspective	视角
#C4AE96	Persuasion	说服
#CD853F	Peru	秘鲁
#CD7DB5	Peruvian Lily	秘鲁百合
#733D1F	Peruvian Soil	秘鲁土壤
#7B7284	Peruvian Violet	秘鲁紫罗兰
#0099EE	Pervenche	佩文什
#119922	Pestering Pesto	纠缠香蒜酱
#9F8303	Pestilence	瘟疫
#C1B23E	Pesto	青酱
#558800	Pesto Alla Genovese	香蒜酱阿拉吉诺维斯
#F49325	Pesto Calabrese	香蒜酱卡拉布雷斯
#B09D64	Pesto di Noce	诺斯香蒜酱
#A7C437	Pesto di Pistacchio	开心果香蒜酱
#748A35	Pesto di Rucola	香蒜酱
#9DC249	Pesto Genovese	香蒜酱热那亚
#817553	Pesto Green	青酱绿
#898C66	Pesto Paste	香蒜酱
#BB3333	Pesto Rosso	红酱
#AA9933	Pestulance	瘟疫
#F7D5DA	Petal Bloom	花瓣绽放
#F4DFCD	Petal Dust	花瓣尘
#9F0630	Petal of a Dying Rose	垂死的玫瑰花瓣
#F4E5E0	Petal Pink	花瓣粉
#DDAAEE	Petal Plush	花瓣毛绒
#F8E3EE	Petal Poise	花瓣姿态
#F5A5B8	Petal Power	花瓣力量
#53465D	Petal Purple	花瓣紫
#E2DCD3	Petal Smoke	花瓣烟
#FCD1BF	Petal Soft	花瓣柔
#D9D9DF	Petal Tip	花瓣尖
#F3BBC0	Petals Unfolding	花瓣展开
#19A700	Peter Pan	彼得潘
#7FBAD1	Petit Four	小四
#E9CDD8	Petit Pink	小粉红
#DA9790	Petite Orchid	小兰花
#EACACB	Petite Pink	娇小粉红
#CFBBD8	Petite Purple	娇小的紫色
#4076B4	Petrel	海燕
#A0AEBC	Petrel Blue Grey	海燕蓝灰色
#66CCCC	Petrichor	佩特里乔尔
#8B8680	Petrified	石化
#9B846C	Petrified Oak	石化橡树
#9C87C1	Petrified Purple	石化紫
#2F5961	Petro Blue	石油蓝
#005F6A	Petrol	汽油
#549B8C	Petrol Green	汽油绿
#243640	Petrol Slumber	汽油睡眠
#21211D	Petroleum	石油
#FECDAC	Petticoat	衬裙
#228822	Pettifers	佩蒂弗斯
#88806A	Pettingill Sage	佩廷吉尔鼠尾草
#FFBAB0	Petula	佩图拉
#4D3466	Petunia	矮牵牛
#4B3C4B	Petunia Patty	佩妮帕蒂
#B8B0CF	Petunia Trail	矮牵牛小径
#91A092	Pewter	锡器
#8BA8B7	Pewter Blue	锡器蓝
#9B9893	Pewter Cast	锡铸
#5E6259	Pewter Green	锡器绿
#A7A19E	Pewter Grey	锡器灰
#8B8283	Pewter Mug	锡杯
#BAB4A6	Pewter Patter	锡镴帕特
#8A8886	Pewter Ring	锡器环
#A39B90	Pewter Tankard	锡制大啤酒杯
#BDC5C0	Pewter Tray	锡托盘
#CECECB	Pewter Vase	锡制花瓶
#C5BBAE	Peyote	仙人掌
#5984A8	Peyton	佩顿
#D03B52	Pezzottaite	钙铜矿
#6E797B	Phantom	幻影
#D6E0D1	Phantom Green	幻影绿
#645D5E	Phantom Hue	幻影色调
#4B4441	Phantom Mist	幻雾
#2F3434	Phantom Ship	幽灵船
#636285	Pharaoh Purple	法老紫
#007367	Pharaoh’s Gem	法老的宝石
#EAD765	Pharaoh’s Gold	法老的黄金
#83D1A9	Pharaoh’s Jade	法老之玉
#59BBC2	Pharaoh’s Seas	法老之海
#826663	Pharlap	法拉普
#087E34	Pharmaceutical Green	医药绿色
#005500	Pharmacy Green	药房绿
#FF4D00	Phaser Beam	移相光束
#C17C54	Pheasant	雉鸡
#795435	Pheasant Brown	雉鸡棕
#E0DCD7	Pheasant’s Egg	野鸡蛋
#F3C13A	Phellodendron Amurense	黄柏
#C4BDAD	Phelps Putty	菲尔普斯腻子
#FFCBA2	Phenomenal Peach	非凡的桃子
#EE55FF	Phenomenal Pink	非凡的粉红色
#3E729B	Phenomenon	现象
#8822BB	Pheromone Purple	信息素紫
#E2D9DD	Philanthropist Pink	慈善家粉红
#0038A7	Philippine Blue	菲律宾蓝
#6E3A07	Philippine Bronze	菲律宾古铜
#5D1916	Philippine Brown	菲律宾棕
#B17304	Philippine Gold	菲律宾金
#EEBB00	Philippine Golden Yellow	菲律宾金黄
#008543	Philippine Green	菲律宾绿
#FF7300	Philippine Orange	菲律宾橙
#FA1A8E	Philippine Pink	菲律宾粉
#CE1127	Philippine Red	菲律宾红
#81007F	Philippine Violet	菲律宾紫罗兰
#FECB00	Philippine Yellow	菲律宾黄
#008F80	Philips Green	飞利浦绿
#116356	Philodendron	喜林芋
#757B7D	Philosophical	哲学
#4D483D	Philosophically Speaking	从哲学角度讲
#DF00FF	Phlox	福禄考
#7F4F78	Phlox Flower Violet	福禄考花紫罗兰
#CE5E9A	Phlox Pink	福禄考粉
#FAA21A	Phoenix Flames	凤凰火焰
#F8D99E	Phoenix Fossil	凤凰化石
#E2725B	Phoenix Red	凤凰红
#D2813A	Phoenix Rising	凤凰涅槃
#99B1A2	Phoenix Tears	凤凰泪
#F7EFDE	Phoenix Villa	凤凰山庄
#00AA00	Phosphor Green	磷绿
#11EEEE	Phosphorescent Blue	磷光蓝
#11FF00	Phosphorescent Green	磷光绿
#A5D0C6	Phosphorus	磷光
#AEAD96	Photo Grey	照片灰色
#88DDEE	Photon Barrier	光子屏障
#88EEFF	Photon Projector	光子投影仪
#F8F8E8	Photon White	光子白
#8892BF	PHP Purple	PHP紫
#000F89	Phthalo Blue	酞菁蓝
#123524	Phthalo Green	酞菁绿
#0480BD	Phuket Palette	普吉岛调色板
#EF9548	Physalis	酸浆
#EBE1D4	Physalis Aquarelle	酸浆水彩画
#E1D8BB	Physalis Peal	酸浆皮
#314159	Pi	圆周率
#986960	Pi2	圆周率平方
#E6D0CA	Pianissimo	最弱的
#17171A	Piano Black	钢琴黑
#5C4C4A	Piano Brown	钢琴棕
#CFC4C7	Piano Grey Rose	钢琴灰玫瑰
#EEE5D4	Piano Keys	钢琴键
#9E8996	Piano Mauve	钢琴淡紫
#765C52	Picador	皮卡多
#A04933	Picante	皮坎特
#F8EA97	Picasso	毕加索
#634878	Picasso Lily	毕加索百合
#625D5D	Piccadilly Grey	皮卡迪利灰色
#51588E	Piccadilly Purple	皮卡迪利紫
#8BD2E2	Piccolo	短笛
#566955	Picholine	吡胆碱
#958251	Picholine Olive	吡胆碱橄榄
#B8A49B	Pick of the Litter	垃圾中的精选
#F1919A	Pick Your Brain	选你的大脑
#BFF128	Pick Your Poison	选择你的毒药
#F3F2EA	Picket Fence	尖桩篱栅
#C9F0D1	Pickford	皮克福德
#85A16A	Pickle	泡菜
#BBA528	Pickle Juice	泡菜汁
#B3A74B	Pickled	腌
#99BB11	Pickled Avocado	腌牛油果
#6E4826	Pickled Bean	腌豆
#AA0044	Pickled Beets	腌甜菜
#314459	Pickled Bluewood	腌蓝木
#695E4B	Pickled Capers	腌刺山柑
#94A135	Pickled Cucumber	腌黄瓜
#FFDD55	Pickled Ginger	腌姜
#775500	Pickled Grape Leaves	腌葡萄叶
#DDCC11	Pickled Lemon	腌柠檬
#BBBB11	Pickled Limes	腌酸橙
#887647	Pickled Okra	腌秋葵
#DBB532	Pickled Peppers	泡椒
#EEFF33	Pickled Pineapple	腌菠萝
#DA467D	Pickled Pink	腌粉
#8E4785	Pickled Plum	腌梅紫
#DDBBAA	Pickled Pork	酸菜肉
#8E7AA1	Pickled Purple	腌紫
#EE1144	Pickled Radish	腌萝卜
#FF6655	Pickled Salmon	腌鲑粉
#CFD2B5	Pickling Spice	腌制香料
#99C285	Picnic	野餐
#BCDBD4	Picnic Bay	野餐湾
#00CCEE	Picnic Day Sky	野餐日天空
#AB5236	Pico Earth	微微地球
#7E2553	Pico Eggplant	皮可茄子
#FFF1E8	Pico Ivory	皮科象牙
#C2C3C7	Pico Metal	皮克金属
#FFA300	Pico Orange	皮可橙
#FFEC27	Pico Sun	笔克太阳
#1D2B53	Pico Void	皮克虚空
#FF77A8	Pico-8 Pink	Pico8粉
#5BA0D0	Picton Blue	皮克顿蓝
#C30B4E	Pictorial Carmine	画报胭脂红
#00804C	Picture Book Green	绘本绿色
#FBF2D1	Picture Perfect	完美画面
#F1D99F	Pie Crust	派酥
#877A64	Pie Safe	馅饼安全
#EDE7C8	Piece of Cake	小菜一碟
#FFAF38	Pieces of Eight	八块
#BEBDC2	Pied Wagtail Grey	斑鹡鸰灰色
#C2CEC5	Piedmont	皮埃蒙特
#EAC185	Piedra de Sol	彼德拉·德·索尔
#88857D	Pier	栈桥
#647D8E	Pier 17 Steel	栈桥钢
#DD00EE	Piercing Pink	刺眼粉红
#DD1122	Piercing Red	刺眼红
#43232C	Piermont Stone Red	皮尔蒙特石红
#F4D68C	Pierogi	皮耶罗吉
#A1C8DB	Piezo Blue	压电蓝色
#484848	Pig Iron	猪铁
#FDD7E4	Pig Pink	猪粉
#A9AFAA	Pigeon	鸽子
#C1B4A0	Pigeon Grey	鸽子灰
#9D857F	Pigeon Pink	鸽子粉
#AFBDD9	Pigeon Post	鸽子后
#EF98AA	Piggy	小猪
#FFCCBB	Piggy Bank	存钱罐
#FFCBC4	Piggy Dreams	小猪的梦想
#F0DCE3	Piggyback	背驮
#FFC0C6	Piglet	小猪
#4D0082	Pigment Indigo	颜料靛蓝
#F9E9D7	Pignoli	皮尼奥利
#E8DAD1	Pigskin Puffball	猪皮马勃
#EEE92D	Pika Yellow	皮卡黄
#EEDE73	Pikachu Chu	皮卡丘楚
#6C7779	Pike Lake	派克湖
#15B01A	Pikkoro Green	皮克罗绿色
#FFFF55	Pīlā Yellow	Pīlā黄
#006981	Pilot Blue	飞行员蓝
#F8F753	Pilsener	比尔森啤酒
#CC2200	Piment Piquant	香辛料
#DC5D47	Pimento	多椒
#6C5738	Pimento Grain Brown	多香果粒棕色
#DF9E9D	Pimlico	皮姆利科
#C3585C	Pimm’s	皮姆的
#FFD97A	Pina	皮娜
#F4DEB3	Pina Colada	椰林飘香
#7198C0	Pinafore Blue	围裙蓝色
#F4C701	Pinard Yellow	皮纳德黄
#C17A62	Pinata	皮纳塔
#D3D3D3	Pinball	弹球
#C88CA4	Pinch Me	捏我一下
#D2916B	Pinch of Clove	一撮丁香
#FFF8E3	Pinch of Pearl	一撮珍珠
#0F180A	Pinch of Pepper	少许胡椒粉
#DDDDCC	Pinch of Pistachio	一小撮开心果
#B4ABAF	Pinch Purple	捏紫
#AC989C	Pincushion	枕形
#BB4411	Pindjur Red	平朱尔红
#2B5D34	Pine	松
#887468	Pine Bark	松树皮
#645345	Pine Cone	松果
#675850	Pine Cone Brown	松果棕
#5C6456	Pine Cone Pass	松果山口
#B7B8A5	Pine Crush	松碎
#415241	Pine Forest	松森林
#DEEAE0	Pine Frost	松霜
#797E65	Pine Garland	松花环
#BDC07E	Pine Glade	松空地
#EBC79E	Pine Grain	松颗粒
#0A481E	Pine Green	松绿
#273F39	Pine Grove	松小树林
#486358	Pine Haven	松港湾
#204242	Pine Hollow	松谷
#ECDBD2	Pine Hutch	松木屋
#839B5C	Pine Leaves	松叶
#D5D8BC	Pine Mist	松薄雾
#5C685E	Pine Mountain	松山
#334D41	Pine Needle	松针
#EADAC2	Pine Nut	松坚果
#776F56	Pine Peak	松山峰
#6D9185	Pine Ridge	松山岭
#4A6D42	Pine Scent	松香
#066F6C	Pine Scented Lagoon	松香泻湖
#D5BFA5	Pine Strain	松株
#9C9F75	Pine Trail	松小径
#2A2F23	Pine Tree	松树
#E5E7D5	Pine Water	松水
#B3C6B9	Pine Whisper	松低语
#786D72	Pineal Pink	松果体粉红
#563C0D	Pineapple	菠萝
#B4655C	Pineapple Blossom	菠萝花
#EDBB6E	Pineapple Cake	菠萝蛋糕
#F2EAC3	Pineapple Cream	菠萝奶油
#EDDA8F	Pineapple Crush	菠萝碎
#F0E7A9	Pineapple Delight	菠萝喜悦
#F9F0D6	Pineapple Fizz	菠萝气泡
#FFC72C	Pineapple Gold	菠萝金
#EBEB57	Pineapple High	菠萝高
#F8E87B	Pineapple Juice	菠萝汁
#EEEE88	Pineapple Perfume	菠萝香水
#9C8F60	Pineapple Sage	菠萝鼠尾草
#FD645F	Pineapple Salmon	菠萝鲑粉
#E7D791	Pineapple Slice	菠萝片
#E4E5CE	Pineapple Soda	菠萝苏打
#F7F4DA	Pineapple Sorbet	菠萝冰糕
#EAD988	Pineapple Whip	菠萝搅
#DBBC6C	Pineapple Wine	菠萝酒红
#F0D6DD	Pineberry	菠莓
#2B7B66	Pinehurst	派恩赫斯特
#57593F	Pinetop	派恩托普
#5B7349	Pineweed	松草
#006655	Piney Lake	松树湖
#70574F	Piney Wood	松木
#23C48B	Píng Gǔo Lǜ Green	苹果绿
#FFC0CB	Pink	粉
#E9B8A4	Pink Abalone	粉红鲍鱼
#F4E2E9	Pink Amour	粉红恋情
#FFC3C6	Pink and Sleek	粉色时尚
#D7B8AB	Pink Apatite	粉红色磷灰石
#FFB2F0	Pink Apotheosis	粉红神化
#FE69B5	Pink as Hell	粉红如地狱
#A6427C	Pink Ballad	粉红歌谣
#F9D1CF	Pink Bangles	粉色手镯
#F6C3A6	Pink Beach	粉海滩
#DCA7C2	Pink Beauty	粉美
#DD9CBD	Pink Begonia	粉秋海棠
#E936A7	Pink Bite	粉红咬
#F2A9BA	Pink Blessing	粉红祝福
#E3ABCE	Pink Bliss	粉极乐
#FBE9DD	Pink Blossom	粉花
#F4ACB6	Pink Blush	粉绯红
#DD77EE	Pink Bonnet	粉红帽子
#EFE1E4	Pink Booties	粉色短靴
#C5B5C3	Pink Bravado	粉红虚张声势
#FDBAC4	Pink Bubble Tea	粉泡泡茶
#ECC9CA	Pink Cardoon	粉红菜蓟
#ED7A9E	Pink Carnation	粉康乃馨
#ECBAB3	Pink Cashmere	粉羊绒
#FFB2D0	Pink Cattleya	粉色卡特兰
#F4DED9	Pink Chablis	粉红夏布利
#F2A3BD	Pink Chalk	粉粉笔
#E8DFED	Pink Champagne	粉香槟
#DBC8C3	Pink Chantilly	粉红尚蒂伊
#DD66BB	Pink Charge	粉红冲锋
#E4898A	Pink Chi	粉红气
#EFBECF	Pink Chintz	粉色印花棉布
#FFD5D1	Pink Clay	粉黏土
#D99294	Pink Clay Pot	粉黏土壶
#F5D1C8	Pink Cloud	粉云
#E9B7AC	Pink Cocoa	粉可可
#D1A5A6	Pink Cocoa Cupcake	粉可可纸杯蛋糕
#FF99DD	Pink Condition	粉红色状况
#F5D0D6	Pink Cupcake	粉纸杯蛋糕
#FED5E9	Pink Currant	粉红醋栗
#B94C66	Pink Dahlia	粉大丽花
#D98580	Pink Damask	粉花缎
#C97376	Pink Dazzle	粉炫目
#FF8AD8	Pink Delight	粉喜悦
#F5BFD1	Pink Destiny	粉红命运
#FED0FC	Pink Diamond	粉钻石
#FFF4F2	Pink Diminishing	粉红色减少
#B499A1	Pink Discord	粉红不和谐
#F7D1D1	Pink Dogwood	粉山茱萸
#FEA5A2	Pink Dream	粉梦
#E9B8DE	Pink Drink	粉红饮料
#F8E7E4	Pink Duet	粉红二重唱
#E4B5B2	Pink Dust	粉尘
#ECDFD5	Pink Dyed Blond	粉红染金发
#B08272	Pink Earth	粉土
#FF99EE	Pink Elephants	粉红大象
#F2E4E2	Pink Emulsion	粉色乳液
#F3A09A	Pink Eraser	粉色橡皮擦
#F56F88	Pink Explosion	粉红爆炸
#DD77FF	Pink Fetish	粉红恋物癖
#CC55FF	Pink Fever	粉发烧
#FC845D	Pink Fire	粉火
#F5A8B2	Pink Fit	粉色版型
#CD4E82	Pink Flambé	粉色火焰
#B55A63	Pink Flame	粉焰
#FF66FF	Pink Flamingo	粉火烈鸟
#D8B4B6	Pink Flare	粉闪光
#EB9A9D	Pink Floyd	平克·弗洛伊德
#FBD3D9	Pink Fluorite	粉色萤石
#F5A9BE	Pink Flutter	粉红扑扑
#E6D2DC	Pink Frappé	粉冰沙
#EDB0C7	Pink Frenzy	粉红狂热
#F7D7E2	Pink Frosting	粉糖霜
#D2738F	Pink Garnet	粉石榴石
#E6B5D7	Pink Gems	粉红宝石
#F6909D	Pink Geranium	粉天竺葵
#DFA3BA	Pink Gin	粉金酒
#CFA798	Pink Ginger	粉姜
#FF1DCD	Pink Glamour	粉红魅力
#FDDFDA	Pink Glitter	粉闪光
#FFECE0	Pink Glow	粉辉光
#BD9E97	Pink Granite	粉花岗岩
#F3BAC9	Pink Grapefruit	粉红西柚
#F2BDDF	Pink Heath	粉荒原
#B36C86	Pink Hibiscus	粉木槿
#90305D	Pink Horror	粉红恐怖
#F8C1BB	Pink Hydrangea	粉绣球花
#FE01B1	Pink Hysteria	粉红歇斯底里
#CF9FA9	Pink Ice	粉冰
#EEA0A6	Pink Icing	粉糖霜
#D8B8F8	Pink Illusion	粉幻觉
#FF1476	Pink Ink	粉墨
#CC44FF	Pink Insanity	粉红疯狂
#D6B3CC	Pink Ivory	粉象牙
#9E6B89	Pink Jazz	粉爵士
#FF55AA	Pink Katydid	粉红螽斯
#FF22EE	Pink Kitsch	粉色媚俗
#F6CCD7	Pink Lace	粉蕾丝
#F3D7B6	Pink Lady	粉女士
#D9AFCA	Pink Lavender	粉薰衣草紫
#FFEAEB	Pink Lemonade	粉柠檬水
#F8D0E7	Pink Lily	粉百合
#D2BFC4	Pink Linen	粉亚麻
#FADBD7	Pink Lotus	粉莲花
#EAACC6	Pink Macaroon	粉马卡龙
#FC80A5	Pink Makeup	粉红妆
#C16C7B	Pink Manhattan	粉红曼哈顿
#E5D0CA	Pink Marble	粉大理石
#F4B6D1	Pink Marshmallow	粉棉花糖
#F4B6A8	Pink Mimosa	粉红含羞草
#F4EDE9	Pink Mirage	粉海市蜃楼
#E6BCCD	Pink Mist	粉薄雾
#ED9AAB	Pink Moment	粉时刻
#A98981	Pink Moroccan	粉摩洛哥
#D8AAB7	Pink Nectar	粉花蜜
#D6C3B7	Pink Nudity	粉红裸体
#6844FC	Pink OCD	粉红色强迫症
#EDC5DD	Pink Odyssey	粉红奥德赛
#FF9066	Pink Orange	粉橙
#DA70D6	Pink Orchid	粉兰花紫
#FD82C3	Pink Orchid Mantis	粉兰花紫螳螂
#E1D6D8	Pink Organdy	粉色透明纱
#AA98A9	Pink Orthoclase	粉色正长石
#FF33FF	Pink Overflow	粉色溢出
#EACED4	Pink Pail	粉桶
#DF9F8F	Pink Palazzo	粉红宫殿
#D1B6C3	Pink Pampas	粉色潘帕斯草原
#E1C5C9	Pink Pandora	粉色潘多拉
#FF0090	Pink Panther	粉红豹
#D5877E	Pink Papaya	粉木瓜
#B26BA2	Pink Parade	粉红大游行
#AD546E	Pink Parakeet	粉红鹦鹉
#FADDD5	Pink Parfait	粉冻糕
#FF55EE	Pink Party	粉派对
#D3236F	Pink Peacock	粉孔雀
#E7ACCF	Pink Pearl	粉珍珠
#E1BED9	Pink Peony	粉牡丹
#EF586C	Pink Pepper	粉胡椒
#8E5565	Pink Peppercorn	粉红胡椒
#C034AF	Pink Perennial	粉红色多年生植物
#FFDBE5	Pink Perfume	粉香水
#FFAD97	Pink Persimmon	粉柿子
#F62681	Pink Piano	粉色钢琴
#EFC9B8	Pink Pieris	粉红菜粉蝶
#EE66EE	Pink Ping	粉乒
#B45389	Pink Pizzazz	粉炫
#FC80C3	Pink Plastic Fantastic	粉色塑料棒极了
#FFDFE5	Pink Pleasure	粉愉悦
#EAD2D2	Pink Plum	粉梅紫
#A4819F	Pink Plumeria	粉鸡蛋花
#E4ADD3	Pink Plunge	粉纵身
#FF007E	Pink Poison	粉红毒药
#CCBABE	Pink Polar	粉极地
#EAC7DC	Pink Pony	粉小马
#8E6E74	Pink Poppy	粉罂粟
#EE9091	Pink Porky	粉嘟嘟
#EADEE0	Pink Posey	粉花束
#EFDBE2	Pink Posies	粉红色的姿势
#CEAEBB	Pink Potion	粉药水
#D5B6CD	Pink Power	粉力量
#EE99AA	Pink Prestige	粉红威望
#EF1DE7	Pink Pride	粉红骄傲
#F1E0E8	Pink Proposal	粉求婚
#D04A70	Pink Punch	粉宾治
#D983BD	Pink Punk	粉朋克
#DB4BDA	Pink Purple	粉紫
#DC9F9F	Pink Pussycat	粉红小猫咪
#FFBBEE	Pink Quartz	粉石英
#AB485B	Pink Quince	粉红木瓜
#F5054F	Pink Red	粉红
#F8DAE1	Pink Ribbon	粉丝带
#FEAB9A	Pink Rose Bud	粉玫红蕾
#EEBCB8	Pink Sachet	粉香包
#F6CDC6	Pink Salt	粉盐
#DFB19B	Pink Sand	粉沙
#F6DBD3	Pink Sangria	粉桑格利亚红
#FFBBDD	Pink Satin	粉缎面
#F2E0D4	Pink Scallop	粉扇贝
#F6DACB	Pink Sea Salt	粉海盐
#F0D4CA	Pink Sentiment	粉情感
#CD7584	Pink Shade	粉暗调
#A4877D	Pink Shade Granite	粉暗调花岗岩
#BB3377	Pink Shadow	粉暗影
#F780A1	Pink Sherbet	粉果子露
#FDE0DA	Pink Shimmer	粉闪烁
#D58D8A	Pink Slip	粉红单
#EACAD0	Pink Slipper	粉色拖鞋
#DEB8BC	Pink Softness	粉柔软
#FFE9EB	Pink Sparkle	粉闪光
#E7C9CA	Pink Spinel	粉色尖晶石
#A328B3	Pink Spyro	粉红小龙
#DDABAB	Pink Stock	粉红库存
#EEAAFF	Pink Sugar	粉糖
#FFD9E6	Pink Supremecy	粉红至上
#BFB3B2	Pink Swan	粉天鹅
#FCEAE6	Pink Swirl	粉漩涡
#FF81C0	Pink Tease	粉红挑逗
#FFE6E4	Pink Theory	粉红理论
#D9C8BA	Pink Tint	粉调
#FAE2D6	Pink Touch	粉触感
#985672	Pink Tulip	粉郁金香
#DEB59A	Pink Tulle	粉色薄纱
#F9E4E9	Pink Tutu	粉色芭蕾舞短裙
#F5E6E6	Pink Vibernum	粉红色琼花
#E0C9C4	Pink Water	粉水
#FFAAEE	Pink Wink	粉红眨眼
#DDBBBB	Pink Wraith	粉红幽灵
#D13D82	Pink Yarrow	粉红欧蓍草
#F2D8CD	Pink Zest	粉红热情
#CB5C5B	Pinkadelic	迷幻粉
#FF99FF	Pinkalicious	粉美味
#F1BDBA	Pinkathon	粉红马拉松
#FE54A3	Pinkella	平卡拉
#E8C5AE	Pinkham	平卡姆
#E82A8E	Pinkinity	粉红
#D46A7E	Pinkish	粉红色
#B17261	Pinkish Brown	粉棕色
#C8ACA9	Pinkish Grey	粉灰色
#FF724C	Pinkish Orange	粉橙
#D648D7	Pinkish Purple	粉紫色
#F10C45	Pinkish Red	粉红色
#D99B82	Pinkish Tan	粉棕褐色
#FFF1FA	Pinkish White	粉白色
#EB84F5	Pinkling	粉红
#DD11FF	Pinkman	粉人
#F9CED1	Pinktone	粉红音
#F2DBD2	Pinkwash	粉红水洗
#FC86AA	Pinky	小指
#C9AA98	Pinky Beige	粉色米色
#B96D8E	Pinky Pickle	粉红泡菜
#F5D1CF	Pinky Promise	小指的承诺
#EEAAEE	Pinky Swear	小指发誓
#BEDDD5	Pinnacle	巅峰
#605258	Pinot Noir	黑皮诺
#ECA2AD	Pinque	品克
#B89EA8	Pinterested	有兴趣
#D2DCDE	Pinwheel Geyser	风车间歇泉
#625A42	Pinyon Pine	松树
#480840	Pion Purple	介子紫
#AA9076	Pioneer Village	先锋村
#857165	Pipe	管道
#999D99	Pipe Dream	白日梦
#9D5432	Piper	吹笛人
#F5E6C4	Pipitschah	皮皮查
#FCDBD2	Pippin	皮平苹果
#769358	Piquant Green	辛辣绿
#EE00EE	Piquant Pink	辛辣粉
#71424A	Pirat’s Wine	海盗红酒
#363838	Pirate Black	海盗黑
#DDE7E2	Pirate Coast	海盗海岸
#BA782A	Pirate Gold	海盗金
#B1905E	Pirate Plunder	海盗掠夺
#818988	Pirate Silver	海盗银
#DDCA69	Pirate Treasure	海盗宝藏
#005176	Pirate’s Haven	海盗天堂
#B08F42	Pirate’s Hook	海盗钩
#716970	Pirate’s Trinket	海盗的饰品
#AB46EC	Pisces Vivid Amethyst	双鱼座 鲜艳紫水晶
#BEEB71	Pisco Sour	皮斯科酸酒
#9C7AA4	Pishposh	皮什波什
#F4D6A4	Pismo Dunes	庇斯摩沙丘
#93C572	Pistachio	开心果绿
#C5D498	Pistachio Cream	开心果绿奶油
#A5CF8C	Pistachio Dream	开心果绿梦
#4F8F00	Pistachio Flour	开心果粉
#A9D39E	Pistachio Green	开心果绿
#A0B7AD	Pistachio Ice Cream	开心果绿冰奶油
#C0FA8B	Pistachio Mousse	开心果绿慕斯
#C6D4AC	Pistachio Pudding	开心果绿布丁
#CFC5AF	Pistachio Shell	开心果绿壳
#C7BB73	Pistachio Shortbread	开心果酥饼
#D7D2B8	Pistachio Tang	开心果糖
#00BB55	Pistou Green	皮斯托·格林
#414958	Pit Stop	进站
#F5E7D2	Pita	皮塔饼
#DEC8A6	Pita Bread	皮塔饼面包
#EDEB9A	Pitapat	皮塔帕特
#423937	Pitch	漆黑
#483C41	Pitch Black	漆黑
#2D3D4A	Pitch Cobalt	漆黑钴蓝
#283330	Pitch Green	漆黑绿
#5C4033	Pitch Mary Brown	推介玛丽棕
#7C7766	Pitch Pine	漆黑松
#4A148C	Pitch Violet	漆黑紫罗兰
#003322	Pitch-Black Forests	漆黑的森林
#B5D1BE	Pitcher	投手
#D0A32E	Pitmaston Pear Yellow	皮特马斯顿梨黄
#9BC2BD	Pitter Patter	啪啪啪
#BB0022	Pixel Bleeding	像素出血
#F7D384	Pixel Cream	像素霜
#008751	Pixel Nature	像素自然
#DBDCDB	Pixel White	像素白
#009337	Pixelated Grass	像素化草
#F6D5DC	Pixie Dust	精灵尘埃
#BBCDA5	Pixie Green	小精灵绿
#391285	Pixie Powder	精灵粉
#ACB1D4	Pixie Violet	小精灵紫罗兰
#E9E6EB	Pixie Wing	精灵翼
#B4A6C6	Pixieland	小精灵乐园
#E57F3D	Pizazz	披萨
#F5C795	Pizazz Peach	披萨桃子
#BF8D3C	Pizza	披萨
#CD2217	Pizza Flame	披萨焰
#A06165	Pizza Pie	披萨派
#C6C3C0	Place of Dust	地方尘
#E7E7E7	Placebo	安慰剂
#EBF4FC	Placebo Blue	安慰剂蓝色
#F8EBFC	Placebo Fuchsia	安慰剂淡紫
#EBFCEC	Placebo Green	安慰剂绿色
#F6FCEB	Placebo Lime	安慰剂青柠
#FCEBF4	Placebo Magenta	安慰剂洋红色
#FCF5EB	Placebo Orange	安慰剂橙
#FCEBFA	Placebo Pink	安慰剂粉红色
#F0EBFC	Placebo Purple	安慰剂紫色
#FCEBEB	Placebo Red	安慰剂红
#EBFCFC	Placebo Sky	安慰剂天空
#EBFCF5	Placebo Turquoise	安慰剂绿松石
#FCFBEB	Placebo Yellow	安慰剂黄色
#88A9D2	Placid Blue	平静的蓝色
#1CADBA	Placid Sea	平静的大海
#DFB900	Plague Brown	瘟疫棕
#AB8D44	Plaguelands Beige	瘟疫之地米色
#AD5F28	Plaguelands Hazel	瘟疫之地榛树
#EBF0D6	Plain and Simple	平原简单
#905100	Plain Old Brown	平原旧棕
#F5DE85	Plains	平原
#8A5024	Plane Brown	飞机棕色
#DADDC3	Planet Earth	行星地球
#AF313A	Planet Fever	星球狂热
#496A76	Planet Green	绿色星球
#883333	Planet of the Apes	猩球崛起
#1C70AD	Planetarium	天文馆
#CCCFCB	Planetary Silver	行星银
#00534C	Plankton Green	浮游生物绿色
#777A44	Plant Green	植物绿
#97943B	Plantain	车前草
#D6A550	Plantain Chips	车前草片
#356554	Plantain Green	车前草绿
#3E594C	Plantation	种植园
#9B8A44	Plantation Island	种植园岛
#6A5143	Plantation Shutters	种植园百叶窗
#339900	Planter	播种机
#D59CFC	Plasma Trail	等离子踪迹
#EAEAEA	Plaster	石膏
#E1EAEC	Plaster Cast	石膏模型
#EAD1A6	Plaster Mix	石膏混合物
#F65D20	Plastic Carrot	塑料胡萝卜
#FFCC04	Plastic Cheese	塑料奶酪
#F5F0F1	Plastic Clouds	塑料云
#EDDC70	Plastic Lime	塑料青柠
#AA2266	Plastic Lips	塑料唇
#FFDDCC	Plastic Marble	塑料大理石
#55AA11	Plastic Pines	塑料松树
#22FF22	Plastic Veggie	塑料蔬菜
#4A623B	Plasticine	橡皮泥
#8C8589	Plate Mail Metal	板甲金属
#D3E7E5	Plateau	高原
#E5E4E2	Platinum	铂
#F0E8D7	Platinum Blonde	铂金发
#807F7E	Platinum Granite	铂花岗岩
#6A6D6F	Platinum Grey	铂灰
#ECE1D3	Platinum Ogon Koi	白金奥贡锦鲤
#D1CCB0	Platinum Sage	铂鼠尾草
#88CCFF	Platonic Blue	柏拉图蓝
#2A4845	Platoon Green	排绿色
#39536C	Plaudit	称赞
#FF8877	Play ’til Dawn	玩到黎明
#638495	Play Me a Melody	奏旋律
#BAB6A9	Play on Grey	戏灰
#CE5924	Play School	游戏学校
#B39BA9	Play Time	游戏时光
#DCC7B3	Playa Arenosa	阿雷诺萨海滩
#FCE3CA	Playful Peach	俏皮桃
#CBBDD7	Playful Petal	俏皮花瓣
#C46C73	Playful Pink	俏皮粉
#BA99A2	Playful Plum	俏皮梅紫
#BFB9D5	Playful Purple	俏皮紫
#8B8C6B	Playing Hooky	逃学
#F4C0C3	Plaza Pink	广场粉
#AEA393	Plaza Taupe	广场灰褐
#A379AA	Pleasant Dream	美梦
#4D5A4C	Pleasant Hill	普莱森特希尔
#CC3300	Pleasant Pomegranate	悦人石榴
#8833AA	Pleasant Purple	宜人的紫色
#00A0A2	Pleasant Stream	宜人的溪流
#F5CDD2	Pleasing Pink	赏心悦目的粉色
#80385C	Pleasure	快乐
#858BC2	Pleated Mauve	褶裥淡紫
#B9C4D2	Plein Air	户外活动
#D0ADD3	Plink	普林克
#56646B	Plot Twist	剧情反转
#6C6459	Ploughed Earth	犁过的土地
#8F8373	Plover Grey	珩鸟灰
#66386A	Plum	梅紫
#F2A0A1	Plum Blossom	梅紫花
#B48A76	Plum Blossom Dye	梅紫花染料
#4B6176	Plum Blue	梅紫蓝
#4E4247	Plum Brown	梅紫棕
#9C7EB7	Plum Burst	梅紫爆发
#D1BFDC	Plum Cake	梅紫蛋糕
#612246	Plum Caspia	梅花里海
#6A6A6F	Plum Charcoal	梅紫炭
#670728	Plum Cheese	梅紫奶酪
#716063	Plum Crush	梅紫碎
#8B6878	Plum Dandy	梅花丹迪
#AA4C8F	Plum Dust	梅紫尘
#B1A7B6	Plum Frost	梅紫霜
#313048	Plum Fuzz	梅花绒毛
#695C39	Plum Green	梅紫绿
#674555	Plum Harvest	梅紫丰收
#8B7574	Plum Haze	梅紫霾
#885577	Plum Highness	梅殿下
#644348	Plum Intended	梅花原意
#463C4E	Plum Island	梅紫岛
#704783	Plum Jam	梅紫果酱
#DEA1DD	Plum Juice	梅紫汁
#AA3377	Plum Kingdom	梅紫王国
#625B5C	Plum Kitten	梅紫小猫
#8E7482	Plum Legacy	梅花遗产
#994548	Plum Majesty	梅紫威
#C099A0	Plum Mouse	梅紫鼠
#4E414B	Plum Orbit	梅花轨道
#AA1166	Plum Paradise	梅紫天堂
#9B4B80	Plum Passion	梅紫激情
#AA1155	Plum Perfect	梅紫完美
#A489A3	Plum Perfume	梅紫香水
#8E4585	Plum Pie	梅紫派
#D4BDDF	Plum Point	梅紫点
#7E5E8D	Plum Power	梅紫力量
#7C70AA	Plum Preserve	李子保护区
#644847	Plum Raisin	梅紫葡萄干
#64475E	Plum Rich	梅紫浓
#876C7A	Plum Royale	皇家梅花
#6A3939	Plum Sauce	梅紫酱
#915D88	Plum Savour	梅子味
#78738B	Plum Shade	梅紫暗调
#7C707C	Plum Shadow	梅紫暗影
#51304E	Plum Skin	梅紫肌肤
#928E8E	Plum Smoke	梅紫烟
#957E8E	Plum Swirl	梅紫漩涡
#DDC1D7	Plum Taffy	梅紫太妃糖
#B6A19B	Plum Taupe	梅紫灰褐
#6A5858	Plum Truffle	梅紫松露
#734D58	Plum Wine	梅紫酒红
#DACEE8	Plum’s the Word	梅紫至上
#00998C	Plumage	羽衣
#5C7287	Plumbeous	铅色
#735054	Plumberry	梅子莓
#7D665F	Plumburn	梅子烧
#A5CFD5	Plume	羽饰
#D9D5C5	Plume Grass	羽草
#C3B5D4	Plumeria	鸡蛋花
#675A75	Plummy	普拉米
#604454	Plummy Rouge	淡紫
#64A281	Plumosa	梅花
#9E8185	Plumville	普拉姆维尔
#5072A9	Plunder	掠夺
#035568	Plunge	暴跌
#00FFCC	Plunge Pool	小型泳池
#431C53	Plunged Into Darkness	陷入黑暗
#8CD4DF	Plunging Waterfall	俯冲瀑布
#78AC01	Plus Ultra	加超
#3B3549	Plush	毛绒
#5D4A61	Plush Purple	毛绒紫色
#B1928C	Plush Suede	毛绒绒面革
#B49C83	Plush Tan	绒面棕褐
#7E737D	Plush Velvet	毛绒绒
#EAB7A8	Plushy Pink	毛绒粉色
#34ACB1	Pluto	冥王星
#35FA00	Plutonium	钚
#66DDDD	Pluviophile	雨迷
#DDD3C2	Plymouth Beige	普利茅斯米色
#B1B695	Plymouth Green	普利茅斯绿
#B0B1AC	Plymouth Grey	普利茅斯灰色
#CDB3AC	Plymouth Notch	普利茅斯峡谷
#F5D893	Poached Egg	水波蛋
#FF8552	Poached Rainbow Trout	水波蛋彩虹鳟鱼
#077F1B	Poblano	波布拉诺椒
#EE9977	Pochard Duck Head	潜鸭头
#B5D5D7	Pocket Lint	口袋棉絮
#C2A781	Pocket Watch	怀表
#C3B8C3	Pocketful of Posies	一袋诗
#E1C7C6	Pocketful of Promise	一袋承诺
#00A844	Poetic Green	诗意绿
#E4E8E1	Poetic Licence	诗意许可
#E2DED8	Poetic Light	诗意光
#F8E1E4	Poetic Princess	诗意公主
#FFFED7	Poetic Yellow	诗意黄
#C2ACA5	Poetry in Motion	运动中的诗
#886891	Poetry Mauve	淡紫诗
#6F5C5F	Poetry Plum	诗意梅紫
#9FAEC9	Poetry Reading	诗歌朗诵
#ECE4D2	Pogo Sands	波戈金沙
#651C26	Pohutukawa	普胡图卡瓦
#DB372A	Poinciana	凤凰木
#CC3842	Poinsettia	一品红
#859587	Pointed Cabbage Green	尖头白菜绿
#575D56	Pointed Fir	尖杉木
#646767	Pointed Rock	尖石
#A77693	Poise	平衡
#FFA99D	Poised Peach	泰然自若的桃子
#8C7E78	Poised Taupe	泰然的灰褐色
#40FD14	Poison Green	毒绿
#00AD43	Poison Ivy	毒藤女
#B300FF	Poison Purple Paradise	毒紫乐园
#73403E	Poisonberry	毒莓
#66FF11	Poisoning Green	中毒绿
#7F01FE	Poisoning Purple	中毒紫
#55FF11	Poisonous	毒
#993333	Poisonous Apple	毒苹果
#D3DB39	Poisonous Cloud	毒云
#77FF66	Poisonous Dart	毒镖
#D7D927	Poisonous Ice Cream	毒冰奶油
#8FD400	Poisonous Mints	有毒薄荷糖
#32CD32	Poisonous Pesticide	有毒农药
#CAE80A	Poisonous Pesto	毒青酱
#88EE11	Poisonous Pistachio	毒开心果绿
#99DD33	Poisonous Potion	毒药水
#2A0134	Poisonous Purple	毒紫
#35654D	Poker Green	扑克绿
#E5F2E7	Polar	极地
#EAE9E0	Polar Bear	极地熊
#FCFFFF	Polar Bear in a Blizzard	极地熊暴雪
#B3E0E7	Polar Blue	极地蓝
#CCD5DA	Polar Drift	极地漂流
#C9E7E3	Polar Expedition	极地探险
#D2D0C9	Polar Fox	极地狐
#5097FC	Polar Glow	极地辉光
#71A6D2	Polar Ice	极地冰
#ADAFBD	Polar Mist	极地薄雾
#C2D6EC	Polar Opposite	极地相反
#6B7B7B	Polar Pond	极地池塘
#ACCDE2	Polar Seas	极地海
#D0DCDE	Polar Soft Blue	极地柔蓝
#D0D1CF	Polar Star	极地星
#E6EFEC	Polar White	极地白
#B4DFED	Polar Wind	极地风
#A0AEAD	Polaris	北极星
#6F8A8C	Polaris Blue	北极星蓝
#EFC47F	Polenta	玉米粥
#374F6B	Police Blue	警察蓝
#BD7D94	Polignac	波利尼亚克
#E9E8E7	Polish White	波兰白
#DED8CE	Polished	抛光
#862A2E	Polished Apple	抛光苹果
#77BCB6	Polished Aqua	抛光水色
#CD7F32	Polished Bronze	抛光古铜
#985538	Polished Brown	抛光棕
#9E9793	Polished Concrete	抛光水泥
#B66325	Polished Copper	抛光铜
#C7D4D7	Polished Cotton	抛光棉
#953640	Polished Garnet	抛光石榴石
#EEAA55	Polished Gold	抛光金
#EDE0C8	Polished Ivory	抛光象牙
#4F4041	Polished Leather	抛光皮革
#DCD5C8	Polished Limestone	抛光石灰岩
#432722	Polished Mahogany	抛光桃花心木
#D0BC9D	Polished Marble	抛光大理石
#819AB1	Polished Metal	抛光金属
#F8EDD3	Polished Pearl	抛光珍珠
#9C9A99	Polished Pewter	抛光锡器
#5DA493	Polished Pine	抛光松
#FFF2EF	Polished Pink	抛光粉
#BCC3C2	Polished Rock	抛光岩石
#C5D1DA	Polished Silver	抛光银
#6F828A	Polished Steel	抛光钢
#BEB49E	Polished Stone	抛光石
#E9DDD4	Polite White	礼貌的白
#5A4458	Polka Dot Plum	圆点梅子
#FDE2A0	Polka Dot Skirt	圆点裙
#EEEEAA	Pollen	花粉
#F0C588	Pollen Grains	花粉粒
#FBD187	Pollen Powder	花粉粉
#B8A02A	Pollen Storm	花粉风暴
#E3D6BC	Pollinate	授粉
#EEDD66	Pollination	授粉
#E2CF24	Polliwog	蝌蚪
#FFCAA4	Polly	波莉
#8AA7CC	Polo Blue	波罗蓝
#D09258	Polo Pony	马球小马
#F4E5DD	Polo Tan	谭波罗
#E8B87F	Polvo de Oro	波尔沃德奥罗
#FEFFCC	Polyanthus Narcissus	水仙花
#EAEAE8	Polypropylene	聚丙烯
#856F76	Pomace Red	果渣红
#B53D45	Pomegranate	石榴
#95313A	Pomegranate Seeds	石榴籽
#AB6F73	Pomegranate Tea	石榴茶
#E38FAC	Pomelo Red	柚子红
#FCE8E3	Pomelo Sugar	柚子糖
#C30232	Pomodoro	番茄钟
#F2D4DF	Pomodoro e Mozzarella	番茄和马苏里拉奶酪
#87608E	Pomp and Power	盛况和权力
#6A1F44	Pompadour	蓬巴杜
#C87763	Pompeian Pink	庞贝粉红
#A82A38	Pompeian Red	庞贝红
#6C757D	Pompeii Ash	庞贝灰烬
#004C71	Pompeii Blue	庞贝蓝
#D1462C	Pompeii Red	庞贝红
#77A8AB	Pompeius Blue	庞培蓝
#FF6666	Pompelmo	庞佩尔莫
#CA93C1	Pomtini	波姆蒂尼
#F75C75	Ponceau	丽春红
#B49073	Poncho	雨披
#00827F	Pond Bath	池塘浴
#8BB6C6	Pond Blue	池塘蓝
#D0D8D9	Pond Frost	池塘霜
#A18E6B	Pond Green	池塘绿
#939990	Pond Leaves	池塘叶
#01796F	Pond Moss	池塘苔藓
#486B67	Pond Newt	池塘蝾螈
#B6C9B8	Pond’s Edge	池塘边
#B88F88	Ponder	思考
#29494E	Ponderosa Pine	黄松
#D7EFDE	Pondscape	池景
#5F9228	Pont Moss	莫斯桥
#0C608E	Pontoon	浮桥
#C6AA81	Pony	小马
#726A60	Pony Express	小马快递
#D2BC9B	Pony Tail	小马尾
#220000	Ponzu Brown	橙子棕
#EECEE6	Poodle Pink	贵宾犬粉红色
#FFAEBB	Poodle Skirt	贵宾犬裙
#EA927A	Poodle Skirt Peach	贵宾犬裙桃色
#824B2E	Pookie Bear	波奇熊
#8FABBD	Pool Bar	池畔吧
#67BCB3	Pool Blue	池蓝
#7DAEE1	Pool Floor	泳池地板
#00AF9D	Pool Green	池绿
#BEE9E3	Pool Party	池派对
#039578	Pool Table	台球桌
#70928E	Pool Tide	池潮汐
#89CFF0	Pool Tiles	泳池瓷砖
#2188FF	Pool Water	池水
#8095A0	Poolhouse	泳池屋
#72ACAD	Poolrooms	台球室
#BEE0E2	Poolside	池畔
#A13741	Pop of Poppy	流行罂粟
#93D4C0	Pop Shop	流行商店
#F771B3	Pop That Gum	弹出口香糖
#F7D07A	Popcorn	爆米花
#FCEBD1	Popcorn Ball	爆米花球
#A29F46	Poplar	杨
#137953	Poplar Forest	杨森林
#ECE9E9	Poplar Kitten	杨小猫
#FED3E4	Poplar Pink	杨粉
#DFE3D8	Poplar White	杨白
#C23C47	Poppy	罂粟
#FBE9D8	Poppy Crepe	罂粟可丽饼
#EC5800	Poppy Flower	罂粟花
#F18C49	Poppy Glow	罂粟辉光
#88A496	Poppy Leaf	罂粟叶
#F6A08C	Poppy Petal	罂粟花瓣
#736157	Poppy Pods	罂粟荚
#6B3FA0	Poppy Pompadour	罂粟蓬巴杜
#ED2939	Poppy Power	罂粟力量
#AE605B	Poppy Prose	罂粟散文
#DD3845	Poppy Red	罂粟红
#4A4E54	Poppy Seed	罂粟种子
#FF5630	Poppy Surprise	罂粟惊喜
#CCD7DF	Poppy’s Whiskers	罂粟须
#BE4F62	Popstar	流行歌星
#D4CCC3	Popular Beige	流行米色
#DDDCDB	Porcelain	瓷器
#D9D0C4	Porcelain Basin	瓷盆
#95C0CB	Porcelain Blue	瓷器蓝
#F0DBD5	Porcelain Blush	瓷器绯红
#E9B7A8	Porcelain Crab	瓷器蟹
#EEFFBB	Porcelain Earth	瓷器土
#A9998C	Porcelain Figurines	瓷雕像
#E1DAD9	Porcelain Goldfish	瓷金鱼
#118C7E	Porcelain Green	瓷器绿
#DFE2E4	Porcelain Jasper	瓷器碧玉
#DBE7E1	Porcelain Mint	瓷器薄荷
#EBE8E2	Porcelain Mould	瓷模
#F5D8BA	Porcelain Peach	瓷器桃
#ECD9B9	Porcelain Pink	瓷器粉
#EA6B6A	Porcelain Rose	瓷器玫红
#808078	Porcelain Shale	瓷器页岩
#FFE7EB	Porcelain Skin	瓷器肌肤
#F7D8C4	Porcelain Tan	瓷器棕褐
#95B0C6	Porcelain Vase	瓷花瓶
#FDDDA7	Porcelain Yellow	瓷器黄
#FFBFAB	Porcellana	波尔切拉纳
#A4B3B9	Porch Ceiling	门廊天花板
#566F8C	Porch Song	门廊歌
#597175	Porch Swing	门廊秋千
#D2CABE	Porch Swing Beige	门廊秋千米色
#AA8736	Porchetta Crust	烤猪皮
#D9AE86	Porcini	牛肝菌
#917A75	Porcupine Needles	豪猪针
#F8E0E7	Pork Belly	五花肉
#D4CEBF	Porous Stone	多孔石
#2A0033	Porphyrophobia	卟啉症
#2792C3	Porpita Porpita	波皮塔 波皮塔
#DBDBDA	Porpoise	海豚
#C8CBCD	Porpoise Fin	海豚鳍
#076A7E	Porpoise Place	海豚广场
#6D3637	Port	波特酒红
#006A93	Port au Prince	波特酒红王子
#54383B	Port Glow	波特酒红辉光
#3B436C	Port Gore	戈尔港
#54C3C1	Port Hope	波特酒红希望
#0E4D4E	Port Malmesbury	马姆斯伯里港
#532D36	Port Royale	皇家港
#6E0C0D	Port Wine	波特酒红
#846342	Port Wine Barrel	波特酒红酒红桶
#85677B	Port Wine Stain	波特酒红酒红染色
#9A8273	Portabella	波塔贝拉
#947A62	Portabello	波塔贝洛
#8B98D8	Portage	波蒂奇
#F8F6DA	Portal Entrance	传送门入口
#F0D555	Portica	波蒂卡
#BBAB95	Portico	门廊
#FF5A36	Portland Orange	波特兰橙
#767671	Portland Twilight	波特兰暮光之城
#A28C82	Portobello	波托贝洛
#9D928A	Portobello Mushroom	波托贝洛蘑菇
#F4F09B	Portofino	波托菲诺
#F0D3DF	Portrait Pink	肖像粉红色
#C4957A	Portrait Tone	肖像色调
#768482	Portsmouth	朴茨茅斯
#A1ADAD	Portsmouth Bay	朴茨茅斯湾
#5B7074	Portsmouth Blue	朴茨茅斯蓝色
#6B6B44	Portsmouth Olive	朴茨茅斯橄榄
#A75546	Portsmouth Spice	朴茨茅斯香料队
#3C5E95	Portuguese Blue	葡萄牙蓝
#C48F85	Portuguese Dawn	葡萄牙黎明
#717910	Portuguese Green	葡萄牙绿
#143C5D	Poseidon	波塞冬
#66EEEE	Poseidon Jr.	小波塞冬
#D9D6C7	Poseidon’s Beard	波塞冬的胡子
#227478	Poseidon’s Castle	波塞冬城堡
#D59A54	Poseidon’s Gold	波塞冬的黄金
#4400EE	Poseidon’s Territory	波塞冬的领地
#A5B4C6	Posey Blue	花束蓝
#EFB495	Posh Peach	奢华桃色
#7D2621	Posh Red	奢华红
#DFBBD9	Posies	小花束
#E1E2CF	Positive Energy	正能量
#AD2C34	Positive Red	积极红
#76745D	Positively Palm	积极棕榈
#E7BFB6	Positively Pink	积极粉
#7782A3	Positively Purple	积极紫
#773355	Possessed Plum	附身梅紫
#881166	Possessed Purple	着魔紫色
#C2264D	Possessed Red	着魔红
#F3DACE	Possibly Pink	或许粉
#C8CDD8	Post Apocalyptic Cloud	后世界末日云
#7A99AD	Post Boy	后男孩
#0074B4	Post It	后
#FFEE01	Post Yellow	后黄
#134682	Poster Blue	海报蓝
#006B56	Poster Green	海报绿色
#ECC100	Poster Yellow	海报黄色
#B39C8E	Postmodern Mauve	后现代淡紫
#C7C4CD	Posture & Pose	姿势和姿势
#466F97	Postwar Boom	战后繁荣
#F3E1D3	Posy	波西
#366254	Posy Green	波西·格林
#F3879C	Posy Petal	波西花瓣
#6E6386	Posy Purple	小花束紫
#161616	Pot Black	壶黑
#F9F4E6	Pot of Cream	壶奶油
#F6CD23	Pot of Gold	壶金
#E07757	Potash	钾碱
#FDDC57	Potato Chip	薯片
#532D45	Potent Purple	强力紫
#D5CDE3	Potentially Purple	潜在紫
#8F3129	Potion № 9	九号魔药
#F5E7E2	Potpourri	百花香
#9ECCA7	Potted Plant	盆栽
#938A2A	Potter Green	波特·格林
#A64826	Potter’s Clay	波特的粘土
#C2937B	Potter’s Pink	陶工粉
#845C40	Potter’s Pot	陶工罐
#88564C	Potter’s Rock	陶工岩
#54A6C2	Pottery Blue	陶器蓝
#B9714A	Pottery Clay	陶器黏土
#B05D59	Pottery Red	陶器红
#AA866E	Pottery Urn	陶瓮
#CAAC91	Pottery Wheel	陶器轮
#A0A089	Potting Moss	盆栽苔
#5B3E31	Potting Soil	盆栽土
#E68E96	Poudretteite Pink	粉红色
#DECCE4	Pouf of Pink	粉蓬蓬
#FDF1C3	Pound Cake	磅蛋糕
#818081	Pound Sterling	英镑
#FB9B82	Pouring Copper	浇铜
#E4CCC3	Pout	噘嘴
#FF82CE	Pout Pink	噘嘴粉红色
#F9A7A4	Pouty Pink	噘嘴粉
#E7D7EF	Pouty Purple	噘嘴紫色
#BCC9C2	Powder Ash	粉灰
#B0E0E6	Powder Blue	粉蓝
#D8948B	Powder Blush	粉绯红
#DFD7CA	Powder Cake	粉蛋糕
#B7B7BC	Powder Dust	粉尘
#BFC2CE	Powder Lilac	粉丁香紫
#9CB3B5	Powder Mill	粉磨坊
#FDD6E5	Powder Pink	粉末粉
#FFEFF3	Powder Puff	粉松
#95396A	Powder Red	粉红
#EEE0DD	Powder Room	粉室
#F5B3BC	Powder Rose	粉玫红
#F7F1DD	Powder Sand	粉沙
#B9C9D7	Powder Soft Blue	粉柔蓝
#CBC2D3	Powder Viola	粉中提琴
#D9D3E5	Powder Viola White	粉中提琴白
#EBF1F5	Powder White	粉白
#F9F2E7	Powdered	粉末
#C9AB9A	Powdered Allspice	粉末多香果
#F8DCDB	Powdered Blush	粉末绯红
#AC9B9B	Powdered Brick	粉末砖
#341C02	Powdered Cocoa	粉末可可
#A0450E	Powdered Coffee	粉末咖啡
#E8D2B1	Powdered Gold	粉末金
#C3C9E6	Powdered Granite	粉末花岗岩
#C5C56A	Powdered Green Tea	粉末绿茶
#A0B0A4	Powdered Gum	粉末糖
#FDE2D1	Powdered Peach	粉末桃
#E3C7C6	Powdered Petals	粉末花瓣
#C7D6D0	Powdered Pool	粉末池
#B7B38D	Powdered Sage	粉末鼠尾草
#F8F4E6	Powdered Snow	粉末雪
#E4E0EB	Powdery Mist	粉雾
#A2A4A6	Power Grey	力量灰
#D4D1C7	Power Lunch	能量午餐
#332244	Power Outage	停电
#EE5588	Power Peony	力量牡丹
#66303C	Power Tie	电源领带
#BBB7AB	Powered Rock	动力摇滚
#4C3F5D	Powerful Mauve	强大的淡紫
#372252	Powerful Violet	强大的紫罗兰
#C9B29C	Practical Beige	实用米色
#E1CBB6	Practical Tan	实用棕褐色
#679A7C	Practice Green	践行绿色
#C2A593	Pragmatic	务实
#0B9D6A	Prairie	大草原
#935444	Prairie Clay	大草原黏土
#516678	Prairie Denim	大草原牛仔蓝
#937067	Prairie Dog	大草原狗
#FBD5BD	Prairie Dune	大草原沙丘
#CEC5AD	Prairie Dusk	大草原黄昏
#B9AB8F	Prairie Dust	大草原尘
#996E5A	Prairie Fire	大草原火
#6E5F45	Prairie Foliage	大草原叶
#B1A38E	Prairie Grass	大草原草
#50A400	Prairie Green	大草原绿
#8E7D5D	Prairie Grove	大草原小树林
#D3C9AD	Prairie House	大草原屋
#E2CC9C	Prairie Land	大草原大地
#AE5F55	Prairie Poppy	大草原罂粟
#F2C8BE	Prairie Rose	大草原玫红
#B3A98C	Prairie Sage	大草原鼠尾草
#883C32	Prairie Sand	大草原沙
#C6D7E0	Prairie Sky	大草原天空
#EEA372	Prairie Sun	大草原太阳
#FFB199	Prairie Sunset	大草原日落
#D2D8B5	Prairie Willow	大草原柳
#E8E6D9	Prairie Winds	大草原风
#B2B1AE	Praise Giving	赞美给予
#221155	Praise of Shadow	暗影礼赞
#F3F4D9	Praise the Sun	赞美太阳
#AD8B75	Praline	果仁糖
#C58380	Prancer	普兰瑟
#002F0F	Prasinophobia	恐惧症
#F6F7ED	Praxeti White	普拉克塞蒂·白
#D59C6A	Prayer Flag	经幡
#A5BE8F	Praying Mantis	螳螂
#B5C2CD	Pre School	学前班
#8B7F7A	Pre-Raphaelite	拉斐尔前派
#F1DAB2	Precious	珍贵
#008389	Precious Blue	珍贵蓝
#885522	Precious Copper	珍贵铜
#F5F5E4	Precious Dewdrop	珍贵的露珠
#186E50	Precious Emerald	珍贵祖母绿
#B7757C	Precious Garnet	珍贵石榴石
#613A57	Precious Jewels	珍贵的珠宝
#FFDE9C	Precious Nectar	珍贵花蜜
#6D9A79	Precious Oxley	珍贵的奥克斯利
#F1F0EF	Precious Pearls	珍贵珍珠
#BD4048	Precious Peony	珍贵牡丹
#FF7744	Precious Persimmon	珍贵柿子
#F6B5B6	Precious Pink	珍贵粉
#E16233	Precious Pumpkin	珍贵南瓜
#328696	Precious Stone	珍贵石
#2C3944	Precision	精度
#E8DEE3	Precocious Red	早熟红
#E5DBCB	Predictable	可预见的
#6D6E7B	Prediction	预测
#5772B0	Prefect	级长
#546762	Prehistoric	史前
#EE2211	Prehistoric Meteor	史前流星
#C3738D	Prehistoric Pink	史前粉红
#9AA0A3	Prehistoric Stone	史前石头
#5E5239	Prehistoric Wood	史前木材
#D0A700	Prehnite Yellow	葡萄石黄
#DFEBEE	Prelude	前奏
#E1DEDA	Prelude to Pink	粉红前奏
#E6B6BE	Premium Pink	高级粉色
#D1668F	Preppy Rose	预科生玫瑰
#665864	Preservation Plum	保鲜李子
#4A3C50	Preserve	保留
#B0655A	Preserved Petals	保存的花瓣
#3E4D59	Presidential	总统
#EC9580	Presidio Peach	普雷西迪奥桃子
#BB9174	Presidio Plaza	普雷西迪奥广场
#634875	Presley Purple	普雷斯利紫
#606B77	Press Agent	新闻代理
#C2968B	Pressed Blossoms	压花
#D492BD	Pressed Flower	压花
#FEFE22	Pressed Laser Lemon	压榨激光柠檬
#EFABA6	Pressed Rose	压玫瑰
#00CC11	Pressing My Luck	按我的运气
#B8A7A0	Prestige	声望
#303742	Prestige Blue	尊贵蓝
#154647	Prestige Green	尊贵绿
#4C213D	Prestige Mauve	尊贵淡紫
#5E6277	Presumption	推定
#4444FF	Pretentious Peacock	自命不凡的孔雀
#E5A3C5	Prettiest Pink	最漂亮的粉色
#E9AF9B	Pretty in Peach	漂亮桃
#FABFE4	Pretty in Pink	漂亮粉
#CC5588	Pretty in Plum	漂亮梅紫
#6B295A	Pretty in Prune	梅干俏丽
#C3A1B6	Pretty Lady	漂亮女士
#849457	Pretty Maiden	漂亮少女
#E3C6D6	Pretty Pale	漂亮淡
#AC5D3E	Pretty Parasol	俏丽阳伞
#DFCDB2	Pretty Pastry	漂亮糕点
#AE5D6D	Pretty Peony	漂亮牡丹
#D6B7E2	Pretty Petunia	漂亮矮牵牛
#EEAADD	Pretty Pink Piggy	漂亮的粉红小猪
#FFCCC8	Pretty Please	拜托了
#BCBDE4	Pretty Posie	俏丽花束
#F5A994	Pretty Primrose	漂亮报春花
#7B6065	Pretty Puce	俏丽深褐
#C4BBD6	Pretty Purple	漂亮紫
#E4B197	Pretty Rascal	漂亮流氓
#254770	Pretty Twilight Night	漂亮暮光夜
#E5A68D	Priceless Coral	无价珊瑚
#46373F	Priceless Purple	无价紫
#A89942	Prickly Pear	仙人球
#69916E	Prickly Pear Cactus	仙人掌果
#F42C93	Prickly Pink	刺粉红
#A264BA	Prickly Purple	刺紫
#E2CDD5	Prim	拘谨
#CBA792	Primal	原始
#0081B5	Primal Blue	原始蓝
#11875D	Primal Green	原始绿
#F4301C	Primal Rage	原始愤怒
#A92B4F	Primal Red	原始红
#0804F9	Primary Blue	原蓝色
#6FA77A	Primavera	春
#0064A1	Prime Blue	素蓝
#92B979	Prime Merchandise	优质商品
#FF8D86	Prime Pink	素粉色
#656293	Prime Purple	素紫
#685E4E	Primitive	原始
#DED6AC	Primitive Green	原始绿
#663C55	Primitive Plum	原始梅紫
#7CBC6C	Primo	一流
#D6859F	Primrose	报春花
#F3949B	Primrose Garden	报春花花园
#FFE262	Primrose Path	报春花径
#E7C2CA	Primrose Pink	报春花粉
#ECE4D0	Primrose White	报春花白
#F6D155	Primrose Yellow	报春花黄
#CA9FA5	Primula	报春花
#4B384C	Prince	王子
#CC2277	Prince Charming	白马王子
#A0ADAC	Prince Grey	王子灰
#9D7957	Prince Paris	王子巴黎
#60606F	Prince Royal	王子皇家
#7D4961	Princely	王子般
#6D5C7B	Princely Violet	王子紫
#F0A8B5	Princess	公主
#0056A1	Princess Blue	公主蓝
#CCEEEE	Princess Blue Feather	公主蓝羽毛
#F4C1C1	Princess Bride	公主新娘
#F6E9EA	Princess Elle	艾丽公主
#E5DBEB	Princess Fairy Tale	公主童话
#FAEAD5	Princess Ivory	公主象牙
#F878F8	Princess Peach	公主桃
#FF85CF	Princess Perfume	公主香水
#DFB5B0	Princess Pink	公主粉
#FF8F00	Princeton Orange	普林斯顿橙
#756F54	Priory	修道院
#F1D3DA	Priscilla	普里西拉
#AADCCD	Prism	棱镜
#F0A1BF	Prism Pink	棱镜粉红
#53357D	Prism Violet	棱镜紫
#117777	Prismarine	海晶石
#EAE8DD	Prismatic Pearl	五彩珍珠
#005C77	Prismatic Springs	棱柱弹簧
#FDAA48	Prison Jumpsuit	监狱连身衣
#F2E8DA	Pristine	原始
#00CCBB	Pristine Oceanic	原始海洋
#D5E1E0	Pristine Petal	原始花瓣
#007799	Pristine Seas	原始海洋
#807658	Private Affair	私人事务
#4C4949	Private Black	私家黑
#006E89	Private Eye	私家侦探
#4F531F	Private Green	私人绿地
#889DB2	Private Jet	私人飞机
#845469	Private Tone	私人铃声
#F3EBD9	Private White	私人白
#D9B2C7	Private-Label Pink	自有品牌粉色
#768775	Privet	女贞
#588A79	Privet Hedge	女贞树篱
#7A8775	Privilege Green	特权绿
#F3EAD7	Privileged	特权
#597695	Privileged Elite	特权精英
#CC9DC6	Prize Winning Orchid	获奖兰花
#A2C0B9	Prized Celadon	珍贵青瓷
#393540	Professor Plum	梅教授
#40243D	Profound Mauve	深淡紫
#C39297	Profound Pink	深粉色
#DAA5AA	Prom	舞会
#E7C3E7	Prom Corsage	舞会胸花
#C4A99D	Prom Night	舞会之夜
#E9A9BB	Prom Pink	舞会粉红色
#9B1DCD	Prom Queen	舞会女王
#F8F6DF	Promenade	长廊
#F4581E	Prometheus Orange	普罗米修斯橙
#2B7DA6	Prominent Blue	卓越的蓝色
#DA9EC5	Prominent Pink	突出的粉红色
#BB11EE	Promiscuous Pink	混杂的粉红
#ACC0E2	Promise	承诺
#AFC7E8	Promise Keeping	信守承诺
#686278	Promised Amethyst	约定的紫晶
#5E7FB5	Prompt	提示
#ADA8A5	Proper Grey	正灰色
#59476B	Proper Purple	正紫色
#EDE5C7	Proper Temperature	适宜温度
#4B5667	Property	物业
#6F58A6	Prophet Violet	先知紫罗兰
#BE8B8F	Prophetess	女预言家
#624F59	Prophetic Purple	预言紫
#818B9C	Prophetic Sea	预言海
#E0B4A4	Prosciutto	帕尔玛火腿
#FAD6A5	Prosecco	普罗塞克
#62584B	Prospect	前景
#915F66	Prosperity	繁荣
#66543E	Protégé Bronze	青铜门生
#FF8866	Protein High	蛋白质高
#840804	Proton Red	质子红
#E0C778	Protoss	神族
#00AAFF	Protoss Pylon	神族水晶塔
#658DC6	Provence	普罗旺斯
#8A9C99	Provence Blue	普罗旺斯蓝
#FFEDCB	Provence Creme	普罗旺斯奶油
#827191	Provence Violet	普罗旺斯紫
#5C7B8C	Providence	普罗维登斯
#A8ACA2	Provincial	乡土
#5E7B91	Provincial Blue	省蓝
#F6E3DA	Provincial Pink	省级粉红
#4C5079	Provocative	挑衅
#D4C6DB	Prudence	审慎
#701C11	Prune	修剪
#211640	Prune Plum	梅干紫
#6C445B	Prune Purple	梅花紫
#864788	Prunella	夏枯草
#220878	Prunelle	夏枯草
#DD4492	Prunus Avium	甜樱桃
#3F585F	Prussian	普鲁士
#003366	Prussian Blue	普鲁士蓝
#0B085F	Prussian Nights	普鲁士之夜
#6F4B5C	Prussian Plum	普鲁士李子
#DD00FF	Psychedelic Purple	迷幻紫
#625981	Psychic	通灵
#CE5DAE	Pú Táo Zǐ Purple	蒲桃子紫
#CC8899	Puce	深褐紫
#FF1177	Pucker Up	撅起嘴
#A0A6A0	Puddle	水坑
#6A8389	Puddle Jumper	水坑跳线
#6E3326	Pueblo	普韦布洛
#E9786E	Pueblo Rose	普韦布洛玫瑰
#E7C3A4	Pueblo Sand	普韦布洛沙
#E5DFCD	Pueblo White	普韦布洛白
#54927E	Puerto Princesa	公主港
#59BAA3	Puerto Rico	波多黎各
#635940	Puff Dragon	松龙
#FFCBEE	Puff of Pink	松粉
#FCCF8B	Puff Pastry Yellow	松糕黄
#CCBFC9	Puffball	马勃
#E2DADF	Puffball Vapour	马勃蒸气
#E95C20	Puffins Bill	海雀比尔
#D2DEF2	Puffy Cloud	浮云
#D7EDEA	Puffy Little Cloud	蓬松的小云
#E7E5DE	Puffy Pillow	蓬松的枕头
#7722CC	Puissant Purple	强力紫
#CBB5B2	Puka Shell	普卡贝壳
#6E8D98	Pulitzer Blue	普利策蓝
#F1D6BC	Pulled Taffy	拉太妃糖
#644117	Pullman Brown	普尔曼棕
#3B331C	Pullman Green	铂尔曼格林
#E18289	Pulp	纸浆
#01678D	Pulsating Blue	脉动蓝
#96711C	Puma	彪马
#BAC0B4	Pumice	浮石
#807375	Pumice Grey	浮石灰色
#CAC2B9	Pumice Stone	浮石
#6C462D	Pumpernickel	黑麦粗麦粉
#F7504A	Pumping Spice	泵送香料
#FF7518	Pumpkin	南瓜
#D27D46	Pumpkin Bread	南瓜面包
#CBA077	Pumpkin Butter	南瓜黄油
#EB7B07	Pumpkin Cat	南瓜猫
#8D2D13	Pumpkin Choco	南瓜巧克力
#E6C8A9	Pumpkin Cream	南瓜奶油
#B96846	Pumpkin Drizzle	南瓜细雨
#F7DAC0	Pumpkin Essence	南瓜精华
#286848	Pumpkin Green	南瓜绿
#183425	Pumpkin Green Black	南瓜绿黑
#F6A379	Pumpkin Hue	南瓜色调
#F2C3A7	Pumpkin Mousse	南瓜慕斯
#FB7D07	Pumpkin Orange	南瓜橙
#D59466	Pumpkin Patch	南瓜田
#E99E56	Pumpkin Pie	南瓜派
#EDC994	Pumpkin Pie Oh My!	南瓜派
#FFFDD8	Pumpkin Seed	南瓜种子
#E17701	Pumpkin Soup	南瓜汤
#B2691A	Pumpkin Spice	南瓜辛香
#CE862F	Pumpkin Squash	南瓜南瓜
#DE9456	Pumpkin Toast	南瓜吐司
#FFA74F	Pumpkin Vapour	南瓜蒸汽
#E99A10	Pumpkin Yellow	南瓜黄
#DC4333	Punch	宾治
#ECD086	Punch of Yellow	宾治黄
#6888FC	Punch Out Glove	打孔手套
#B68692	Punched Pink	打孔粉色
#56414D	Punchit Purple	冲锋紫色
#856B71	Punctuate	标点符号
#534931	Punga	蓬加
#8811FF	Punk Rock Pink	朋克摇滚粉红
#BB11AA	Punk Rock Purple	朋克摇滚紫色
#B2485B	Punky Pink	朋克粉红
#070303	Pupil	学生
#79CCB3	Puppeteers	木偶师
#BCAEA0	Puppy	小狗
#E2BABF	Puppy Love	小狗爱
#EAD2BC	Puppy Paws	小狗爪子
#C687D6	Purception	普觉
#DFC6A5	Pure Almond	纯杏仁
#6AB54B	Pure Apple	纯苹果
#E9D0C4	Pure Beige	纯米色
#595652	Pure Black	纯黑
#0203E2	Pure Blue	纯蓝
#ABA093	Pure Cashmere	纯羊绒
#36BFA8	Pure Cyan	纯青
#A79480	Pure Earth	纯土
#FAEAE1	Pure Frost	纯霜
#FF2255	Pure Hedonist	纯粹享乐
#FDF5CA	Pure Laughter	纯粹欢笑
#036C91	Pure Light Blue	纯浅蓝
#6F5390	Pure Mauve	纯淡紫
#112266	Pure Midnight	纯午夜
#B40039	Pure Passion	纯激情
#F51360	Pure Pleasure	纯粹愉悦
#751973	Pure Purple	纯紫
#D22D1D	Pure Red	纯红
#FFEE15	Pure Sunshine	纯阳光
#7ABEC2	Pure Turquoise	纯青
#F8F8F2	Pure White	纯白
#58503C	Pure Woody	纯木质
#615753	Pure Zeal	纯粹的热情
#67707D	Purebred	纯种
#C74222	Pureed Pumpkin	南瓜泥
#E66771	Purehearted	纯心
#C3DCE9	Purification	净化
#A8B0AE	Puritan Grey	清教徒灰色
#D7C9E3	Purity	纯度
#800080	Purple	紫
#988EB4	Purple Agate	紫玛瑙
#9190BA	Purple Amethyst	紫水晶
#8866FF	Purple Anemone	紫银莲花
#C20078	Purple Anxiety	紫色焦虑
#8F8395	Purple Ash	紫灰
#9D9EB4	Purple Balance	紫色平衡
#625B87	Purple Balloon	紫色气球
#5C4450	Purple Basil	紫罗勒
#4C4A74	Purple Berry	紫浆果
#4A455D	Purple Blanket	紫色毯子
#544258	Purple Bloom	紫绽放
#661AEE	Purple Blue	紫蓝
#673A3F	Purple Brown	紫棕
#3D34A5	Purple Cabbage	紫卷心菜
#A83A9A	Purple Cactus Flower	紫仙人掌花
#C4ADC9	Purple Chalk	紫粉笔
#B67CA2	Purple Cheeks	紫色脸颊
#8800FF	Purple Climax	紫色高潮
#6E6970	Purple Comet	紫色彗星
#5A4E8F	Purple Corallite	紫色珊瑚石
#593C50	Purple Cort	紫柯特
#D7CBD7	Purple Cream	紫奶油
#E7E7EB	Purple Crystal	紫水晶
#771166	Purple Curse	紫色诅咒
#835177	Purple Davenport	紫色达文波特
#63647E	Purple Daze	紫发呆
#331144	Purple Door	紫门
#917F84	Purple Dove	紫鸽
#754260	Purple Drab	紫土褐
#C6BEDD	Purple Dragon	紫龙
#660066	Purple Dreamer	紫色梦想家
#7C6B76	Purple Dusk	紫黄昏
#624646	Purple Earth	紫土
#6633BB	Purple Emperor	紫皇
#5A4D55	Purple Empire	紫帝国
#EADCE2	Purple Emulsion	紫色乳液
#C2B1C8	Purple Essence	紫精华
#943589	Purple Excellency	紫阁下
#594670	Purple Feather	紫羽毛
#880099	Purple Feather Boa	紫羽蟒蛇
#85598A	Purple Fluorite	紫色萤石
#ACB0CA	Purple Freedom	紫色自由
#50599F	Purple Frenzy	紫色狂热
#747582	Purple Funk	紫色放克
#5C4D5C	Purple Fury	紫怒
#C4ABD4	Purple Gala	紫晚会
#8397D0	Purple Gentian	紫龙胆
#C1ABD4	Purple Gladiola	紫色剑兰
#736993	Purple Grapes	紫葡萄
#866F85	Purple Grey	紫灰
#6A6283	Purple Gumball	紫色冈布奥
#835F79	Purple Gumdrop	紫色软糖
#807396	Purple Haze	紫霾
#69359C	Purple Heart	紫心
#CC2288	Purple Heart Kiwi	紫心几维鸟
#BAB8D3	Purple Heather	紫石楠
#8773BB	Purple Hebe	紫赫柏
#AA66FF	Purple Hedonist	紫色享乐主义者
#CCAAFF	Purple Hepatica	紫肝
#B6ADD8	Purple Hibiscus	紫木槿
#8E85A7	Purple Hills	紫山丘
#D96CAD	Purple Hollyhock	紫蜀葵
#8855FF	Purple Honeycreeper	紫色蜜旋鸟
#6E8FC0	Purple Hyacinth	紫风信子
#B8B8F8	Purple Illusion	紫幻觉
#A675FE	Purple Illusionist	紫色幻术师
#7C89AB	Purple Impression	紫色印象
#9A2CA0	Purple Ink	紫墨
#73626F	Purple Kasbah	紫城堡
#512C31	Purple Kite	紫风筝
#CC77CC	Purple Kush	紫库什
#B88AAC	Purple Lepidolite	紫锂云母
#653475	Purple Magic	紫魔法
#9A8891	Purple Mauve	紫淡紫
#DBD1E2	Purple Mist	紫薄雾
#7A70A8	Purple Mountain Majesty	紫山威
#9D81BA	Purple Mountains’ Majesty	紫金山陛下
#815989	Purple Mystery	紫神秘
#4E5180	Purple Navy	紫海军蓝
#322C56	Purple Noir	紫暗
#643E65	Purple Odyssey	紫奥德赛
#60569A	Purple Opulence	紫富丽
#AD4D8C	Purple Orchid	紫兰花紫
#79669D	Purple Paradise	紫天堂
#645E77	Purple Passage	紫色通道
#784674	Purple Passion	紫激情
#5C2E88	Purple Patch	紫块
#452E4A	Purple Pennant	紫色锦旗
#5B4763	Purple People Eater	紫色食人者
#903F75	Purple Peril	紫祸
#9483A8	Purple Phantom	紫幻
#C83CB9	Purple Pink	紫粉
#BB00AA	Purple Pirate	紫色海盗
#FE4EDA	Purple Pizzazz	紫色活力
#C7CEE8	Purple Pj’s	紫色睡衣
#81459E	Purple Pleasures	紫色的快乐
#9C51B6	Purple Plum	紫梅
#473854	Purple Plumeria	紫色鸡蛋花
#DAB4CC	Purple Poodle	紫色贵宾犬
#4C4976	Purple Pool	紫池
#AA00AA	Purple Potion	紫药水
#B9A0D2	Purple Premiere	紫色首映
#A274B5	Purple Pride	紫色骄傲
#5B4D54	Purple Prince	紫王子
#7733AA	Purple Pristine	紫色原始
#BB9ECA	Purple Prophet	紫色先知
#543254	Purple Prose	紫色散文
#593569	Purple Protégé	紫色门徒
#8822DD	Purple Protest	紫色抗议
#523E49	Purple Province	紫州
#696374	Purple Punch	紫宾治
#C9C6DF	Purple Purity	紫纯度
#8C8798	Purple Ragwort	紫罗非鱼
#7442C8	Purple Rain	紫雨
#990147	Purple Red	紫红
#5C4971	Purple Reign	紫色统治
#8278AD	Purple Rhapsody	紫色狂想曲
#AF9FCA	Purple Rose	紫玫红
#8B7880	Purple Rubiate	紫红宝石
#75697E	Purple Sage	紫鼠尾草
#C2B2F0	Purple Sand	紫沙
#754B8F	Purple Sapphire	紫宝石蓝
#522A6F	Purple Seduction	紫色诱惑
#4E2E53	Purple Shade	紫暗调
#C8BAD4	Purple Shine	紫光泽
#776D90	Purple Silhouette	紫色剪影
#62547E	Purple Sky	紫天空
#CC69E4	Purple Snail	紫蜗牛
#563948	Purple Sphinx	紫色狮身人面像
#746F9D	Purple Spire	紫色尖塔
#5E3B6A	Purple Splendour	紫辉煌
#652DC1	Purple Spot	紫斑
#AB9BBC	Purple Springs	紫泉
#845998	Purple Squid	紫鱿鱼
#B16D90	Purple Starburst	紫色星爆
#6E5755	Purple Statement	紫色声明
#A885B5	Purple Statice	紫色静态
#624154	Purple Stiletto	紫色细高跟鞋
#605467	Purple Stone	紫石
#B183A8	Purple Stripe	紫色条纹
#766478	Purple Suede	紫麂皮
#853682	Purple Sultan	紫苏丹
#9B95A9	Purple Surf	紫冲浪
#835995	Purple Tanzanite	紫色坦桑石
#50404D	Purple Taupe	紫灰褐
#F0B9BE	Purple Thorn	紫刺
#A22DA4	Purple Tone Ink	紫调墨
#746CC0	Purple Toolbox	紫色工具箱
#665261	Purple Trinket	紫色饰品
#C364C5	Purple Urn Orchid	紫瓮兰花
#665B80	Purple Valley	紫山谷
#9932CC	Purple Vanity	紫色虚荣心
#D3D5E0	Purple Veil	紫面纱
#581A57	Purple Velour	紫色丝绒
#483B56	Purple Velvet	紫绒
#46354B	Purple Verbena	紫色马鞭草
#A29CC8	Purple Vision	紫视觉
#442244	Purple Void	紫虚空
#D4C0DF	Purple Whisper	紫低语
#D3C2CF	Purple White	紫白
#97397F	Purple Wine	紫酒红
#5A395B	Purple Wineberry	紫酒莓
#A846D7	Purple Yam	紫山药
#DD1166	Purple Yearning	紫色的向往
#A15589	Purple Zergling	紫色小狗
#EEC3EE	Purple’s Baby Sister	紫的小妹妹
#B6C4DD	Purpletini	紫色蒂尼
#837F92	Purpletone	紫音
#602287	Purplex	紫x
#C8BDD2	Purpling Dawn	紫色黎明
#98568D	Purplish	紫色
#6140EF	Purplish Blue	紫蓝色
#6B4247	Purplish Brown	紫棕色
#7A687F	Purplish Grey	紫灰色
#DF4EC8	Purplish Pink	紫粉色
#B0054B	Purplish Red	淡紫
#DFD3E3	Purplish White	紫白色
#5E0DC2	Purplue	紫色
#776C76	Purposeful	有目的的
#8D8485	Purpura	紫癜
#9A4EAE	Purpureus	紫
#864480	Purpurite Red	紫红
#57385E	Purpurite Violet	紫
#898078	Purri Sticks	普里棒
#879F6C	Purslane	马齿苋
#F1D260	Pursuit of Happiness	追求幸福
#CEBADA	Pussyfoot	小猫
#B2ADA4	Pussywillow	褪色柳
#A2A193	Pussywillow Grey	褪色柳灰色
#C8DDEA	Put on Ice	放在冰上
#8D4362	Putnam Plum	普特南李子
#89A572	Putrid Green	腐烂的绿色
#F1E4C9	Putting Bench	推杆凳
#3A9234	Putting Green	果岭
#CDAE70	Putty	腻子
#BDA89C	Putty Grey	腻子灰
#A99891	Putty Pearl	腻子珍珠
#9D8E7F	Putty Yellow	腻子黄
#ADA2CE	Puturple	紫色
#55FF55	Puyo Blob Green	噗哟斑点绿
#D6D0CF	Pygmy Goat	侏儒山羊
#6299AA	Pyjama Blue	睡衣蓝
#9FBADF	Pylon	塔
#9F7D4F	Pyramid	金字塔
#E5B572	Pyramid Gold	金字塔金
#F8C642	Pyrite	黄铁矿
#AC9362	Pyrite Gold	黄铁矿金
#3A6364	Pyrite Green	黄铁矿绿
#867452	Pyrite Slate Green	黄铁矿板岩绿
#C4BF33	Pyrite Yellow	黄铁矿黄
#3776AB	Python Blue	蟒蛇蓝
#FFD343	Python Yellow	蟒蛇黄
#7B5804	Qahvei Brown	卡维棕
#CF3C71	Qermez Red	深红
#89A0B0	Qiān Hūi Grey	钱慧灰
#4455EE	Qing Dynasty Dragon	清朝龙
#DD2266	Qing Dynasty Fire	清朝火
#FFCC66	Qing Yellow	青黄
#FFE989	Quack Quack	嘎嘎嘎
#998811	Quagmire Green	泥沼绿
#96838B	Quail	鹌鹑
#E3DDCE	Quail Egg	鹌鹑蛋
#5C4E53	Quail Hollow	鹌鹑谷
#ACA397	Quail Ridge	鹌鹑岭
#AB9673	Quail Valley	鹌鹑谷
#EACDC1	Quaint Peche	古色古香的佩切
#686C62	Quaking Bog	颤抖的沼泽
#BBC6A4	Quaking Grass	颤动的草
#6E799B	Quantum Blue	量子蓝
#B2DDC4	Quantum Effect	量子效应
#7C948B	Quantum Green	量子绿
#130173	Quantum of Light	光量子
#E7F1E6	Quark White	夸克白
#EBE6D5	Quarried Limestone	开采的石灰石
#8A9399	Quarry	采石场
#AF9A91	Quarry Quartz	采石场石英
#F2EDDD	Quarter Pearl Lusta	四分珍珠露斯塔
#EBE2D2	Quarter Spanish White	四分之一西班牙白
#1272A3	Quarterdeck	后甲板
#85695B	Quartersawn Oak	短切橡木
#D9D9F3	Quartz	石英
#6E7C45	Quartz Green	石英绿
#FDEAE6	Quartz Light Pink	石英浅粉
#A9AAAB	Quartz Sand	石英沙
#E8E8E5	Quartz Stone	石英石
#F3E8E1	Quartz White	石英白
#232E26	Quartzite	石英岩
#C7D0DA	Quarzo	石英石
#BED3CB	Quaver	八分音符
#FAB001	Queen Anne	安妮女王
#C0B6B4	Queen Anne Lilac	安妮女王丁香
#F2EEDE	Queen Anne’s Lace	安妮女王的蕾丝
#436B95	Queen Blue	女王蓝
#E8BC95	Queen Conch Shell	海螺壳
#77613D	Queen Lioness	母狮女王
#BBDD55	Queen of Gardens	女王花园
#98333A	Queen of Hearts	红心皇后
#817699	Queen of Sheba	示巴女王
#295776	Queen of the Night	女王夜
#3D4585	Queen of the Night Shift	夜班女王
#1C401F	Queen of Trees	树之女王
#D2EAEA	Queen of Waves	女王浪
#AD9E4B	Queen Palm	女王棕榈
#E8CCD7	Queen Pink	女王粉
#6C7068	Queen Valley	女王山谷
#7B6FA0	Queen’s	女王大学
#9D433F	Queen’s Coat	女王大衣
#472557	Queen’s Domain	女王领地
#8B5776	Queen’s Honour	女王荣誉
#753A40	Queen’s Rose	王后玫瑰
#D3BCC5	Queen’s Tart	皇后挞
#CDB9C4	Queen’s Violet	皇后紫罗兰
#D3ACCE	Queenly	女王
#F9ECD0	Queenly Laugh	女王般的笑声
#652793	Queens of the Dead	亡灵女王
#88ACE0	Queer Blue	酷儿蓝
#B36FF6	Queer Purple	酷儿紫
#B4E0E7	Quench Blue	淬火蓝
#E5B03D	Quercitron	槲皮子
#BDC1C1	Quest	任务
#ADA5A5	Quest Grey	任务灰色
#EF9A49	Question Mark Block	问号块
#006868	Quetzal Green	绿咬鹃绿
#B393C0	Quibble	聒噪
#FED56F	Quiche Lorraine	洛林乳蛋饼
#BDDBE1	Quick-Freeze	速冻
#AC9884	Quicksand	流沙
#A6A6A6	Quicksilver	水银
#160435	Quiet Abyss	安静的深渊
#6597CC	Quiet Bay	安静海湾
#017AA6	Quiet Cove	安静小湾
#D7D9D5	Quiet Dew	安静露
#B7D0C5	Quiet Drizzle	安静细雨
#9EBC97	Quiet Green	安静绿
#B9BABD	Quiet Grey	安静灰
#5A789A	Quiet Harbour	安静港湾
#DDD7CC	Quiet Interlude	安静的插曲
#B1E2CB	Quiet Jade	安静翡翠
#CED3C7	Quiet Mint	安静薄荷
#96AEB0	Quiet Moment	安静时刻
#3E8FBC	Quiet Night	安静夜
#ACDEEB	Quiet Nook	安静的角落
#E4E2DD	Quiet on the Set	片场安静
#DBA39A	Quiet Pink	安静粉
#94D8E2	Quiet Pond	安静池塘
#E7EFCF	Quiet Rain	安静雨
#B69C97	Quiet Refuge	安静的避难所
#686970	Quiet Shade	安静暗调
#F5EBD6	Quiet Shore	安静岸
#FAE6CA	Quiet Splendour	安静辉煌
#EECC9F	Quiet Star	安静星
#2F596D	Quiet Storm	安静风暴
#A9BAB1	Quiet Teal	安静青
#AAAD94	Quiet Thicket	安静灌木丛
#B8BCB8	Quiet Time	安静时光
#EBD2A7	Quiet Veranda	安静廊
#B9BEA3	Quiet Waters	安静水域
#F1F3E8	Quiet Whisper	安静低语
#ADBBB2	Quietude	安静
#DCD2B8	Quill	羽毛笔
#CBC9C0	Quill Grey	羽毛灰
#2D3359	Quill Tip	羽毛笔尖
#612741	Quills of Terico	特里科的羽毛笔
#7F9DAF	Quilotoa Blue	基洛托亚蓝
#70A38D	Quilotoa Green	基洛托阿绿
#FCD9C6	Quilt	被子
#EAC365	Quilt Gold	被子金
#CE9FB4	Quilted Heart	绗缝心形
#8E3A59	Quinacridone Magenta	喹吖啶酮品红色
#D4CB60	Quince	木瓜
#F89330	Quince Jelly	木瓜果冻
#6A5445	Quincy	昆西
#B5B5AF	Quincy Granite	昆西花岗岩
#F9ECD1	Quinoa	藜麦
#F5E326	Quinoline Yellow	喹啉黄
#008CA9	Quintana	金塔纳
#C2DBC6	Quintessential	精髓
#C76356	Quite Coral	相当珊瑚色
#97171E	Quite Red	很红
#9BE510	Quithayran Green	奎赛兰·格林
#886037	Quiver	箭袋
#8E7F6A	Quiver Tan	箭袋谭
#948491	Quixotic	堂吉诃德式
#4A4653	Quixotic Plum	堂吉诃德梅子
#5F575C	Rabbit	兔
#885D62	Rabbit Paws	兔爪子
#6225B8	Rabbit-Ear Iris	兔耳鸢尾
#D2C1B5	Rabbit’s Foot	兔脚
#735E56	Raccoon Tail	浣熊尾
#CF4944	Race Car Stripe	赛车条纹
#EEF3D0	Race the Sun	与太阳赛跑
#CBBEB5	Race Track	赛道
#E8B9AE	Rachel Pink	雷切尔粉红
#014600	Racing Green	赛车绿
#C21727	Racing Red	赛车红
#D6341E	Rackham Red	拉克姆红
#5D8AAA	Rackley	拉克利
#776A3C	Racoon Eyes	浣熊眼
#B6C8E4	Radar	雷达
#96F97B	Radar Blip Green	雷达信号点绿色
#BB9157	Radiance	光辉
#ECE2CE	Radiant Dawn	光辉黎明
#5500FF	Radiant Feather	光辉羽毛
#659C35	Radiant Foliage	光辉叶
#FFEED2	Radiant Glow	光辉辉光
#10F144	Radiant Hulk	光辉浩克
#A489A0	Radiant Lilac	光辉丁香紫
#E0E6F0	Radiant Moon	光辉月
#AD5E99	Radiant Orchid	光芒兰花紫
#E31B5D	Radiant Raspberry	光芒覆盆子
#EED5D4	Radiant Rose	光芒玫红
#D7B1B2	Radiant Rouge	光芒胭脂
#8F979D	Radiant Silver	光芒银
#F0CC50	Radiant Sun	光芒太阳
#EEBE1B	Radiant Sunrise	光芒日出
#FC9E21	Radiant Yellow	光芒黄
#FFA343	Radiation Carrot	辐射胡萝卜
#326A2B	Radical Green	激进的绿色
#FF355E	Radical Red	激进红
#745166	Radicchio	红菊苣
#694D3A	Radigan Conagher Brown	拉迪根·科纳格棕
#89FE05	Radioactive	放射性
#F9006F	Radioactive Eggplant	放射性茄子
#2CFA1F	Radioactive Green	放射性绿
#66DD00	Radioactive Lilypad	放射性睡莲
#A42E41	Radish	萝卜
#EE3355	Radish Lips	萝卜唇
#EC4872	Radishical	根基
#E5E7E6	Radisson	丽笙酒店
#7FFF00	Radium	镭
#FFD15C	Radler	拉德勒
#F1C7A1	Radome Tan	天线罩谭
#DCC6A0	Raffia	拉菲草
#CDA09A	Raffia Cream	拉菲草奶油
#B3A996	Raffia Greige	拉菲草灰米
#CBD9D8	Raffia Light Grey	拉菲草浅灰
#CBB08C	Raffia Ribbon	拉菲草丝带
#EEEEE3	Raffia White	拉菲草白
#CA9A5D	Raffles Tan	莱佛士谭
#3C5F9B	Raftsman	筏夫
#FF1133	Rage	愤怒
#F32507	Rage of Quel’Danas	奎尔丹纳斯之怒
#8D514C	Ragin’ Cajun	拉金卡津
#B54E45	Raging Bull	愤怒的公牛
#DD5500	Raging Leaf	愤怒的叶子
#AA3333	Raging Raisin	愤怒的葡萄干
#8D969E	Raging Sea	汹涌之海
#004F63	Raging Thunderstorm	狂风暴雨
#5187A0	Raging Tide	怒潮
#4A5E6C	Ragtime Blues	拉格泰姆布鲁斯
#513933	Ragtop	碎布顶
#7BE892	Ragweed	豚草
#F6AD3A	Raichu Orange	雷丘橙
#0056A8	Raiden Blue	雷电蓝
#E34029	Raiden’s Fury	雷电之怒
#544540	Railroad Ties	铁路枕木
#ABBEBF	Rain	雨
#8B795F	Rain Barrel	雨桶
#354D65	Rain Boots	雨靴
#B6D5DE	Rain Check	雨检查
#919FA1	Rain Cloud	雨云
#685346	Rain Drum	雨鼓
#B5DCEA	Rain or Shine	雨光泽
#677276	Rain Shadow	雨暗影
#BCA849	Rain Slicker	雨滴
#C5D5E9	Rain Song	雨歌
#F6BFBC	Rainbow	彩虹
#2863AD	Rainbow Bright	彩虹亮
#FF975C	Rainbow Trout	彩虹鳟鱼
#FF09FF	Rainbow’s Inner Rim	彩虹的内缘
#FF0001	Rainbow’s Outer Rim	彩虹的外缘
#819392	Raindance	飞雨
#9EC6C6	Raindrop	雨滴
#B3C1B1	Rainee	雷妮
#759180	Rainford	雷福德
#009A70	Rainforest	雨林
#E6DAB1	Rainforest Dew	雨林露
#CEC192	Rainforest Fern	雨林蕨
#B2C346	Rainforest Glow	雨林辉光
#446019	Rainforest Matcha	雨林抹茶
#002200	Rainforest Nights	雨林夜
#016D43	Rainforest Retreat	雨林隐居
#7F795F	Rainforest Zipline	雨林滑索
#558484	Rainier Blue	雷尼尔蓝
#485769	Rainmaker	造雨人
#9CA4A9	Rainmaster	雨师
#244653	Rainstorm	暴雨
#C2CDC5	Rainwashed	雨水冲刷
#87D9D2	Rainwater	雨水
#889A95	Rainy Afternoon	雨午后
#CFC8BD	Rainy Day	雨白天
#A5A5A5	Rainy Grey	雨灰
#3F6C8F	Rainy Lake	雨湖
#4499AA	Rainy Mood	雨情绪
#005566	Rainy Morning	雨早晨
#D1D8D6	Rainy Season	雨季节
#9BAFBB	Rainy Sidewalk	雨天人行道
#99BBDD	Rainy Week	雨周
#5D4A4E	Raisin	葡萄干
#242124	Raisin Black	葡萄干黑
#78615C	Raisin in the Sun	葡萄干太阳
#FBAB60	Rajah	拉惹
#E6D9E2	Rajah Rose	拉惹玫瑰
#957D48	Raked Leaves	倾斜的树叶
#BF794E	Rakuda Brown	拉库达棕
#7EC083	Rally Green	拉力赛绿
#B7A9AC	Ramadi Grey	拉马迪灰色
#5A804F	Rambling Green	漫漫绿
#D98899	Rambling Rose	蔓生玫瑰
#A94737	Rambutan	红毛丹
#CDBDA2	Ramie	苎麻
#4C73AF	Ramjet	冲压喷气
#8F9A88	Ramona	雷蒙娜
#603231	Rampant Rhubarb	猖獗的大黄
#BCB7B1	Rampart	城墙
#195456	Ramsons	熊葱
#F3E7CF	Ranch Acres	牧场英亩
#9E7454	Ranch Brown	牧场棕
#7B645A	Ranch House	牧场屋
#968379	Ranch Mink	牧场水貂
#C8B7A1	Ranch Tan	牧场棕褐
#DFD8B3	Rancho Verde	兰乔维德
#B7B7B4	Rand Moon	兰德·穆恩
#756E60	Randall	兰德尔
#68BD56	Range Land	山脉大地
#6A8472	Ranger Green	游侠绿
#707651	Ranger Station	护林员站
#2E3222	Rangitoto	朗伊托托
#2B2E25	Rangoon Green	仰光绿
#F7ECD8	Ranier White	拉尼尔·怀特
#F5DDE6	Ranunculus White	花毛茛白
#D28239	Rapakivi Granite	拉帕基维花岗岩
#C19A13	Rapeseed	油菜籽
#FFEC47	Rapeseed Blossom	油菜花
#A69425	Rapeseed Oil	菜籽油
#A39281	Rapid Rock	快速摇滚
#52C7C7	Rapids	急流
#D8DFDA	Rapier Silver	剑银
#45363A	Rapt	全神贯注
#114444	Rapture	狂喜
#A7D6DD	Rapture Blue	狂喜蓝
#CF5A70	Rapture Rose	狂喜玫瑰
#F6F3E7	Rapture’s Light	狂喜之光
#F6D77F	Rapunzel	长发公主
#D2D2D4	Rapunzel Silver	长发公主银
#0044FF	Rare Blue	稀有蓝
#E1DEE8	Rare Crystal	稀有水晶
#AC8044	Rare Find	稀有发现
#A6A69B	Rare Grey	稀有灰
#8DACA0	Rare Happening	罕见的事情
#DBDCE2	Rare Orchid	稀有兰花紫
#DD1133	Rare Red	稀有红
#CC0022	Rare Rhubarb	稀有大黄
#00748E	Rare Turquoise	稀有青
#E8E9CC	Rare White Jade	稀有白翡翠
#E8DBDF	Rare White Raven	稀有白渡鸦
#55FFCC	Rare Wind	稀有风
#3B2736	Rare Wine	稀有酒红
#594C42	Rare Wood	稀有木
#E1E6E6	Rarified Air	稀薄空气
#B00149	Raspberry	覆盆子
#875169	Raspberry Crush	覆盆子碎
#8E3643	Raspberry Fool	覆盆子傻瓜
#915F6C	Raspberry Glace	覆盆子糖霜
#FF77AA	Raspberry Glaze	覆盆子釉
#D9CCC7	Raspberry Ice	覆盆子冰
#9F3753	Raspberry Ice Red	覆盆子冰红
#CA3767	Raspberry Jam	覆盆子果酱
#9B6287	Raspberry Jelly Red	覆盆子果冻红
#C9A196	Raspberry Kahlua	覆盆子咖啡
#044F3B	Raspberry Leaf Green	覆盆子叶绿
#E1AAAF	Raspberry Lemonade	覆盆子柠檬水
#9A1A60	Raspberry Magenta	覆盆子品红
#EBD2D1	Raspberry Milk	覆盆子奶
#E06F8B	Raspberry Mousse	覆盆子慕斯
#B96482	Raspberry Parfait	覆盆子冻糕
#A34F66	Raspberry Patch	覆盆子块
#E25098	Raspberry Pink	覆盆子粉
#94435A	Raspberry Pudding	覆盆子布丁
#882D50	Raspberry Radiance	覆盆子光辉
#F62217	Raspberry Rave	覆盆子狂欢
#CD827D	Raspberry Ripple	覆盆子涟漪
#972B51	Raspberry Romantic	覆盆子浪漫
#B3436C	Raspberry Rose	覆盆子玫红
#FF3888	Raspberry Shortcake	覆盆子酥饼
#D0A1B4	Raspberry Smoothie	覆盆子冰沙
#D2386C	Raspberry Sorbet	覆盆子冰糕
#8A5D55	Raspberry Truffle	覆盆子松露
#B3737F	Raspberry Whip	覆盆子搅
#B63753	Raspberry Wine	覆盆子酒红
#E30B5D	Raspberry Yoghurt	覆盆子酸奶
#885F01	Rat Brown	大鼠棕
#6F6138	Rationality	理性
#A58E61	Rattan	藤条
#A79069	Rattan Basket	藤篮
#8F876B	Rattan Palm	藤棕榈
#7F7667	Rattlesnake	响尾蛇
#C35530	Raucous Orange	喧闹的橙子
#54463F	Rave Raisin	狂欢葡萄干
#A13B34	Rave Red	狂欢红
#00619D	Rave Regatta	狂欢赛船会
#0B0B0B	Raven	渡鸦
#3D3D3D	Raven Black	渡鸦黑
#6F747B	Raven Grey	渡鸦灰
#3B3F66	Raven Night	渡鸦夜
#BB2255	Raven’s Banquet	乌鸦的宴会
#030205	Raven’s Coat	乌鸦外套
#4B4045	Raven’s Wing	乌鸦之翼
#0A0555	Ravenclaw	拉文克劳
#464543	Ravenwood	鸦林
#D3CEC7	Ravine	沟壑
#FADE79	Ravioli al Limone	柠檬馄饨
#E79580	Ravishing Coral	迷人的珊瑚
#BB2200	Ravishing Rouge	醉人胭脂
#F2EED3	Raw Alabaster	生雪花石膏
#544173	Raw Amethyst	生紫水晶
#C8BEB1	Raw Cashew Nut	生腰果坚果
#662200	Raw Chocolate	生巧克力
#7D403B	Raw Cinnabar	生朱砂
#C46B51	Raw Copper	生铜
#E3D4BB	Raw Cotton	生棉
#9E7172	Raw Edge	生边缘
#8B6C7E	Raw Garnet Viola	生石榴石中提琴
#CC8844	Raw Linen	生亚麻
#E4BC8C	Raw Peanut	生花生
#9A6200	Raw Sienna	生赭色
#E1D9C7	Raw Silk	生丝
#D8CAB2	Raw Sugar	生糖
#F95D2D	Raw Sunset	生日落
#A75E09	Raw Umber	生赭褐
#865E49	Rawhide	生皮
#7A643F	Rawhide Canoe	生皮独木舟
#FDF2C0	Ray of Light	光芒
#F4C454	Rayo de Sol	太阳射线
#7197CB	Razee	拉兹
#D1768C	Razzberries	莓莓
#E1D5D4	Razzberry Fizz	莓莓汽水
#BA417B	Razzle Dazzle	炫目炫目
#FF33CC	Razzle Dazzle Rose	炫彩玫瑰
#E30B5C	Razzmatazz	狂欢节
#E3256B	Razzmatazz Lips	华丽的嘴唇
#8D4E85	Razzmic Berry	疯狂浆果
#F08101	Rè Dài Chéng Orange	热带橙
#DD484E	Re-Entry	重新进入
#CD0317	Re-Entry Red	再入红
#7D5D5E	Reading Tea Leaves	读茶叶
#7BA570	Ready Lawn	准备草坪
#563D2D	Real Brown	真棕
#C1A17F	Real Cork	真软木
#00577E	Real Mccoy	真正的麦考伊
#DD79A2	Real Raspberry	真覆盆子
#A90308	Real Red	真红
#CCB896	Real Simple	真简单
#45657D	Real Teal	真青
#008A4C	Real Turquoise	真青
#D3C8BD	Realist Beige	现实主义米色
#E9EADB	Really Light Green	真的浅绿色
#E8ECDB	Really Rain	真的下雨了
#C2B1C5	Really Romantic	真浪漫
#016367	Really Teal	真的是青色
#796C70	Realm	领域
#114411	Realm of the Underworld	冥界
#663399	Rebecca Purple	丽贝卡紫
#453430	Rebel	叛逆者
#CD4035	Rebel Red	叛逆红
#9B7697	Rebel Rouser	反叛煽动者
#CC0404	Rebellion Red	叛逆红
#28A8CD	Reboot	重启
#BAD56B	Rebounder	篮板手
#4A4E5C	Receding Night	渐行渐远的夜
#BAB6AB	Reclaimed Wood	再生木材
#B7D7BF	Reclining Green	斜倚绿色
#1A525B	Recollection Blue	回忆蓝
#CDB6A0	Recycled	回收
#B7C3B7	Recycled Glass	再生玻璃
#FF0000	Red	红
#FF0F0F	Red Alert	红色警戒
#E44E4D	Red Arremer	红阿雷默
#BB0011	Red Baron	红男爵
#8E3738	Red Bay	红海湾
#3D0C02	Red Bean	红豆
#7B3801	Red Beech	红山毛榉
#DD3300	Red Bell Pepper	红铃胡椒
#701F28	Red Berry	红浆果
#9D2B22	Red Birch	红桦
#D13B40	Red Bliss	红极乐
#660000	Red Blood	红血
#8A3C38	Red Blooded	红血
#824E46	Red Bluff	红崖
#A52A2F	Red Brown	红棕
#534A77	Red Cabbage	红卷心菜
#833C3D	Red Candle	红烛
#FF3322	Red Card	红牌
#BC2026	Red Carpet	红地毯
#D87678	Red Cedar	红雪松
#AD654C	Red Cent	红分
#ED7777	Red Chalk	红粉笔
#883543	Red Chicory	红菊苣
#95372D	Red Chilli	红辣椒
#834C3E	Red Chipotle	红辣椒
#C10C27	Red City of Morocco	摩洛哥红城
#8F4B41	Red Clay	红黏土
#77413D	Red Clay Hill	红黏土丘陵
#BB8580	Red Clover	红三叶草
#D43E38	Red Clown	红色小丑
#B33234	Red Contrast	红色对比
#FF4040	Red Coral	红珊瑚
#91433E	Red Craft	红色工艺
#E45E32	Red Cray	红克雷
#EE204D	Red Crayon	红蜡笔
#8B5E52	Red Curry	红咖喱
#85222B	Red Dahlia	红大丽花
#CB6F4A	Red Damask	红花缎
#BB012D	Red Dead Redemption	荒野大镖客：救赎
#BA2A1A	Red Death	红死亡
#860111	Red Devil	红魔
#FF4500	Red Dit	红迪
#AC0000	Red Door	红门
#E8DEDB	Red Dust	红尘
#A2816E	Red Earth	红土
#85464B	Red Elegance	红优雅
#E9DBDE	Red Emulsion	红色乳液
#794D60	Red Endive	红苦菊
#D00000	Red Epiphyllum	红昙花
#C54831	Red Fang	红牙
#FF2244	Red Flag	红旗
#D76968	Red Geranium	红天竺葵
#B07473	Red Gerbera	红色非洲菊
#604046	Red Gooseberry	红醋栗
#AD1400	Red Gore	红色戈尔
#B8866E	Red Gravel	红碎石
#B83312	Red Gravy	红肉汁
#99686A	Red Grey	红灰
#AC3A3E	Red Gumball	红冈布奥
#8A453B	Red Hawk	红隼
#DD1144	Red Herring	红鲱鱼
#845544	Red Hook	红钩
#DD0033	Red Hot	红炎热
#DB1D27	Red Hot Chili Pepper	红炎热辣椒胡椒
#773C31	Red Hot Jazz	红炎热爵士
#C93543	Red Icon	红色图标
#BB1E1E	Red Inferno	红色地狱
#AC3235	Red Ink	红墨
#783F54	Red Jade	红翡翠
#C01141	Red Jalape?o	红墨西哥胡椒
#913228	Red Kite	红风筝
#DD0011	Red Knuckles	红指节
#AB4D50	Red Leather	红皮革
#881400	Red Leever	红利华
#FF0055	Red Light Neon	红浅霓虹
#D24B38	Red Lightning	红闪电
#BFBAC0	Red Lilac Purple	红丁香紫
#B4090D	Red Lust	红泽
#663B43	Red Mahogany	红桃花心木
#F95554	Red Mana	红魔力
#6D3D2A	Red Mane	红鬃毛
#834C4B	Red Maple Leaf	红枫叶
#AA2121	Red Menace	红色威胁
#C92B1E	Red Mist	红薄雾
#FF8888	Red Mull	红穆尔
#880022	Red Mulled Wine	红酒
#994341	Red My Mind	红我的心
#B63731	Red Obsession	红色痴迷
#953334	Red Ochre	红赭
#FE2712	Red October	红十月
#773243	Red Octopus	红章鱼
#473442	Red Onion	红洋葱
#FF3F34	Red Orange	红橙
#FF5349	Red Orange Juice	红橙汁
#CD6D57	Red Orpiment	红雌黄
#5D1F1E	Red Oxide	氧化红
#C34B1B	Red Panda	小熊猫
#BB0044	Red Paracentrotus	红副甲鱼
#82383C	Red Pear	红梨
#DD0000	Red Pegasus	红飞马
#A60000	Red Pentacle	红色五角星
#7A3F38	Red Pepper	红胡椒
#C62D42	Red Peppercorn	红辣椒
#F6B894	Red Perfume	红香水
#ED1C24	Red Pigment	红颜料
#72423F	Red Pines	红松
#FA2A55	Red Pink	红粉
#7C2949	Red Plum	红梅紫
#995D50	Red Potato	红土豆
#DD143D	Red Potion	红药水
#D63D3B	Red Power	红力量
#8E3928	Red Prairie	红大草原
#BB1100	Red Prayer Flag	红色经幡
#D92849	Red Prickly Pear	红仙人掌
#E40078	Red Purple	红紫
#EE3344	Red Radish	红萝卜
#EE3322	Red Rampage	红色横冲直撞
#91403D	Red Red Red	红红红
#814142	Red Red Wine	红红酒红
#800707	Red Reign	红色统治
#FFE0DE	Red Remains	红色遗迹
#D70200	Red Republic	红色共和国
#A8453B	Red Revival	红复兴
#CA1B1B	Red Rhapsody	红色狂想曲
#ED0A3F	Red Ribbon	红丝带
#B9271C	Red Rider	红骑士
#FE2713	Red Riding Hood	小红帽
#B95543	Red River	红河
#7D4138	Red Robin	红知更鸟
#A65052	Red Rock	红岩石
#A27253	Red Rock Falls	红岩石瀑布
#B29E9D	Red Rock Panorama	红岩全景
#7E5146	Red Rooster	红公鸡
#693F43	Red Rumour	红色谣言
#FD3A4A	Red Salsa	红莎莎酱
#E5CAC0	Red Sandstorm	红色沙尘暴
#CC3B22	Red Sauce Parlour	红酱客厅
#EE0128	Red Savina Pepper	红萨维纳胡椒
#C92D21	Red Seal	红海豹
#B9090F	Red Sentinel	红色哨兵
#862808	Red Shade Wash	红暗调洗
#FEE0DA	Red Shimmer	红闪烁
#874C62	Red Shrivel	红枯萎
#C8756D	Red Sparowes	红麻雀
#AA262A	Red Square	红场
#AD522E	Red Stage	红色舞台
#FF2222	Red Stop	红站
#CC1133	Red Tape	繁文缛节
#B8383B	Red Team Spirit	红队精神
#AE4930	Red Terra	红大地
#6E3637	Red Theatre	红剧院
#BE0119	Red Tolumnia Orchid	红色托伦米亚兰
#8B2E08	Red Tone Ink	红调墨
#C44D4F	Red Trillium	红延龄草
#B41B40	Red Tuna Fruit	红金枪鱼果
#783B38	Red Velvet	红绒
#5F383C	Red Vine	红藤
#9E0168	Red Violet	红紫罗兰
#9F1A1D	Red Vitality	红色活力
#765952	Red Wattle Hog	红垂肉猪
#885A55	Red Willow	红柳
#722F37	Red Wine Vinegar	红酒醋
#DB5947	Red Wire	红线
#EE1155	Red Wrath	红怒
#E0180C	Red Wrath of Zeus	宙斯红怒
#DD1155	Red-Eye	红眼
#DD2233	Red-Handed	现行犯
#A91F29	Red-Hot Mama	火辣妈咪
#CC0055	Red-Letter Day	吉日红
#A27547	Red-Tailed-Hawk	红尾鹰
#BB2211	Redalicious	红美味
#94332F	Redbox	红盒子
#AD5E65	Redbud	紫荆红
#88455E	Redcurrant	红醋栗
#9C6E63	Reddened Earth	染红大地
#9B4045	Reddest Red	最红之红
#C44240	Reddish	偏红
#FFBB88	Reddish Banana	偏红香蕉
#433635	Reddish Black	偏红黑
#7F2B0A	Reddish Brown	偏红棕
#997570	Reddish Grey	偏红灰
#F8481C	Reddish Orange	偏红橙
#FE2C54	Reddish Pink	偏红粉
#910951	Reddish Purple	偏红紫
#FFF8D5	Reddish White	偏红白
#6E1005	Reddy Brown	雷迪棕
#AE8E7E	Redend Point	红尽头
#F5D6D8	Redneck	红脖子
#EA8A7A	Redolenc	芬芳
#9D4E34	Redridge Brown	红岭棕
#A24D47	Redrock Canyon	红石峡谷
#FF3A2D	Redshift	红移
#E46B71	Redstone	红石
#D90B0B	Redsurrection	红复活
#AF4544	Redtail	红尾
#E7E9D8	Reduced Green	还原绿
#EFDEDF	Reduced Red	还原红
#DAECE7	Reduced Turquoise	还原青
#F0EAD7	Reduced Yellow	减黄
#E55E58	Reductant	还原剂
#98010D	Redwing	红翼
#5B342E	Redwood	红木
#916F5E	Redwood Forest	红木森林
#FF2200	RedЯum	红谋杀
#B0AD96	Reed Bed	芦苇床
#A1A14A	Reed Green	芦苇绿
#CD5E3C	Reed Mace	芦苇肉豆蔻衣
#DCC79E	Reed Yellow	芦苇黄
#A0BCA7	Reeds	芦苇
#017371	Reef	礁石
#93BDCF	Reef Blue	礁石蓝
#00968F	Reef Encounter	礁石邂逅
#0474AD	Reef Escape	礁石逃离
#A98D36	Reef Gold	礁石金
#A5E1C4	Reef Green	礁石绿
#D1EF9F	Reef Refractions	珊瑚礁折射
#274256	Reef Resort	珊瑚礁度假村
#6F9FA9	Reef Waters	礁石水域
#F1EAE2	Refer to the Stars	参考星星
#8C1B3C	Refined Chianti	精制基安蒂
#384543	Refined Green	精致绿
#F1F9EC	Refined Mint	精制薄荷
#AF6879	Refined Rose	精制玫瑰
#234251	Reflecting Pond	倒影池
#DCDFDC	Reflecting Pool	倒影池
#DB899E	Reflecting Rose	反射玫瑰
#D3D5D3	Reflection	倒影
#CADBDF	Reflection Pool	倒影池
#A1D4C8	Refresh	刷新
#CFE587	Refreshed	已刷新
#617A74	Refreshing Green	清爽的绿色
#B7E6E6	Refreshing Pool	清凉泳池
#D7FFFE	Refreshing Primer	清爽底漆
#EBDDA6	Refreshing Tea	沁心茶
#BADFCD	Refrigerator Green	冰箱绿
#607D84	Refuge	避难所
#DAC2B3	Regal	皇家
#6A76AF	Regal Azure	庄严蔚蓝
#2E508A	Regal Destiny	庄严命运
#655777	Regal Gown	庄严礼袍
#A282A9	Regal Orchid	庄严兰花紫
#99484A	Regal Red	庄严红
#9D7374	Regal Rose	庄严玫红
#749E8F	Regal View	庄严景
#A298A2	Regal Violet	庄严紫
#7DB5D3	Regale Blue	盛宴蓝
#522D80	Regalia	王权标志
#664480	Regality	王权
#5382BB	Regatta	帆船赛
#2D5367	Regatta Bay	赛舟海湾
#E1BB87	Regency Cream	摄政奶油
#A78881	Regency Rose	摄政玫瑰
#798488	Regent Grey	摄政格雷
#A0CDD9	Regent St Blue	摄政圣蓝
#D2AA92	Regina Peach	雷吉娜·桃子
#000200	Registration Black	注册黑色
#009999	Regula Barbara Blue	雷古拉·芭芭拉·蓝
#F7250B	Reign of Tomatoes	西红柿的统治
#76679E	Reign Over Me	统治我
#CA6C4D	Reikland	瑞克兰
#DAC0BA	Reindeer	驯鹿
#BDF8A3	Reindeer Moss	驯鹿苔藓
#C4C7A5	Rejuvenate	恢复活力
#A4A783	Rejuvenation	复兴
#B9D2D3	Relax	放松
#A8D19E	Relaxation Green	放松绿
#698A97	Relaxed Blue	轻松蓝
#C8BBA3	Relaxed Khaki	休闲卡其色
#627377	Relaxed Navy	放松海军蓝
#BBAAAA	Relaxed Rhino	轻松的犀牛
#899DAA	Relaxing Blue	放松蓝
#E0EADB	Relaxing Green	放松绿
#AC7C2E	Release the Hounds	释放猎犬
#71713E	Relentless Olive	无情的橄榄
#E8DED3	Reliable White	可靠白
#88789B	Relic	遗物
#906A3A	Relic Bronze	青铜遗物
#BF2133	Relief	缓解
#E9DBDF	Relieved Red	宽慰红
#FF2288	Reliquial Rose	圣物玫瑰
#B3CBAA	Relish	调味酱
#8A4C38	Remaining Embers	残余余烬
#EFE7D6	Remarkable Beige	非凡米色
#974F49	Rembrandt Ruby	伦勃朗红宝石
#8A4536	Remember Me Red	记住我红
#CA9E9C	Remembrance	纪念
#A25D4C	Remington Rust	雷明顿鲁斯特
#EBC8B8	Renaissance Fresco	文艺复兴壁画
#865560	Renaissance Rose	文艺复兴玫瑰
#820747	Renanthera Orchid	火焰兰
#9B4B20	Rendang	仁当
#ABBED0	Rendez-Blue	蓝色约会
#8F968B	Renegade	叛徒
#9CB8B5	Renew Blue	更新蓝色
#B55233	Renga Brick	连歌砖
#989F7A	Renkon Beige	雷孔米色
#B87F84	Rennie’s Rose	雷尼的玫瑰
#B26E33	Reno Sand	里诺沙
#DABE9F	Renoir Bisque	雷诺阿素瓷
#C3B09D	Renwick Beige	伦威克米色
#504E47	Renwick Brown	伦威克棕
#96724C	Renwick Golden Oak	伦威克金橡树
#8B7D7B	Renwick Heather	伦威克石楠
#97896A	Renwick Olive	伦威克橄榄
#AF8871	Renwick Rose Beige	伦威克玫瑰米色
#CCC9C0	Repose Grey	休息灰
#24DA91	Reptile Green	爬虫绿
#5E582B	Reptile Revenge	爬虫复仇
#009E82	Reptilian Green	爬行动物绿
#8F9961	Reptilian Leader	爬行动物领袖
#DE0100	Republican	共和党
#4E3F44	Requiem	安魂曲
#B9B2A9	Requisite Grey	必要灰
#9DA98C	Reseda	瑞西达
#75946B	Reseda Green	瑞西达绿
#8C7544	Reservation	预订
#AC8A98	Reserve	预订
#E2E1D6	Reserved Beige	保留米色
#D2D8DE	Reserved Blue	保留蓝色
#E0E0D9	Reserved White	保留白色
#01638B	Reservoir	水库
#85B0C4	Resolute Blue	坚毅蓝
#002387	Resolution Blue	分辨率蓝色
#01A2C6	Resonant Blue	共振蓝
#F4D7C5	Resort Sunrise	日出度假村
#907D66	Resort Tan	谭度假村
#F4F1E4	Resort White	度假村白
#CD8E89	Resounding Rose	响亮的玫瑰
#97B4C3	Respite	休息一下
#B4A8B1	Resplendent	灿烂
#3D8B37	Resplendent Growth	辉煌成长
#9BBFC9	Rest Assured	放心
#BBBBA4	Restful	平安
#8C7E6F	Restful Brown	宁静的棕色
#F1F2DD	Restful Rain	平安雨
#B1C7C9	Restful Retreat	宁静的静修
#EEE8D7	Restful White	宁静的白色
#BCC8BE	Resting Place	休息处
#38515D	Restless Sea	不安的大海
#939581	Restoration	恢复
#E9E1CA	Restoration Ivory	修复象牙
#D2B084	Restrained Gold	克制金
#D9CDC3	Reticence	沉默
#B6C7E0	Retina Soft Blue	视网膜软蓝色
#D5EAE8	Retiring Blue	退役蓝色
#7A8076	Retreat	隐居
#C39E81	Retributor Armour Metal	惩罚者装甲金属
#9BDC96	Retro	复古
#958D45	Retro Avocado	复古牛油果
#2B62F4	Retro Blue	复古蓝
#19CC89	Retro Lime	复古青柠
#9FCDB1	Retro Mint	复古薄荷
#EF7D16	Retro Nectarine	复古油桃
#E85112	Retro Orange	复古橙
#E7C0AD	Retro Peach	复古桃
#B48286	Retro Pink	复古粉
#FF0073	Retro Pink Pop	复古粉流行
#CB9711	Retro Vibe	复古氛围
#5A758A	Retro-Colonial Blue	复古殖民蓝
#936630	Retrofit	改造
#4C6B8A	Revel Blue	狂欢蓝
#67B8CE	Revelry Blue	狂欢蓝
#C59782	Revenant Brown	亡魂棕
#8A7C75	Revere Greige	里维尔坯布
#A78FAF	Revered	崇敬
#F4E5E1	Reverie Pink	遐想粉红
#080808	Reversed Grey	反灰色
#5F81A4	Revival	复兴
#665043	Revival Mahogany	复兴桃花心木
#7F4E47	Revival of the Red	复兴红
#C09084	Revival Rose	复兴玫红
#E8E097	Reviving Green	复兴绿色
#37363F	Revolver	左轮手枪
#B46848	Reynard	雷纳德
#DC9E94	Rhapsodic	狂想曲
#9C83A8	Rhapsody	狂想曲
#002244	Rhapsody in Blue	蓝色狂想曲
#BABFDC	Rhapsody Lilac	紫丁香狂想曲
#74676C	Rhapsody Rap	狂想曲说唱
#969565	Rhind Papyrus	莱茵纸莎草纸
#5F5E5F	Rhine Castle	莱茵城堡
#E3EADB	Rhine Falls	莱茵瀑布
#AB3560	Rhine River Rose	莱茵河玫瑰
#C87291	Rhine Wine	莱茵酒
#8E6C94	Rhinestone	莱茵石
#3D4653	Rhino	犀牛
#D4A278	Rhino Tusk	犀牛獠牙
#727A7C	Rhinoceros	犀牛
#440011	Rhinoceros Beetle	犀牛甲虫
#493435	Rhinox Hide	犀牛皮
#9B5B55	Rhode Island Red	罗德岛红
#89C0E6	Rhodes	罗德岛
#7D2F45	Rhododendron	杜鹃花
#F3B3C5	Rhodonite	蔷薇辉石
#4D4141	Rhodonite Brown	蔷薇辉石棕
#330018	Rhodophobia	红恐惧症
#7F222E	Rhubarb	大黄
#D9A6C1	Rhubarb Gin	大黄金酒
#BCA872	Rhubarb Leaf Green	大黄叶绿
#D78187	Rhubarb Pie	大黄派
#8C474B	Rhubarb Smoothie	大黄冰沙
#CB7841	Rhumba Orange	伦巴橙
#383867	Rhynchites Nitens	雷奇特·尼滕斯
#BECEB4	Rhys	里斯
#767194	Rhythm	节奏
#70767B	Rhythm & Blues	节奏与蓝调
#B8D5D7	Rhythmic Blue	韵律蓝
#914D57	Rialto	里亚托
#F1E7D5	Rice Bowl	饭碗
#EFECDE	Rice Cake	米蛋糕
#E0CCB6	Rice Crackers	米果
#B2854A	Rice Curry	米咖喱
#E4D8AB	Rice Fibre	大米纤维
#EFF5D1	Rice Flower	米花
#DFD4B0	Rice Paddy	稻田
#FFFCDB	Rice Paper	米纸
#FFF0E3	Rice Pudding	米布丁
#F5E7C8	Rice Wine	米酒红
#977540	Rich and Rare	浓稀有
#948165	Rich Biscuit	浓饼干
#004040	Rich Black	浓黑
#021BF9	Rich Blue	浓蓝
#514142	Rich Bordeaux	浓波尔多红
#F1A7FE	Rich Brilliant Lavender	浓辉煌薰衣草紫
#925850	Rich Brocade	浓锦缎
#715E4F	Rich Brown	浓棕
#D70041	Rich Carmine	浓胭脂红
#6F4136	Rich Chocolate	浓巧克力
#BF7D52	Rich Copper	浓铜
#FAEAC3	Rich Cream	浓奶油
#0892D0	Rich Electric Blue	浓电光蓝
#F57F4F	Rich Gardenia	浓栀子
#DE7A63	Rich Georgia Clay	丰富的乔治亚粘土
#FFE8A0	Rich Glow	浓辉光
#AA8833	Rich Gold	浓金
#218845	Rich Green	浓绿
#324943	Rich Grey Turquoise	浓灰青
#F9BC7D	Rich Honey	浓蜂蜜
#FFF0C4	Rich Ivory	浓象牙
#A76BCF	Rich Lavender	浓薰衣草紫
#B666D2	Rich Lilac	浓丁香紫
#583D37	Rich Loam	肥沃的壤土
#604944	Rich Mahogany	浓桃花心木
#B0306A	Rich Maroon	浓栗色
#745342	Rich Mocha	浓摩卡
#A7855A	Rich Oak	浓橡
#3E4740	Rich Olive	浓橄榄
#6B7172	Rich Pewter	浓锡器
#B5C9D3	Rich Porcelain Blue	浓瓷器蓝
#720058	Rich Purple	浓紫
#FF1144	Rich Red	浓红
#7C3651	Rich Red Violet	浓红紫罗兰
#B9A37F	Rich Reward	丰厚奖励
#A87C3E	Rich Sorrel	浓酸模
#B39C89	Rich Taupe	浓灰褐
#645671	Rich Texture	丰富的质感
#50578B	Rich Violet	浓紫罗兰
#7C5F4A	Rich Walnut	浓核桃
#854C47	Richardson Brick	理查森·布里克
#A6A660	Rickrack	瑞克瑞克
#817C74	Ricochet	跳弹
#F3CF64	Ride off Into the Sunset	骑行进入日落
#B2C8DD	Ridge Light	山岭浅
#A3AAB8	Ridge View	山岭景
#EF985C	Ridgeback	脊背犬
#9D8861	Ridgecrest	里奇克莱斯特
#7A5D46	Ridgeline	山脊线
#734A35	Riding Boots	马靴
#A0A197	Riding Star	骑行之星
#BFB065	Riesling Grape	雷司令葡萄
#414833	Rifle Green	步枪绿
#B2B3A7	Rigani	里加尼
#A0A082	Rigby Ridge	里格比岭
#C0E1E4	Right as Rain	恰似雨
#534A32	Rikan Brown	理坎棕
#826B58	Rikyū Brown	利休布朗
#656255	Rikyūnezumi Brown	利休鼠棕
#B0927A	Rikyūshira Brown	利休白棕
#C7B39E	Rincon Cove	林孔湾
#B4D9D8	Ring Box Blue	环盒蓝
#FBEDBE	Ringlet	小环
#D5D9DD	Rinse	冲洗
#FF7952	Rinsed-Out Red	冲洗红
#B7C61A	Rio Grande	里奥格兰德
#92242E	Rio Red	里约红
#926956	Rio Rust	里奥·鲁斯特
#CAE1DA	Rio Sky	里约天空
#DFAB56	Rip Cord	撕裂绳
#8FA4D2	Rip Van Periwinkle	瑞普·凡·长春花
#94312F	Ripasso	里帕索
#CF9D41	Ripe Banana	熟香蕉
#5C5666	Ripe Berry	熟浆果
#FBB363	Ripe Cantaloupe	成熟的哈密瓜
#C3556F	Ripe Cherry	熟樱桃
#8A3C3E	Ripe Currant	成熟的醋栗
#492D35	Ripe Eggplant	熟茄紫
#6A5254	Ripe Fig	熟无花果
#747A2C	Ripe Green	熟绿
#A259CE	Ripe Lavander	成熟的薰衣草
#F4D81C	Ripe Lemon	熟柠檬
#F5576C	Ripe Malinka	成熟的马林卡
#FFC324	Ripe Mango	熟芒果
#FEBAAD	Ripe Melon	熟瓜
#62465B	Ripe Mulberry	熟桑葚
#44483D	Ripe Olive	熟橄榄
#BE6A3C	Ripe Peach	熟桃
#E1E36E	Ripe Pear	熟梨
#FFE07B	Ripe Pineapple	熟菠萝
#410056	Ripe Plum	熟梅紫
#FFAF37	Ripe Pumpkin	熟南瓜
#7E3947	Ripe Rhubarb	熟大黄
#E3C494	Ripe Wheat	熟小麦
#6F3942	Ripening Grape	成熟的葡萄
#D3DCDC	Ripple	涟漪
#C4C5BC	Rippled Rock	波纹岩石
#C4BEA8	Rippling Stone	涟漪石
#89D9C8	Riptide	激流
#FFE99E	Rise and Shine	崛起并闪耀
#978888	Rising Ash	升起灰烬
#F7F6D5	Rising Star	升起星
#CBD6D8	Rising Tide	涨潮
#6A7E88	Risk-Reward	风险回报
#F8F5E9	Risotto	意大利烩饭
#00AA55	Rita Repulsa	丽塔·雷普尔萨
#BA7176	Rita’s Rouge	丽塔的胭脂
#FFEBA9	Rite of Spring	春之祭
#293286	Ritterlich Blue	里特利希蓝
#767081	Ritual	仪式
#533844	Ritual Experience	仪式体验
#D79C5F	Ritzy	瑞兹
#38AFCD	River Blue	河蓝
#C7B5A9	River Clay	河黏土
#545B45	River Forest	河森林
#248591	River Fountain	河喷泉
#6C6C5F	River God	河神
#D6E1D4	River Mist	河薄雾
#A08B71	River Mud	河泥
#AE9474	River Oak	河橡
#E4B55D	River of Gold	河金
#A39C92	River Pebble	河卵石
#DEDBC4	River Reed	河芦苇
#AE8D6B	River Road	河路
#D8CDC4	River Rock	河岩石
#EC9B9D	River Rouge	河胭脂
#DFDCD5	River Shark	河鲨
#161820	River Styx	冥河
#848B99	River Tour	河游
#94A5B7	River Valley	河山谷
#D9E0DE	River Veil	河面纱
#AE9E87	Riverbank	河岸
#86BEBE	Riverbed	河床
#486B65	Riverbend	河湾
#BEC5BA	Riverdale	河谷镇
#84A27B	Rivergrass	河草
#AFD9D7	Rivers Edge	河边
#4E6F95	Riverside	河滨
#6CB4C3	Riverside Blue	河滨蓝
#757878	Riverstone	河石
#5D7274	Riverway	河道
#B7A9A2	Riveter Rose	铆工玫瑰
#189FAC	Riviera	里维埃拉
#C0AE96	Riviera Beach	里维埃拉海滩
#65B4D8	Riviera Blue	里维埃拉蓝
#C9A88D	Riviera Clay	里维埃拉黏土
#E6D9CA	Riviera Dune	里维埃拉沙丘
#009A9E	Riviera Paradise	里维埃拉天堂
#D9C0A6	Riviera Retreat	里维埃拉隐居
#F7B1A6	Riviera Rose	里维埃拉玫红
#DFC6A0	Riviera Sand	里维埃拉沙
#1B8188	Riviera Sea	里维埃拉海
#D5DAE1	Rivulet	溪流
#605655	Rix	里克斯
#8B7B6E	Road Less-Travelled	少有人走的路
#C8C0B7	Roadrunner	走鹃
#ADA493	Roadside	路边
#E1E0D7	Roadster White	敞篷跑车白
#F3DEA2	Roadster Yellow	敞篷跑车黄
#857373	Roaming Pony	漫游小马
#885156	Roan Rouge	罗恩鲁日
#372B25	Roanoke	罗阿诺克
#8F837D	Roanoke Taupe	罗阿诺克灰褐色
#B39C9E	Roaring Twenties	咆哮的二十岁
#704341	Roast Coffee	烤肉咖啡
#785246	Roasted	烤
#D2B49C	Roasted Almond	烤杏仁
#655A5C	Roasted Black	烤黑
#8F8176	Roasted Cashew	烤腰果
#EA993B	Roasted Chestnut	烤栗
#AB8C72	Roasted Coconut	烤椰子
#684134	Roasted Coffee	烤咖啡
#AF967D	Roasted Hazelnut	烤榛子
#574037	Roasted Kona	烤科纳
#604D42	Roasted Nuts	烤坚果
#93542B	Roasted Pecan	烤山核桃
#890A01	Roasted Pepper	烤胡椒
#C9B27C	Roasted Pistachio	烤开心果绿
#E1A175	Roasted Seeds	烤种子
#625342	Roasted Sepia	烤深褐
#FEC36B	Roasted Sesame	烤芝麻
#EA7E5D	Roasted Sienna	烤赭色
#E6A255	Roasted Squash	烤南瓜
#692302	Roastery	烘焙工坊
#DDAD56	Rob Roy	罗布·罗伊
#654F4F	Robeson Rose	罗伯逊·罗斯
#6DEDFD	Robin’s Egg	罗宾蛋
#ABC3CA	Robin’s Pride	罗宾的骄傲
#6E6A3B	Robinhood	罗宾汉
#ADADAD	Robo Master	机器人大师
#EEEE11	Robot Grendizer Gold	机器人粉碎者黄金
#94A2B1	Robotic Gods	机器人神
#C4633E	Robust Orange	坚固的橙色
#5A4D41	Rock	岩石
#93A2BA	Rock Blue	岩石蓝
#484C49	Rock Bottom	最低谷
#DEE1DF	Rock Candy	岩石糖果
#C0AF92	Rock Cliffs	岩石悬崖
#688082	Rock Creek	岩石小溪
#CECBCB	Rock Crystal	岩石水晶
#465448	Rock Garden	岩石花园
#F00B52	Rock Lobster	岩石龙虾
#A1968C	Rock Slide	岩石滑坡
#BDC2BD	Rock Solid	坚如磐石
#9D442D	Rock Spray	岩石浪花
#C58BBA	Rock Star Pink	岩石星粉
#8B785C	Rock’n Oak	摇滚橡树
#FC8AAA	Rock’n’Rose	摇滚玫瑰
#6C7186	Rockabilly	摇滚乐
#F4E4E0	Rockabye Baby	摇滚宝贝
#FEFBE5	Rocket Fuel	火箭燃料
#BEBEC3	Rocket Man	火箭人
#8A7F80	Rocket Metallic	火箭金属
#FF3311	Rocket Science	火箭科学
#AABBAA	Rockfall	落石
#BC363C	Rockin Red	摇滚红
#721F37	Rocking Chair	摇椅
#90413D	Rocking Chair Red	摇椅红
#31A2F2	Rockman Blue	洛克人蓝
#D3E0B1	Rockmelon Rind	哈密瓜皮
#519EA1	Rockpool	石池
#8E7D62	Rocks of Normandy	诺曼底的岩石
#6D7E42	Rockwall Vine	岩壁藤蔓
#443735	Rockweed	岩草
#C8E0BA	Rockwood Jade	石木玉
#B3AEA8	Rocky Bluffs	洛基悬崖
#BABBAD	Rocky Cliff	岩石悬崖
#3E4D50	Rocky Creek	岩石小溪
#567B8A	Rocky Hill	岩石丘陵
#A9867D	Rocky Mountain	岩石山
#D4D4D2	Rocky Mountain Mist	岩石山薄雾
#76443E	Rocky Mountain Red	岩石山红
#B5BFBD	Rocky Mountain Sky	岩石山天空
#B27A47	Rocky Racoon	洛奇浣熊
#918C86	Rocky Ridge	岩石山岭
#5E706A	Rocky River	岩石河
#64453C	Rocky Road	岩石路
#B8BABA	Rocky Shelter	洛基庇护所
#C33846	Rococco Red	洛可可红
#DFD6C1	Rococo Beige	洛可可米色
#977447	Rococo Gold	洛可可金
#FDDC5C	Rodan Gold	罗丹金
#7F5E46	Rodeo	牛仔竞技表演
#C7A384	Rodeo Dust	牛仔竞技尘埃
#A24B3A	Rodeo Red	牛仔竞技红
#A68E6D	Rodeo Roundup	牛仔竞技综述
#A78B74	Rodeo Tan	牛仔竞技谭
#B2B26C	Rodham	罗德姆
#A68370	Roebuck	罗巴克
#883311	Rogan Josh	罗根·乔什
#807A6C	Rogue	盗贼
#4B5764	Rogue Blue	盗贼蓝
#BA9E88	Rogue Cowboy	流氓牛仔
#F8A4C0	Rogue Pink	盗贼粉红
#4E7376	Rogue Waters	流氓水域
#734A45	Rohwurst	香肠
#B57466	Rojo Dust	红尘
#4B3029	Rojo Marrón	罗霍·马龙
#8D4942	Rojo Oxide	红氧化氧化物
#665343	Rokō Brown	Rokō棕
#8C7042	Rokou Brown	罗库棕
#407A52	Rokushō Green	六所绿
#BB5522	Roland-Garros	罗兰·加洛斯
#8C8578	Roller Coaster	过山车
#0078BE	Roller Coaster Chariot	过山车战车
#8CFFDB	Roller Derby	轮滑德比
#6D5698	Rollick	罗利克
#A9BE9E	Rolling Glen	罗林格伦
#7C7E6A	Rolling Hills	连绵起伏的丘陵
#A09482	Rolling Pebble	滚动的卵石
#A29367	Rolling Prairie	连绵的草原
#5A6D77	Rolling Sea	滚滚海
#6D7876	Rolling Stone	滚石
#BFD1C9	Rolling Waves	滚滚波浪
#C0D2AD	Romaine	罗马生菜
#A38E00	Romaine Green	罗马绿
#D8625B	Roman	罗马
#8C97A3	Roman Bath	罗马浴
#AB7F5B	Roman Brick	罗马砖
#514100	Roman Bronze	罗马古铜
#7D6757	Roman Coffee	罗马咖啡
#AC8760	Roman Coin	罗马硬币
#F6F0E2	Roman Column	罗马柱
#EE1111	Roman Empire Red	罗马帝国红
#D19B2F	Roman Gold	罗马金
#DAD1CE	Roman Mosaic	罗马马赛克
#DDD2BF	Roman Plaster	罗马石膏
#524765	Roman Purple	罗马紫
#C0B5A0	Roman Ruins	罗马遗址
#838996	Roman Silver	罗马银
#A49593	Roman Snail	罗马蜗牛
#4D517F	Roman Violet	罗马紫罗兰
#B0ADA0	Roman Wall	罗马墙
#DEEDEB	Roman White	罗马白
#F4F0E6	Romance	浪漫
#7983A4	Romanesque	罗马式
#D0AF7A	Romanesque Gold	罗马式金
#3B0346	Romanic Scene	浪漫场景
#B97DA8	Romanov Mauve	罗曼诺夫淡紫
#FFC69E	Romantic	浪漫
#E0BEDF	Romantic Ballad	浪漫歌谣
#E7E0EE	Romantic Cruise	浪漫巡航
#EED1CD	Romantic Déjà Vu	浪漫似曾相识
#B23E4F	Romantic Embers	浪漫余烬
#A497A1	Romantic Holiday	浪漫假日
#007C75	Romantic Isle	浪漫岛
#9076AE	Romantic Moment	浪漫时刻
#FCD5CB	Romantic Morn	浪漫晨
#DDBBDD	Romantic Morning	浪漫早晨
#96353A	Romantic Night	浪漫夜
#CAC0CE	Romantic Poetry	浪漫诗
#AA4488	Romantic Rose	浪漫玫红
#A2101B	Romantic Thriller	浪漫惊悚片
#991166	Romantic Vampire	浪漫吸血鬼
#DACFC5	Romantic White	浪漫白
#E3D2CE	Romeo	罗密欧
#A4233C	Romeo O Romeo	罗密欧欧罗密欧
#F48101	Romesco	罗梅斯科
#983D48	Romp	欢闹
#DFC1A8	Romulus	罗慕路斯
#EAB852	Ronchi	朗奇
#A60044	Rondo of Blood	血之轮舞
#A14743	Roof Terracotta	屋顶陶土
#043132	Roof Tile Green	瓦片绿
#9EAD92	Rooftop Garden	屋顶花园
#AE3C29	Rooibos Tea	路易波士茶茶
#C08650	Rookwood Amber	鲁克伍德琥珀
#A58258	Rookwood Antique Gold	鲁克伍德古旧金
#738478	Rookwood Blue Green	鲁克伍德蓝绿
#7F614A	Rookwood Brown	鲁克伍德棕
#9A7E64	Rookwood Clay	鲁克伍德黏土
#5F4D43	Rookwood Dark Brown	鲁克伍德深棕
#565C4A	Rookwood Dark Green	鲁克伍德深绿
#4B2929	Rookwood Dark Red	鲁克伍德深红
#979F7F	Rookwood Jade	鲁克伍德翡翠
#6E5241	Rookwood Medium Brown	鲁克伍德中棕
#622F2D	Rookwood Red	鲁克伍德红
#506A67	Rookwood Sash Green	鲁克伍德窗框绿
#303B39	Rookwood Shutter Green	鲁克伍德百叶绿
#975840	Rookwood Terra Cotta	鲁克伍德大地陶
#96463F	Rooster Comb	公鸡梳子
#81544A	Root Beer	根啤酒
#CFA46B	Root Beer Float	根汁汽水
#290E05	Root Brew	根酿造
#6B3226	Root Brown	根棕
#C83A40	Root Chakra	根脉轮
#5F4F3E	Rooted	扎根
#4E3C32	Rootstock	砧木
#8E593C	Rope	绳子
#AEC6CF	Roquefort Blue	羊乳干酪蓝
#FE86A4	Rosa	罗莎
#EFD9E1	Rosa Bonito	罗莎博尼托
#C77579	Rosa Chinensis	月季
#F0E3DF	Rosa Vieja	罗莎·维哈
#A38887	Rosaline Pearl	罗莎琳珍珠
#FAEADD	Rosarian	罗萨里安
#D9BEBB	Rosario Ridge	罗萨里奥岭
#998871	Roscoe Village	罗斯科村
#FF007F	Rose	玫红
#F7746B	Rosé	桃红葡萄酒
#B5ACAB	Rose Ashes	玫红灰烬
#F1C6CA	Rose Aspect	玫瑰方面
#E3CBC4	Rose Beige	玫红米色
#C6A499	Rose Bisque	玫红浓汤
#F9429E	Rose Bonbon	玫瑰糖果
#80565B	Rose Branch	玫红枝条
#996C6E	Rose Brocade	玫红锦缎
#BC8E8F	Rose Brown	玫红棕
#F0738A	Rose Cheeks	玫瑰脸颊
#DAB09E	Rose Cloud	玫红云
#DCB6B5	Rose Coloured	玫红色
#E5C4C0	Rose Coloured Glasses	玫瑰色眼镜
#EFE0DE	Rose Cream	玫红奶油
#FF9EDE	Rose Daphne	玫瑰达芙妮
#B38380	Rose Dawn	玫红黎明
#CB8E81	Rose de Mai	五月玫瑰
#E099AD	Rose Delight	玫红喜悦
#EECFFE	Rose Dragée	玫瑰糖衣
#E5A192	Rose Dusk	玫红黄昏
#CDB2A5	Rose Dust	玫红尘
#674846	Rose Ebony	玫红乌木
#E9A1B8	Rose Elegance	玫红优雅
#C59EA1	Rose Embroidery	玫瑰刺绣
#F29B89	Rose Essence	玫红精华
#F1E8EC	Rose Fantasy	玫瑰幻想
#E7BCB4	Rose Fog	玫红雾
#FFECE9	Rose Frost	玫红霜
#F96653	Rose Fusion	玫红融合
#DA9EC8	Rose Garden	玫红花园
#865A64	Rose Garland	玫瑰花环
#960145	Rose Garnet	玫红石榴石
#E585A5	Rose Glory	玫红荣光
#FFDBEB	Rose Glow	玫红辉光
#B76E79	Rose Gold	玫红金
#ECC5C0	Rose Haze	玫红霾
#FD0E35	Rose Hip	玫瑰果
#DBB9B6	Rose Hip Tonic	玫瑰果补品
#A6465B	Rose Laffy Taffy	玫瑰拉菲太妃糖
#E8AEA2	Rose Linen	玫红亚麻
#ECD7C6	Rose Lotion	玫瑰乳液
#E33636	Rose Madder	玫红茜草
#F4AAC7	Rose Mallow	玫瑰锦葵
#CEB9C4	Rose Marble	玫红大理石
#A76464	Rose Marquee	玫瑰字幕
#DD94A1	Rose Marquis	玫瑰侯爵
#AF9690	Rose Mauve	玫红淡紫
#C4989E	Rose Meadow	玫红草地
#ECBFC9	Rose Melody	玫红旋律
#F6D2D4	Rose Milk	玫红奶
#FFE9ED	Rose Mochi	玫瑰麻糬
#AC512D	Rose of Sharon	沙龙玫瑰
#DFD4CC	Rose Pearl	玫红珍珠
#E6C1BB	Rose Petal	玫红花瓣
#FF66CC	Rose Pink	玫红粉
#7C383E	Rose Pink Villa	玫红粉别墅
#C9A59F	Rose Potpourri	玫瑰花香
#D0A29E	Rose Pottery	玫红陶器
#F7CAC1	Rose Quartz	玫红石英
#C92351	Rose Red	玫红
#F4C0C6	Rose Reminder	玫瑰提醒
#DD2255	Rose Rush	玫红涌
#CE858F	Rose Sachet	玫红香包
#F9C2CD	Rose Shadow	玫红暗影
#E7AFA8	Rose Silk	玫红丝
#CEADA3	Rose Smoke	玫红烟
#E08395	Rose Soiree	玫瑰晚会
#FBD3CD	Rose Sorbet	玫红冰糕
#C290C5	Rose Souvenir	玫瑰纪念品
#D3B6BA	Rose Stain	玫红染色
#FAE6E5	Rose Sugar	玫红糖
#FAE8E1	Rose Tan	玫红棕褐
#E1A890	Rose Tattoo	玫瑰纹身
#905D5D	Rose Taupe	玫红灰褐
#B48993	Rose Tea	玫红茶
#FFDDDD	Rose Tonic	玫红汤力
#DB5079	Rose Turkish Delight	玫红土耳其喜悦
#AB4E5F	Rose Vale	玫瑰谷
#F2DBD6	Rose Vapour	玫红蒸汽
#C44D97	Rose Violet	玫红紫罗兰
#FBEEE8	Rose White	玫红白
#9D5C75	Rose Wine	玫红酒红
#D9BCB7	Rose Yoghurt	玫红酸奶
#F7E5DB	Roseate	玫瑰色
#E7B6BC	Roseate Hues	玫瑰色
#E0ADC4	Roseate Spoonbill	玫瑰琵鹭
#CB9AAD	Rosebay	罗斯贝
#F4A6A1	Roseberry	罗斯伯里
#E290B2	Rosebloom	玫瑰花
#E0CDD1	Rosebud	玫瑰花蕾
#8A2D52	Rosebud Cherry	玫瑰花蕾樱桃
#EEBBDD	Rosecco	罗塞科
#7B7FA9	Roseine Plum	玫瑰梅子
#926566	Roseland	罗斯兰
#F0DEE4	Roselle	洛神花
#819B4F	Rosemarried	罗斯结婚
#405E5C	Rosemary	迷迭香
#699B72	Rosemary Green	迷迭香绿
#626A52	Rosemary Sprig	迷迭香小枝
#DFE3DB	Rosemary White	迷迭香白
#BC8A90	Rosenkavalier	玫瑰骑士
#AA3646	Roses Are Red	玫瑰红
#E7AECD	Roses in the Snow	玫瑰雪
#BA8F7F	Rosetta	罗塞塔
#CE8E8B	Rosette	花环
#D7A491	Rosettee	玫瑰花结
#CF929A	Rosetti	罗塞蒂
#D8A2A5	Rosetti Pink	罗塞蒂粉色
#B495B0	Roseville	罗斯维尔
#F6DBD8	Rosewater	玫瑰水
#65000B	Rosewood	花梨木
#D39EA2	Rosewood Apricot	花梨木杏
#72371C	Rosewood Brown	花梨木棕
#EBBEB5	Rosewood Dreams	花梨木梦
#FAC8CE	Rosey Afterglow	罗西余辉
#FFBBCC	Rosie	罗西
#EFE4E9	Rosie Posie	罗西·波西
#BE7583	Rosily	罗西莉
#39382F	Rosin	松香
#B319AB	Rosolanc Purple	罗索兰紫
#C4091E	Rossini Red	罗西尼红
#D40000	Rosso Corsa	红科莎
#BE89A8	Rosy	绯红
#D8B3B9	Rosy Aura	绯红光环
#BC8F8F	Rosy Brown	绯红棕
#DC506E	Rosy Cheeks	红润的脸颊
#FEDECD	Rosy Cloud	绯红云
#CF8974	Rosy Copper	绯红铜
#CC77FF	Rosy Fluffy Bedspread	玫瑰色蓬松床罩
#E7C0BC	Rosy Glow	绯红辉光
#F7D994	Rosy Highlight	玫瑰色亮点
#D7C7D0	Rosy Lavender	绯红薰衣草紫
#C6B4B2	Rosy Linen	绯红亚麻
#FEC9ED	Rosy Maple Moth	绯红枫蛾
#F2C2E1	Rosy Nectar	绯红花蜜
#F5AB9E	Rosy Outlook	玫瑰色的前景
#D38469	Rosy Pashmina	玫瑰色帕什米娜
#F6688E	Rosy Pink	绯红粉
#CF9384	Rosy Queen	绯红女王
#735551	Rosy Sandstone	绯红砂岩
#F7B978	Rosy Skin	绯红肌肤
#D95854	Rosy Sunset	绯红日落
#C8ABA7	Rosy Tan	绯红棕褐
#B69642	Roti	罗蒂
#F5E0BF	Rotunda Gold	金色圆形大厅
#D7D1C6	Rotunda White	圆形大厅白色
#AB1239	Rouge	胭脂
#814D54	Rouge Charm	胭脂魅力
#A94064	Rouge Like	胭脂般
#E24666	Rouge Red	胭脂红
#EE2233	Rouge Sarde	红沙德
#BDBEBF	Rough Asphalt	粗糙沥青
#7A8687	Rough Ride	艰难的旅程
#9EA2AA	Rough Stone	原石
#97635F	Roulette	轮盘赌
#EAD6AF	Rousseau Gold	卢梭金
#175844	Rousseau Green	卢梭·格林
#994400	Roux	鲁
#BFB8AD	Row House	联排别墅
#D2BB9D	Row House Tan	谭排屋
#CB0162	Rowan	罗文
#EAA007	Rowdy Orange	吵闹的橙子
#8E8E6E	Rowntree	朗特里
#7A5546	Roxy Brown	罗克西棕
#0C1793	Royal	皇家
#550344	Royal Ash	皇家灰
#0038A8	Royal Azure	皇家蔚蓝
#C74767	Royal Banner	皇家旗帜
#2F3844	Royal Battle	皇家之战
#105E80	Royal Blood	皇家血
#4169E1	Royal Blue	皇家蓝
#082D4F	Royal Blue Metallic	皇家蓝金属
#1600FC	Royal Blue Tang	宝蓝色唐
#F26E54	Royal Blush	皇家绯红
#275779	Royal Breeze	皇家微风
#523B35	Royal Brown	皇家棕
#16A5A3	Royal Cloak	皇家斗篷
#2E5686	Royal Consort	贵妃
#3E3542	Royal Coronation	皇家加冕礼
#4F325E	Royal Crown	皇家王冠
#282A4A	Royal Curtsy	皇家屈膝礼
#403547	Royal Decree	皇家法令
#7B5867	Royal Fig	皇家无花果
#A0365F	Royal Flush	皇家红晕
#EE6600	Royal Flycatcher Crest	皇家捕蝇器徽章
#747792	Royal Fortune	皇家财富
#CA2C92	Royal Fuchsia	皇家紫红
#653A3D	Royal Garnet	皇家石榴石
#9791BC	Royal Glimmer	皇家微光
#D4CA8E	Royal Goblet	皇家高脚杯
#E1BC8A	Royal Gold	皇家金
#D0A54E	Royal Gold Pearl	皇家金珍珠
#A152BD	Royal Gramma Purple	皇家格拉玛紫
#698396	Royal Grey	皇家灰
#B54B73	Royal Heath	皇家荒原
#4411EE	Royal Hunter Blue	皇家猎人绿蓝
#3F5948	Royal Hunter Green	皇家猎人绿
#464B6A	Royal Hyacinth	皇家风信子
#4E4260	Royal Indigo	皇家靛蓝
#687094	Royal Intrigue	皇家阴谋
#553E42	Royal Iris	皇家鸢尾
#787866	Royal Ivy	皇家常春藤
#7851A9	Royal Lavender	皇家薰衣草紫
#84549B	Royal Lilac	皇家丁香紫
#6E3D58	Royal Lines	皇家航线
#784D40	Royal Liqueur	皇家利口酒
#DA202A	Royal Mail Red	皇家邮政红色
#543938	Royal Maroon	皇家栗色
#545E97	Royal Marquis	皇家侯爵
#A1A0B7	Royal Mile	皇家大道
#F7CFB4	Royal Milk Tea	皇家奶茶
#45505B	Royal Navy	皇家海军蓝
#0066CC	Royal Navy Blue	皇家海军蓝
#1C3B42	Royal Neptune	皇家海王星
#2B3191	Royal Night	皇家夜
#533CC6	Royal Nightcore	皇家夜核
#879473	Royal Oakleaf	皇家橡树叶
#FF7722	Royal Oranje	皇家橙衣军团
#5F6D59	Royal Orchard	皇家果园
#418D84	Royal Palm	皇家棕榈
#27ACE0	Royal Peacock	皇家孔雀
#355E5A	Royal Pine	皇家松
#654161	Royal Plum	皇家梅紫
#A063A1	Royal Pretender	皇家伪装者
#AAA0BC	Royal Proclamation	皇家公告
#4B006E	Royal Purple	皇家紫
#881177	Royal Purpleness	皇家紫
#806F72	Royal Raisin	皇家葡萄干
#60456D	Royal Rajah	皇家拉惹
#8F7BB7	Royal Raul	皇家劳尔
#8E3C3F	Royal Red Flush	皇家红晕
#678BC9	Royal Regatta	皇家帆船赛
#614A7B	Royal Robe	皇家袍
#A54A4A	Royal Rum	皇家朗姆
#4B3841	Royal Silk	皇家丝
#E0DDDD	Royal Silver	皇家银
#FEDE4F	Royal Star	皇家星
#494256	Royal Treatment	皇家待遇
#513E4D	Royal Velvet	皇家绒
#4433EE	Royal Vessel	皇家船只
#3E4967	Royal Wave	皇家波浪
#FBE3E3	Royal Wedding	皇家婚礼
#463699	Royal Wisteria	皇家紫藤
#FADA50	Royal Yellow	皇家黄
#5930A9	Royalty	皇室
#AE58AB	Royalty Loyalty	皇室忠诚度
#A76251	Roycroft Adobe	罗伊克罗夫特土坯
#324038	Roycroft Bottle Green	罗伊克罗夫特深绿色
#7A6A51	Roycroft Brass	罗伊克罗夫特黄铜
#575449	Roycroft Bronze Green	罗伊克罗夫特古铜绿
#7B3728	Roycroft Copper Red	罗伊克罗夫特铜红
#C2BDB1	Roycroft Mist Grey	罗伊克罗夫特雾灰色
#616564	Roycroft Pewter	罗伊克罗夫特锡镴
#C08F80	Roycroft Rose	罗伊克罗夫特·罗斯
#A79473	Roycroft Suede	罗伊克罗夫特绒面革
#E8D9BD	Roycroft Vellum	罗伊克罗夫特牛皮纸
#F2A8B8	Rozowy Pink	罗佐威粉红
#C11C84	Rrosy-Fingered Dawn	红指黎明
#5F5547	Rub Elbows	擦肘部
#815D37	Rubber	橡胶
#CE4676	Rubber Band	橡皮筋
#FACF58	Rubber Ducky	橡皮鸭
#FF9999	Rubber Radish	橡胶萝卜
#FFC5CB	Rubber Rose	橡胶玫红
#C04042	Rubiate	鲁比亚特
#C5B9B4	Rubidium	铷
#6C383C	Rubine	鲁宾
#D10056	Rubine Red	宝石红
#CA0147	Ruby	红宝石
#975B60	Ruby Crystal	红宝石水晶
#E0115F	Ruby Dust	红宝石尘
#D0A2A0	Ruby Eye	红宝石眼
#F20769	Ruby Fire	红宝石火
#73525C	Ruby Grey	红宝石灰
#813E45	Ruby Lips	红宝石唇
#6F3B51	Ruby Nights	红宝石夜
#C41A3B	Ruby Passion	红宝石激情
#AA5B67	Ruby Petals	红宝石花瓣
#B0063D	Ruby Queen	红宝石女王
#9B111E	Ruby Red	红宝石红
#A03D41	Ruby Ring	红宝石环
#A2566F	Ruby Shade	红宝石暗调
#BD1C30	Ruby Shard	红宝石碎片
#9C2E33	Ruby Slippers	红宝石拖鞋
#BB1122	Ruby Star	红宝石星
#5C384E	Ruby Violet	红宝石紫罗兰
#85393D	Ruby Wine	红宝石酒红
#DB1459	Rubylicious	红宝美味
#EDB508	Rucksack Tan	背包棕褐色
#FF0028	Ruddy	红润
#BB6528	Ruddy Brown	红润棕
#A5654E	Ruddy Oak	红橡树
#E18E96	Ruddy Pink	红粉色
#894E45	Rudraksha Beads	金刚菩提珠
#705749	Rue Bourbon	波旁街
#F9F2DC	Ruffled Clam	蛤蜊
#ACC2D1	Ruffled Feathers	皱起的羽毛
#9FA3C0	Ruffled Iris	荷叶鸢尾
#FBC0B4	Ruffled Parasol	荷叶边遮阳伞
#FBBBAE	Ruffles	荷叶边
#A81C07	Rufous	红褐色
#BB9D87	Rugby Tan	橄榄球谭
#998568	Rugged	坚固耐用
#694336	Rugged Brown	坚固的棕色
#78736F	Rugged Suede	坚固绒面革
#B8A292	Rugged Tan	坚固的棕褐色
#254E5D	Rugged Teal	坚固的青色
#484435	Ruggero Grey	鲁杰罗·格雷
#8C3F3E	Ruggero Red	鲁杰罗红
#0F1012	Ruined Smores	毁了的斯莫尔斯
#CADECE	Ruins of Civilization	文明废墟
#9B8B84	Ruins of Metal	金属废墟
#5E615B	Ruins of Pompeii	庞贝古城遗址
#774E55	Rule Breaker	规则破坏者
#716675	Rum	朗姆
#450E15	Rum Chocolate	朗姆巧克力
#E9CFAA	Rum Custard	朗姆蛋奶
#AA423A	Rum Punch	朗姆宾治
#683B3C	Rum Raisin	朗姆葡萄干
#990044	Rum Riche	朗姆酒里奇
#AA7971	Rum Spice	朗姆辛香
#F1EDD4	Rum Swizzle	朗姆酒调酒
#C77B42	Rumba Orange	伦巴橙
#902A40	Rumba Red	伦巴红
#5CA904	Ruminant’s Paradise	反刍动物的天堂
#744245	Rumours	谣言
#DA2811	Run Lola Run	快跑萝拉快跑
#D3AA94	Rundlet Peach	小小桃子
#C4C4C7	Runefang Steel	符牙钢
#B6A89A	Runelord Brass	符文领主黄铜
#CAB2C1	Runic Mauve	符文淡紫
#326193	Running Water	奔跑水
#99AF73	Rural Eyes	乡村之眼
#8D844D	Rural Green	乡村绿化
#BB1144	Rural Red	乡村红
#1E50A2	Ruri Blue	琉璃蓝
#1B294B	Rurikon Blue	琉璃绀蓝
#536770	Rush Hour	高峰时间
#549EB9	Rushing Rapids	急流
#8B3643	Rushing Red	冲红
#5F7797	Rushing River	奔腾的河流
#65C3D6	Rushing Stream	奔腾的溪流
#B7B2A6	Rushmore Grey	拉什莫尔灰色
#866C5E	Ruskie	鲁斯基
#546B75	Ruskin Blue	拉斯金蓝
#4D4D41	Ruskin Bronze	拉斯金铜牌
#935242	Ruskin Red	拉斯金红
#ACA17D	Ruskin Room Green	拉斯金室绿色
#547587	Russ Grey	拉斯·格雷
#E7D6B1	Russeau Gold	罗素金
#80461B	Russet	赤褐
#823D38	Russet Brown	赤褐棕
#E3D9A0	Russet Green	赤褐绿
#965849	Russet Leather	赤褐皮革
#E47127	Russet Orange	赤褐橙
#9F6859	Russet Red	赤褐红
#9AAEBB	Russian Blue	俄国蓝
#679267	Russian Green	俄国绿
#726647	Russian Olive	俄国橄榄
#4D4244	Russian Red	俄国红
#D0C4AF	Russian Toffee	俄国太妃
#5F6D36	Russian Uniform	俄罗斯制服
#32174D	Russian Violet	俄国紫罗兰
#A83C09	Rust	锈
#A46454	Rust Coloured	锈色
#BB3344	Rust Effect	铁锈效果
#966684	Rust Magenta	锈品红
#C45508	Rust Orange	锈橙
#AA2704	Rust Red	锈红
#60372E	Rusted Crimson	锈红
#8B5134	Rusted Earth	锈土
#AA4411	Rusted Lock	生锈的锁
#884B3D	Rusted Nail	生锈的钉子
#D39A72	Rustic Adobe	乡村土坯
#935848	Rustic Brown	乡村棕
#705536	Rustic Cabin	乡村小屋
#BA9A67	Rustic City	乡村城
#F6EFE2	Rustic Cream	乡村奶油
#93674C	Rustic Earth	乡村土
#9C8E74	Rustic Hacienda	乡村庄园
#996E58	Rustic Oak	乡村橡
#DF745B	Rustic Pottery	乡村陶器
#8D794F	Rustic Ranch	乡村牧场
#3A181A	Rustic Red	乡村红
#CBB6A4	Rustic Rose	乡村玫红
#9D2626	Rustic Rouge	乡村胭脂
#CDB9A2	Rustic Taupe	乡村灰褐
#6E5949	Rustic Tobacco	乡村烟草
#B18A56	Rustic Wicker	质朴的柳条
#8A3A2C	Rustica	鲁斯蒂卡
#F5BFB2	Rustique	乡村风格
#AD6961	Rustling Leaves	沙沙作响的树叶
#96512A	Rusty	锈
#C6494C	Rusty Chainmail	生锈的链甲
#8D5F2C	Rusty Coin	锈硬币
#AF6649	Rusty Gate	锈门
#A04039	Rusty Heart	锈心
#CC5522	Rusty Nail	生锈的钉子
#CD5909	Rusty Orange	锈橙
#E3DCE0	Rusty Pebble	锈卵石
#AF2F0D	Rusty Red	锈红
#EDB384	Rusty Sand	锈沙
#A4493D	Rusty Sword	生锈的剑
#719DA8	Rusty Tap	生锈的水龙头
#EAD5B6	Rutabaga	芜菁甘蓝
#8D734F	Rutherford	卢瑟福
#573894	Ruthless Empress	狠毒娘娘
#D1AE7B	Rye	黑麦
#CDBEA1	Rye Bread	黑麦面包
#807465	Rye Brown	黑麦棕
#807365	Rye Dough Brown	黑麦面团棕色
#BBB286	Ryegrass	黑麦草
#DCCB18	Ryoku-Ou-Shoku Yellow	绿王食黄
#F3F1E1	Ryu’s Kimono	龙的和服
#EC631A	Ryza Dust	莱莎·尘埃
#A87F5F	S’mores	羊肚菌
#496A4E	Sabal Palm	萨巴尔棕榈
#6A7F7A	Sabiasagi Blue	锈蓝
#455859	Sabionando Grey	萨比奥南多·格雷
#898A74	Sabiseiji Grey	泗碧精寺灰
#784841	Sable	黑貂
#F6D8BE	Sablé	萨布莱
#946A52	Sable Brown	紫貂棕色
#505650	Sable Calm	紫貂平静
#C4A7A1	Sable Cloaked	貂皮斗篷
#5D5E58	Sable Evening	黑貂之夜
#ECDFD6	Sablewood	黑貂木
#978D59	Sabo Garden	萨博花园
#D4B385	Sabre Tooth	剑齿虎
#E69656	Sabre-Toothed Tiger	剑齿虎
#A5D610	Sabz Green	萨布兹·格林
#D4D8ED	Sachet Cushion	香袋垫
#EE9941	Sacral Chakra	骶脉轮
#5E0E0B	Sacramental Red	圣礼红
#00563F	Sacramento State Green	萨克拉门托州立绿队
#97B9E0	Sacred Blue	圣蓝
#B2865D	Sacred Ground	圣地
#7C8635	Sacred Sapling	圣树苗
#950C1B	Sacred Scarlet	神圣猩红
#C7CBCE	Sacred Spring	圣泉
#49B3A5	Sacred Turquoise	神圣绿松石
#A59C8D	Sacred Vortex	神圣漩涡
#2A5774	Sacrifice	牺牲
#850101	Sacrifice Altar	祭坛
#229911	Sacro Bosco	圣博斯科
#5D4E46	Saddle	马鞍
#8B4513	Saddle Brown	马鞍棕色
#9F906E	Saddle Soap	马鞍皂
#AB927A	Saddle Up	鞍上
#8A534E	Saddlebag	马鞍包
#B6A58B	Safari	狩猎
#8E7F6D	Safari Beige	狩猎米色
#976C60	Safari Brown	狩猎棕
#B7AA96	Safari Chic	狩猎别致
#6C6D2F	Safari Green	狩猎绿
#E2CCBA	Safari Map	野生动物园地图
#B4875E	Safari Sun	狩猎太阳
#8F7B51	Safari Trail	狩猎小径
#B2A68F	Safari Vest	狩猎背心
#1E8EA1	Safe Harbour	安全港
#5588AA	Safe Haven	避风港
#FF6600	Safety Orange	安全橙
#EED202	Safety Yellow	安全黄
#FDAE44	Safflower	红花
#BB5548	Safflower Bark	红花树皮
#9A493F	Safflower Kite	红花风筝
#B44C97	Safflower Purple	红花紫
#D9333F	Safflower Red	红花红
#E83929	Safflower Scarlet	红花猩红
#CCA6BF	Safflower Wisteria	红花紫藤
#8491C3	Safflowerish Sky	红花满天
#F4C430	Saffron	藏红花
#9C8AAB	Saffron Blossom Mauve	藏红花花淡紫
#E8E9CF	Saffron Bread	藏红花面包
#584C77	Saffron Crocus	藏红花番红花
#C24359	Saffron Desires	藏红花的愿望
#F08F00	Saffron Gold	藏红花金
#F9BF58	Saffron Mango	藏红花芒果
#D49F4E	Saffron Robe	藏红花袍
#FEB209	Saffron Soufflé	藏红花舒芙蕾
#D39952	Saffron Strands	藏红花串
#DA9E35	Saffron Sunset	藏红花日落
#FFB301	Saffron Thread	藏红花线
#F2EAD6	Saffron Tint	藏红花调
#A7843E	Saffron Valley	藏红花山谷
#D09B2C	Saffron Yellow	藏红花黄
#932A25	Saffronaut	藏红花
#75A0B1	Saga Blue	佐贺蓝
#6A31CA	Sagat Purple	萨加特紫
#87AE73	Sage	鼠尾草
#948B76	Sage Advice	圣人建议
#4E78A9	Sage Blossom Blue	鼠尾草花蓝
#BAD3C7	Sage Bundle	鼠尾草包
#7FAB70	Sage Garden	鼠尾草花园
#887766	Sage Green	鼠尾草绿
#69796A	Sage Green Grey	鼠尾草绿灰
#73705E	Sage Green Light	鼠尾草绿浅
#9EA49D	Sage Grey	鼠尾草灰
#7B8B5D	Sage Leaves	鼠尾草叶
#DBEBDE	Sage Salt	鼠尾草盐
#B2E191	Sage Sensation	圣人感觉
#5E6A61	Sage Shadow	鼠尾草暗影
#7D8277	Sage Slate	鼠尾草石板
#E4E5D2	Sage Splash	鼠尾草飞溅
#C3C6A4	Sage Splendour	鼠尾草辉煌
#ACA28F	Sage the Day	鼠尾草白天
#DADED1	Sage Tint	鼠尾草调
#413C7B	Sage Violet	鼠尾草紫罗兰
#AFAD96	Sage Wisdom	圣人智慧
#947252	Sagebrush	山艾树
#567572	Sagebrush Green	山艾树绿
#A2AA8C	Sagey	萨吉
#FA7F46	Sagittarius Amber Artefact	射手座琥珀文物
#D8CFC3	Sago	西米
#94BE7F	Sago Garden	西米园
#655F2D	Saguaro	仙人掌
#B79826	Sahara	撒哈拉
#A8989B	Sahara Dust	撒哈拉尘
#DFC08A	Sahara Gravel	撒哈拉碎石
#F0E1DB	Sahara Light Red	撒哈拉浅红
#F1E788	Sahara Sand	撒哈拉沙
#E2AB60	Sahara Shade	撒哈拉暗调
#9B7448	Sahara Splendour	撒哈拉辉煌
#C67363	Sahara Sun	撒哈拉太阳
#DFD4B7	Sahara Wind	撒哈拉风
#A5CEEC	Sail	帆
#55B4DE	Sail Away	帆
#588FA0	Sail Cover	风帆罩
#CABAA4	Sail Grey	帆灰
#A3BBDC	Sail Into the Horizon	帆地平线
#0E4D72	Sail Maker	风帆制造者
#4575AD	Sail On	帆
#99C3F0	Sail to the Sea	帆海
#314A72	Sailboat	帆船
#ECE0C4	Sailcloth	帆布
#2E9CBB	Sailfish	旗鱼
#869CBB	Sailing	航行
#AECBD9	Sailing on the Bay	海湾航行
#3A5161	Sailing Safari	帆船之旅
#FFA857	Sailing Tangerine	航行橘
#445780	Sailor	水手
#0F445C	Sailor Blue	水手蓝
#AEBBD0	Sailor Boy	水手男孩
#FFEE00	Sailor Moon	美少女战士
#496F8E	Sailor’s Bay	水手湾
#334B58	Sailor’s Coat	水手服
#B8A47A	Sailor’s Knot	水手结
#D39733	Saimin Noodle Soup	赛民汤面
#66B89C	Sainsbury	塞恩斯伯里
#EEEE00	Saint Seiya Gold	圣斗士星矢 黄金
#FF9BB7	Saira Red	塞拉红
#DFB1B6	Sakura	樱花
#CEA19F	Sakura Mochi	樱花麻糬
#E8DFE4	Sakura Nezu	根津樱
#7B6C7C	Sakura Night	樱花之夜
#8BA673	Salad	沙拉
#7E8F69	Saladin	萨拉丁
#637D74	Salal Leaves	沙拉叶
#63775B	Salamander	蝾螈
#E25E31	Salametti	萨拉梅蒂
#820000	Salami	萨拉米
#DA655E	Salami Slice	萨拉米片
#177B4D	Salem	塞勒姆
#45494D	Salem Black	塞勒姆黑
#66A9D3	Salem Blue	塞勒姆蓝
#B4AB99	Salem Clay	塞勒姆粘土
#CAD2D4	Salina Springs	萨利纳温泉
#C5E8E7	Saline Water	盐水
#DDD8C6	Salisbury Stone	索尔兹伯里石
#FF796C	Salmon	鲑粉
#FBC6B6	Salmon Beauty	鲑粉美
#FEA871	Salmon Buff	鲑粉浅黄
#EE867D	Salmon Carpaccio	三文鱼生牛肉片
#E9CFCF	Salmon Cream	鲑粉奶油
#FEDDC5	Salmon Creek	鲑粉小溪
#F7D560	Salmon Eggs	鲑粉蛋
#F1C9CC	Salmon Flush	鲑粉红晕
#FBB1A2	Salmon Fresco	鲑粉壁画
#EBB9AF	Salmon Glow	鲑粉辉光
#E3B6AA	Salmon Grey	鲑粉灰
#FCD1C3	Salmon Mousse	鲑粉慕斯
#F9906F	Salmon Nigiri	三文鱼握寿司
#FF8C69	Salmon Orange	鲑粉橙
#D5847E	Salmon Pate	三文鱼酱
#FDC5B5	Salmon Peach	鲑粉桃
#FF91A4	Salmon Pink	鲑粉
#E1958F	Salmon Pink Red	鲑粉红
#EE7777	Salmon Poké Bowl	三文鱼盖饭
#FF737E	Salmon Rose	鲑粉玫红
#EDAF9C	Salmon Run	鲑鱼快跑
#E7968B	Salmon Salt	鲑粉盐
#D9AA8F	Salmon Sand	鲑粉沙
#FF7E79	Salmon Sashimi	鲑粉刺身
#F1AC8D	Salmon Slice	鲑粉片
#D4BFBD	Salmon Smoke	鲑粉烟
#FF9BAA	Salmon Tartare	三文鱼鞑靼
#EFCCBF	Salmon Tint	鲑粉调
#BBEDDB	Salome	莎乐美
#FFD67B	Salomie	莎洛米
#7D8697	Salon Bleu	蓝色沙龙
#AB7878	Salon Rose	沙龙玫瑰
#B31928	Salsa	莎莎酱
#BB4F5C	Salsa Diane	莎莎黛安
#E35401	Salsa Haba?ero	哈瓦那莎莎酱
#A03413	Salsa Mexicana	墨西哥萨尔萨舞
#AB250B	Salsa Picante	萨尔萨皮坎特
#E97B3E	Salsa Sizzle	萨尔萨嘶嘶声
#CEC754	Salsa Verde	莎莎酱绿
#2BB179	Salsify Grass	婆罗门参草
#DED8C4	Salsify White	婆罗门参白
#EFEDE6	Salt	盐
#7D9C9D	Salt Blue	盐蓝
#D3934D	Salt Caramel	盐焦糖
#DEE0D7	Salt Cellar	盐窖
#F0EDE0	Salt Crystal	盐水晶
#CFD4CE	Salt Glaze	盐釉
#757261	Salt Island Green	盐岛绿
#74C6D3	Salt Lake	盐湖
#D7FEFE	Salt Mountain	盐山
#F9ECEA	Salt Pebble	盐卵石
#D0C6AF	Salt Scrub	盐磨砂膏
#A7C5CE	Salt Spray	盐浪花
#EEDDBB	Salt Steppe	盐草原
#DCD9DB	Salt-N-Pepa	盐-N-佩帕
#F5E9D9	Saltbox	盐盒
#648FA4	Saltbox Blue	盐盒蓝
#EBEADC	Salted	咸味
#A69151	Salted Capers	咸刺山柑
#EBB367	Salted Caramel	咸焦糖
#FDB251	Salted Caramel Popcorn	咸焦糖爆米花
#816B56	Salted Pretzel	咸椒盐卷饼
#EEF3E5	Saltpan	盐盘
#C2D0DE	Saltwater	盐水
#145C78	Saltwater Denim	咸水牛仔布
#52896B	Saltwater Depth	盐水深度
#D1AB99	Saltwater Taffy	咸水太妃糖
#DDE2D7	Salty Breeze	咸微风
#E2C681	Salty Cracker	咸饼干
#234058	Salty Dog	咸狗
#CCE2F3	Salty Ice	咸冰
#7C8B7F	Salty Sea	咸海
#C1B993	Salty Seeds	咸种子
#BACAD4	Salty Tears	咸泪
#96B403	Salty Thyme	咸百里香
#CBDEE3	Salty Vapour	咸蒸汽
#2F323D	Salute	致敬
#BAC9CF	Salvaged Silk	回收的丝绸
#514E5C	Salvation	拯救
#A8B59E	Salvia	丹参
#96BFE6	Salvia Blue	丹参蓝
#929752	Salvia Divinorum	鼠尾草
#F2D7E6	Samantha’s Room	萨曼莎的房间
#AA262B	Samba	桑巴
#F0E0D4	Samba de Coco	可可桑巴舞
#3B2E25	Sambuca	桑布卡
#17182B	Sambucus	接骨木
#FABC46	Samoan Sun	萨摩亚太阳
#B8BEBE	Samovar Silver	茶炊银
#F7F3E6	Sampaguita Pearl	桑帕吉塔珍珠
#4DB560	Samphire Green	海蓬绿
#A69474	San Antonio Sage	圣安东尼奥圣人
#D9BB8E	San Carlos Plaza	圣卡洛斯广场
#2C6E31	San Felix	圣菲利克斯
#C4C2BC	San Francisco Fog	旧金山雾
#936A6D	San Francisco Mauve	旧金山淡紫
#BB33AA	San Francisco Pink	旧金山粉红
#2F6679	San Gabriel Blue	圣盖博蓝
#445761	San Juan	圣胡安
#4E6C9D	San Marino	圣马力诺
#527585	San Miguel Blue	生力啤酒蓝
#D4C9A6	Sanctuary	庇护所
#66B2E4	Sanctuary Spa	庇护所水疗中心
#3C2F4E	Sanctum of Shadows	暗影圣殿
#E2CA76	Sand	沙
#FFEEDA	Sand Crystal	沙水晶
#E6DDD2	Sand Dagger	沙匕首
#E0C8B9	Sand Dance	沙舞
#FAE8BC	Sand Diamond	沙钻石
#DCCDBB	Sand Dollar	沙钱
#FAE3C9	Sand Dollar White	沙元白
#E5E0D3	Sand Drift	沙漂流
#E3D2C0	Sand Dune	沙丘
#E3E4D9	Sand Grain	沙颗粒
#F4D1C2	Sand Island	沙岛
#DDC6A8	Sand Motif	沙子图案
#B58853	Sand Mountain	沙山
#FFDFC2	Sand Muffin	沙松饼
#E7D4B6	Sand Pearl	沙珍珠
#B09D7F	Sand Pebble	沙卵石
#E6E5D3	Sand Puffs	沙泡芙
#DDCC77	Sand Pyramid	沙金字塔
#C1B7B0	Sand Ripples	沙涟漪
#E7D0A6	Sand Sculpture	沙雕
#5A86AD	Sand Shark	沙鲨
#D0C6A1	Sand Trail	沙小径
#BBA595	Sand Trap	沙坑
#9D89BD	Sand Verbena	沙马鞭草
#A3876A	Sandal	凉鞋
#615543	Sandalwood	檀香木
#F2D1B1	Sandalwood Beige	檀香木米色
#005160	Sandalwood Grey Blue	檀香木灰蓝
#907F68	Sandalwood Tan	檀香木棕褐
#F2ECDE	Sandalwood White	檀香木白
#E9D5AD	Sandbank	沙洲
#CBBFAD	Sandbar	沙洲
#DECBAB	Sandblast	喷砂
#E5D7C4	Sandcastle	沙堡
#C8AB96	Sanderling	桑德林
#93917F	Sandgrass Green	沙草绿
#EDDCBE	Sandhill	沙丘
#015E60	Sandhill Crane	沙丘鹤
#EFEBDE	Sanding Sugar	砂糖
#D7B1A5	Sandpaper	砂纸
#EBDAC8	Sandpiper	鹬
#717474	Sandpiper Cove	鹬湾
#9E7C5E	Sandpit	沙坑
#EACDB0	Sandpoint	沙点
#AF937D	Sandrift	桑德里夫特
#C4B19A	Sandrock	沙岩
#BCA38B	Sands of Time	沙时光
#D6C8B8	Sandshell	沙壳
#C9AE74	Sandstone	砂岩
#D2C9B7	Sandstone Cliff	砂岩悬崖
#857266	Sandstone Grey	砂岩灰
#88928C	Sandstone Grey Green	砂岩灰绿
#D9CCB6	Sandstone Palette	砂岩调色板
#886E70	Sandstone Red Grey	砂岩红灰
#ECD540	Sandstorm	沙尘暴
#CBBE9C	Sandwashed	砂洗
#706859	Sandwashed Driftwood	砂洗浮木
#DEE8E3	Sandwashed Glassshard	砂洗玻璃碎片
#DECB81	Sandwisp	沙洲
#FCE883	Sandworm	沙虫
#F1DA7A	Sandy	沙质
#E4DED5	Sandy Ash	沙质灰
#FAD7B3	Sandy Bay	沙质海湾
#F9E2D0	Sandy Beach	沙质海滩
#DDC6AB	Sandy Beaches	沙滩
#ACA088	Sandy Bluff	沙质崖
#F4A460	Sandy Brown	沙质棕
#DBD0BD	Sandy Clay	沙质黏土
#CEB587	Sandy Cove	沙质小湾
#D7CFC1	Sandy Day	沙质白天
#B7AC97	Sandy Hair	沙质发
#D2C098	Sandy Pail	桑迪桶
#DF7B35	Sandy Peppers	桑迪辣椒
#A18E77	Sandy Ridge	沙质山岭
#C7C2B4	Sandy Sage	沙质鼠尾草
#847563	Sandy Shoes	桑迪鞋
#F2E9BB	Sandy Shore	沙质岸
#FDD9B5	Sandy Tan	沙质棕褐
#967111	Sandy Taupe	沙质灰褐
#C7B8A4	Sandy Toes	沙脚趾
#CABAA0	Sandy Trail	沙质小径
#771100	Sang de Boeuf	桑德牛肉
#F5B1AA	Sango Pink	三五粉红
#F8674F	Sango Red	三五红
#881100	Sangoire Red	桑古瓦红
#B14566	Sangria	桑格利亚红
#F01A4D	Sanguinary	血腥
#6C110E	Sanguine	乐观
#6C3736	Sanguine Brown	乐观棕色
#E69332	Sanskrit	梵文
#AD2C15	Santa Belly Red	圣诞老人肚皮红
#B16D52	Santa Fe	圣达菲
#EDDDD3	Santa Fe Spirit	圣达菲精神
#CC9469	Santa Fe Sunrise	圣达菲日出
#A75A4C	Santa Fe Sunset	圣达菲日落
#D5AD85	Santa Fe Tan	圣达菲棕褐
#E9E7DE	Santa’s Beard	圣诞老人的胡子
#714636	Santana Soul	桑塔纳灵魂
#9FA0B1	Santas Grey	圣诞老人灰色
#E95F24	Santiago Orange	圣地亚哥橙色
#D6D2CE	Santo	城主
#E3D0D5	Santolina Blooms	桑托利娜绽放
#41B0D0	Santorini	圣托里尼岛
#416D83	Santorini Blue	圣托里尼蓝
#019A8D	Santorini Seascape	圣托里尼海景
#5C8B15	Sap Green	深绿色
#BEBDAC	Sapless Green	无汁的绿色
#A3C05A	Sapling	树苗
#9E3D3F	Sappanwood	苏木
#A24F46	Sappanwood Incense	苏木香
#0F52BA	Sapphire	宝石蓝
#4F5F7E	Sapphire Earbobs	蓝宝石耳夹
#284B75	Sapphire Earrings	蓝宝石耳环
#99A8C9	Sapphire Fog	宝石蓝雾
#0033CC	Sapphire Glitter	宝石蓝闪光
#235C8E	Sapphire Lace	宝石蓝蕾丝
#CDC7B4	Sapphire Light Yellow	宝石蓝浅黄
#887084	Sapphire Pink	宝石蓝粉
#5776AF	Sapphire Shimmer Blue	宝石蓝闪烁蓝
#662288	Sapphire Siren	蓝宝石海妖
#135E84	Sapphire Sparkle	宝石蓝闪光
#2425B9	Sapphire Splendour	宝石蓝辉煌
#41495D	Sapphire Stone	宝石蓝石
#C9E5EE	Sapphireberry	蓝宝石莓
#5B82A6	Sapphired	蓝宝石
#00AAC1	Sarah’s Garden	莎拉的花园
#555B2C	Saratoga	萨拉托加
#F4EEBA	Sarawak White Pepper	砂拉越白胡椒
#FFDDAA	Sarcoline	肌氨酸
#28A4CB	Sardinia Beaches	撒丁岛海滩
#3D4A67	Sargasso Sea	马尾藻海
#E47C64	Sari	纱丽
#5B4C44	Sarsaparilla	菝葜
#817265	Saruk Grey	萨鲁克·格雷
#CFB4A8	Sashay Sand	萨沙伊沙
#FF4681	Sasquatch Socks	大脚野人袜子
#5A3940	Sassafras	檫树
#DBD8CA	Sassafras Tea	檫茶
#C18862	Sassy	时髦
#7A8C31	Sassy Grass	时髦草
#BBA86A	Sassy Green	时髦绿
#DFE289	Sassy Lime	时髦青柠
#906B20	Sassy Olive	时髦橄榄
#FFB07F	Sassy Peach	时髦桃
#F6CEFC	Sassy Pink	时髦粉
#EE7C54	Sassy Salmon	时髦鲑粉
#D5A272	Sassy Sassafras	时髦檫木
#ACB5DC	Sassy Violet	时髦紫罗兰
#F0C374	Sassy Yellow	时髦黄
#E63626	Satan	撒旦
#9F8D89	Satellite	卫星
#4E5152	Satin Black	缎面黑
#FFE4C6	Satin Blush	缎面绯红
#773344	Satin Chocolate	缎面巧克力
#FDF3D5	Satin Cream White	缎面奶油白
#1C1E21	Satin Deep Black	缎面深黑
#B48FBD	Satin Flower	缎面花
#C7DFB8	Satin Green	缎面绿
#FAD7B0	Satin Latour	缎拉图
#33EE00	Satin Lime	缎面青柠
#E6E4D4	Satin Linen	缎面亚麻
#FFF8EE	Satin Purse	缎面钱包
#FFD8DC	Satin Ribbon	缎面丝带
#CBA135	Satin Sheen Gold	缎面光泽金
#9CADC7	Satin Soft Blue	缎面柔蓝
#6B4836	Satin Soil	缎面土壤
#EFE0BC	Satin Souffle	缎面舒芙蕾
#E2CAC7	Satin Teddy	缎面泰迪熊
#F3EDD9	Satin Weave	缎面编织
#CFD5DB	Satin White	缎面白
#C4C2CD	Satire	讽刺
#B5BF50	Sativa	苜蓿
#644222	Satoimo Brown	里岩棕
#96466A	Satsuma Imo Red	萨摩芋红
#AA6622	Sattle	萨特尔
#4B4CFC	Saturated Sky	饱和的天空
#FAE5BF	Saturn	土星
#B8B19F	Saturn Grey	土星灰
#DDDBCE	Saturnia	土星号
#BCA17A	Satyr Brown	萨梯棕
#CA3F16	Sauce Piquante	辣酱
#882C17	Saucisson	索西森
#C6B077	Saucy	俏皮
#B6743B	Saucy Gold	俏皮金
#9E958A	Saudi Sand	沙特沙
#EEE0B9	Sauerkraut	酸菜
#EDEBE1	Sauna Steam	桑拿蒸汽
#EBDFCD	Sausage Roll	香肠卷
#F4E5C5	Sausalito	索萨利托
#5D6F85	Sausalito Port	索萨利托港
#6A5D53	Sausalito Ridge	索萨利托岭
#AB9378	Sauteed Mushroom	炒蘑菇
#C5A253	Sauterne	苏玳
#F4EAE4	Sauvignon	长相思
#B18276	Sauvignon Blanc	长相思
#5C9F59	Savage Garden	野人花园
#874C44	Savanna	稀树草原
#D1BD92	Savannah	稀树草原
#BABC72	Savannah Grass	稀树草原草
#47533F	Savannah Moss	稀树草原苔藓
#A36159	Savannah Red	稀树草原红
#FFB989	Savannah Sun	稀树草原太阳
#AA2200	Saveloy	萨维洛伊
#C0B7CF	Savile Row	萨维尔街
#550011	Saving Light	拯救光明
#EED9B6	Savon de Provence	普罗旺斯萨翁
#F9DAA5	Savoury Beige	咸味米色
#D19C97	Savoury Salmon	美味三文鱼
#87B550	Savoy	萨沃伊
#4B61D1	Savoy Blue	萨沃伊蓝
#7E4242	Savoy House	萨沃伊之家
#F6E9CF	Sawdust	木屑
#D1CFC0	Sawgrass	锯齿草
#C3B090	Sawgrass Basket	锯草篮
#D3CDA2	Sawgrass Cottage	锯齿草小屋
#AA7766	Sawshark	锯鲨
#EC956C	Sawtooth Aak	锯齿橡树
#ABC1A0	Saxon	撒克逊人
#435965	Saxon Blue	撒克逊蓝
#216B88	Saxony Blue	萨克森蓝
#CEAF81	Saxophone Gold	萨克斯金
#C7111E	Say It With Red Roses	用红玫瑰说出来
#383739	Sayward Pine	赛沃德松
#F5DEC4	Sazerac	萨泽拉克
#8B0000	Scab Red	痂红
#6B8E23	Scallion	葱
#FBD8C9	Scallop Shell	扇贝壳
#F2D1A0	Scalloped Oak	扇形橡木
#FCE3CF	Scalloped Potato	扇贝土豆
#F6D58B	Scalloped Potatoes	扇贝土豆
#F3E9E0	Scalloped Shell	扇形贝壳
#E5D5BD	Scallywag	斯卡利瓦格
#027275	Scaly Green	鳞片绿
#6F63A0	Scampi	小龙虾
#6B8CA9	Scanda	斯堪达
#ADD9D1	Scandal	丑闻
#DFBDD0	Scandalous Rose	丑闻玫瑰
#1A1110	Scandinavian Liquorice	斯堪的纳维亚甘草
#C2D3D6	Scandinavian Sky	斯堪的纳维亚天空
#6B6A6C	Scapa Flow	斯卡帕流
#2C3D37	Scarab	圣甲虫
#414040	Scarabaeus Sacer	金龟子
#7D8C55	Scarab?us Nobilis	金龟子
#809391	Scarborough	士嘉堡
#A55E2B	Scarecrow Frown	稻草人皱眉
#FF2400	Scarlet	猩红
#922E4A	Scarlet Apple	猩红苹果
#BB2D32	Scarlet Beebalm	猩红色蜜蜂膏
#B21F1F	Scarlet Blaze	猩红烈焰
#F8D6CB	Scarlet Butter	猩红黄油
#C70752	Scarlet Cattleya Orchid	猩红卡特兰
#993366	Scarlet Flame	猩红焰
#CB0103	Scarlet Glow	猩红辉光
#4A2D57	Scarlet Gum	猩红桉树
#F4601B	Scarlet Ibis	猩红鹮
#A53B3D	Scarlet Past	猩红过去
#D44531	Scarlet Rebels	猩红叛军
#B63E36	Scarlet Red	猩红
#A4334A	Scarlet Ribbons	猩红丝带
#AA2335	Scarlet Sage	猩红鼠尾草
#7E2530	Scarlet Shade	猩红暗调
#CC0C1B	Scarlet Splendour	猩红辉煌
#DA5640	Scarlet Sun	猩红太阳
#B43B3D	Scarlet Tanager	猩红唐纳雀
#8CA468	Scarpetta	斯卡佩塔
#647983	Scatman Blue	斯卡特曼蓝
#7B8285	Scattered Showers	零星阵雨
#81A79E	Scenario	场景
#AF6D62	Scene Stealer	场景窃取者
#486275	Scenic Blue	风景蓝
#CEC5B4	Scenic Path	风景小路
#95BFB2	Scenic View	风景
#88BBFF	Scenic Water	风景水
#907361	Scented Candle	香薰蜡烛
#61524C	Scented Clove	丁香香
#CAAEB8	Scented Frill	香味褶边
#DBC5D2	Scented Soap	香皂
#EED5EE	Scented Spring	香泉
#F3D9D6	Scented Valentine	香味情人节
#9DB4AA	Sceptic	怀疑论者
#353542	Sceptre Blue	权杖蓝
#E2E2B5	Schabziger Green	沙布齐格·格林
#FF91AF	Schauss Pink	绍斯粉红
#E84998	Schiaparelli Pink	夏帕瑞丽粉色
#192961	Schiava Blue	斯基亚瓦蓝
#8B714C	Schindler Brown	辛德勒棕
#87876F	Schist	片岩
#DD8855	Schnipo	施尼波
#586A7D	Scholarship	奖学金
#FFD800	School Bus	校车
#31373F	School Ink	学校墨
#8D8478	Schooner	帆船
#006666	Sci-fi Petrol	科幻汽油
#00604B	Sci-Fi Takeout	科幻外卖
#0076CC	Science Blue	科学蓝
#97A53F	Science Experiment	科学实验
#764663	Scintillating Violet	闪烁紫罗兰
#AE935D	Sconce	壁灯
#957340	Sconce Gold	壁灯金
#110055	Scoop of Dark Matter	一勺暗物质
#308EA0	Scooter	滑板车
#351F19	Scorched	烧焦
#4D0001	Scorched Brown	焦棕色
#44403D	Scorched Earth	焦土
#423D27	Scorched Metal	烧焦的金属
#E75323	Scorpio Scarlet Seal	天蝎座猩红印记
#6A6466	Scorpion	蝎
#99AAC8	Scorpion Grass Blue	蝎草蓝
#62D84E	Scorpion Green	蝎绿
#97EA10	Scorpion Venom	蝎毒
#8EEF15	Scorpy Green	蝎子绿
#544E03	Scorzonera Brown	蝎子棕
#000077	Scotch Blue	苏格兰蓝
#FE9F00	Scotch Bonnet	苏格兰帽子
#649D85	Scotch Lassie	苏格兰莱西
#EEE7C8	Scotch Mist	苏格兰薄雾
#99719E	Scotch Thistle	苏格兰蓟
#EBCCB9	Scotchtone	苏格兰调
#87954F	Scotland Isle	苏格兰岛
#9BAA9A	Scotland Road	苏格兰路
#5F653B	Scots Pine	欧洲赤松
#66A3C3	Scott Base	斯科特基地
#C2CDCA	Scottish Heath	苏格兰荒原
#7D9A7B	Scottish Highlands	苏格兰高地
#3B7960	Scouring Rush	冲刷
#E34B26	Scoville High	史高维尔高中
#900405	Scoville Highness	斯科维尔殿下
#AB0040	Screamer Pink	尖叫者粉红色
#66FF66	Screamin’ Green	尖叫绿
#C16F45	Screaming Bell Metal	尖叫铃金属
#CC00CC	Screaming Magenta	尖叫洋红色
#F0F2D2	Screaming Skull	尖叫骷髅
#EAE4D8	Screech Owl	尖叫猫头鹰
#9A908A	Screed Grey	熨平板灰色
#9D7798	Screen Gem	屏宝石
#66EEAA	Screen Glow	屏辉光
#999EB0	Screen Test	屏幕测试
#9FABB6	Scribe	抄写员
#60616B	Script Ink	脚本墨水
#DBDDDF	Script White	脚本白色
#DBA539	Scrofulous Brown	瘰疬棕
#EFE0CB	Scroll	滚动
#F3E5C0	Scroll of Wisdom	智慧卷轴
#E9DDC9	Scrolled Parchment	卷轴羊皮纸
#3D4031	Scrub	磨砂膏
#6392B7	Scuba	水肺潜水
#00A2C5	Scuba Blue	水肺蓝
#ACD7C8	Scud	飞毛腿
#0044EE	Scuff Blue	磨损蓝色
#C3BEB7	Sculpting Clay	雕刻粘土
#CCC3B4	Sculptor Clay	雕塑家粘土
#D1DAD5	Sculptural Silver	银质雕塑
#02737A	Scurf Green	皮毛绿
#FC824A	Sè Lèi Orange	色雷橙
#3C9992	Sea	海
#E8DAD6	Sea Anemone	海银莲花
#8BB8C3	Sea Angel	海天使
#62777E	Sea Beast	海兽
#29848D	Sea Bed	海底
#41545C	Sea Blithe	大海快乐
#006994	Sea Blue	海蓝
#C0E1DD	Sea Breath	海呼吸
#A4BFCE	Sea Breeze	海微风
#C9D9E7	Sea Breeze Green	海微风绿
#FFBF65	Sea Buckthorn	沙棘
#519D76	Sea Cabbage	海卷心菜
#45868B	Sea Caller	大海召唤者
#E4F3DF	Sea Cap	海帽
#61BDDC	Sea Capture	海捕
#005986	Sea Cave	海洞穴
#2C585C	Sea Challenge	海上挑战
#A5C7DF	Sea Cliff	海悬崖
#00586D	Sea Creature	海洋生物
#608BA6	Sea Crystal	海水晶
#4C959D	Sea Current	海洋流
#9ECDD5	Sea Dew	海露
#4B7794	Sea Drifter	海漂
#C2D2E0	Sea Drive	海驾
#77675C	Sea Elephant	海象
#975476	Sea Fan Fuchsia	海扇淡紫
#1A9597	Sea Fantasy	海上幻想
#656D54	Sea Fern	海蕨
#87E0CF	Sea Foam	海泡沫
#CBDCE2	Sea Foam Mist	海泡沫薄雾
#DFDDD6	Sea Fog	海雾
#64B6E2	Sea Frolic	海上嬉戏
#D5DCDC	Sea Frost	海霜
#568E88	Sea Garden	海花园
#AFC1BF	Sea Glass	海玻璃
#A0E5D9	Sea Glass Teal	海玻璃青
#216987	Sea Goddess	海女神
#2A2E44	Sea Going	出海
#3300AA	Sea Grape	海葡萄
#53FCA1	Sea Green	海绿
#6D716A	Sea Grove	海小树林
#CBD9D4	Sea Haze Grey	海霾灰
#A7A291	Sea Hazel	海榛色
#245878	Sea Hunter	海猎人绿
#D7F2ED	Sea Ice	海冰
#A6D0C9	Sea Inspired	海洋灵感
#30A299	Sea Kale	海羽衣甘蓝
#354A55	Sea Kelp	海带
#CFB1D8	Sea Lavender	海薰衣草紫
#67A181	Sea Lettuce	海生菜
#7F8793	Sea Lion	海狮
#8C6E60	Sea Lion Brown	海狮棕
#6E99D1	Sea Loch	海湾
#434A54	Sea Mariner	海员号
#92B6CF	Sea Mark	海痕
#DBEEE0	Sea Mist	海薄雾
#658C7B	Sea Monster	海怪
#2C5252	Sea Moss	海苔藓
#F47633	Sea Nettle	海荨麻
#5482C2	Sea Note	海笔记
#8AAEA4	Sea Nymph	海仙女
#2D535A	Sea of Atlantis	亚特兰蒂斯海
#0693D5	Sea of Crete	克里特岛海
#466590	Sea of Galilee	加利利海
#0B334D	Sea of Stars	星海
#1D4DA0	Sea of Tears	海泪
#81D1DA	Sea of Tranquillity	宁静之海
#00507A	Sea Paint	海油漆
#72897E	Sea Palm	海棕榈
#457973	Sea Pea	海豌豆
#E0E9E4	Sea Pearl	海珍珠
#4C6969	Sea Pine	海松
#DB817E	Sea Pink	海粉
#3E7984	Sea Quest	海底探索
#799781	Sea Radish	海萝卜
#45A3CB	Sea Ridge	海山岭
#A3D1E2	Sea Rover	海上漫游者
#EEE1D7	Sea Salt	海盐
#5087BD	Sea Salt Rivers	海盐河
#FFF5F7	Sea Salt Sherbet	海盐果子露
#67B3BE	Sea Serenade	海小夜曲
#4BC7CF	Sea Serpent	海蛇
#5511CC	Sea Serpent’s Tears	海蛇的眼泪
#00789B	Sea Sight	海景
#469BA7	Sea Sparkle	海闪光
#D2EBEA	Sea Spray	海浪花
#B7CCC7	Sea Sprite	海灵
#BAA243	Sea Squash	海南瓜
#4D939A	Sea Star	海星
#018F6B	Sea Swell	海浪
#337F86	Sea Swimmer	海泳者
#427A9A	Sea Swirl	海漩涡
#78D1B1	Sea Treasure	海珍宝
#818A40	Sea Turtle	海龟
#367D83	Sea Urchin	海胆
#83D6D4	Sea Wave	海波浪
#ACCAD5	Sea Wind	海风
#0F9BC0	Sea Wonder	海奇迹
#85C2B2	Seaborn	西博恩
#7AA5C9	Seaborne	海运
#4B81AF	Seabrook	西布鲁克
#CD7B00	Seabuckthorn Yellow Brown	沙棘黄棕色
#3E8896	Seachange	海变
#B6C9A6	Seacrest	西克雷斯特
#B8F8D8	Seafair Green	海公平绿
#204D68	Seafarer	海员
#78D1B6	Seafoam Blue	海沫蓝
#C0CDC2	Seafoam Dream	海沫梦
#99BB88	Seafoam Green	海沫绿
#C2ECD8	Seafoam Pearl	海沫珍珠
#A6BCBE	Seafoam Slate	海沫石板
#B0EFCE	Seafoam Splashes	海沫飞溅
#DAEFCE	Seafoam Spray	海沫浪花
#9DA49C	Seafoam Storm	海沫风暴
#A1BDBF	Seafoam Whisper	海沫低语
#BCC6A2	Seagrass	海草
#264E50	Seagrass Green	海草绿
#E0DED8	Seagull	海鸥
#C9BBB4	Seagull Beach	海鸥海滩
#D9D9D2	Seagull Grey	海鸥灰
#C7BDA8	Seagull Wail	海鸥鸣叫
#475663	Seal Blue	海豹蓝
#321414	Seal Brown	海豹棕
#8A9098	Seal Grey	海豹灰
#65869B	Seal Pup	海豹幼崽
#6B8B8B	Sealegs	海腿
#48423C	Sealskin	海豹皮
#E9ECE6	Sealskin Shadow	海豹皮阴影
#15646D	Seamount	海山
#69326E	Seance	降神会
#3A3F41	Seaplane Grey	水上飞机灰色
#006E8C	Seaport	海港
#AECAC8	Seaport Steam	海港蒸汽
#6C7F9A	Searching Blue	寻找蓝色
#EFF0BF	Searchlight	探照灯
#9A5633	Seared Earth	灼烧的土地
#495157	Seared Grey	烤灰
#6B3B23	Searing Gorge Brown	灼热峡谷棕
#77A2AD	Seascape	海景
#A6BAD1	Seascape Blue	海景蓝
#B5E4E4	Seascape Green	海景绿
#FFF5EE	Seashell	贝壳
#104C77	Seashell Cove	贝壳湾
#EDB9BD	Seashell Froth	贝壳泡沫
#D5D4CF	Seashell Grey	贝壳灰
#FFF6DE	Seashell Peach	贝壳桃子
#F7C8C2	Seashell Pink	贝壳粉色
#B5DCEF	Seashore Dreams	海边梦
#66A4B0	Seaside	海边
#BDC3B5	Seaside Fog	海边雾
#F2E9D7	Seaside Sand	海边沙子
#E9D5C9	Seaside Villa	海边别墅
#BEA27B	Season Finale	季终集
#E6B99F	Seasonal Beige	季节性米色
#7F6640	Seasoned Acorn	调味橡子
#8DB600	Seasoned Green	调味绿色
#CEC2A1	Seasoned Salt	调味盐
#7D8B8A	Seastone	海石
#777E90	Seattle Haze	西雅图雾霾
#7D212A	Seattle Red	西雅图红
#A9C095	Seawashed Glass	海洗玻璃
#18D17B	Seaweed	海藻
#35AD6B	Seaweed Green	海藻绿
#7D7B55	Seaweed Salad	海藻沙拉
#5D7759	Seaweed Tea	海藻茶
#4D473D	Seaweed Wrap	海藻裹
#125459	Seaworld	海洋世界
#314D58	Seaworthy	适航
#84AEBA	Sebastian Inlet	塞巴斯蒂安湾
#BD5701	Sebright Chicken	塞布赖特鸡
#CAC5B6	Secluded Beach	僻静的海滩
#C6876F	Secluded Canyon	幽幽峡谷
#7B9893	Secluded Garden	幽静花园
#6F6D56	Secluded Green	幽绿
#495A52	Secluded Woods	幽林
#E89AAD	Second Blush	第二次脸红
#585642	Second Nature	第二天性
#887CA4	Second Pour	第二次浇注
#DFECE9	Second Wind	第二次风
#50759E	Secrecy	保密
#C41661	Secret Affair	秘密韵事
#E1D2D5	Secret Blush	秘密绯红
#68909D	Secret Cove	秘密小湾
#D7DFD6	Secret Crush	暗恋
#11AA66	Secret Garden	秘密花园
#B5B88D	Secret Glade	秘密空地
#7C6055	Secret Journal	秘密日记
#72754F	Secret Meadow	秘密草地
#777465	Secret Mission	秘密使命
#A2A59D	Secret Moss	秘密苔藓
#4166F5	Secret of Mana	玛娜秘密
#372A05	Secret Passage	秘密通道
#6D695E	Secret Passageway	秘密通道
#737054	Secret Path	秘密径
#9FA89C	Secret Retreat	秘密隐居
#C6BB68	Secret Safari	秘密狩猎
#7A0E0E	Secret Scarlet	秘密猩红
#E3D7DC	Secret Scent	秘密香
#464E5A	Secret Society	秘密社团
#FF1493	Secret Story	秘密故事
#5389A1	Secure Blue	安全蓝
#D6E1C2	Security	安全
#D1CDBF	Sedate Grey	沉稳灰
#B1A591	Sedge	莎草
#9A8841	Sedge Grasses	莎草
#707A68	Sedge Green	莎草绿
#B0A67E	Sedia	塞迪亚
#B3A698	Sediment	沉积物
#E7E0CF	Sedona	塞多纳
#BF7C45	Sedona at Sunset	日落时的塞多纳
#886244	Sedona Brown	塞多纳棕
#C16A55	Sedona Canyon	塞多纳峡谷
#D6B8A7	Sedona Pink	塞多纳粉红
#686D6C	Sedona Sage	塞多纳圣人
#665F70	Sedona Shadow	塞多纳影子
#8E462F	Sedona Stone	塞多纳石
#FBF2BF	Seduction	诱惑
#A2C748	Seductive Thorns	诱人的荆棘
#734F39	Seed Brown	种子棕
#D7CCC6	Seed Cathedral	种子大教堂
#E6DAC4	Seed Pearl	种子珍珠
#DAC43C	Seed Pod	种荚
#D3C3D4	Seedless Grape	无核葡萄
#C0CBA1	Seedling	幼苗
#A99BA9	Seeress	女预言家
#AFBBC1	Seersucker	泡泡纱
#FFF1F1	Sefid White	塞菲德·怀特
#903037	Sehnsucht Red	渴望红
#3A6960	Seiheki Green	青色绿
#819C8B	Seiji Green	青司绿
#8B8074	Seine	塞纳河
#CCC4B0	Seine and Sensibility	塞纳河与感性
#E5ABBE	Sekichiku Pink	关竹粉红
#683F36	Sekkasshoku Brown	赤褐色棕
#E6DFE7	Selago	雪拉戈
#FFBA00	Selective Yellow	选择性黄色
#777E7A	Selenium	硒
#8C7591	Self Powered	自供电
#C2B398	Self-Destruct	自毁
#D22B6D	Self-Love	自爱
#4488EE	Seljuk Blue	塞尔柱蓝
#D4AE5E	Sell Gold	卖黄金
#90A2B7	Sell Out	卖完了
#AB9649	Semi Opal	半蛋白石
#6B5250	Semi Sweet	半甜
#6B4226	Semi Sweet Chocolate	半甜巧克力
#659B97	Semi-Precious	半宝石
#FFE2B6	Semifreddo	塞米弗雷多
#C7AB8B	Semolina	粗面粉
#FFE8C7	Semolina Pudding	粗面粉布丁
#4CA973	Sēn Lín Lǜ Forest	森林绿
#4A515F	Senate	参议院
#824B35	Sencha Brown	煎茶棕
#9A927F	Seneca Rock	塞内卡摇滚
#FDECC7	Senior Moment	高级时刻
#494A41	Sensai Brown	森塞棕
#3B3429	Sensaicha Brown	煎茶棕
#374231	Sensaimidori Green	森斋绿
#BFA38D	Sensational Sand	轰动的沙子
#EDB159	Sense of Wonder	惊奇感
#EAD7B4	Sensible Hue	敏感的色调
#CC2266	Sensitive Scorpion	敏感的蝎子
#CEC9CC	Sensitive Tint	敏感色调
#A1B0BE	Sensitivity	灵敏度
#DA3287	Sensual Climax	感性高潮
#CD68E2	Sensual Fumes	感性烟雾
#FFD2B6	Sensual Peach	感性桃子
#B75E6B	Sensuous	感性
#837D7F	Sensuous Grey	感性灰色
#E6D8D2	Sentimental	感伤
#E0D8C5	Sentimental Beige	感伤米色
#C4D3DC	Sentimental Lady	感伤女士
#F8EEF4	Sentimental Pink	感伤粉红
#D2E0D6	Sentinel	哨兵
#8C92AC	Sephiroth Grey	萨菲罗斯·格雷
#704214	Sepia	深褐
#2B0202	Sepia Black	深褐黑
#4B3526	Sepia Brown	深褐棕
#CBB499	Sepia Filter	棕褐色滤镜
#D4BBB6	Sepia Rose	深褐玫红
#9F5C42	Sepia Skin	深褐肌肤
#8C7562	Sepia Tint	深褐调
#B8A88A	Sepia Tone	深褐调
#995915	Sepia Wash	深褐洗
#8C7340	Sepia Yellow	深褐黄
#A8BEDD	September Aster	九月紫菀
#D3C9B9	September Fog	九月雾
#8D7548	September Gold	九月金
#EDE6B3	September Morn	九月晨
#FFE9BB	September Morning	九月早晨
#597570	September Sea	九月海
#D5D8C8	September Song	九月歌
#FDD7A2	September Sun	九月太阳
#D4D158	Sequesta	塞斯斯塔
#E1C28D	Sequin	亮片
#84463B	Sequoia	红杉
#795953	Sequoia Dusk	红杉黄昏
#C5BBAF	Sequoia Fog	红杉雾
#935E4E	Sequoia Grove	红杉小树林
#506C6B	Sequoia Lake	红杉湖
#763F3D	Sequoia Redwood	红杉红木
#D88B4D	Serape	塞拉佩
#D7824B	Seraphim Sepia	六翼天使棕褐色
#616F65	Seraphinite	六翼天使
#3E644F	Serbian Green	塞尔维亚绿
#CFD0C1	Serena	瑟琳娜
#FCE9D7	Serenade	小夜曲
#4A4354	Serendibite Black	蓝硅硼钙石黑
#BDE1D8	Serendipity	机缘巧合
#A6CDDF	Serendipity Blue	缘分蓝
#DCE3E4	Serene	宁静
#1199BB	Serene Blue	宁静蓝
#BDD9D0	Serene Breeze	宁静微风
#CFD8D1	Serene Journey	宁静之旅
#F5D3B7	Serene Peach	宁静桃
#F6C6B9	Serene Pink	宁静粉
#7B9F4B	Serene Sage	宁静鼠尾草
#D2C880	Serene Scene	宁静的场景
#78A7C3	Serene Sea	宁静海
#C5D2D9	Serene Setting	宁静的环境
#C3E3EB	Serene Sky	宁静天空
#819DAA	Serene Stream	宁静溪流
#C5C0AC	Serene Thought	平静的思想
#CED7D5	Serenely	平静
#AB9579	Serengeti	塞伦盖蒂
#E7DBC9	Serengeti Dust	塞伦盖蒂尘埃
#77CC88	Serengeti Green	塞伦盖蒂绿
#FCE7D0	Serengeti Sand	塞伦盖蒂沙
#76BAA8	Sereni Teal	塞雷尼青色
#91A8D0	Serenity	宁静
#507BCE	Serenity’s Reign	宁静的统治
#DD3744	Serial Kisses	连环吻
#7D848B	Serious Cloud	严肃的云
#CEC9C7	Serious Grey	严肃的灰色
#F9E0CD	Serious Moonlight	严肃的月光
#DCCCB4	Seriously Sand	认真的沙子
#817F6D	Serpent	蛇
#BBCC00	Serpent Sceptre	蛇权杖
#9B8E54	Serpentine	蛇纹石
#A2B37A	Serpentine Green	蛇纹石绿
#003300	Serpentine Shadow	蛇形阴影
#556600	Serrano Pepper	塞拉诺胡椒
#9CA9AD	Seryi Grey	赛瑞·格雷
#BAA38B	Sesame	芝麻
#C26A35	Sesame Crunch	芝麻脆
#E1D9B8	Sesame Seed	芝麻种子
#00A870	Sesame Street Green	芝麻街绿
#E00012	Setsugekka	雪月花
#5CCBC7	Setting Sail	起航
#7E7970	Settlement	结算
#D3DAE1	Seven Days of Rain	七日雨
#4A5C6A	Seven Seas	七海
#DCE2E0	Seven Sisters	七姐妹
#E3B8BD	Seven Veils	七面纱
#EEE7DE	Severe Seal	严重封印
#241005	Severely Burnt Toast	严重烧焦的吐司
#955843	Seville Scarlet	塞维利亚猩红
#BB8A8E	Shabby Chic	破旧别致
#EFDDD6	Shabby Chic Pink	破旧别致的粉红色
#FF7E00	Shade of Amber	暗调琥珀
#AE7181	Shade of Mauve	暗调淡紫
#8601AF	Shade of Violet	暗调紫罗兰
#4E5147	Shade-Grown	荫下生长
#786947	Shaded Fern	阴影蕨类植物
#664348	Shaded Fuchsia	阴影淡紫
#8E824A	Shaded Glen	阴影峡谷
#859C9B	Shaded Hammock	阴凉吊床
#EBAEAC	Shaded Primrose	阴影报春花
#005F6D	Shaded Spruce	阴影云杉
#F3EBA5	Shaded Sun	阴影太阳
#8AB18A	Shaded Willow	荫柳
#BE2BDF	Shades of Rhodonite	蔷薇辉石色调
#9C0009	Shades of Ruby	红宝石色调
#605F5F	Shades On	阴影开启
#E96A97	Shadow Azalea Pink	暗影杜鹃粉
#7A6F66	Shadow Cliff	暗影悬崖
#877D83	Shadow Dance	暗影舞
#788788	Shadow Effect	阴影效果
#686767	Shadow Gargoyle	暗影石像鬼
#9AC0B6	Shadow Green	暗影绿
#B09691	Shadow Grey	暗影灰
#395648	Shadow Leaf	暗影叶
#CCDE95	Shadow Lime	暗影青柠
#585858	Shadow Mountain	暗影山
#2A4F61	Shadow of Night	暗影夜
#A3A2A1	Shadow of the Colossus	巨像之影
#356454	Shadow Pine	暗影松
#221144	Shadow Planet	影子星球
#2D1403	Shadow Play	暗影戏
#4E334E	Shadow Purple	暗影紫
#5B5343	Shadow Ridge	暗影山岭
#9C917F	Shadow Taupe	暗影灰褐
#1A2421	Shadow Warrior	暗影战士
#5E534A	Shadow Woods	暗影树林
#111155	Shadowdancer	影舞者
#4B4B4B	Shadowed Steel	暗影钢铁
#6B6D6A	Shadows	影
#018466	Shadows of Time	影时光
#DBD6CB	Shady	阴凉
#42808A	Shady Blue	阴凉蓝
#4C4B4C	Shady Character	阴暗角色
#007865	Shady Glade	阴凉空地
#635D4C	Shady Green	阴凉绿
#849292	Shady Grey	阴凉灰
#9F9B9D	Shady Lady	阴凉女士
#5555FF	Shady Neon Blue	阴凉霓虹蓝
#73694B	Shady Oak	阴凉橡
#456B67	Shady Palm	阴凉棕榈
#C4A1AF	Shady Pink	阴凉粉
#F0E9DF	Shady White	阴凉白
#939689	Shady Willow	阴凉柳
#645D41	Shagbark Olive	粗皮橄榄
#B3AB98	Shaggy Barked	毛茸茸的咆哮
#C9B6A1	Shaggy Dog	毛茸茸的狗
#CBC99D	Shagreen	鲨鱼格林
#C3BEA1	Shaken or Stirred?	摇动还是搅拌？
#748C96	Shaker Blue	摇摇蓝
#6C6556	Shaker Grey	沙克灰色
#886A3F	Shaker Peg	摇摇钉
#609AB8	Shakespeare	莎士比亚
#7F4340	Shakker Red	摇摇红
#AA3311	Shakshuka	沙克舒卡
#752100	Shaku-Do Copper	尺堂铜
#4A3F41	Shale	页岩
#6B886B	Shale Green	页岩绿
#899DA3	Shale Grey	页岩灰
#F8F6A8	Shalimar	沙利马尔
#7B8D73	Shallot Bulb	葱头
#505C3A	Shallot Leaf	红葱头叶
#EEC378	Shallot Peel	红葱头皮
#C5F5E8	Shallow End	浅端
#9AB8C2	Shallow Sea	浅海
#9DD6D4	Shallow Shoal	浅滩
#B0DEC8	Shallow Shore	浅岸
#BCC2C3	Shallow Skies	浅空
#8AF1FE	Shallow Water	浅水
#8CAEAC	Shallow Water Ground	浅水区
#CC855A	Shamanic Journey	萨满之旅
#FFCFF1	Shampoo	洗发水
#009E60	Shamrock	三叶草绿
#358D52	Shamrock Field	三叶草绿原野
#4EA77D	Shamrock Green	三叶草绿
#FA9A85	Shān Hú Hóng Coral	山胡红珊瑚
#FFE670	Shandy	尚迪
#AAD9BB	Shanghai Jade	上海翡翠
#D79A91	Shanghai Peach	上海桃子
#C8DFC3	Shanghai Silk	上海丝绸
#ECD4D2	Shangri La	香格里拉
#4C1050	Shani Purple	沙尼紫
#A18B5D	Shank	柄
#9BE3D7	Sharbah Fizz	沙巴菲兹
#FFA26B	Sharegaki Persimmon	共享柿子
#CADCDE	Shark	鲨
#EE6699	Shark Bait	鲨鱼饵
#969795	Shark Fin	鱼翅
#A5B4BA	Shark Loop	鲨鱼循环
#E4E1D3	Shark Tooth	鲨牙
#35524A	Sharknado	鲨鱼旋风
#808184	Sharkskin	鲨鱼皮
#2B3D54	Sharp Blue	锐利蓝
#007D58	Sharp Green	锐利绿
#C9CAD1	Sharp Grey	锐利灰
#C0AD28	Sharp Lime	锐利青柠
#DBD6D8	Sharp Pebbles	锋利的鹅卵石
#ECC043	Sharp Yellow	锐利黄
#EAE1D6	Sharp-Rip Drill	锐裂钻
#355C74	Shasta Lake	沙斯塔湖
#BB5577	Shattan Gold	沙坦黄金
#B5A088	Shattell	沙特尔
#DAEEE6	Shattered Ice	碎冰
#EEE2E0	Shattered Porcelain	碎瓷器
#D0DDE9	Shattered Sky	破碎的天空
#F1F1E5	Shattered White	碎白
#5A4039	Shaved Chocolate	刨巧克力
#A9B4BA	Shaved Ice	刨冰
#E1E5E5	Shaving Cream	剃须膏
#DD9955	Shawarma	沙威玛
#E39B96	She Loves Pink	她喜欢粉色
#AB214B	She Pouts	她噘嘴
#F8F1EB	Shea	谢伊
#D2AE84	Sheaf	捆
#E8E1CE	Shearling	羊毛皮
#5B5B6C	Shearwater Black	海鸥黑
#81876F	Shebang	舍邦
#D9B28B	Sheepskin	羊皮
#AD9E87	Sheepskin Gloves	羊皮手套
#CBBFA6	Sheepskin Rug	羊皮地毯
#F3C99D	Sheer Apricot	薄透杏
#E4D0C3	Sheer Blouse	透明衬衫
#CFD8D5	Sheer Elegance	薄透优雅
#B0C69A	Sheer Green	薄透绿
#EFE2F2	Sheer Lavender	薄透薰衣草紫
#CDD2CE	Sheer Light	薄透浅
#B793C0	Sheer Lilac	薄透丁香紫
#FFF7E7	Sheer Peach	薄透桃
#F6E5DB	Sheer Pink	薄透粉
#FFE8E5	Sheer Rosebud	纯粹的玫瑰花蕾
#E3D6CA	Sheer Scarf	透明围巾
#FFFEDF	Sheer Sunlight	薄透阳光
#52616F	Sheet Blue	片蓝
#5E6063	Sheet Metal	钣金
#638F7B	Sheffield	谢菲尔德
#6B7680	Sheffield Grey	谢菲尔德格雷
#EFECEE	Sheikh White	谢赫·怀特
#E6EFEF	Sheikh Zayed White	谢赫·扎耶德·怀特
#DCC5BC	Shell	壳
#EEE7E6	Shell Brook	壳溪
#56564B	Shell Brown	壳棕
#E88D68	Shell Coral	壳珊瑚
#F9E4D6	Shell Ginger	壳姜
#EBDFC0	Shell Haven	壳港湾
#F88180	Shell Pink	壳粉
#FDD7CA	Shell Tint	壳调
#B6B6A8	Shell Walk	壳漫步
#F0EBE0	Shell White	壳白
#B8986C	Shelter	庇护所
#758F9A	Sheltered Bay	庇护湾
#C03F20	Shēn Chéng Orange	申成橙
#BE0620	Shēn Hóng Red	深红
#5A8643	Shepherd’s Green	牧羊人绿
#C06F68	Shepherd’s Warning	牧羊人的警告
#8F8666	Sheraton Sage	喜来登鼠尾草酒店
#F8C8BB	Sherbet Fruit	果子露果
#FED5A3	Sherbet Pop	果子露流行
#EBCFAA	Sheriff	警长
#735153	Sheringa Rose	谢林加玫瑰
#00494E	Sherpa Blue	夏尔巴蓝
#F9E4DB	Sherry Cream	雪利酒奶油
#555A4C	Sherwood Forest	舍伍德森林
#1B4636	Sherwood Green	舍伍德·格林
#C99B5F	Shetland	设得兰群岛
#DFD0C0	Shetland Lace	设得兰群岛蕾丝
#D6A48D	Shetland Pony	设得兰小马
#BBCFD4	Shhh…	嘘……
#E29F31	Shì Zǐ Chéng Persimmon	石子成柿子
#9900AA	Shiffurple	希弗普尔
#D6C0AB	Shifting Sand	流沙
#A5988A	Shiitake	香菇
#2B2028	Shikon	四魂
#E6B2A6	Shilo	希洛
#88C7E9	Shimmer	闪烁
#82DBCC	Shimmering Blue	闪烁蓝
#D98695	Shimmering Blush	闪烁绯红
#64B3D3	Shimmering Brook	闪烁溪
#F3DEBC	Shimmering Champagne	闪烁香槟
#45E9FD	Shimmering Expanse Cyan	闪烁的广阔青色
#A4943A	Shimmering Glade	闪烁空地
#FF88CC	Shimmering Love	闪烁爱
#D2EFE6	Shimmering Pool	闪烁池
#2B526A	Shimmering Sea	闪烁海
#DBD1E8	Shimmering Sky	闪烁天空
#9A373F	Shin Godzilla	新哥斯拉
#59B9C6	Shinbashi	新桥
#006C7F	Shinbashi Azure	新桥蔚蓝
#00A990	Shindig	辛迪格
#A85E6E	Shine Baby Shine	光泽婴儿光泽
#773CA7	Shiner	夏纳
#745937	Shingle Fawn	木瓦小鹿
#908B8E	Shining Armour	银甲闪闪
#FCDA89	Shining Bright	闪耀亮
#FFD200	Shining Gold	闪耀金
#989EA7	Shining Knight	光辉骑士
#C7C7C9	Shining Silver	闪耀银
#F0E185	Shinjuku Gold	新宿黄金
#DACDCD	Shinkansen White	新干线白色
#8F1D21	Shinshu	信州
#A1A9A8	Shiny Armour	闪亮盔甲
#AE9F65	Shiny Gold	闪亮金
#CEA190	Shiny Kettle	闪亮水壶
#DBDDDB	Shiny Lustre	闪亮光泽
#CCD3D8	Shiny Nickel	闪亮镍
#3A363B	Shiny Rubber	闪亮橡胶
#5FA778	Shiny Shamrock	闪亮三叶草绿
#F7ECCA	Shiny Silk	闪亮丝
#ECAE58	Shiny Trumpet	闪亮喇叭
#7988AB	Ship Cove	船小湾
#3E3A44	Ship Grey	船灰
#709797	Ship Shape	船形
#62493B	Ship Steering Wheel	船舵
#4F84AF	Ship’s Harbour	船港
#2D3A49	Ship’s Officer	高级船员
#7AA3CC	Shipmate	船友
#968772	Shipwreck	沉船
#4F6F85	Shipyard	造船厂
#C48E69	Shiracha Brown	白茶棕
#842833	Shiraz	设拉子
#646B59	Shire	夏尔
#68E52F	Shire Green	夏尔·格林
#F19000	Shiritorier’s Orange	接龙者橙
#EBF5F0	Shiroi White	白井白
#FEDDCB	Shironeri Silk	白色丝绸
#6598AF	Shirt Blue	衬衫蓝色
#3C3B3C	Shisha Coal	水烟煤
#EFAB93	Shishi Pink	石狮粉红
#BBF90F	Shishito Pepper Green	狮子唐辛子绿
#63A950	Shiso Green	紫苏绿
#99DBFE	Shiva Blue	湿婆蓝
#24DD7E	Shivering Green	颤抖的绿色
#BB88AA	Shock Jockey	冲击骑师
#E899BE	Shocking	令人震惊
#FF0D04	Shocking Crimson	惊红
#FF6E1C	Shocking Orange	惊橙
#FE02A2	Shocking Pink	震撼粉色
#FF006A	Shocking Rose	震撼玫瑰
#72C8B8	Shockwave	冲击波
#2B2B2B	Shoe Wax	鞋蜡
#EAE4D9	Shoelace	鞋带
#F6EBD3	Shoelace Beige	鞋带米色
#DED5C7	Shōji	庄二
#E2041B	Shojo’s Blood	少女之血
#DC3023	Shōjōhi Red	少女红
#ECF0EB	Shooting Star	流星
#5A4743	Shopping Bag	购物袋
#81D5C6	Shore	岸
#6797A2	Shore Water	岸水
#EAD9CB	Shoreland	海岸乐园
#6C8791	Shoreline	海岸线
#58C6AB	Shoreline Green	海岸线绿
#D2CBBC	Shoreline Haze	海岸线薄雾
#EDD1D3	Short and Sweet	简短而甜蜜
#BBDFD5	Short Phase	短相
#F5E6D3	Shortbread	脆饼
#EACEB0	Shortbread Cookie	脆饼
#EEDAAC	Shortcake	酥饼
#9E957C	Shortgrass Prairie	短草草原
#1D0D1D	Shot in the Dark	暗中一饮
#4A5C69	Shot Over	一饮
#716B63	Shot-Put	铅球
#37C4FA	Shovel Knight	铲子骑士
#DD835B	Show Business	演艺界
#A42E37	Show-Stopper	精彩表演
#93AEBC	Showcase Blue	展示蓝色
#9FADB7	Shower	阵雨
#7737AA	Shredder Lavender	碎纸薰衣草
#E29A86	Shrimp	虾
#F5BE9D	Shrimp Boat	虾船
#DBBFA3	Shrimp Boudin	虾布丹
#F4A461	Shrimp Cocktail	虾鸡尾酒
#FAAB77	Shrimp Shell	虾壳
#F7C5A0	Shrimp Toast	虾吐司
#CC3388	Shrine of Pleasures	欢乐神殿
#5D84B1	Shrinking Violet	收缩的紫罗兰
#003636	Shrub Green	灌木绿
#A9C08A	Shrubbery	灌木丛
#B5D1DB	Shrubby Lichen	灌木地衣
#EB6101	Shu Red	舒红
#40826D	Shǔi Cǎo Lǜ Green	水草绿
#DCCCA3	Shui Jiao Dumpling	水饺
#2B64AD	Shukra Blue	舒克拉蓝
#333344	Shuriken	手里剑
#666E7F	Shutter Blue	快门蓝色
#BB6622	Shutter Copper	快门铜
#797F7D	Shutter Grey	快门灰
#BBA262	Shutterbug	摄影爱好者
#6C705E	Shutters	百叶窗
#61666B	Shuttle Grey	航天飞机灰色
#E2DED6	Shy Beige	羞米色
#D3D8DE	Shy Blunt	害羞的直率
#D6DDE6	Shy Candela	害羞的坎德拉
#DEA392	Shy Champagne Blush	羞香槟绯红
#F0D6CA	Shy Cupid	害羞的丘比特
#D7DADD	Shy Denim	羞牛仔蓝
#FFD7CF	Shy Girl	羞女孩
#E5E8D9	Shy Green	羞绿
#AA0055	Shy Guy Red	害羞的家伙红
#E0E4DB	Shy Mint	羞薄荷
#AAAAFF	Shy Moment	羞时刻
#DFD9DC	Shy Pink	羞粉
#DCBBBE	Shy Smile	害羞的微笑
#DDAC9A	Shy Time	羞时光
#D6C7D6	Shy Violet	羞紫罗兰
#DFB8BC	Shy Young Salmon	羞年轻鲑粉
#5AB9A4	Shylock	夏洛克
#F3F3D9	Shyness	害羞
#686B50	Siam	暹罗
#896F40	Siam Gold	暹罗金
#9DAC79	Siamese Green	连体绿
#EFE1D5	Siamese Kitten	暹罗小猫
#CF8D9A	Sianna Rose	西安娜·罗斯
#EEE2D5	Siberian Fur	西伯利亚毛皮
#4E6157	Siberian Green	西伯利亚绿
#C1CCD6	Siberian Ice	西伯利亚冰
#FF44FF	Sicilia Bougainvillaea	西西里岛九重葛
#FCC792	Sicilian Villa	西西里别墅
#C1C6AD	Sicily Sea	西西里海
#502D86	Sick Blue	病蓝
#9DB92C	Sick Green	病绿
#94B21C	Sickly Green	病态的绿色
#D0E429	Sickly Yellow	病态的黄色
#E9D9A9	Sidecar	边车
#BFC3AE	Sidekick	伙伴
#A17858	Sidesaddle	侧鞍
#E2C591	Sideshow	余兴节目
#DBE9ED	Sidewalk Chalk Blue	人行道粉笔蓝
#F7CCC4	Sidewalk Chalk Pink	人行道粉笔粉红色
#7B8F99	Sidewalk Grey	人行道灰色
#A9561E	Sienna	赭色
#CDA589	Sienna Buff	赭色浅黄
#DCC4AC	Sienna Dust	赭色尘
#DE9F83	Sienna Ochre	赭色赭
#B1635E	Sienna Red	赭色红
#BC735A	Sienna Sky	赭色天空
#F1D28C	Sienna Yellow	赭色黄
#A35C46	Sierra	塞拉
#A28A67	Sierra Foothills	塞拉利昂山麓
#C2BCAE	Sierra Madre	马德雷山脉
#ED9181	Sierra Pink	塞拉粉红
#924E3C	Sierra Redwood	塞拉雷德伍德
#AFA28F	Sierra Sand	塞拉沙
#F0C3A7	Siesta	午睡
#C9A480	Siesta Dreams	午睡梦
#EC7878	Siesta Rose	午睡玫瑰
#F1E6E0	Siesta Sands	午睡金沙
#E9D8C8	Siesta Tan	午睡谭
#CBDADB	Siesta White	午睡白
#ABB6AC	Sigh of Relief	松了一口气
#76A4A6	Sightful	有眼光
#CAAD76	Sigmarite	西格玛莱特
#E3EDE2	Sign of Spring	春天的迹象
#FCE299	Sign of the Crown	皇冠标志
#CC0002	Signal	信号
#33FF00	Signal Green	信号绿
#838684	Signal Grey	信号灰
#B15384	Signal Pink	信号粉色
#ECECE6	Signal White	信号白
#455371	Signature Blue	签名蓝
#EAEDE5	Silence	沉默
#C2A06D	Silence Is Golden	沉默是金
#E9F1EC	Silent Breath	寂静呼吸
#C6EAEC	Silent Breeze	寂静微风
#E5E7E8	Silent Delight	寂静喜悦
#9FA5A5	Silent Film	无声电影
#FEF2C7	Silent Ivory	寂静象牙
#526771	Silent Night	寂静夜
#231C4D	Silent Orbit	寂静轨道
#ABE3DE	Silent Ripple	无声的涟漪
#BAD9D9	Silent River	寂静河
#729988	Silent Sage	寂静鼠尾草
#A99582	Silent Sands	寂静沙
#3A4A63	Silent Sea	寂静海
#DBD7CE	Silent Smoke	寂静烟
#EEF7FA	Silent Snowfall	无声的降雪
#C3C7BD	Silent Storm	寂静风暴
#7C929A	Silent Tide	寂静潮汐
#0F084B	Silent Twilight	寂静暮光
#E3E7E4	Silent White	寂静白
#CCBBBB	Silentropae Cloud	沉默树云
#B29E81	Silestone	赛丽石
#CBCDC4	Silhouette	剪影
#DBD4BF	Silica	二氧化硅
#EDE2E0	Silica Sand	硅砂
#88B2A9	Silicate Green	硅酸盐绿
#CDDAD3	Silicate Light Turquoise	硅酸盐浅绿松石
#5A3D4A	Siliceous Red	硅质红
#EBE0CA	Silicone Seduction	硅胶诱惑
#DCDCCF	Silicone Serena	硅胶瑟琳娜
#D57B65	Silithus Brown	希利苏斯棕
#BBADA1	Silk	丝
#CCBFC7	Silk Chiffon	丝雪纺
#354E4B	Silk Crepe Grey	丝可丽饼灰
#6E7196	Silk Crepe Mauve	丝可丽饼淡紫
#EEE9DC	Silk Dessou	丝绸德苏
#F6E8DE	Silk Elegance	丝优雅
#ECDDC9	Silk for the Gods	众神的丝绸
#FCEEDB	Silk Gown	丝绸礼服
#02517A	Silk Jewel	丝宝石
#70939E	Silk Khimar	丝绸希玛
#9188B5	Silk Lilac	丝丁香紫
#FCEFE0	Silk Lining	丝绸衬里
#F3F0EA	Silk Pillow	丝枕
#C86E8B	Silk Ribbon	丝丝带
#97976F	Silk Road	丝路
#F6EECD	Silk Sails	丝帆
#009283	Silk Sari	丝绸纱丽
#8B4248	Silk Satin	丝缎面
#EFDDDF	Silk Sheets	丝绸床单
#A5B2C7	Silk Sox	丝袜
#F5EEC6	Silk Star	丝星
#CC9999	Silk Stone	丝石
#F0DFC9	Silk Teddy	丝绸泰迪
#B77D5F	Silken Chocolate	丝质巧克力
#FCE17C	Silken Gold	丝质金
#11A39E	Silken Jade	丝质翡翠
#427584	Silken Peacock	丝质孔雀
#D0D0C9	Silken Pebble	丝质卵石
#495D5A	Silken Pine	丝质松
#AA7D89	Silken Raspberry	丝质覆盆子
#E81320	Silken Ruby	丝质红宝石
#D6BEA1	Silken Stockings	丝袜
#FEF6D8	Silken Tofu	丝质豆腐
#DADCD4	Silken Web	丝网
#FDEFDB	Silkie Chicken	乌骨鸡
#EEEECC	Silkworm	蚕
#EAE0CD	Silky Bamboo	丝竹
#BDC2BB	Silky Green	丝绿
#D7ECD9	Silky Mint	丝滑薄荷
#FFDDF4	Silky Pink	丝滑粉色
#FFF5E4	Silky Tofu	丝豆腐
#EFEBE2	Silky White	丝白
#F2F3CD	Silky Yoghurt	丝滑酸奶
#F4B0BB	Silly Puddy	傻巴迪
#8A7D72	Silt	淤泥
#A3B9AC	Silt Green	淤泥绿
#C0C0C0	Silver	银
#DDDBD0	Silver Ash	银灰
#B8B4B6	Silver Bells	银铃
#D2CFC4	Silver Birch	银桦
#FBF5F0	Silver Bird	银鸟
#8A9A9A	Silver Blue	银蓝
#5B7085	Silver Blueberry	银蓝莓
#BABAB5	Silver Bonnet	银色帽子
#B6B5B8	Silver Bullet	银弹
#ACAEA9	Silver Chalice	银圣杯
#ADB0B4	Silver Charm	银魅力
#E2E4E9	Silver City	银城
#A6AAA2	Silver Clouds	银云
#D9DAD2	Silver Creek	银小溪
#CDC5C2	Silver Cross	银十字
#C1C1D1	Silver Dagger	银匕首
#BDB6AE	Silver Dollar	银元
#9AB2A9	Silver Drop	银滴
#B4C8D2	Silver Dusk	银黄昏
#E8E7E0	Silver Dust	银尘
#CFCFCF	Silver Eagle	银鹰
#899587	Silver Eucalyptus	银桉树
#EDEBE7	Silver Feather	银羽毛
#E1DDBF	Silver Fern	银蕨
#7F7C81	Silver Filigree	银丝
#7196A2	Silver Fir Blue	银冷杉蓝
#BDBCC4	Silver Fox	银狐
#C6CEC3	Silver Grass	银草
#DFE4DC	Silver Grass Traces	银草痕迹
#D7D7C7	Silver Green	银绿
#A8A8A4	Silver Grey	银灰
#6D747B	Silver Hill	银丘陵
#DEDDDD	Silver Lake	银湖
#5686B4	Silver Lake Blue	银湖蓝
#D8DCC8	Silver Laurel	银月桂
#9DB7A5	Silver Leaf	银叶
#859382	Silver Linden Grey	银椴灰
#BBBFC3	Silver Lined	银线
#B8B1A5	Silver Lining	一线希望
#A8A798	Silver Lustre	银色光泽
#71776E	Silver Maple Green	银枫绿
#C8C8C0	Silver Marlin	银马林鱼
#DBCCD3	Silver Mauve	银淡紫
#D6D6D6	Silver Medal	银牌
#BEC2C1	Silver Mine	银矿
#9F8D7C	Silver Mink	银貂
#B4B9B9	Silver Mistral	银米斯特拉尔
#D9D7C9	Silver Moon	银月
#B6BCB2	Silver Moss	银苔藓
#E1C1B9	Silver Peony	银牡丹
#EBECF5	Silver Phoenix	银凤凰
#526E6B	Silver Pine	银松
#D9A8A8	Silver Pink	银粉
#C6C6C6	Silver Polish	银抛光
#D29EA6	Silver Rose	银玫红
#C9A0DF	Silver Rust	银锈
#8E8572	Silver Sage	银鼠尾草
#DADEDD	Silver Sand	银沙
#C7C6C0	Silver Sateen	银缎
#A19FA5	Silver Sconce	银烛台
#A6AEAA	Silver Screen	银屏
#B2AAAA	Silver Service	银牌服务
#D8DADB	Silver Setting	银戒
#D8DAD8	Silver Shadow	银暗影
#87A1B1	Silver Skate	银溜冰鞋
#EAECE9	Silver Sky	银天空
#8E9090	Silver Snippet	银色片段
#D3D3D2	Silver Spoon	银汤匙
#B7BDC4	Silver Springs	银泉
#CADFDD	Silver Spruce	银云杉
#98A0B8	Silver Star	银星
#8599A8	Silver Storm	银风暴
#B8C7CE	Silver Strand	银线
#CACDCA	Silver Strand Beach	银线海滩
#F2C1C0	Silver Strawberry	银草莓
#7E7D88	Silver Surfer	银色冲浪者
#C4C9E2	Silver Sweetpea	银香豌豆
#B8B2A2	Silver Taupe	银灰褐
#E7D5C5	Silver Thistle Beige	银蓟米色
#CAC9C2	Silver Thistle Down	银蓟
#B6B3A9	Silver Tinsel	银色金属丝
#BFC3BF	Silver Tipped Sage	银头鼠尾草
#D9D9D3	Silver Tradition	银传统
#67BE90	Silver Tree	银树
#BBC5C4	Silver Whiskers	银须
#E7E8E3	Silver White	银白
#637C5B	Silver Willow Green	银柳绿
#CDC7C7	Silver-Tongued	巧舌如簧
#6A6472	Silverado	西尔维拉多
#A7A89B	Silverado Ranch	西尔维拉多牧场
#B7BBC6	Silverado Trail	西尔维拉多步道
#CBCBCB	Silverback	银背
#5A6A43	Silverbeet	银甜菜
#BEBBC9	Silverberry	银莓
#8D95AA	Silverfish	银鱼
#B0B8B2	Silvermist	银雾
#C2C0BA	Silverplate	银盘
#D1D2CB	Silverpointe	银尖
#B1B3B3	Silverstone	银石赛道
#BFD9CE	Silverton	西尔弗顿
#B8B8BF	Silverware	银器
#E6E5DC	Silvery Moon	银白月
#D5DBD5	Silvery Streak	银色条纹
#2F4E4E	Similar to Slate	近似板岩
#4C3D30	Simmered Seaweed	焖紫菜
#CB9281	Simmering Ridge	沸腾岭
#A99F96	Simmering Smoke	冒烟
#A8C1D4	Simpatico Blue	亲和蓝
#BABAAD	Simple Grey	简单灰
#F9A3AA	Simple Pink	简单粉
#F1D8B2	Simple Pleasures	简单的快乐
#84737A	Simple Plum	简单梅紫
#C8D9E5	Simple Serenity	简单宁静
#7A716E	Simple Silhouette	简单剪影
#CDC7B7	Simple Stone	简单石
#DFD9D2	Simple White	简单白
#CED0DB	Simplicity	简单
#D6C7B9	Simplify Beige	简化米色
#58CEB2	Simply Aqua	简水色
#ADBBC9	Simply Blue	简蓝
#FBAD90	Simply Coral	简珊瑚
#FFD2C1	Simply Delicious	简直美味
#CEDDE7	Simply Elegant	简优雅
#00AA81	Simply Green	简绿
#DAC4DC	Simply Lavender	简薰衣草紫
#FFC06C	Simply Peachy	简桃色
#8CB9D4	Simply Posh	简单时尚
#715BB1	Simply Purple	简紫
#A7A996	Simply Sage	简鼠尾草
#C2852E	Simply Sienna	简赭色
#B0C5E0	Simply Sparkling	简闪亮
#E6D2BF	Simply Subtle Pink	简微妙粉
#AD9F93	Simply Taupe	简灰褐
#A6A1D7	Simply Violet	简紫罗兰
#EBEDE7	Simply White	简白
#82856D	Simpson Surprise	辛普森惊喜
#FFD90F	Simpsons Yellow	辛普森一家黄
#CFA236	Sin City	罪恶之城
#FFD500	Sinag Gold	西纳格黄金
#4675B7	Sinatra	西纳特拉
#A6D5D0	Sinbad	辛巴达
#645059	Sinful	有罪
#A020F0	Singapore Orchid	新加坡兰花
#8E9C98	Singing in the Rain	雨中歌唱
#2B4D68	Singing the Blues	唱布鲁斯
#713E39	Single Origin	单一来源
#12110E	Sinister	险恶
#353331	Sinister Minister	险恶部长
#A89C94	Sinister Mood	险恶的心情
#4C4DFF	Siniy Blue	西尼蓝
#49716D	Sinkhole	天坑
#D8B778	Sinking Sand	沉沙
#FEE5CB	Sinner’s City	罪人之城
#BB1111	Sinoper Red	锡珀红
#CB410B	Sinopia	中华
#B6BD4A	Sinsemilla	精育种子
#DEDFC9	Sip of Mint	喝一口薄荷
#EAE2DF	Sip of Nut Milk	一口坚果奶
#20415D	Sir Edmund	埃德蒙爵士
#69293B	Siren	警报器
#68A43C	Siren of Nature	自然海妖
#B21D1D	Siren Scarlet	海妖猩红
#F3DECE	Siren Song	海妖之歌
#68766E	Sirocco	西罗科
#884411	Sis Kebab	烤肉串妹妹
#C5BAA0	Sisal	剑麻
#C8C76F	Siskin Green	黄雀绿
#7A942E	Siskin Sprout	黄雀芽
#863F76	Sister Loganberry Frost	洛根贝瑞·弗罗斯特修女
#DCDEDC	Site White	站点白色
#3C2233	Sitter Red	红保姆
#F4E2D9	Sitting Pretty	坐得漂亮
#3D322E	Six Feet Under	六英尺以下
#FD02FF	Sixteen Million Pink	一千六百万粉红
#0079A9	Sixties Blue	六十年代蓝色
#1C1B1A	Siyah Black	Siyah 黑
#8E3537	Sizzling Bacon	铁板培根
#A36956	Sizzling Hot	热辣辣
#FF3855	Sizzling Red	铁板红
#FFDB00	Sizzling Sunrise	炙热日出
#EB7E4D	Sizzling Sunset	炙热的夕阳
#FA005C	Sizzling Watermelon	铁板西瓜
#5F9370	Skarsnik Green	斯卡斯尼克·格林
#47413B	Skavenblight Dinge	斯卡文魔都丁格
#EBDECC	Skeleton	骷髅
#F4EBBC	Skeleton Bone	骷髅
#773399	Skeletor’s Cape	骷髅斗篷
#C9133E	Ski Patrol	滑雪巡逻队
#E1E5E3	Ski Slope	滑雪场
#D2E3E5	Ski White	滑雪白
#4477DD	Skies of Cyberspace	网络空间的天空
#41332F	Skilandis	斯基兰迪斯
#FEFFE3	Skimmed Milk White	脱脂奶白
#5CBFCE	Skink Blue	石龙子蓝
#C3D7E0	Skinny Dippin’	瘦迪平’
#5588FF	Skinny Jeans	紧身牛仔裤
#748796	Skipper	船长
#4C4D78	Skipper Blue	船长蓝
#D1D0C9	Skipping Rocks	跳岩
#D0CBB6	Skipping Stone	跳石
#51B73B	Skirret Green	裙绿色
#007474	Skobeloff	斯科贝洛夫
#B04E0F	Skrag Brown	斯克拉格棕
#E3DAC9	Skull	头骨
#F1C78E	Skullcrusher Brass	碎颅者黄铜
#F9F5DA	Skullfire	骷髅火
#76D6FF	Sky	天空
#88C1D8	Sky Babe	天空宝贝
#9FB9E2	Sky Blue	天空蓝
#DCBFE1	Sky Blue Pink	天空蓝粉
#A2DCD3	Sky Blue View	天空蓝景
#99C1D6	Sky Bus	空中巴士
#242933	Sky Captain	天空队长
#A5CAD1	Sky Chase	追天
#A0BDD9	Sky City	天空城
#ADDEE5	Sky Cloud	天空云
#4499FF	Sky Dancer	天空舞者
#8EAABD	Sky Eyes	天空眼
#89C6DF	Sky Fall	天空秋
#D1DCD8	Sky Glass	天空玻璃
#B6C3C1	Sky Grey	天空灰
#A7C2EB	Sky High	天空高
#CADADE	Sky Light View	天空浅景
#546977	Sky Lodge	天空小屋
#CF71AF	Sky Magenta	天空品红
#0099FF	Sky of Magritte	马格利特的天空
#82CDE5	Sky of Ocean	天空海洋
#A2BAD4	Sky Pilot	天空飞行员
#4B7B87	Sky Space	天空太空
#C9D3D3	Sky Splash	天空飞溅
#B8DCED	Sky Wanderer	天空漫游者
#8ACFD6	Sky Watch	天空观察
#BBCEE0	Sky’s the Limit	天空是极限
#66CCFF	Skyan	斯凯安
#60BFD3	Skydive	跳伞
#C6D6D7	Skydiving	跳伞
#38A3CC	Skydome	天穹
#6BCCC1	Skylar	斯凯拉
#C1E4F0	Skylark	云雀
#B8D6D7	Skylight	天窗
#959EB7	Skyline	天际线
#B9C0C3	Skyline Steel	天际线钢
#1F7CC2	Skylla	斯凯拉
#818DB3	Skysail Blue	天帆蓝
#6CB3D8	Skyscape	天空景观
#D3DBE2	Skyscraper	摩天大楼
#DCD7CD	Skyvory	天沃里
#C1DEEA	Skywalker	天行者
#8FFE08	Skywalker Green	天行者绿
#A6C4CA	Skyward	天空
#A6BBCF	Skyway	天路
#C9E0EA	Skywriter	天空作家
#DBD5E6	Slaanesh Grey	色孽格雷
#C9CC4A	Slap Happy	巴掌快乐
#516572	Slate	石板
#4B3D33	Slate Black	石板黑
#A0987C	Slate Brown	石板棕
#465355	Slate Court	石板庭
#6E7F8D	Slate Expectations	石板期望
#658D6D	Slate Green	石板绿
#59656D	Slate Grey	石板灰
#625C63	Slate Mauve	石板淡紫
#B4ADA9	Slate Pebble	石板卵石
#B3586C	Slate Pink	石板粉
#868988	Slate Rock	石板岩石
#BA6671	Slate Rose	石板玫红
#ACB4AC	Slate Stone	石板
#606E74	Slate Tile	石板瓷砖
#7A818D	Slate Tint	石板调
#989192	Slate Violet	石板紫罗兰
#40535D	Slate Wall	石板墙
#4C5055	Sled	雪橇
#825D2A	Sleek Otter	光滑水獭
#FAF6E9	Sleek White	光滑的白色
#4579AC	Sleep	睡觉
#BED1E1	Sleep Baby Sleep	睡觉宝宝睡觉
#98BDDD	Sleeping Easy	轻松入睡
#786D5E	Sleeping Giant	沉睡的巨人
#D8D3CF	Sleeping Inn	睡眠旅馆
#BADBED	Sleepless Blue	不眠蓝
#B2B8B1	Sleepy	困了
#BCCBCE	Sleepy Blue	瞌睡蓝
#9B9028	Sleepy Hamlet	沉睡的哈姆雷特
#839C6D	Sleepy Hollow	断头谷
#DCC7D5	Sleepy Kisses	昏昏欲睡的吻
#A2A1A1	Sleepy Kitten	瞌睡小猫
#B5A78D	Sleepy Owlet	瞌睡猫头鹰
#8A8C94	Sleet	雨夹雪
#DEC29F	Slender Reed	细长的芦苇
#C0AA60	Slender Stem	细长茎
#BD997A	Slice of Brioche	片布里欧修
#0022EE	Slice of Heaven	片天堂
#E1697C	Slice of Watermelon	片西瓜
#CCCFBF	Sliced Cucumber	黄瓜片
#EDE5BC	Slices of Happy	幸福片
#73CCD8	Slick Blue	光滑的蓝色
#615D4C	Slick Green	光滑的绿色
#A66E49	Slick Mud	光滑的泥浆
#97AEAF	Sliding	滑动
#CFC9C5	Slight Mushroom	小蘑菇
#CB904E	Slightly Golden	微金色
#FCE6DB	Slightly in Love	有点爱
#F1DDD8	Slightly Peach	微桃色
#E6CFCE	Slightly Rose	微玫瑰色
#92D2ED	Slightly Spritzig	轻微喷洒
#DCE4DD	Slightly Zen	略带禅意
#A7C408	Slime	黏液
#00BB88	Slime Girl	黏液女孩
#B8EBC5	Slime Lime	黏液石灰
#AADD00	Slimer Green	细绿
#7DED17	Slimy Green	粘糊糊的绿色
#BFC1CB	Slipper Satin	拖鞋缎
#BEBA82	Slippery Moss	滑苔藓
#F87E63	Slippery Salmon	滑鲑鱼
#7B766C	Slippery Shale	滑页岩
#EFEDD8	Slippery Soap	滑肥皂
#8D6A4A	Slippery Stone	滑石
#D5F3EC	Slippery Tub	湿滑的浴缸
#C3D4E8	Slipstream	滑流
#D2B698	Slopes	斜坡
#DBDCC4	Slow Dance	慢舞
#DDE3DC	Slow Down	慢点
#C6D5C9	Slow Green	慢绿
#D5D4CE	Slow Perch	慢鲈鱼
#E1C2BE	Slubbed Silk	竹节丝
#CA6B02	Sludge	污泥
#42342B	Slugger	强击手
#2D517C	Slumber	沉睡
#CDC5B5	Slumber Sloth	沉睡树懒
#D6CEC4	Slush	泥浆
#804741	Sly Fox	狡猾的狐狸
#F8E2D9	Sly Shrimp	狡猾的虾
#AC9A7E	Smallmouth Bass	小口黑鲈
#003399	Smalt	小小
#496267	Smalt Blue	小蓝
#4A9976	Smaragdine	西玛格丁
#8775A1	Smashed Grape	碎葡萄
#E2D0B9	Smashed Potatoes	土豆泥
#FF6D3A	Smashed Pumpkin	捣碎的南瓜
#FF5522	Smashing Pumpkins	粉碎南瓜
#D9DDCB	Smell of Garlic	大蒜味
#DCE0EA	Smell of Lavender	薰衣草的气味
#BEF7CF	Smell the Mint	闻薄荷味
#BB7283	Smell the Roses	闻玫瑰花香
#D7CECD	Smells of Fresh Bread	新鲜面包的味道
#F0CCD9	Smidgen of Love	一点爱
#313138	Smiler’s Mist	微笑者之雾
#FFC962	Smiley Face	笑脸
#C84186	Smitten	震惊
#3B646C	Smock Blue	工作服蓝色
#BFC8C3	Smoke	烟
#939789	Smoke & Ash	烟灰
#D9E6E8	Smoke and Mirrors	烟与镜
#CC7788	Smoke Bush	烟灌木丛
#AD8177	Smoke Bush Rose	烟灌木丛玫红
#ADB6B9	Smoke Cloud	烟云
#CCBBAA	Smoke Dragon	烟龙
#CEBAA8	Smoke Grey	烟灰
#B1B8B2	Smoke Infusion	烟雾注入
#9BACB3	Smoke on the Water	烟水
#446B61	Smoke Pine	烟松
#BB5F34	Smoke Tree	烟树
#84625A	Smoked Almond	烟熏杏仁
#5A4351	Smoked Amethyst	烟熏紫水晶
#3B2F2F	Smoked Black Coffee	烟熏黑咖啡
#583A39	Smoked Claret	烟熏干红
#674244	Smoked Flamingo	烟熏火烈鸟
#F2B381	Smoked Ham	烟熏火腿
#CEB5B3	Smoked Lavender	烟熏薰衣草紫
#A89C97	Smoked Mauve	烟熏淡紫
#725F6C	Smoked Mulberry	烟熏桑葚
#573F16	Smoked Oak Brown	烟熏橡棕
#D9D2CD	Smoked Oyster	烟熏牡蛎
#793A30	Smoked Paprika	烟熏辣椒粉
#6F6E70	Smoked Pearl	烟熏珍珠
#444251	Smoked Purple	烟熏紫
#FA8072	Smoked Salmon	烟熏鲑粉
#DDBBCC	Smoked Silver	烟熏银
#AEA494	Smoked Tan	烟熏棕褐
#D0C6BD	Smoked Umber	烟熏赭褐
#716354	Smokehouse	熏制室
#5E5755	Smokescreen	烟幕
#BEB2A5	Smokestack	烟囱
#647B84	Smokey Blue	烟蓝
#88716D	Smokey Claret	烟干红
#E9DFD5	Smokey Cream	烟奶油
#747B92	Smokey Denim	烟牛仔蓝
#928996	Smokey Lilac	烟丁香紫
#CEBDB4	Smokey Pink	烟粉
#A5B5AC	Smokey Slate	烟石板
#9A9DA2	Smokey Stone	烟石
#9F8C7C	Smokey Tan	烟棕褐
#A57B5B	Smokey Topaz	烟黄玉
#A7A5A3	Smokey Wings	烟翅膀
#954A3D	Smokin Hot	冒烟热
#A29587	Smoking Mirror	吸烟镜
#43454C	Smoking Night Blue	吸烟夜蓝
#992200	Smoking Red	吸烟红
#605D6B	Smoky	烟熏
#708D9E	Smoky Azurite	烟熏蓝铜矿
#B9A796	Smoky Beige	烟熏米色
#100C08	Smoky Black	烟熏黑
#7196A6	Smoky Blue	烟熏蓝
#34282C	Smoky Charcoal	烟熏炭
#A49E93	Smoky Day	烟熏白天
#4C726B	Smoky Emerald	烟熏祖母绿
#817D68	Smoky Forest	烟熏森林
#9B8FA6	Smoky Grape	烟熏葡萄
#939087	Smoky Grey Green	烟熏灰绿
#D7D9C6	Smoky Light	烟熏浅
#998BA5	Smoky Mauve	烟熏淡紫
#AFA8A9	Smoky Mountain	烟熏山
#71ADB2	Smoky Mountain Spring	烟熏山春
#E1D9DC	Smoky Orchid	烟熏兰花紫
#BB8D88	Smoky Pink	烟熏粉
#5C6E7C	Smoky Pitch	烟熏漆黑
#51484F	Smoky Quartz	烟熏石英
#E2B6A7	Smoky Salmon	烟熏鲑粉
#A1A18F	Smoky Slate	烟熏石板
#7E8590	Smoky Studio	烟熏工作室
#AA9793	Smoky Sunrise	烟熏日出
#9D9E9D	Smoky Tone	烟熏调
#7E7668	Smoky Topaz	烟熏黄玉
#857D72	Smoky Trout	烟熏鳟鱼
#647D9E	Smoky Violet	烟熏紫罗兰
#AEADA3	Smoky White	烟熏白
#B2ACA9	Smoky Wings	烟熏翅膀
#7E2056	Smooch	吻
#D13D4B	Smooch Rouge	吻红
#F4E4B3	Smooth as Corn Silk	光滑如玉米丝
#D3BB96	Smooth Beech	光滑山毛榉
#5D4E4C	Smooth Coffee	顺滑咖啡
#CABAB1	Smooth Pebbles	光滑的鹅卵石
#A2D5D3	Smooth Satin	光滑缎面
#F6EAD2	Smooth Silk	光滑丝绸
#BCB6B3	Smooth Stone	光滑的石头
#97B2B1	Smooth-Hound Shark	光滑猎犬鲨
#988E01	Smoothie Green	冰沙绿
#B6321E	Smouldering	闷烧
#AA6E4B	Smouldering Copper	闷烧铜
#CA3434	Smouldering Red	闷烧红
#EE4466	Smudged Lips	嘴唇脏了
#E9EEEB	Snail Trail Silver	蜗牛小径银
#C8C1AA	Snake Charmer	耍蛇人
#E9CB4C	Snake Eyes	蛇眼
#DB2217	Snake Fruit	蛇果
#45698C	Snake River	蛇河
#BB4444	Snakebite	蛇咬伤
#BAA208	Snakebite Leather	蛇咬皮
#889717	Snakes in the Grass	草丛里的蛇
#786E61	Snakeskin	蛇皮
#8A8650	Snap Pea Green	豌豆绿
#2B3E52	Snap-Shot	快照
#FED777	Snapdragon	金鱼草
#BCF5A6	Snappy Green	活泼的绿色
#EB8239	Snappy Happy	快乐快乐
#CC0088	Snappy Violet	活泼的紫罗兰
#9AE37D	Snarky Mint	尖酸刻薄的薄荷
#840014	Sneaky Devil	鬼鬼祟祟的恶魔
#896A46	Sneaky Sesame	偷偷摸摸的芝麻
#F2B635	Sneezeweeds	喷嚏草
#9D7938	Sneezy	打喷嚏
#718854	Snip of Parsley	一片欧芹
#DCCEBB	Snip of Tannin	单宁片段
#92B57B	Snipped Chive	切碎的香葱
#DD7733	Snobby Shore	势利海岸
#49556C	Snoop	史努比
#034F84	Snorkel Blue	浮潜蓝
#004F7D	Snorkel Sea	浮潜海
#222277	Snorlax	斯诺拉克斯
#ACBB0D	Snot	鼻涕
#9DC100	Snot Green	鼻涕绿
#FFFAFA	Snow	雪
#DEF1E7	Snow Ballet	雪芭蕾
#DDE3E8	Snow Blanket	雪毯
#E5E9EB	Snow Cloud	雪云
#E4F0E8	Snow Crystal Green	雪水晶绿
#F7F5ED	Snow Day	雪白天
#E3E3DC	Snow Drift	雪漂流
#B3C0D3	Snow Flurries	雪花
#EAF7C9	Snow Flurry	雪花乱舞
#F4F2E9	Snow Globe	雪球
#C3D9CB	Snow Goose	雪鹅
#C9DCDC	Snow in June	雪六月
#CFDFDB	Snow Leopard	雪豹
#EBE2CC	Snow on the Pines	松树上的雪
#FCD0C7	Snow Pa	雪霸
#6CCC7B	Snow Pea	雪豌豆
#E0DCDB	Snow Peak	雪山峰
#EBC6C0	Snow Pink	雪粉
#F4EAF0	Snow Plum	雪梅紫
#D2D8DA	Snow Quartz	雪石英
#D7E4ED	Snow Shadow	雪暗影
#EEEDEA	Snow Storm	雪风暴
#DADCE0	Snow Tiger	雪虎
#EEFFEE	Snow White	雪白
#F8AFA9	Snow White Blush	雪白绯红
#D9E9E5	Snowball Effect	雪球效应
#E8E9E9	Snowbank	雪堆
#BED0DA	Snowbell	雪铃
#EEF1EC	Snowbelt	雪带
#EFECED	Snowberry	雪莓
#74A9B9	Snowboard	单板滑雪
#DDEBE3	Snowbound	雪域
#DCE5EB	Snowcap	雪帽
#D6E5F0	Snowdrift Glow	雪堆辉光
#EEFFCC	Snowdrop	雪花莲
#E0EFE1	Snowdrop Explosion	雪花莲爆炸
#E8E5DE	Snowed In	下雪了
#E0DEDA	Snowfall	降雪
#EEEDE0	Snowfall White	雪白
#EFF0F0	Snowflake	雪花
#C8C8C4	Snowglory	雪荣
#FEFAFB	Snowman	雪人
#C9E6E9	Snowmelt	融雪
#E7E3D6	Snowshoe Hare	雪鞋兔
#001188	Snowstorm Space Shuttle	暴风雪航天飞机
#EDF2E0	Snowy Evergreen	雪白常绿
#D6F0CD	Snowy Mint	雪白薄荷
#F1EEEB	Snowy Mount	雪白山
#F0EFE3	Snowy Pine	雪白松
#D3DBEC	Snowy Shadow	雪白暗影
#C5D8E9	Snowy Summit	雪白顶峰
#A5ADBD	Snub	冷落
#E4D7E5	Snuff	鼻烟
#BEA998	Snug as a Bug	舒适如虫
#FFF9E2	Snug Cottage	舒适小屋
#FCDB80	Snug Yellow	舒适的黄色
#A58F73	Snuggle Pie	依偎派
#E1B89B	So Baja	索巴哈
#D4D8E3	So Blue-Berry	如此蓝莓
#EC7A93	So Charming	太迷人了
#CECDC5	So Chic!	好时髦
#DFC89D	So Close	如此接近
#CDC0C9	So Dainty	好精致
#D8D4D7	So Fresh so Clean	鲜洁净
#B17494	So Long Shadow	好长的影子
#84525A	So Merlot	梅洛红
#F1E0CB	So Much Fawn	小鹿
#DAD5D6	So Shy	羞
#00FF11	So Sour	酸
#8B847C	So Sublime	太崇高了
#FFDEF2	So This Is Love	这就是爱
#006F47	So-Sari	索纱丽
#F7D163	Soaked in Sun	沐浴在阳光下
#CEC8EF	Soap	皂
#B2DCEF	Soap Bubble	皂泡泡
#A0B28E	Soap Green	皂绿
#E5BFCA	Soap Pink	皂粉
#ECE5DA	Soapstone	皂石
#DDF0F0	Soar	翱翔
#9BADBE	Soaring Eagle	展翅翱翔的雄鹰
#B9E5E8	Soaring Sky	飞翔的天空
#D1B49F	Soba	荞麦面
#22BB00	Soccer Turf	足球草坪
#CF8C76	Sociable	善于交际
#FAF2DC	Social Butterfly	社交蝴蝶
#921A1C	Socialist	社会主义
#907676	Socialite	名媛
#E49780	Sockeye	红鲑鱼
#C3C67E	Soda Pop	苏打流行
#2C447B	Sodalite Blue	方钠石蓝
#9B533F	Sōdenkaracha Brown	宗传辛子棕
#FFFCEE	Sodium Silver	钠银
#93806A	Sofisticata	索菲斯蒂卡塔
#EAE0D6	Soft & Warm	柔温暖
#CFBEA5	Soft Amber	柔琥珀
#CFB7C9	Soft Amethyst	柔紫水晶
#E0B392	Soft Apricot	柔杏
#897670	Soft Bark	柔树皮
#B9B5AF	Soft Beige	柔米色
#6488EA	Soft Blue	柔蓝
#888CBA	Soft Blue Lavender	柔蓝薰衣草紫
#DAE7E9	Soft Blue White	柔蓝白
#E3BCBC	Soft Blush	柔绯红
#FFB737	Soft Boiled	软煮
#F6F0EB	Soft Breeze	柔微风
#99656C	Soft Bromeliad	软凤梨
#A18666	Soft Bronze	柔古铜
#F4E1B6	Soft Butter	柔黄油
#FFEDBE	Soft Buttercup	软毛茛
#F7EACF	Soft Candlelight	柔烛光
#EFB6D8	Soft Cashmere	柔羊绒
#BFCFC8	Soft Celadon	柔青瓷
#C4CD87	Soft Celery	柔芹菜
#DBB67A	Soft Chamois	柔麂皮
#838298	Soft Charcoal	柔炭
#E4BC5B	Soft Cheddar	软切达干酪
#D0E3ED	Soft Cloud	柔云
#987B71	Soft Cocoa	柔可可
#FFEEE0	Soft Coral	柔珊瑚
#F5EFD6	Soft Cream	柔奶油
#B9C6CA	Soft Denim	柔牛仔蓝
#E0CFB9	Soft Doeskin	软皮
#C2BBB2	Soft Dove	柔鸽
#B59778	Soft Fawn	柔小鹿
#EFE4DC	Soft Feather	柔羽毛
#C7D368	Soft Fern	柔蕨
#817714	Soft Fig	柔无花果
#E2EFDD	Soft Focus	柔焦
#C0D5CA	Soft Fresco	柔壁画
#BDCCB3	Soft Froth	柔泡沫
#D496BD	Soft Fuchsia	柔紫红
#7E7574	Soft Fur	柔毛皮
#FBEEDE	Soft Gossamer	柔游丝
#C1DFC4	Soft Grass	柔草
#6FC276	Soft Green	柔绿
#D7C3B5	Soft Greige	柔灰米
#C8D8D1	Soft Haze	柔霾
#BEA8B7	Soft Heather	柔石楠
#E7CFCA	Soft Ice Rose	柔冰玫红
#B28EA8	Soft Impact	软冲击
#A28B7E	Soft Impala	软黑斑羚
#E6E3EB	Soft Iris	柔鸢尾
#FBF1DF	Soft Ivory	柔象牙
#D1D2BE	Soft Kind	软种
#F5EDE5	Soft Lace	柔蕾丝
#F6E5F6	Soft Lavender	柔薰衣草紫
#D9A077	Soft Leather	柔皮革
#E2D4DF	Soft Lilac	柔丁香紫
#BEDDBA	Soft Lumen	软流明
#DD99BB	Soft Matte	柔哑光
#BAB2B1	Soft Metal	柔金属
#E6F9F1	Soft Mint	柔薄荷
#EFECD7	Soft Moonlight	柔月光
#CCE1C7	Soft Moss	柔苔藓
#F7EADF	Soft Muslin	柔薄纱
#59604F	Soft Olive	柔橄榄
#EEC0AB	Soft Orange	柔橙
#FFDCD2	Soft Orange Bloom	柔橙绽放
#555054	Soft Panther	软豹
#EEDFDE	Soft Peach	柔桃
#FFF3F0	Soft Peach Mist	柔桃薄雾
#EFE7DB	Soft Pearl	柔珍珠
#CDC1B2	Soft Pelican	柔鹈鹕
#EBF8EF	Soft Petals	柔花瓣
#FFF5E7	Soft Pillow	软枕头
#FDB0C0	Soft Pink	柔粉
#FDEBE5	Soft Pink Mist	柔粉薄雾
#949EA2	Soft Pumice	软浮石
#DC8E31	Soft Pumpkin	柔南瓜
#A66FB5	Soft Purple	柔紫
#C0BBA5	Soft Putty	柔腻子
#927C75	Soft Rabbit Brown	柔兔棕
#412533	Soft Red	柔红
#FDD47E	Soft Saffron	柔藏红花
#BCBCAE	Soft Sage	柔鼠尾草
#EAAAA2	Soft Salmon	柔鲑粉
#EEC5CE	Soft Satin	柔缎面
#837E87	Soft Savvy	软精明
#D6D4CA	Soft Secret	柔秘密
#E8D5C6	Soft Shoe	软鞋
#A2BBC1	Soft Shore	柔岸
#D09F93	Soft Sienna	柔赭色
#E1DFE2	Soft Silk	柔丝
#F7F9E9	Soft Silver	柔银
#E4B185	Soft Skills	软技能
#B5B5CB	Soft Sky	柔天空
#404854	Soft Steel	柔钢
#C6B8A5	Soft Stones	软石
#F5D180	Soft Straw	柔稻草
#D8CBAD	Soft Suede	柔麂皮
#A1D7EF	Soft Summer Rain	柔夏雨
#F2E3D8	Soft Sunrise	柔日出
#C3B3B2	Soft Tone	柔调
#9D6016	Soft Tone Ink	柔调墨
#639B95	Soft Touch	柔触感
#74CED2	Soft Turquoise	柔青
#DDDEBE	Soft Vellum	软牛皮纸
#E9E6E2	Soft Violet	柔紫罗兰
#D9BD9C	Soft Wheat	柔小麦
#ECE8DD	Soft Wool	柔羊毛
#E3CDB6	Soft-Spoken	轻声细语
#BBBCA7	Softened Green	软化绿色
#DACAB2	Softer Tan	柔棕褐色
#C9B7CE	Softly Softly	轻柔轻柔
#F3CA40	Softsun	软阳
#7F8486	Software	软件
#E0815E	Sohi Orange	苏希橙
#E35C38	Sohi Red	苏希红
#AB6953	Soho Red	苏荷红
#845C00	Soil of Avagddu	阿瓦格杜的土壤
#416F8B	Sojourn Blue	寄居蓝
#FBEAB8	Solar	太阳
#CC6622	Solar Ash	太阳灰
#F7DA74	Solar Energy	太阳能量
#E67C41	Solar Flare	太阳耀斑
#DC9F46	Solar Fusion	太阳融合
#FAF1BD	Solar Glow	太阳辉光
#FAF0C9	Solar Light	太阳浅
#F0CA4A	Solar Plexus Chakra	太阳神经丛脉轮
#F4B435	Solar Power	太阳力量
#D2AB51	Solar Relic	太阳遗迹
#FFC16C	Solar Storm	太阳风暴
#FCE9B9	Solar Wind	太阳风
#F5D68F	Solaria	索拉利亚
#E1BA36	Solarium	日光浴室
#FBCF4F	Solarized	晒伤
#545A2C	Soldier Green	士兵绿
#F7DDA1	Solé	索莱
#E9CB2E	Soleil	太阳
#D3D8D8	Solemn Silence	庄严的沉默
#635C59	Solid Empire	固体帝国
#B7D24B	Solid Gold	纯金
#EEEAE2	Solid Opal	纯蛋白石
#C78B95	Solid Pink	纯粉色
#A1A58C	Solid Snake	实心蛇
#C6DECF	Solitaire	纸牌
#80796D	Solitary Slate	孤独石板
#C4C7C4	Solitary State	孤独状态
#539B6A	Solitary Tree	孤树
#E9ECF1	Solitude	孤独
#CBD2D0	Solo	独奏
#BABDB8	Solstice	至日
#CDD2BB	Solstice Breeze	冬日微风
#77ABAB	Solution	解决方案
#6C5751	Somali Brown	索马里棕
#CBB489	Sombre	阴沉
#005C2B	Sombre Green	暗绿色
#555470	Sombre Grey	暗灰色
#161E34	Sombre Night	阴沉的夜晚
#AF546B	Sombre Roses	阴郁玫瑰
#B39C8C	Sombrero	阔边帽
#CBA391	Sombrero Tan	棕褐色宽边帽
#EFE4CC	Someday	总有一天
#B0D6E6	Something Blue	蓝色的东西
#CC99DD	Somewhere in a Fairytale	童话里的某个地方
#5D3736	Sommelier	侍酒师
#778899	Somnambulist	梦游者
#ABC8D8	Sonata	奏鸣曲
#8A9EAE	Sonata Blue	蓝色索纳塔
#55AA44	Sonata in Green Minor	绿色小调奏鸣曲
#FCE7B5	Song of Summer	歌夏
#4A73A8	Song of the Sea	歌海
#AF987F	Song Thrush	歌画眉
#F2E5E0	Song Thrush Egg	歌画眉蛋
#A3D1EB	Songbird	鸣鸟
#F3C8C2	Sonia Rose	索尼娅·罗斯
#17569B	Sonic Blue	索尼克蓝
#C5D061	Sonic Lime	音速石灰
#83599B	Sonic Plum	索尼克梅花
#757575	Sonic Silver	索尼克银
#A0D1EC	Sonic Sky	索尼克天空
#C0C7C4	Sonnet Grey	十四行诗灰色
#DDCB91	Sonoma Chardonnay	索诺玛霞多丽
#90A58A	Sonoma Sage	索诺玛圣人
#BFD1CA	Sonoma Sky	索诺玛天空
#E0B493	Sonora Apricot	索诺拉杏子
#BEA77D	Sonora Hills	索诺拉山
#E8D2E3	Sonora Rose	索诺拉玫瑰
#C89672	Sonora Shade	索诺拉树荫
#CFB8A1	Sonoran Desert	索诺兰沙漠
#DDD5C6	Sonoran Sands	索诺兰金沙
#FAF0CB	Sonorous Bells	响亮的钟声
#7BB369	Soon to Be Hay	即将成为干草
#550000	Soooo Bloody	太血腥了
#555E5F	Soot	烟灰
#5D5E5C	Soot Veil	烟灰面纱
#9CC9D4	Soothing Blue	舒缓蓝
#B3BEC4	Soothing Breeze	舒缓微风
#F2E7DE	Soothing Pink	舒缓粉
#B4AE95	Soothing Sage	舒缓鼠尾草
#307DD3	Soothing Sapphire	舒缓宝石蓝
#BCE6DE	Soothing Sea	舒缓海
#BCCBC4	Soothing Spring	舒缓春
#E1EFE2	Soothing Vapour	舒缓蒸汽
#E1E2E4	Soothing White	舒缓白
#8092BC	Soothsayer	占卜者
#141414	Sooty	乌黑的
#474D52	Sooty Lashes	乌黑的睫毛
#4D4B3A	Sooty Willow Bamboo	乌柳竹
#956C87	Sophisticated Lilac	精致的丁香花
#5D5153	Sophisticated Plum	精致梅子
#537175	Sophisticated Teal	精致的青色
#BFB5A6	Sophistication	精致
#7D7170	Sophomore	大二
#A0D8EF	Sora Blue	索拉蓝
#4D8FAC	Sora Sky	空空
#A1A6D6	Sorbet Ice Mauve	冰糕冰淡紫
#DAC100	Sorbet Yellow	冰糕黄
#DD6B38	Sorbus	花梨
#3398CE	Sorcerer	魔法师
#9B6D51	Sorrel Brown	酸模棕
#A49688	Sorrel Felt	酸模毡
#887E64	Sorrel Leaf	酸模叶
#9D7F61	Sorrell Brown	索雷尔棕
#F1D058	Sorreno Lemon	索雷诺柠檬
#FC0156	Sorx Red	索克斯红
#47788A	Sotek Green	索泰克绿
#EDD1A8	Soufflé	舒芙蕾
#5C1C39	Soul Anchor	灵魂锚
#7EADC7	Soul Blue	灵魂蓝
#7E989D	Soul Quenching	淬魂
#377290	Soul Search	灵魂搜寻
#624C4C	Soul Searching	灵魂搜寻
#FFAA55	Soul Side	灵魂面
#B2B5C8	Soul Sister	灵魂姐姐
#58475E	Soul Train	灵魂列车
#374357	Soulful	深情
#757C91	Soulful Blue	深情蓝
#B8B5AA	Soulful Grey	深情灰
#3B4457	Soulful Music	深情音乐
#1B150D	Soulless	无魂
#85777B	Soulmate	灵魂伴侣
#FFC8E9	Soulmate Pink	灵魂伴侣粉红
#0047AB	Soulstone Blue	灵魂石蓝
#333B33	Sound of Silence	寂静之声
#A0C6D7	Sound Waves	声波
#DFE5D7	Sounds of Nature	天籁之音
#E5EDB5	Sour	酸
#A0AC4F	Sour Apple	酸苹果
#AAEE22	Sour Apple Candy	酸苹果糖果
#33BB00	Sour Apple Rings	酸苹果圈
#8B844E	Sour Bubba	酸布巴
#66B348	Sour Candy	酸糖果
#E24736	Sour Cherry	酸樱桃
#ADC979	Sour Face	酸脸
#C1E613	Sour Green	酸绿
#C8FFB0	Sour Green Cherry	酸绿樱桃
#FFEEA5	Sour Lemon	酸柠檬
#ACC326	Sour Lime	酸青柠
#F4D9C5	Sour Patch Peach	酸甜桃块
#FEE5C8	Sour Tarts	酸挞
#FFFFBF	Sour Veil	酸面纱
#EEFF04	Sour Yellow	酸黄
#CDEAE5	Source Blue	源蓝
#84B6A2	Source Green	源绿
#C9B59A	Sourdough	酸面团
#E8A05A	South Haven	南港湾
#76614B	South Kingston	南金斯顿
#698694	South Pacific	南太平洋
#EAD2BB	South Peach	南桃
#EADFD2	South Peak	南山峰
#A6847B	South Rim Trail	南缘步道
#FFDC9E	South Shore Sun	南岸太阳
#B98258	Southern Barrens Mud	南贫瘠之地泥浆
#F7DDDB	Southern Beauty	南美
#A6D6C3	Southern Belle	南方美女
#365787	Southern Blue	南蓝
#E4DFD1	Southern Breeze	南微风
#34657D	Southern Evening	南傍晚
#BCA66A	Southern Moss	南苔藓
#E5B792	Southern Peach	南桃
#ACB4AB	Southern Pine	南松
#D0D34D	Southern Platyfish	南方鲽鱼
#9D766F	Southern Road	南路
#DE9F85	Southwest Stone	西南石
#CC6758	Southwestern Clay	西南粘土
#EDE0CE	Southwestern Sand	西南沙
#4B4356	Sovereign	君主
#CE243F	Sovereign Red	至尊红
#304E63	Sovereignty	主权
#FFD900	Soviet Gold	苏联黄金
#CD0000	Soviet Red	苏联红
#D5D2C7	Soy Milk	豆浆
#1A0600	Soy Sauce	酱油
#FAE3BC	Soya	大豆
#6F634B	Soya Bean	黄豆
#CAB68B	Soybean	大豆
#578363	Soylent Green	大豆绿
#CEECE7	Spa	水疗
#D3DEDF	Spa Blue	水疗蓝
#1993BE	Spa Dream	水疗梦
#529182	Spa Green	水疗绿
#D4E4E6	Spa Retreat	水疗隐居
#D7C9A5	Spa Sangria	水疗桑格利亚红
#3B4271	Space Angel	太空天使
#440099	Space Battle Blue	太空战蓝
#1D2951	Space Cadet	太空学员
#150F5B	Space Colonisation	太空殖民
#667788	Space Convoy	太空车队
#002299	Space Dust	太空尘
#001199	Space Exploration	太空探索
#114499	Space Explorer	太空探索者
#110022	Space Grey	太空灰
#139D08	Space Invader	太空侵略者
#324471	Space Missions	太空任务
#5511DD	Space Opera	太空歌剧
#4B433B	Space Shuttle	航天飞机
#6C6D7A	Space Station	空间站
#DAE6EF	Space Wolves Grey	太空野狼灰
#5C6B6B	Spacebox	太空盒
#5F6882	Spaceman	太空人
#222255	Spacescape	太空景观
#877D75	Spacious Grey	宽敞灰色
#9A8557	Spacious Plain	宽敞的平原
#D5EAF2	Spacious Skies	广阔的天空
#AEB5C7	Spacious Sky	广阔的天空
#424142	Spade Black	黑桃黑
#FEF69E	Spaghetti	意大利面
#DDDDAA	Spaghetti Carbonara	培根蛋酱意面
#EECC88	Spaghetti Monster	意大利面怪物
#FBAED2	Spaghetti Strap Pink	细肩带粉色
#8D7F75	Spalding Grey	斯伯丁灰色
#36B14E	Spandex Green	氨纶绿色
#E5DBE5	Spangle	亮片
#807532	Spanish Bistre	西班牙小酒馆
#0070B8	Spanish Blue	西班牙蓝
#D10047	Spanish Carmine	西班牙胭脂红
#7F5F52	Spanish Chestnut	西班牙栗
#FCE5C0	Spanish Cream	西班牙奶油
#E51A4C	Spanish Crimson	西班牙深红
#817863	Spanish Galleon	西班牙帆船
#B09A4F	Spanish Gold	西班牙金
#7B8976	Spanish Green	西班牙绿
#989898	Spanish Grey	西班牙灰
#FCE8CA	Spanish Lace	西班牙蕾丝
#8E6A3F	Spanish Leather	西班牙皮革
#684B40	Spanish Mustang	西班牙野马
#A1A867	Spanish Olive	西班牙橄榄
#E86100	Spanish Orange	西班牙橙
#C57556	Spanish Peanut	西班牙花生
#F7BFBE	Spanish Pink	西班牙粉
#5C3357	Spanish Plum	西班牙梅紫
#66033C	Spanish Purple	西班牙紫
#61504E	Spanish Raisin	西班牙葡萄干
#E60026	Spanish Red	西班牙红
#111133	Spanish Roast	西班牙烤肉
#AC6768	Spanish Rose Shadow	西班牙玫红暗影
#CAB08E	Spanish Sand	西班牙沙
#00FFFE	Spanish Sky Blue	西班牙天空蓝
#93765C	Spanish Style	西班牙风格
#702425	Spanish Tile	西班牙瓷砖
#DBB39E	Spanish Villa	西班牙别墅
#4C2882	Spanish Violet	西班牙紫罗兰
#007F5C	Spanish Viridian	西班牙铬绿
#DED1B7	Spanish White	西班牙白
#F6B511	Spanish Yellow	西班牙黄
#E4E4DD	Spare White	备用白
#F5D2B5	Sparkle Glow	闪光辉光
#FFEE99	Sparkler	烟花
#77B244	Sparkling Apple	闪亮苹果
#C15187	Sparkling Blueberry Lemonade	闪亮蓝莓柠檬水
#DCEEE3	Sparkling Brook	闪亮溪
#EFCF98	Sparkling Champagne	闪亮香槟
#FFFDEB	Sparkling Cider	闪亮苹果酒
#F9736E	Sparkling Cosmo	闪闪发光的小宇宙
#2DA4B6	Sparkling Cove	闪亮小湾
#1F6C53	Sparkling Emerald	闪亮祖母绿
#D2D5DA	Sparkling Frost	闪亮霜
#82387E	Sparkling Grape	闪亮葡萄
#66EE00	Sparkling Green	闪亮绿
#AFC5BC	Sparkling Lake	闪亮湖
#EECCFF	Sparkling Lavender	闪亮薰衣草紫
#C3C3C7	Sparkling Metal	闪亮金属
#A4DDD3	Sparkling Mint	闪亮薄荷
#F5CEE6	Sparkling Pink	闪亮粉
#CC11FF	Sparkling Purple	闪亮紫
#EE3333	Sparkling Red	闪亮红
#D6EDF1	Sparkling River	闪亮河
#C7CBBC	Sparkling Sage	闪亮鼠尾草
#CBD0CD	Sparkling Silver	闪亮银
#F5FEFD	Sparkling Snow	闪亮雪
#D9E3E0	Sparkling Spring	闪亮春
#FF7711	Sparks in the Dark	黑暗中的火花
#22EEFF	Sparky Blue	亮蓝色
#69595C	Sparrow	麻雀
#523E47	Sparrow Grey Red	麻雀灰红
#FF6622	Sparrow’s Fire	麻雀之火
#76A4A7	Spartacus	斯巴达克斯
#7A8898	Spartan Blue	斯巴达蓝
#9E1316	Spartan Crimson	斯巴达深红
#AFA994	Spartan Stone	斯巴达石
#C1EDD3	Spatial Spirit	空间灵
#DEDDDB	Spatial White	空间白
#FFEE88	Sp?tzle Yellow	面疙瘩黄
#FFD9A6	Speak to Me	跟我说话
#826A6C	Speakeasy	地下酒吧
#A8415B	Speaking of the Devil	说到魔鬼
#885500	Spear Shaft	矛杆
#5FB6BF	Spearfish	旗鱼
#64BFA4	Spearmint	留兰香
#5CBE86	Spearmint Burst	留兰香爆发
#8DC2A8	Spearmint Frosting	留兰香糖霜
#9CB8A6	Spearmint Haze	留兰香霾
#BFD3CB	Spearmint Ice	留兰香冰
#CBECE6	Spearmint Leaf	留兰香叶
#DBE8DF	Spearmint Scent	留兰香香
#E8F0E2	Spearmint Stick	留兰香棍
#B1EAE8	Spearmint Water	留兰香水
#BCE3C9	Spearmints	留兰香
#A5B2B7	Special Delivery	特快专递
#7B787D	Special Grey	特别灰
#868B53	Special Ops	特别行动
#EBC09B	Special Peach	特别桃子
#DCD867	Species	物种
#D38798	Speckled Easter Egg	斑点复活节彩蛋
#EBD6BD	Speckled Eggs	斑点蛋
#BB02FE	Spectacular Purple	壮观的紫色
#EDD924	Spectacular Saffron	壮观的藏红花
#F72305	Spectacular Scarlet	壮观的猩红色
#375D4F	Spectra	光谱
#00A096	Spectra Green	光谱绿
#F6AA09	Spectra Yellow	光谱黄
#DFDCD8	Spectral	光谱
#008664	Spectral Green	光谱绿
#44448D	Spectrum Blue	光谱蓝
#F20000	Spectrum Red	光谱红
#90BFD4	Speedboat	快艇
#B4547E	Speedwell	斯皮德韦尔
#5E4F50	Spell	咒语
#4A373E	Spell Caster	施法者
#E7DFCE	Spellbound	着迷
#A38C6B	Spelt Grain Brown	斯佩尔特小麦棕色
#35465E	Spelunking	洞穴探险
#A5AD44	Sphagnales Moss	泥炭藓目
#75693D	Sphagnum Moss	泥炭藓
#F2E8CC	Sphere	球体
#A99593	Sphinx	狮身人面像
#6C4F3F	Spice	辛香
#86613F	Spice Bazaar	香料市集
#B87243	Spice Cake	辛香蛋糕
#F0DED3	Spice Cookie	辛香饼干
#F3E9CF	Spice Delight	辛香喜悦
#C9D6B4	Spice Garden	辛香花园
#E1C2C1	Spice Girl	辛香女孩
#EBD0A4	Spice Is Nice	香料很好吃
#F4EEDC	Spice Ivory	辛香象牙
#B84823	Spice Market	辛香市场
#86493F	Spice of Life	辛香生命
#FFB088	Spice Pink	辛香粉
#C26E4B	Spice Route	香料之路
#604941	Spiceberry	香料莓
#BB715B	Spiced	辛香
#7F403A	Spiced Apple	辛香苹果
#E9D2BB	Spiced Beige	辛香米色
#85443F	Spiced Berry	辛香浆果
#BB9683	Spiced Brandy	辛香白兰地
#FFD978	Spiced Butternut	五香胡桃
#A4624C	Spiced Carrot	辛香胡萝卜
#D3B080	Spiced Cashews	五香腰果
#915B41	Spiced Cider	辛香苹果酒
#805B48	Spiced Cinnamon	辛香肉桂
#D55459	Spiced Coral	辛香珊瑚
#A38061	Spiced Honey	辛香蜂蜜
#53433E	Spiced Hot Chocolate	辛香炎热巧克力
#886C57	Spiced Latte	辛香拿铁
#B99563	Spiced Mustard	辛香芥末
#FFBB72	Spiced Nectarine	五香油桃
#BC693E	Spiced Nut	辛香坚果
#927D6C	Spiced Nutmeg	辛香肉豆蔻
#EDC7B6	Spiced Orange	辛香橙
#764F80	Spiced Plum	辛香梅紫
#905D5F	Spiced Potpourri	五香百花香
#D88D56	Spiced Pumpkin	辛香南瓜
#BB1166	Spiced Purple	辛香紫
#8B4C3D	Spiced Red	辛香红
#AD8B6A	Spiced Rum	辛香朗姆
#AB6162	Spiced Tea	辛香茶
#B14B38	Spiced Up	辛香
#E67A37	Spiced up Orange	辛香橙
#CDBA99	Spiced Vinegar	五香醋
#664942	Spiced Wine	辛香酒红
#FF1111	Spicy	辛辣
#CC3366	Spicy Berry	辛辣浆果
#9B5B4F	Spicy Cayenne	辛辣卡宴辣椒
#A85624	Spicy Cinnamon	辛辣肉桂
#994B35	Spicy Hue	辛辣色调
#EEBBAA	Spicy Hummus	辛辣鹰嘴豆泥
#8B5F4D	Spicy Mix	辛辣混合
#74640D	Spicy Mustard	辛辣芥末
#DA482D	Spicy Orange	辛辣橙
#F38F39	Spicy Paella	辛辣西班牙烩饭
#FF1CAE	Spicy Pink	辛辣粉
#B9396E	Spicy Purple	辛辣紫
#97413E	Spicy Red	辛辣红
#F6AC00	Spicy Sweetcorn	麻辣甜玉米
#C75433	Spicy Tomato	辛辣番茄
#E2E8DF	Spider Cotton	蜘蛛棉
#656271	Spike	斯派克
#FDDDB7	Spiked Apricot	尖刺杏
#600000	Spikey Red	尖红
#9B351B	Spill the Beans	泄露秘密
#E4E1DE	Spilled Cappuccino	溢出的卡布奇诺
#F4F4D1	Spilt Milk	打翻的牛奶
#46A35A	Spinach	菠菜
#AAAA55	Spinach Banana Smoothie	菠菜香蕉冰沙
#B1CDAC	Spinach Dip	菠菜酱
#909B4C	Spinach Green	菠菜绿
#83825B	Spinach Souffle	菠菜舒芙蕾
#6E750E	Spinach Soup	菠菜汤
#E4E8DA	Spinach White	菠菜白
#B3C4D8	Spindle	主轴
#73FCD6	Spindrift	浪花
#464D4A	Spinel Black	尖晶石黑
#49424A	Spinel Grey	尖晶石灰
#59181C	Spinel Red	尖晶石红
#272A3B	Spinel Stone Black	尖晶石黑
#38283D	Spinel Violet	尖晶石紫
#A3E2DD	Spinnaker	三角帆
#018CB6	Spinnaker Blue	三角帆蓝色
#5B6A7C	Spinning Blue	旋转蓝色
#F3DDBC	Spinning Silk	纺丝
#F6EDDA	Spinning Wheel	纺车
#B2BBC6	Spirit	烈酒
#323B6C	Spirit Blue	烈酒蓝
#514B80	Spirit Dance	烈酒舞
#6A8B98	Spirit Mountain	烈酒山
#5F534E	Spirit Rock	烈酒岩石
#D45341	Spirit Warrior	烈酒战士
#E3EEBF	Spirit Whisper	烈酒低语
#FDE7E3	Spirited Away	千与千寻
#BDDEC7	Spirited Green	活力绿
#FFDC83	Spirited Yellow	活力黄
#FD411E	Spiritstone Red	灵石红
#0FC0FC	Spiro Disco Ball	螺旋迪斯科球
#34694D	Spirulina	螺旋藻
#6F757D	Spitsbergen Blue	斯匹次卑尔根蓝
#F1D79E	Splash	飞溅
#F984E5	Splash of Grenadine	石榴汁糖浆
#D8B98C	Splash of Honey	飞溅蜂蜜
#5984B0	Splash Palace	飞溅宫殿
#D4E8D8	Splashdown	飞溅
#44DDFF	Splashing Wave	飞溅的波浪
#019196	Splashy	花哨
#A9586C	Splatter	飞溅
#D01A2C	Splatter Movie	飞溅电影
#CCEE00	Spleen Green	脾绿
#7598B5	Splendid Blue	绚丽蓝
#806E7C	Splendiferous	灿烂
#F3DFCC	Splendour	辉煌
#5870A4	Splendour and Pride	辉煌与骄傲
#FFB14E	Splendour Gold	辉煌金
#A3713F	Splinter	碎片
#3194CE	Splish Splash	飞溅飞溅
#96983F	Split Pea	豌豆
#C8B165	Split Pea Soup	豌豆汤
#8E6C51	Split Rail	分轨
#E8FF2A	Spoiled Egg	坏蛋
#B6BFE5	Spoiled Rotten	被宠坏了
#A0956F	Sponge	海绵
#FFFE40	Sponge Cake	海绵蛋糕
#C2A048	Spontaneous Sprig	自发小枝
#D1D2BF	Spooky	诡异
#D4D1D9	Spooky Ghost	幽灵
#685E4F	Spooky Graveyard	幽灵墓地
#FF6B00	Spooky Tangerine	幽灵橘子
#F5EAE3	Spooled White	线轴白色
#E7E9E3	Spoonful of Sugar	一勺糖
#7F8162	Spores	孢子
#00A27D	Sport Green	运动绿
#EFD678	Sport Yellow	运动黄
#434C47	Sporting Green	运动绿
#399BB4	Sports Blue	运动蓝
#E08119	Sports Fan	体育迷
#4D8064	Sports Field Green	运动场绿色
#6A8AA4	Sporty Blue	运动蓝
#FAEACD	Spotlight	聚光灯
#BFBFBD	Spotted Dove	斑鸠
#B1D3E3	Spotted Snake Eel	斑蛇鳗
#7ECDDD	Spray	浪花
#AEA692	Spray Green	浪花绿
#BDD0C3	Spray of Mint	浪花薄荷
#007711	Spreadsheet Green	电子表格绿色
#D6C1C5	Sprig Muslin	小枝薄纱
#8BE0BA	Sprig of Mint	小枝薄荷
#F2F6DB	Sprig of Sage	小枝鼠尾草
#00F900	Spring	春
#B3BB6B	Spring Ahead	春天来了
#E9EDBD	Spring Blossom	春花
#69CD7F	Spring Bouquet	春花束
#D7B9CB	Spring Boutique	春天精品店
#A98C37	Spring Branch	春枝条
#E8EBD9	Spring Breeze	春微风
#A7FC00	Spring Bud	春蕾
#C9E0C8	Spring Burst	春爆发
#FFF6C2	Spring Buttercup	春天毛茛
#B7629B	Spring Crocus	春番红花
#DBD7B7	Spring Day	春白天
#D9EEE1	Spring Dew	春露
#E5E3BF	Spring Fever	春发烧
#B3CDAC	Spring Fields	春原野
#ECF1EC	Spring Fog	春雾
#67926F	Spring Forest	春森林
#11BB22	Spring Forth	春天来了
#BABD29	Spring Forward	春天前进
#87FF2A	Spring Frost	春霜
#558961	Spring Garden	春花园
#D3E0B8	Spring Glow	春辉光
#D5CB7F	Spring Grass	春草
#00FF7C	Spring Green	春绿
#C5C6B3	Spring Grey	春灰
#BFD392	Spring Has Sprung	春天来了
#FFFDDD	Spring Heat	春暖花开
#C4CBB2	Spring Hill	春丘陵
#CDD9BB	Spring Joy	春天的喜悦
#4A754A	Spring Juniper	春杜松子
#E3EFB2	Spring Kiss	春吻
#CBDD94	Spring Lawn	春草坪
#A8C3AA	Spring Leaves	春叶
#FCF4C8	Spring Lily	春百合
#9FC65E	Spring Lime	春青柠
#E8A59D	Spring Linen	春亚麻
#640125	Spring Lobster	春龙虾
#6C2C2F	Spring Lobster Brown	春龙虾棕
#7A4171	Spring Lobster Dye	春龙虾染料
#C0B05D	Spring Marsh	春沼泽
#D3E0DE	Spring Mist	春薄雾
#E5F0D5	Spring Morn	春晨
#A99757	Spring Moss	春苔藓
#596C3C	Spring Onion	春洋葱
#F6E6E2	Spring Petal	春花瓣
#DFBCC9	Spring Pink	春粉
#A3BD9C	Spring Rain	春雨
#A1BFAB	Spring Reflection	春倒影
#C4A661	Spring Roll	春卷
#A06567	Spring Rosewood	春花梨木
#CCEECC	Spring Savour	春天的味道
#E2EDC1	Spring Shoot	春笋
#ABDCEE	Spring Shower	春阵雨
#B8F8B8	Spring Slumber Green	春沉睡绿
#FACCBF	Spring Song	春歌
#9BA294	Spring Spirits	春之精灵
#A2C09B	Spring Sprig	春小枝
#86BA4A	Spring Sprout	春芽
#A9C6CB	Spring Storm	春风暴
#98BEB2	Spring Stream	春溪流
#F1F1C6	Spring Sun	春太阳
#D9DCDD	Spring Thaw	春天解冻
#D8DCB3	Spring Thyme	春百里香
#99CDE6	Spring Tide	春潮汐
#CED7C5	Spring Valley	春山谷
#82A320	Spring Vegetables	春季蔬菜
#ACB193	Spring Walk	春漫步
#7AB5AE	Spring Water Turquoise	春水青
#E0EED4	Spring Wheat	春小麦
#ECFCEC	Spring White	春白
#CDA4DE	Spring Wisteria	春紫藤
#E9E1D9	Spring Wood	春木
#F2E47D	Spring Yellow	春黄
#284C3C	Springbok Green	跳羚绿
#C8CB8E	Springtide Green	春潮绿
#9AA955	Springtide Melodies	春潮旋律
#E9E5B3	Springtime	春天
#DB88AC	Springtime Bloom	春暖花开
#FFFFEF	Springtime Dew	春露
#EBEEF3	Springtime Rain	春雨
#7EA15A	Springview Green	春景绿
#EBDDEA	Sprinkle	洒
#CFECEE	Sprinkled With Dew	洒满露水
#E7A2AE	Sprinkled With Pink	洒满粉红
#B9DCC3	Sprite Twist	精灵扭曲
#76C5E7	Spritzig	斯普利茨格
#B8CA9D	Sprout	芽
#C8D5CF	Sprout Green	芽绿
#F3D48B	Sprouted	发芽了
#0A5F38	Spruce	云杉
#91A49D	Spruce Shade	云杉暗调
#838A7A	Spruce Shadow	云杉暗影
#9FC09C	Spruce Stone	云杉石
#B35E97	Spruce Tree Flower	云杉树花
#6E6A51	Spruce Woods	云杉树林
#B77D42	Spruce Yellow	云杉黄
#9A7F28	Spruced Up	打扮得漂漂亮亮的
#BCCFA4	Spumoni Green	斯普莫尼绿
#F3ECDC	Spun Cotton	棉纺
#EDAA6E	Spun Gold	金丝
#F4E4CF	Spun Jute	黄麻纺
#DBD1DE	Spun Moonbeams	旋转月光
#A2A1AC	Spun Pearl	珍珠纺
#FAE2ED	Spun Sugar	糖丝
#E3DED4	Spun Wool	羊毛纺
#5E0092	SQL Injection Purple	SQL注入紫
#828383	Squant	矮胖
#F2AB15	Squash	南瓜
#E7B17C	Squash Bisque	南瓜浓汤
#F8B438	Squash Blossom	南瓜花
#6CC4DA	Squeaky	吱吱作响
#11EE00	Squeeze Toy Alien	挤压玩具外星人
#6E2233	Squid Hat	鱿鱼帽
#F5B4BD	Squid Pink	鱿鱼粉
#041330	Squid’s Ink	鱿鱼墨汁
#AA4F44	Squig Orange	史奎格橙子
#8F7D6B	Squirrel	松鼠
#665E48	Squirrel’s Nest	松鼠巢
#95BCC5	Squirt	喷
#F56961	Sriracha	是拉差
#ADDAE3	Srsly Blue	老蓝
#D0DDCC	St. Augustine	圣奥古斯丁
#577C88	St. Bart’s	圣巴特
#EEDDDD	St. Nicholas Beard	圣尼古拉斯·比尔德
#2B8C4E	St. Patrick	圣帕特里克
#23297A	St. Patrick’s Blue	圣帕特里克蓝
#DEE8F3	St. Petersburg	圣彼得堡
#39527D	St. Tropaz	圣特罗帕斯
#325482	St. Tropez	圣特罗佩
#C1D0B2	Stability	稳定性
#F6E0BE	Stable Hay	马厩干草
#858885	Stack	堆栈
#D1B992	Stacked Limestone	堆积石灰石
#918676	Stacked Stone	叠石
#D5F534	Stadium Grass	体育场草
#9AF764	Stadium Lawn	体育场草坪
#603B41	Stag Beetle	锹虫
#9E6928	Stage Gold	舞台金奖
#B081AA	Stage Mauve	舞台淡紫
#D8D9CA	Stage Whisper	舞台低语
#7F5A44	Stagecoach	驿站马车
#556682	Stained Glass	彩色玻璃
#B4BDC7	Stainless Steel	不锈钢
#67716E	Stairway to Heaven	天国的阶梯
#D4C4A7	Stalactite Brown	钟乳石棕
#7CB26E	Stalk	茎
#B0A8AD	Stamina	体力
#638636	Stamnankáthi Green	斯坦南卡蒂绿
#2EA18C	Stamp Pad Green	印台绿色
#A0A09A	Stamped Concrete	模压混凝土
#725D4B	Stampede	踩踏
#7F8596	Stand Out	脱颖而出
#FF0066	Standby LED	待机LED
#BFB9BD	Standing Ovation	起立鼓掌
#9D6F4B	Standing Still	站着不动
#005599	Standing Waters	静水区
#85979A	Standish Blue	斯坦迪什蓝
#658F7C	Stanford Green	斯坦福格林
#BCAB9C	Stanford Stone	斯坦福斯通
#A40000	Stanger Red	斯坦格红
#9BC2B4	Stanley	斯坦利
#FFE500	Star	星
#C51F26	Star and Crescent Red	星月红
#5C5042	Star Anise	星茴芹
#A77B4D	Star Anise Scent	星茴芹香
#E8DDAE	Star Bright	星亮
#5796A1	Star City	星城
#007BB8	Star Command Blue	星令蓝
#F9F3DD	Star Dust	星尘
#BEAA4A	Star Fruit Yellow Green	星果黄绿
#75DBC1	Star Grass	星草
#D8DCE6	Star Jasmine	星茉莉
#E4D8D8	Star Magic	星魔法
#EEEFE2	Star Magnolia	星木兰
#DAE2E9	Star Map	星图
#B3C6CE	Star Mist	星薄雾
#F5EEDC	Star of Bethlehem	伯利恒之星
#0000F7	Star of David	大卫之星
#EBE3C7	Star of Gold	星金
#057BC1	Star of Life	星生命
#EBBBBE	Star of the Morning	星早晨
#9500FF	Star Platinum Purple	星铂紫
#3C6A9D	Star Sapphire	星宝石蓝
#F8F6E3	Star Shine	星光泽
#3A5779	Star Spangled	星条旗
#EFEFE8	Star White	星白
#F7EBAC	Star-Studded	星光熠熠
#016C4F	Starboard	右舷
#F5ECC9	Starbright	星光
#6CB037	Starbur	斯塔伯
#DCE7E5	Starburst	星爆
#AC9A6C	Starch	淀粉
#A6B2B5	Stardew	星露
#DDD3AE	Stardust	星尘
#DACFD4	Stardust Ballroom	星尘宴会厅
#B8BFDC	Stardust Evening	星尘之夜
#E5BCA5	Starfish	海星
#0096FF	Starfleet Blue	蓝色星际舰队
#4E9AB0	Starflower Blue	星花蓝
#F0E8D5	Starfox	星狐
#E4D183	Starfruit	杨桃
#B7C4D3	Stargate	星门
#7777FF	Stargate Shimmer	星门微光
#3F5865	Stargazer	观星者
#414549	Stargazing	观星
#FAEEDE	Starglider	星滑翔者
#D2C6B6	Stark White	纯白
#3E4855	Starless Night	无星之夜
#EDC2DB	Starlet Pink	小星粉红
#BCC0CC	Starlight	星光
#B5CED4	Starlight Blue	星光蓝
#E8DFD8	Starling’s Egg	八哥蛋
#384351	Starlit Eve	星光前夕
#3B476B	Starlit Night	星夜
#286492	Starry Night	星夜
#4F5E7E	Starry Sky Blue	星空蓝
#758BA4	Starset	星辰
#E3DD39	Starship	星舰
#CCE7E8	Starship Tonic	星舰补品
#229966	Starship Trooper	星河战队
#4664A5	Starstruck	追星族
#E56131	Startling Orange	惊橙
#C5BDC4	Stately Frills	庄严的装饰
#B0B0AA	Stately Greystone	庄严的灰石
#577A6C	Stately Stems	庄严的茎
#FAF9EA	Stately White	庄严的白色
#D5D3C3	Static	静态
#9EA4A5	Statuary	雕像
#376D64	Statue of Liberty	自由女神像
#D0BCB1	Statued	雕像
#E0DFD9	Statuesque	雕像
#DC8A30	Status Bronze	青铜级状态
#9FAC5C	Stay in Lime	留在石灰里
#314662	Stay the Night	过夜
#4A5777	Steadfast	坚定
#8A6B4D	Steady Brown	稳定棕色
#4B4844	Stealth Jet	隐形喷气机
#DDDDDD	Steam	蒸汽
#CCD0DA	Steam Bath	蒸汽浴
#EBE1A9	Steam Chestnut	蒸汽栗
#B2B2AD	Steam Engine	蒸汽机
#E8E9E5	Steam White	蒸汽白
#D2CCB4	Steamboat Geyser	汽船间歇泉
#E0D4BD	Steamed Chai	蒸奶茶
#D3B17D	Steamed Chestnut	蒸板栗
#EAD8BE	Steamed Milk	蒸牛奶
#EE8888	Steamed Salmon	蒸三文鱼
#C39C55	Steampunk Gold	蒸汽朋克金
#B8C0C8	Steampunk Grey	蒸汽朋克灰色
#6F3B34	Steampunk Leather	蒸汽朋克皮革
#EAE9B4	Steamy Dumpling	蒸饺
#B1CFC7	Steamy Spring	热气腾腾的春天
#797979	Steel	钢
#767275	Steel Armour	钢盔甲
#4682B4	Steel Blue	钢蓝
#7D94C6	Steel Blue Eyes	钢蓝眼
#436175	Steel Blue Grey	钢蓝灰
#43464B	Steel Grey	钢灰
#7A744D	Steel Legion Drab	钢铁军团 土褐色
#5599B6	Steel Light Blue	钢浅蓝
#DDD5CE	Steel Me	钢
#C6CEDA	Steel Mist	钢薄雾
#71A6A1	Steel Pan Mallet	钢盘槌
#CC33CC	Steel Pink	钢粉
#5F8A8B	Steel Teal	钢青
#929894	Steel Toe	钢趾
#767574	Steel Wool	钢羊毛
#81919D	Steele Blue	斯蒂尔蓝
#D43728	Steelhead Redd	钢头雷德
#90979B	Steely Grey	钢灰色
#827E7C	Steeple Grey	尖顶灰色
#074863	Stegadon Scale Green	剑龙鳞片绿
#415862	Steiglitz Fog	施泰格利茨雾
#F5D056	Stella	史黛拉
#46647E	Stellar	恒星
#9FB5CE	Stellar Blue	星蓝
#002222	Stellar Explorer	恒星探索者
#FFF4DD	Stellar Light	星光
#AB9D9C	Stellar Mist	星雾
#FF5C8D	Stellar Strawberry	星星草莓
#9A9959	Stem	茎
#ABDF8F	Stem Green	茎绿色
#B4CEDA	Stencil Blue	模板蓝色
#7D7640	Steppe Green	草原绿
#B2A18C	Stepping Stones	踏脚石
#FFF5CF	Stereotypical Duck	典型的鸭子
#D1D4D1	Sterling	英镑
#A2B9C2	Sterling Blue	纯蓝
#E9EBDE	Sterling Shadow	纯影
#9EAFC2	Sterling Silver	纯银
#9E7A58	Stetson	斯泰森
#C5B5A4	Steveareno Beige	史蒂夫阿雷诺米色
#BAA482	Sticks & Stones	棍子和石头
#131212	Sticky Black Tarmac	粘黑柏油路
#CC8149	Sticky Toffee	粘太妃糖
#8D8F8E	Stieglitz Silver	斯蒂格利茨银
#FADB5E	Stil de Grain Yellow	纹理黄色
#323235	Stiletto	高跟鞋
#B6453E	Stiletto Love	高跟鞋爱
#ADAF9C	Still	仍然
#C154C0	Still Fuchsia	紫红
#ABA9A0	Still Grey	灰
#A1A39F	Still Life in Grey	生命灰
#CBC4B2	Still Moment	时刻
#FFF8E1	Still Morning	早晨
#4A5D5F	Still Waters Run Deep	静水深流
#D6EBE7	Stillness	寂静
#70A4B0	Stillwater	斯蒂尔沃特
#C2D0DF	Stillwater Lake	斯蒂尔沃特湖
#A29A6A	Stilted Stalks	高跷
#495D39	Stinging Nettle	荨麻
#AEFD6C	Stinging Wasabi	刺芥末
#B0ABA3	Stingray Grey	黄貂鱼灰色
#2A545C	Stinkhorn	臭角
#AE5A2C	Stirland Battlemire	斯特兰德战场
#492B00	Stirland Mud	斯特兰泥浆
#F6B064	Stirring Orange	搅拌橙子
#900910	Stizza	斯蒂扎
#806852	Stock Horse	库存马
#104F4A	Stockade Green	栅栏绿
#E9E5D8	Stocking White	袜子白色
#647B72	Stockleaf	斯托克利夫
#77454C	Stoic	斯多葛派
#E0E0FF	Stoic White	斯多葛白
#EFDCD3	Stolen Kiss	偷吻
#0088B0	Stomy Shower	斯托米淋浴
#ADA587	Stone	石
#A29F9B	Stone Age	石时代
#7A3F2B	Stone Age Queen	石时代女王
#52706C	Stone Bridge	石桥
#B79983	Stone Brown	石棕
#888C90	Stone Cairn	石标
#555555	Stone Cold	石寒冷
#7D867C	Stone Craft	石艺
#8F9183	Stone Creek	石小溪
#5F7D6C	Stone Cypress Green	石柏绿
#929C9C	Stone Fence	石栅栏
#C5C0B0	Stone Fortress	石头堡垒
#F2A28C	Stone Fruit	石果
#C2CBD2	Stone Golem	石傀儡
#658E67	Stone Green	石绿
#9F9484	Stone Grey	石灰
#D39831	Stone Ground	石地面
#CABA97	Stone Guardians	石头守护者
#E8E0D8	Stone Harbour	石港湾
#93888C	Stone Haze	石霾
#636869	Stone Hearth	石炉
#B3A491	Stone Lion	石狮
#A29482	Stone Manor	石头庄园
#959897	Stone Mason	石匠
#B6B7AD	Stone Mill	石磨坊
#7A807A	Stone Monument	石碑
#E4EFE5	Stone Path	石径
#EFE5D4	Stone Pillar	石柱
#665C46	Stone Pine	石松
#ECE4DC	Stone Quarry	采石场
#8BA8AE	Stone Silver	石银
#A09484	Stone Terrace	石台
#4D404F	Stone Violet	石紫罗兰
#B5B09E	Stone Walkway	石板路
#605C58	Stone’s Throw	一箭之遥
#DDCEA7	Stonebread	石面包
#CBA97E	Stonebriar	石荆棘
#A08F6F	Stonecrop	景天
#99917E	Stonegate	石门
#A79D8D	Stonehenge Greige	巨石阵灰色
#BAB1A3	Stonelake	斯通莱克
#8D7A4D	Stonetalon Mountains	石爪山脉
#807661	Stonewall	石墙
#C1C1C1	Stonewall Grey	石墙灰
#A5978D	Stoneware	石器
#74819A	Stonewash	石洗
#DDD7C5	Stonewashed	石洗
#DCCCC0	Stonewashed Brown	石洗棕色
#F4EEE4	Stonewashed Pink	石洗粉色
#CCB49A	Stonish Beige	石米色
#948F82	Stony Creek	石溪
#615547	Stony Field	石场
#D3D3C8	Stony Path	石路
#C33A36	Stop	停止
#DD1111	Stoplight	红绿灯
#E5E1DD	Storksbill	鹳鸟
#F2F2E2	Storksbill White	鹳鸟白
#000B44	Storm	风暴
#507B9C	Storm Blue	风暴蓝
#938988	Storm Break	暴风雨
#808283	Storm Cloud	风暴云
#807A7E	Storm Front	风暴前线
#113333	Storm Green	风暴绿
#717486	Storm Grey	风暴灰
#3D3D63	Storm Is Coming	暴风雨来了
#F9E69C	Storm Lightning	风暴闪电
#7F95A5	Storm Petrel	风暴海燕
#A28A88	Storm Red	风暴红
#999495	Storm Rolling In	风暴滚滚而来
#696863	Storm Warning	风暴警告
#E7B57F	Stormeye	暴风眼
#80A7C1	Stormfang	暴牙
#BBC6C9	Stormhost Silver	风暴主机银
#8D9390	Storms Mountain	风暴山
#5C5954	Stormvermin Fur	风暴鼠毛皮
#B0BCC3	Stormy	暴风雨
#9AAFAF	Stormy Bay	暴风雨海湾
#ADB5A3	Stormy Day	暴风雨白天
#7D7B7C	Stormy Grey	暴风雨灰
#777799	Stormy Horizon	暴风雨地平线
#71738C	Stormy Mauve	暴风雨淡紫
#372354	Stormy Night	暴风雨夜
#70818E	Stormy Oceans	波涛汹涌的海洋
#C36666	Stormy Passion	暴风雨激情
#E3B5AD	Stormy Pink	暴风雨粉
#946658	Stormy Plum	暴风雨梅紫
#507B9A	Stormy Ridge	暴风雨山岭
#6E8082	Stormy Sea	暴风雨海
#90A1AA	Stormy Skies	暴风雨天空
#0F9B8E	Stormy Strait Green	风雨海峡绿
#6B8BA4	Stormy Strait Grey	风雨海峡灰
#C8A2C8	Stormy Sunrise	暴风雨日出
#84A9B0	Stormy Waters	暴风雨水域
#63707B	Stormy Weather	暴风雨天气
#C05F1C	Storybook Sundown	故事书日落
#0F0B0A	Stout	粗壮
#7B8393	Stowaway	偷渡者
#52A550	Straightforward Green	纯朴绿色
#628026	Straken Green	斯特拉肯·格林
#DBB060	Stranglethorn Ochre	荆棘谷赭色
#528A9A	Stratford Blue	斯特拉特福蓝
#8C8670	Stratford Sage	斯特拉特福圣人
#000741	Stratos	斯特拉托斯
#3799C8	Stratos Blue	斯特拉托斯蓝
#9EC1CC	Stratosphere	平流层
#ACB8B2	Stratton Blue	斯特拉顿蓝
#8193AA	Stratus	层云
#996E74	Stravinsky	斯特拉文斯基
#77515A	Stravinsky Pink	斯特拉文斯基粉红
#E4D96F	Straw	稻草
#D9C69A	Straw Basket	稻草篮
#FCF679	Straw Gold	稻草金
#DBC8A2	Straw Harvest	稻草丰收
#F0D5A8	Straw Hat	草帽一伙
#BDB268	Straw Hut	稻草屋
#F0D696	Straw Yellow	稻草黄
#F1E3C7	Straw-Bale	稻草捆
#FB2943	Strawberry	草莓
#EF4F41	Strawberry Avalanche	草莓雪崩
#FFDADC	Strawberry Blonde	草莓金发
#FFEBFA	Strawberry Bonbon	草莓糖果
#F8B3FF	Strawberry Buttercream	草莓奶油
#FFDBE9	Strawberry Cheesecake	草莓芝士蛋糕
#F4BFC6	Strawberry Confection	草莓甜点
#990011	Strawberry Cough	草莓咳嗽
#F0ADB3	Strawberry Cream	草莓奶油
#A23D50	Strawberry Daiquiri	草莓代基里酒
#FF88AA	Strawberry Dreams	草莓梦
#FFF0EA	Strawberry Dust	草莓尘
#FA8383	Strawberry Field	草莓原野
#FFA2AA	Strawberry Frappé	草莓冰沙
#C677A8	Strawberry Freeze	草莓冻
#FFDBF7	Strawberry Frost	草莓霜
#FF6FFC	Strawberry Frosting	草莓糖霜
#DAB7BE	Strawberry Glaze	草莓釉
#E78B90	Strawberry Ice	草莓冰
#86423E	Strawberry Jam	草莓果酱
#C08591	Strawberry Jubilee	草莓禧年
#D2ADB5	Strawberry Latte	草莓拿铁
#E0C1A7	Strawberry Malt	草莓麦芽
#E2958D	Strawberry Memory	草莓记忆
#FFD9E7	Strawberry Milk	草莓奶
#D47186	Strawberry Milkshake	草莓奶昔
#E42D65	Strawberry Mix	草莓混合
#CF5570	Strawberry Moon	草莓月
#A5647E	Strawberry Mousse	草莓慕斯
#F46C80	Strawberry Pink	草莓粉
#EE2255	Strawberry Pop	草莓流行
#B96364	Strawberry Rhubarb	草莓大黄
#F7CDCE	Strawberry Ripple	草莓涟漪
#EEC6BF	Strawberry Risotto	草莓意大利烩饭
#E29991	Strawberry Rose	草莓玫红
#FA8E99	Strawberry Shortcake	草莓酥饼
#EE0055	Strawberry Smash	草莓粉碎
#E79EA6	Strawberry Smoothie	草莓冰沙
#F7879A	Strawberry Soap	草莓皂
#FA4224	Strawberry Spinach Red	草莓菠菜红
#B9758D	Strawberry Surprise	草莓惊喜
#F9D7CD	Strawberry Whip	草莓搅
#CB6A6B	Strawberry Wine	草莓酒红
#E9B3B4	Strawberry Yoghurt	草莓酸奶
#DDBDBA	Strawflower	稻草花
#495E7B	Stream	溪流
#556061	Stream Bed	流床
#5E7E7D	Stream Burble	流波布尔
#B9BAC0	Streamlined Grey	流线灰
#D8E2DF	Streetwise	街头
#2D2E33	Stretch Limo	加长豪华轿车
#9DBBD0	Stretch of Water	一片水域
#DFD8C8	Stretched Canvas	拉伸画布
#D7AA60	Streusel Cake	糖粉奶油细末蛋糕
#5A4659	Strike a Pose	摆个姿势
#D7B55F	Strike It Rich	致富
#946A81	Strikemaster	攻击大师
#00667B	Striking	引人注目
#CE7843	Striking Orange	醒目的橙色
#944E87	Striking Purple	醒目的紫色
#C03543	Striking Red	醒目红
#AA9F96	String	字符串
#F1E8D8	String Ball	线球
#FBF1DD	String Cheese	奶酪串
#7F7860	String Deep	深字符串
#EBE3D8	String of Pearls	珍珠串
#406356	Stromboli	斯特龙博利
#0C06F7	Strong Blue	强烈蓝
#960056	Strong Cerise	强烈樱桃红
#782E2C	Strong Envy	强烈羡慕
#5E5F7E	Strong Iris	强烈鸢尾
#6F372D	Strong Mocha	强烈摩卡
#A88905	Strong Mustard	强烈芥末
#646756	Strong Olive	强烈橄榄
#FF0789	Strong Pink	强烈粉
#2B6460	Strong Sage	强烈鼠尾草
#8A3E34	Strong Strawberry	强烈草莓
#454129	Strong Tone Wash	强烈调洗
#22578A	Strong Will	强烈
#A3A59B	Strong Winds	强烈风
#A86F48	Stroopwafel	斯特罗普华夫饼
#F0E1E8	Struck by Lightning	被闪电击中
#0E9BD1	Structural Blue	结构蓝
#A58D7F	Stucco	灰泥
#F1B19D	Stucco Wall	灰泥墙
#E2D3B9	Stucco White	灰泥白色
#005577	Studer Blue	斯图德蓝
#724AA1	Studio	工作室
#C1B2A1	Studio Beige	工作室米色
#6D817B	Studio Blue Green	工作室蓝绿
#D9CCB8	Studio Clay	工作室黏土
#EBDBAA	Studio Cream	工作室奶油
#C6B9B8	Studio Mauve	工作室淡紫
#A59789	Studio Taupe	工作室灰褐
#E8DCD5	Studio White	工作室白
#ADAC7C	Stuffed Olive	酿橄榄
#BF9B84	Stuffing	馅料
#5E5F4D	Stump Green	树桩绿
#DA9A5D	Stunning Gold	令人惊叹的金色
#185887	Stunning Sapphire	令人惊叹的蓝宝石
#676064	Stunning Shade	令人惊叹的阴影
#BC9479	Sturdy Bronze	坚固的青铜
#9B856F	Sturdy Brown	坚固的棕色
#57544D	Sturgis Grey	斯特吉斯·格雷
#CEC1A5	Stylish	时尚
#BC3439	Stylish Red	时尚红
#9FA0A0	Su-Nezumi Grey	苏-老鼠灰
#D1D8DD	Suave Grey	温文尔雅的灰色
#57A1CE	Sub-Zero	零度以下
#00576F	Subaqueous	水下
#CCB8B3	Subdue Red	制服红色
#C6B1AD	Subdued Hue	柔色调
#CC896C	Subdued Sienna	柔西耶娜
#ECEDE0	Sublime	崇高
#7A7778	Submarine	潜艇
#5566AA	Submarine Base	潜艇基地
#4D585C	Submarine Grey	潜艇灰
#4A7D82	Submerged	淹没
#00576E	Submersible	潜水器
#012253	Subnautical	水下
#D8CCC6	Subpoena	传票
#4F4E4A	Subterrain Kingdom	地下王国
#452C1F	Subterranean	地下
#1F3B4D	Subterranean River	地下河
#DEDADB	Subtle	微妙
#D9E4E5	Subtle Blue	微妙蓝
#F1DBC5	Subtle Blush	微妙绯红
#B5D2D8	Subtle Breeze	微妙微风
#EBD7A7	Subtle Glow	微妙辉光
#B5CBBB	Subtle Green	微妙绿
#554B4F	Subtle Night Sky	微妙夜天空
#FAE0C4	Subtle Peach	微妙桃
#D8D8D0	Subtle Shadow	微妙暗影
#D0BD94	Subtle Suede	微妙麂皮
#E4D89A	Subtle Sunshine	微妙阳光
#DBDBD9	Subtle Touch	微妙触感
#7A9693	Subtle Turquoise	微妙青
#B29E9E	Subtle Violet	微妙紫罗兰
#87857C	Subway	地铁
#513B6E	Succinct Violet	简洁紫罗兰
#990022	Succubus	魅魔
#BCCBB2	Succulent Garden	多肉花园
#5E9B86	Succulent Green	多肉绿
#8BA477	Succulent Greenhouse	多肉温室
#658E64	Succulent Leaves	多肉叶
#DCDD65	Succulent Lime	多肉青柠
#007744	Succulents	多肉植物
#FBDDAF	Such a Peach	这样的桃子
#C6C1C5	Such Melodrama	这样的情节剧
#BC752D	Sudan Brown	苏丹棕
#6376A9	Sudden Sapphire	突然的蓝宝石
#1A5897	Suddenly Sapphire	突然蓝宝石
#A6B4C5	Suds	肥皂水
#BA8864	Suede	麂皮
#D9C7B9	Suede Beige	麂皮米色
#857F7A	Suede Grey	麂皮灰
#585D6D	Suede Indigo	麂皮靛蓝
#896757	Suede Leather	麂皮皮革
#D79043	Suede Vest	麂皮背心
#D3DBE7	Sueded Grey	麂皮灰
#235E80	Suez Canal	苏伊士运河
#ECD0A1	Suffragette Yellow	妇女参政论者黄
#935529	Sugar Almond	糖杏仁
#834253	Sugar Beet	糖甜菜
#E3D4CD	Sugar Berry	糖浆果
#FFCCFF	Sugar Chic	糖别致
#FFEDF1	Sugar Coated	糖衣
#BB6611	Sugar Coated Almond	糖衣杏仁
#F2E2A4	Sugar Cookie	糖饼干
#E8CFB1	Sugar Cookie Crust	糖饼干酥
#F56C73	Sugar Coral	糖珊瑚
#C96FA8	Sugar Creek	糖小溪
#F8F4FF	Sugar Crystal	糖水晶
#F9EDE3	Sugar Dust	糖尘
#FFF0E1	Sugar Glaze	糖釉
#CC9955	Sugar Glazed Cashew	糖釉面腰果
#9437FF	Sugar Grape	糖葡萄
#EFC9EC	Sugar High	糖高
#DDAA66	Sugar Honey Cashew	糖蜂蜜腰果
#CDB141	Sugar Leaves	糖叶
#FFF9F5	Sugar Milk	糖奶
#C0E2C5	Sugar Mint	糖薄荷
#C7A77B	Sugar Pie	糖派
#73776E	Sugar Pine	糖松
#914E75	Sugar Plum	糖梅紫
#AED6D4	Sugar Pool	糖池
#E58281	Sugar Poppy	糖罂粟
#EBE5D7	Sugar Quill	糖鹅毛笔
#D85DA1	Sugar Rush	糖涌
#CFB599	Sugar Rush Peach Pepper	糖涌桃椒
#EED5B6	Sugar Shack	糖屋
#EFE8DC	Sugar Soap	糖皂
#ECC4DC	Sugar Sweet	糖甜美
#EAE3D6	Sugar Swizzle	糖搅拌
#D68F9F	Sugar Tooth	糖牙
#A2999A	Sugar Tree	糖树
#8B2E16	Sugar-Candied Peanuts	糖花生
#EDD1C7	Sugarcane	甘蔗
#F7C2BF	Sugarcane Dahlia	甘蔗大丽花
#B49D7B	Sugared Almond	糖杏仁
#FDDCC6	Sugared Peach	糖桃
#EBD5B7	Sugared Pears	糖梨
#554400	Sugarloaf Brown	糖面包棕色
#FFDDFF	Sugarpills	糖丸
#D1ABB5	Sugarplum Dance	糖梅舞
#FDC5E3	Sugarwinkle	糖花
#A2999F	Sugilite	苏纪石
#A32E1D	Sugo Della Nonna	苏戈·德拉·诺娜
#2B3036	Suit Blue	西装蓝
#645A4B	Suitable Brown	合适的棕色
#A58B34	Sullen Gold	闷闷不乐的金子
#F7C5D1	Sullivan’s Heart	沙利文的心
#BAA600	Sulphine Yellow	磺化黄
#CAB012	Sulphur	硫磺
#E5CC69	Sulphur Pit	硫磺坑
#D5D717	Sulphur Spring	硫磺春
#F2F3CF	Sulphur Water	硫磺水
#CCC050	Sulphur Yellow	硫磺黄
#EEED56	Sulphuric	硫酸
#F6AC17	Sultan Gold	苏丹金
#E89BC7	Sultan of Pink	粉红苏丹
#E3C9BE	Sultan Sand	苏丹沙
#134558	Sultan’s Silk	苏丹的丝绸
#674668	Sultana	苏丹娜
#567D84	Sultry Bay	闷热湾
#948D84	Sultry Castle	闷热城堡
#506770	Sultry Sea	闷热的大海
#73696F	Sultry Smoke	闷热的烟雾
#716563	Sultry Spell	性感咒语
#C6EA80	Sulu	苏禄
#E08A1E	Sumac Dyed	漆树染色
#F6E8CC	Sumatra	苏门答腊岛
#735D4B	Sumatra Blend	苏门答腊混合
#4F666A	Sumatra Chicken	苏门答腊鸡
#595857	Sumi Ink	墨汁
#7058A3	Sumire Violet	堇紫罗兰
#3FAFCF	Summer Air	夏空气
#DBC2B9	Summer Beige	夏米色
#BBD5EF	Summer Birthday	夏天生日
#FCF1CF	Summer Bliss	夏极乐
#D1BEB4	Summer Bloom	夏绽放
#1880A1	Summer Blue	夏蓝
#F6DFD6	Summer Blush	夏绯红
#D3E5DB	Summer Breeze	夏微风
#F8822A	Summer Citrus	夏柑橘
#BBFFEE	Summer Cloud	夏云
#E5CFDE	Summer Clover	夏三叶草
#ECB6B5	Summer Cocktails	夏日鸡尾酒
#57595D	Summer Concrete	夏水泥
#FAD1E0	Summer Cosmos	夏日宇宙
#F2D6DA	Summer Crush	夏碎
#FFE078	Summer Daffodil	夏水仙
#EAAA62	Summer Day	夏白天
#83ADA3	Summer Dragonfly	夏蜻蜓
#E2C278	Summer Field	夏原野
#C45940	Summer Fig	夏无花果
#228B22	Summer Forest Green	夏森林绿
#7AAC80	Summer Garden	夏花园
#EEAA44	Summer Glow	夏辉光
#8FB69C	Summer Green	夏绿
#E8E4DE	Summer Grey	夏灰
#FFE69A	Summer Harvest	夏丰收
#C1A58D	Summer Hill	夏丘陵
#C8EFE2	Summer House	夏屋
#FFEFC2	Summer Hue	夏色调
#CDA168	Summer in the City	夏城
#EEEBD6	Summer Jasmine	夏茉莉
#0077A7	Summer Lake	夏湖
#F8D374	Summer Lily	夏百合
#EAD5AE	Summer Melon	夏瓜
#DF856E	Summer Memory	夏日记忆
#CBEAEE	Summer Mist	夏薄雾
#FDEDCF	Summer Moon	夏月
#FBEEC1	Summer Morning	夏早晨
#B8AF65	Summer Moss	夏苔藓
#36576A	Summer Night	夏夜
#74CDD8	Summer of ‘82	八二年之夏
#FFB653	Summer Orange	夏橙
#F5F0D1	Summer Pear	夏梨
#E1E8DB	Summer Rain	夏雨
#F7EFBA	Summer Resort	避暑山庄
#ECE4CE	Summer Sandcastle	夏日沙堡
#66A9B1	Summer Sea	夏海
#D1D9D7	Summer Shade	夏暗调
#E5EBE3	Summer Shower	夏阵雨
#B7E0B9	Summer Sigh	夏天的叹息
#38B0DE	Summer Sky	夏天空
#94D3D1	Summer Soft Blue	夏柔蓝
#DED1A3	Summer Solstice	夏至
#816E63	Summer Sparrow	夏麻雀
#80CFE5	Summer Splash	夏飞溅
#B0C5DF	Summer Storm	夏风暴
#FFDC00	Summer Sun	夏太阳
#D88167	Summer Sunset	夏日落
#F7E8C7	Summer Sunshine	夏阳光
#008572	Summer Turquoise	夏青
#4B9CAB	Summer Turquoise Blue	夏青蓝
#AFA685	Summer Valley	夏山谷
#215399	Summer Waters	夏水域
#BB8E55	Summer Weasel	夏鼬
#F4E9D6	Summer White	夏白
#DC9367	Summer’s End	夏天的结束
#A97069	Summer’s Eve	夏夜
#F9E699	Summer’s Heat	夏日炎炎
#376698	Summerday Blue	夏日蓝
#84AAB8	Summerhouse Blue	凉亭蓝色
#C47A3D	Summerset	夏暮岛
#F2D178	Summertime	夏令时
#8CBC9E	Summertown	萨默敦
#997651	Summerville Brown	萨默维尔棕
#D4B28B	Summerwood	萨默伍德
#8BB6B8	Summit	顶峰
#E5B99B	Sumptuous Peach	丰盛的桃子
#604C81	Sumptuous Purple	华丽紫色
#B1B48C	Sumptuous Sage	华丽圣人
#EF8E38	Sun	太阳
#CD6E53	Sun Baked	太阳烘
#A36658	Sun Baked Earth	太阳烘土
#E3EFE1	Sun Bleached Mint	太阳漂白薄荷
#E3AB7B	Sun Bleached Ochre	太阳漂白赭
#FADADD	Sun Bleached Pink	太阳漂白粉
#FFFED9	Sun City	太阳城
#FF8C00	Sun Crete	太阳克里特岛
#C4AA4D	Sun Dance	太阳舞
#F0DCA0	Sun Deck	阳光甲板
#FFE7A3	Sun Drenched	阳光普照
#EAAF11	Sun Drops	太阳滴
#F6E0A4	Sun Dust	太阳尘
#D0D418	Sun Flooded Woods	阳光普照的树林
#F1F4D1	Sun Glare	阳光刺眼
#FAF3D9	Sun Glint	阳光闪烁
#DFBA5A	Sun God	太阳神
#EACDB7	Sun Kiss	太阳吻
#F37724	Sun Orange	太阳橙
#CCC2C6	Sun Painter	太阳画家
#E7C26F	Sun Salutation	太阳致敬式
#FFDE73	Sun Shower	太阳阵雨
#E9AD17	Sun Song	太阳歌
#FBD795	Sun Splashed	阳光洒满
#FFF2A0	Sun Surprise	太阳惊喜
#FAD675	Sun Touched	阳光感动
#698538	Sun Valley	太阳山谷
#B88B46	Sun Valley Vista	太阳山谷远景
#ECC033	Sun Wukong’s Crown	孙悟空的皇冠
#FFDF22	Sun Yellow	太阳黄
#FFEEC2	Sun-Kissed	阳光亲吻
#F2BDA8	Sun-Kissed Apricot	阳光亲吻的杏子
#DEAB9B	Sun-Kissed Beach	阳光亲吻的海滩
#B75E41	Sun-Kissed Brick	阳光亲吻的砖
#EA6777	Sun-Kissed Coral	阳光亲吻的珊瑚
#FED8BF	Sun-Kissed Peach	阳光亲吻的桃子
#FFEDBC	Sun-Kissed Sands	阳光亲吻的沙滩
#FFE9BA	Sun-Kissed Yellow	阳光亲吻的黄色
#F6F2E5	Sun’s Glory	太阳的荣耀
#A94E37	Sun’s Rage	太阳之怒
#DCD3B2	Suna White	苏娜白
#AB9A6E	Sunbaked Adobe	晒过的土坯
#D1AB74	Sunbaked Straw	晒干的稻草
#F5DD98	Sunbathed	晒日光浴
#FAD28F	Sunbathed Beach	日光浴海滩
#7E4730	Sunbathing Beauty	日光浴美女
#F5EDB2	Sunbeam	阳光
#F0D39D	Sunbeam Yellow	阳光黄
#FEFF0F	Sunblast Yellow	旭日黄
#E5E0D7	Sunbleached	晒白
#F9D964	Sunbound	阳光下
#B37256	Sunburn	晒伤
#FF404C	Sunburnt Cyclops	晒伤的独眼巨人
#D79584	Sunburnt Toes	晒伤的脚趾
#F5B57B	Sunburst	旭日
#FFFF99	Sunburst Yellow	旭日黄
#F6C778	Sunday Afternoon	周日午后
#FCC9C7	Sunday Best	周日最佳
#DCC9AE	Sunday Drive	周日行
#D7BAD1	Sunday Gloves	周日手套
#3D4035	Sunday Niqab	周日面纱
#C5D2D5	Sunday Sky	周日天空
#FAE198	Sundaze	桑达泽
#E1CDAE	Sundew	茅膏菜
#C0805D	Sundial	日晷
#F5C99E	Sundown	日落
#EBCF89	Sundress	背心裙
#EABD5B	Sundried	晒干
#7D252C	Sundried Tomato	番茄干
#6E5F57	Sunezumi Brown	须美棕
#FFC512	Sunflower	向日葵
#FFE26A	Sunflower Dandelion	向日葵蒲公英
#EA9D4F	Sunflower Field	向日葵原野
#FFCD01	Sunflower Island	向日葵岛
#FFB700	Sunflower Mango	向日葵芒果
#FFE3A9	Sunflower Seed	向日葵种子
#FDBD27	Sunflower Valley	向日葵山谷
#FFDA03	Sunflower Yellow	向日葵黄
#C76155	Sunglo	双路
#FFCC33	Sunglow	阳光
#FFCF48	Sunglow Gecko	阳光壁虎
#51574F	Sunken Battleship	沉没战舰
#273E3E	Sunken Cascades	沉没的瀑布
#B29700	Sunken Gold	沉金
#1C3D44	Sunken Harbour	沉没的港口
#23505A	Sunken Mystery	沉没之谜
#C8DDDA	Sunken Pool	下沉式泳池
#10252A	Sunken Ship	沉船
#CCCF86	Sunken Treasure	沉没的宝藏
#EBCD95	Sunlight	阳光
#FFDB78	Sunlit	阳光明媚
#9787BB	Sunlit Allium	阳光下的葱属
#98D4A0	Sunlit Glade	阳光林间空地
#7D7103	Sunlit Kelp Green	阳光海带绿
#D8D8A9	Sunlit Leaf	阳光照射的叶子
#D4C350	Sunlit Meadow	阳光照耀的草地
#BBCFB9	Sunlit Sea	阳光海
#DA8433	Sunlounge	日光休息室
#E8D7B1	Sunning Deck	阳光甲板
#F2F27A	Sunny	晴
#EADFAA	Sunny Burrata	阳光布拉塔
#DBA637	Sunny Disposition	阳光性格
#FFC946	Sunny Festival	晴节日
#EDE1CC	Sunny Gazebo	阳光露台
#E8D99C	Sunny Glory	晴荣光
#C5CD40	Sunny Green	晴绿
#F8F0D8	Sunny Honey	晴蜂蜜
#D0875A	Sunny Horizon	晴地平线
#E1EE82	Sunny Lime	晴青柠
#F5F5CC	Sunny Mimosa	阳光含羞草
#F7C84A	Sunny Mood	晴情绪
#F6D365	Sunny Morning	晴早晨
#D9D7D9	Sunny Pavement	阳光明媚的人行道
#FFDC41	Sunny Side Up	晴面朝上
#FFC900	Sunny Summer	晴夏
#E3E9CF	Sunny Summit	晴顶峰
#FEDF94	Sunny Veranda	晴廊
#FFF917	Sunny Yellow	晴黄
#F8D016	Sunnyside	阳光明媚
#FFD18C	Sunporch	阳光门廊
#E3AB57	Sunray	阳光
#CFC5B6	Sunray Venus	阳光金星
#F4BF77	Sunrise	日出
#FEF0C5	Sunrise Glow	日出辉光
#CAA061	Sunrise Heat	日出热
#A69799	Sunrise Over Tahiti	塔希提岛日出
#FFDB67	Sunrose Yellow	日出黄
#C0514A	Sunset	日落
#D0A584	Sunset Beige	日落米色
#E95E2A	Sunset Blaze	日落烈焰
#FF9607	Sunset Boulevard	日落大道
#BE916D	Sunset Cloud	日落云
#DCB397	Sunset Cove	日落小湾
#FFBE94	Sunset Cruise	日落巡航
#D1A69B	Sunset Curtains	日落窗帘
#EABBA2	Sunset Drive	日落行
#FFB52D	Sunset Glow	日落辉光
#F6C362	Sunset Gold	日落金
#BA87AA	Sunset Horizon	日落地平线
#F0C484	Sunset in Italy	意大利日落
#A5A796	Sunset Meadow	日落草地
#FD5E53	Sunset Orange	日落橙
#FEAC89	Sunset Over the Alps	阿尔卑斯山的日落
#FC7D64	Sunset Papaya	日落木瓜
#F8A77F	Sunset Peach	日落桃
#FAD6E5	Sunset Pink	日落粉
#724770	Sunset Purple	日落紫
#7F5158	Sunset Red	日落红
#D70040	Sunset Riders	日落骑士
#594265	Sunset Serenade	日落小夜曲
#FFBC00	Sunset Strip	日落大道
#FA873D	Sunset Yellow	日落黄
#FA9D49	Sunshade	遮阳伞
#F9D376	Sunshine	阳光
#F5C20B	Sunshine Mellow	阳光醇和
#FCB02F	Sunshine Surprise	阳光惊喜
#886688	Sunshone Plum	阳光梅
#FBCA69	Sunspark	太阳火花
#DDC283	Sunspill	溢漏
#FEE2B2	Sunstitch	日缝
#C7887F	Sunstone	日光石
#D8A27A	Sunswept Sand	日晒沙
#D9B19F	Suntan	晒黑
#BE8C74	Suntan Glow	晒黑光泽
#E3C1B3	Sunwashed Brick	晒砖
#7E2639	Suō	苏
#FFFE71	Super Banana	超级香蕉
#221100	Super Black	超级黑
#AA8822	Super Gold	超级金
#CA535B	Super Hero	超级英雄
#BA5E0F	Super Leaf Brown	超级叶棕
#E2B238	Super Lemon	超级柠檬
#CE6BA6	Super Pink	超级粉
#14BAB4	Super Rare Jade	超级稀有翡翠
#CB1028	Super Rose Red	超级玫红
#FFDD00	Super Saiyan	超级赛亚人
#FFAA88	Super Sepia	超级深褐
#EEEEEE	Super Silver	超级银
#785F8E	Super Violet	超级紫罗兰
#FFFF69	Supercalifragilisticexpialidocious	超级神奇美妙绝伦
#3A5E73	Superior Blue	高级蓝
#786957	Superior Bronze	高级铜牌
#FF1122	Superman Red	超人红
#00928C	Supermint	超级薄荷
#313641	Supernatural	超自然
#EF760E	Supernatural Saffron	超自然藏红花
#D1D5E6	Supernova	超新星
#D9ECE9	Supernova Residues	超新星遗迹
#FFCC11	Superstar	超级巨星
#5B6E74	Superstition	迷信
#AC91B5	Superstitious	迷信
#E8EAEA	Superwhite	超白
#78A300	Support Green	支持绿色
#CFDDC7	Supreme Green	至尊绿
#86949F	Supreme Grey	至尊灰
#D4D8DB	Supreme Pontiff	教皇
#AFBED4	Supremely Cool	超级酷
#FC53FC	Surati Pink	苏拉蒂粉红
#B8D4BB	Surf	冲浪
#C3D6BD	Surf Crest	冲浪峰
#427573	Surf Green	冲浪绿
#0193C2	Surf Rider	冲浪骑士
#B4C8C2	Surf Spray	冲浪浪花
#20377F	Surf the Web	网上冲浪
#87CECA	Surf Wash	冲浪洗
#374755	Surf’n’dive	冲浪潜水
#C4D3E5	Surf’s Surprise	冲浪的惊喜
#C6E4EB	Surf’s Up	冲浪了
#70B8BA	Surfer	冲浪者
#DB6484	Surfer Girl	冲浪女孩
#007B77	Surfie Green	冲浪绿
#73C0D2	Surfin’	冲浪
#9ACAD3	Surfside	瑟夫赛德
#009F6B	Surgeon	外科医生
#59A4C1	Surgical	外科手术
#C9936F	Surprise	惊喜
#EFB57A	Surprise Amber	惊喜琥珀
#DCC89D	Surrey Cream	萨里奶油
#70191F	Surya Red	苏里亚红
#7C9F2F	Sushi	寿司
#FFF7DF	Sushi Rice	寿司米
#58BAC2	Sussie	苏西
#887F7A	Susu Green	素素绿
#6F514C	Susu-Take Bamboo	苏苏竹
#859D95	Sutherland	萨瑟兰
#888387	Suva Grey	苏瓦灰色
#C2963F	Suzani Gold	苏扎尼金
#9EA1A3	Suzu Grey	苏祖格雷
#AA4F37	Suzume Brown	苏苏姆棕
#8C4736	Suzumecha Brown	凉茶棕
#B8A3BB	Svelte	苗条
#B2AC96	Svelte Sage	苗条圣人
#B1B8B5	Swag Bag Silver	赃物袋银色
#19B6B5	Swagger	大摇大摆
#154962	Swallow Blue	燕蓝
#ECE9DD	Swallow-Tailed Moth	燕尾蛾
#FFE690	Swallowtail	燕尾
#7F755F	Swamp	沼泽
#B79D69	Swamp Fox	沼泽狐
#748500	Swamp Green	沼泽绿
#094C49	Swamp Mausoleum	沼泽陵墓
#005511	Swamp Monster	沼泽怪物
#252F2F	Swamp Mosquito	沼泽蚊子
#698339	Swamp Moss	沼泽苔藓
#857947	Swamp Mud	沼泽泥
#36310D	Swamp of Sorrows	悲伤沼泽
#93977F	Swamp Sessions	沼泽会议
#6D753B	Swamp Shrub	沼泽灌木
#226633	Swampland	沼泽地
#BBAB6D	Swampwater	沼泽水
#E5E1BD	Swan Dance	天鹅舞
#E5E4DD	Swan Dive	天鹅潜水
#C5E5E2	Swan Lake	天鹅湖
#A6C1BF	Swan Sea	天鹅海
#F5F2E6	Swan Wing	天鹅翼
#B5B1B5	Swanky Grey	时尚灰色
#5F7963	Swanndri	斯万德里
#DAE6DD	Swans Down	天鹅绒
#1D4E8F	Sweat Bee	汗蜂
#CCCCC5	Sweater Weather	毛衣天气
#007CC0	Swedish Blue	瑞典蓝
#7B8867	Swedish Clover	瑞典三叶草
#184D43	Swedish Green	瑞典绿
#FCE081	Swedish Yellow	瑞典黄
#C4BF0B	Sweet & Sour	甜美酸
#F29EAB	Sweet 60	甜美
#CC9977	Sweet Almond	甜美杏仁
#E7C2DE	Sweet Alyssum	甜香薰
#E1C9D1	Sweet and Sassy	甜美时髦
#F5C8BB	Sweet Angel	甜美天使
#E8D08E	Sweet Angelica	甜当归
#9C946E	Sweet Annie	甜蜜安妮
#FCC0A6	Sweet Apricot	甜美杏
#A7E8D3	Sweet Aqua	甜美水色
#E5EAE3	Sweet Ariel	甜爱丽儿
#FFE9AC	Sweet as Honey	甜美蜂蜜
#C24F40	Sweet Baby Rose	甜美婴儿玫红
#C6947C	Sweet Beige	甜美米色
#EEDADD	Sweet Bianca	甜蜜的比安卡
#AEBED2	Sweet Blue	甜美蓝
#E6BFC1	Sweet Blush	甜美绯红
#C8DAE3	Sweet Breeze	甜美微风
#A83731	Sweet Brown	甜美棕
#FFFCD7	Sweet Butter	甜美黄油
#FCEEDD	Sweet Buttermilk	甜酪乳
#D59875	Sweet Cardamom	甜美豆蔻
#9C9480	Sweet Carolina	甜蜜的卡罗莱纳
#F6AFBB	Sweet Caroline	甜蜜的卡罗琳
#CC764F	Sweet Carrot	甜美胡萝卜
#DDAA77	Sweet Cashew	甜美腰果
#FFE186	Sweet Chamomile	甜美洋甘菊
#9F4F4D	Sweet Cherry	甜美樱桃
#84172C	Sweet Cherry Red	甜美樱桃红
#F5160B	Sweet Chilli	甜美辣椒
#DD84A3	Sweet Chrysanthemum	甜美菊花
#BFC0AA	Sweet Clover	甜美三叶草
#F9E176	Sweet Corn	甜美玉米
#F0EAE7	Sweet Cream	甜美奶油
#5F4C54	Sweet Currant	甜醋栗
#E8A773	Sweet Curry	甜美咖喱
#AA33EE	Sweet Desire	甜蜜的愿望
#DBCBAB	Sweet Dough	甜美面团
#ECCEE5	Sweet Dreams	甜美梦
#AB9368	Sweet Earth	甜美土
#CBD1E1	Sweet Emily	甜蜜的艾米丽
#8844FF	Sweet Escape	甜美逃离
#674196	Sweet Flag	甜美旗
#8A9B76	Sweet Florence	甜蜜的佛罗伦萨
#E2E2EA	Sweet Flower	甜美花
#FFF8E4	Sweet Frosting	甜美糖霜
#5FD1BA	Sweet Garden	甜美花园
#EFE4DA	Sweet Gardenia	甜美栀子
#8B715A	Sweet Georgia Brown	甜乔治亚棕
#4D3D52	Sweet Grape	甜美葡萄
#B2B68A	Sweet Grass	甜美草
#D9DDE7	Sweet Harbour	甜美港湾
#E0E8EC	Sweet Illusion	甜美幻觉
#F9F4D4	Sweet Jasmine	甜美茉莉
#B8BFD2	Sweet Juliet	甜蜜的朱丽叶
#8E8DB9	Sweet Lavender	甜美薰衣草紫
#F7BF43	Sweet Lemon	甜美柠檬
#FFF45A	Sweet Lemon Seed	甜美柠檬种子
#E8B5CE	Sweet Lilac	甜美丁香紫
#CCBBDD	Sweet Lucid Dreams	甜蜜的清醒梦
#9B4040	Sweet Lychee	甜荔枝
#FFDEE2	Sweet Mallow	甜锦葵
#D35E3A	Sweet Mandarin	甜美柑橘
#DDAF6C	Sweet Maple	甜美枫
#EBAF95	Sweet Marmalade	甜美橘子酱
#ECD5AA	Sweet Marzipan	甜美杏仁糖
#E87973	Sweet Melon	甜美瓜
#FDC8CD	Sweet Memories	甜蜜的回忆
#C2E4BC	Sweet Menthol	甜薄荷醇
#A7C74F	Sweet Midori	甜绿
#B4CCBE	Sweet Mint	甜美薄荷
#BBEE99	Sweet Mint Pesto	甜美薄荷青酱
#D5E3D0	Sweet Mint Tea	甜美薄荷茶
#4B423F	Sweet Molasses	甜美糖蜜
#B57312	Sweet Mulled Cider	甜甜苹果酒
#ECC5DF	Sweet Murmur	甜蜜呢喃
#D1B871	Sweet Mustard	甜美芥末
#FABDAF	Sweet Nectar	甜美花蜜
#FAE6E1	Sweet Nothing	甜言蜜语
#EBCCB3	Sweet Orange	甜美橙
#EDC8B1	Sweet Pastel	甜美粉彩
#9BA15C	Sweet Pea	甜美豌豆
#A89E81	Sweet Pea in a Pod	豆荚里的甜豌豆
#E2BCB3	Sweet Peach	甜美桃
#D49AB9	Sweet Perfume	甜美香水
#CBBAD0	Sweet Petal	甜美花瓣
#FE6346	Sweet Pimento	甜椒
#EE918D	Sweet Pink	甜美粉
#D5CAAA	Sweet Porridge	甜粥
#D87C3B	Sweet Potato	甜美土豆
#917798	Sweet Potato Peel	甜美土豆皮
#93DAD3	Sweet Rhapsody	甜蜜狂想曲
#FFC4DD	Sweet Romance	甜美浪漫
#EAE1DD	Sweet Roses	甜美玫瑰
#FFD8F0	Sweet Sachet	甜美香包
#F1DBC2	Sweet Sand	甜美沙
#C7B7D0	Sweet Scent	甜美香
#FFC5D5	Sweet Serenade	甜美小夜曲
#F0B9A9	Sweet Sheba	甜示巴
#EEBDB6	Sweet Sherry	甜雪利酒
#FFC9D3	Sweet Sixteen	甜蜜十六岁
#D0DEDD	Sweet Slumber	甜美沉睡
#F8B8F8	Sweet Slumber Pink	甜美沉睡粉
#A8946B	Sweet Sparrow	甜美麻雀
#7B453E	Sweet Spiceberry	甜香料莓
#D1E8C2	Sweet Spring	甜美春
#D8AA86	Sweet Sue	甜苏
#C9D0B8	Sweet Surrender	甜蜜投降
#ECBCD4	Sweet Taffy	甜美太妃糖
#EAAEA9	Sweet Tart	甜美塔
#C18244	Sweet Tea	甜美茶
#5F6255	Sweet Tooth	嗜甜
#F0DCD7	Sweet Truffle	甜美松露
#EEEBE6	Sweet Vanilla	甜美香草
#B6FF1A	Sweet Venom	甜毒液
#8C667A	Sweet Violet	甜美紫罗兰
#FC5669	Sweet Watermelon	甜美西瓜
#8892C1	Sweet William	甜蜜威廉
#F1CA90	Sweet!	甜美
#A7BDBA	Sweetest Damask	最甜蜜的锦缎
#F3C3D8	Sweetheart	甜心
#E1BBDB	Sweetie Pie	甜心派
#FFE5EF	Sweetly	甜甜的
#F8DBC4	Sweetness	甜蜜
#C39F87	Sweetwood	甜木
#E7CEE3	Sweety Pie	甜甜馅饼
#82AADC	Swift	斯威夫特
#E1BC73	Swiftly Green	快绿了
#6BB8B5	Swim	游泳
#0A91BF	Swimmer	游泳者
#2DC5BB	Swimmers Pool	游泳池
#C2E5E5	Swimming	游泳
#A8CFC0	Swimming Pool Green	泳池绿
#947569	Swing Brown	摇摆棕色
#C2C0A9	Swing Sage	摇摆圣人
#706842	Swinging Vine	摇摆的藤蔓
#D7CEC5	Swirl	漩涡
#CECAC1	Swirling Smoke	烟雾缭绕
#E6E9E9	Swirling Water	漩涡水
#E4DACC	Swiss Almond	瑞士杏仁
#6E5F53	Swiss Brown	瑞士棕
#DD5E6D	Swiss Chard	瑞士甜菜
#FFF4B9	Swiss Cheese	瑞士奶酪
#8C6150	Swiss Chocolate	瑞士巧克力
#D5C3AD	Swiss Coffee	瑞士咖啡
#ECEAD9	Swiss Cream	瑞士奶油
#86608E	Swiss Lilac	瑞士丁香紫
#C6C3B4	Swiss Livery	瑞士制服
#5946B2	Swiss Plum	瑞士梅紫
#E8D5DD	Swiss Rose	瑞士玫红
#67667C	Swollen Sky	膨胀的天空
#D6D2DE	Sword Steel	剑钢
#8BCBAB	Sybarite Green	锡重晶石绿
#908D39	Sycamore	悬铃木
#6A8779	Sycamore Grove	悬铃木小树林
#959E8F	Sycamore Stand	梧桐架
#9C8A79	Sycamore Tan	悬铃木棕褐
#3F544F	Sycamore Tree	悬铃木树
#CBB394	Sycorax Bronze	西科拉克斯青铜
#97BBC8	Sydney Harbour	悉尼港
#ADAAB1	Sylph	精灵
#979381	Sylvan	西尔万
#E7EACB	Sylvan Green	森林绿
#AC8262	Sylvaneth Bark	西尔瓦尼斯树皮
#B29EAD	Symbolic	象征性的
#8FA0A7	Symmetry	对称性
#C0A887	Symphony Gold	交响乐金
#89A0A6	Symphony of Blue	蓝色幻彩
#331133	Synallactida	鳅科
#C7D4CE	Synchronicity	同步性
#F8C300	Syndicalist	工团主义者
#918151	Syndicate Camouflage	辛迪加迷彩
#48C2B0	Synergy	协同作用
#9FFEB0	Synthetic Mint	合成薄荷
#FF7538	Synthetic Pumpkin	合成南瓜
#1EF876	Synthetic Spearmint	合成留兰香
#792E35	Syrah	西拉
#A16717	Syrah Soil	西拉土
#DFCAE4	Syrian Violet	叙利亚紫罗兰
#B18867	Syrup	糖浆
#3A2EFE	System Shock Blue	系统震撼蓝色
#8020FF	Sz?ll?si Grape	瑟勒什葡萄
#6FC1AF	T-Bird Turquoise	T鸟绿松石
#8E908D	T-Rex Fossil	霸王龙化石
#C7C4A5	Ta Prohm	塔普伦
#A02712	Tabasco	塔巴斯科州
#709572	Tabbouleh	塔布勒色拉
#526525	Tabbouleh Green	塔博勒绿
#9A948D	Tabby Cat Grey	虎斑猫灰色
#F1E9DC	Table Linen	桌布
#E5C279	Table Pear Yellow	表梨黄
#005553	Tabriz Teal	大不里士青
#F6AE78	Tacao	塔草
#D2B960	Tacha	塔恰
#F3C7B3	Taco	墨西哥夹饼
#D3E7C7	Tactile	触觉
#7AD7AD	Tadorna Teal	塔多娜青色
#7D7771	Tadpole	蝌蚪
#AF797E	Taffeta Darling	塔夫绸亲爱的
#81825F	Taffeta Sheen	塔夫绸光泽
#F3E0EB	Taffeta Tint	塔夫绸调
#C39B6A	Taffy	太妃糖
#FEA6C8	Taffy Pink	太妃糖粉
#AAD0BA	Taffy Twist	太妃糖扭
#F9F2D4	Tagliatelle	意大利面条
#D9BEAA	Tagsale Linen	特卖亚麻
#DDBB77	Tahini	芝麻酱
#9B856B	Tahini Brown	芝麻酱棕色
#DC722A	Tahiti Gold	大溪地黄金
#B8E9E4	Tahitian Breeze	大溪地微风
#263644	Tahitian Pearl	大溪地珍珠
#F5DCB4	Tahitian Sand	大溪地沙
#C9E9E7	Tahitian Sky	大溪地天空
#00677E	Tahitian Tide	大溪地潮汐
#00686D	Tahitian Treat	大溪地款待
#94B8C1	Tahoe Blue	太浩蓝
#D7E1E5	Tahoe Snow	太浩雪
#D8CC9B	Tahuna Sands	塔胡纳金沙
#768078	Taiga	大河
#DD4411	Tail Lights	尾光
#DFC2AA	Tailor’s Buff	裁缝的浅黄色
#BD9D7E	Tailored Tan	定制棕褐色
#F5E8CF	Tailwind	顺风
#B54A4A	Tainan Brick	台南砖
#EAD795	Tainted Gold	被污染的黄金
#BB5520	Taisha Brown	塔莎棕
#9F5233	Taisha Red	大煞红
#3377A2	Taiwan Blue Magpie	台湾蓝鹊
#C7AA71	Taiwan Gold	台湾金
#734A33	Taj	泰姬陵
#EDE9DF	Taj Mahal	泰姬陵
#3D4D78	Takaka	塔卡卡
#BACBC5	Take a Hike	徒步旅行
#B3C9D3	Take Five	拿五个
#D8D4DD	Take the Plunge	尝试一下
#E6CCB7	Take-Out	外卖
#A0928B	Talavera	塔拉维拉
#E7B25D	Talayi Gold	塔拉伊金
#707E84	Taliesin Blue	塔里埃森蓝
#648149	Talipot Palm	塔利波特棕榈
#159F9B	Talismanic Teal	护身青色
#853534	Tall Poppy	高罂粟
#0E81B9	Tall Ships	大船
#5C9BCC	Tall Waves	高浪
#947E74	Tallarn Leather	塔兰皮革
#A79B5E	Tallarn Sand	塔兰沙
#A39977	Tallow	牛油
#FCD575	Tamago Egg	玉子蛋
#FFA631	Tamago Orange	玉子橙
#3B3F40	Tamahagane	玉金
#F0E4C6	Tamale	玉米粉蒸肉
#F8E7B7	Tamale Maize	玉米粉蒸肉
#DEAA9B	Tamanegi Peel	玉根皮
#F2DD55	Tamarack Yellow	落叶松黄
#11DDEE	Tamarama	塔玛拉玛
#752B2F	Tamarillo	塔马里奥
#341515	Tamarind	罗望子
#75503B	Tamarind Fruit	罗望子果
#8E604B	Tamarind Tart	罗望子馅饼
#7C7D57	Tambo Tank	坦博坦克
#BDC8AF	Tamboon	坦布恩
#F0EDD6	Tambourine	手鼓
#658498	Tambua Bay	坦布阿湾
#C1E6DF	Tame Teal	驯服的青色
#C5C5AC	Tame Thyme	驯服百里香
#9C2626	Tamed Beast	驯服的野兽
#CFBCCF	Tamed Beauty	驯服的美丽
#D1B26F	Tan	棕褐
#A38D6D	Tan 686A	棕褐686A
#AB7E4C	Tan Brown	棕褐棕
#A9BE70	Tan Green	棕褐绿
#323939	Tàn Hēi Soot	谭黑烟灰
#FA9D5A	Tan Hide	棕褐兽皮
#C2AA87	Tan Oak	棕褐橡
#C19E78	Tan Plan	谭计划
#CDB59C	Tan Suede	棕褐麂皮
#F0BD9E	Tan Temptation	棕褐色诱惑
#A3755D	Tan Wagon	棕褐色马车
#F1D7CE	Tan Whirl	谭旋
#B5905A	Tan Your Hide	晒黑你的皮
#B8B5A1	Tana	塔娜
#A43834	Tanager	唐纳雀
#8DD8E7	Tanager Turquoise	唐纳雀绿松石
#D0B25C	Tanami Desert	塔纳米沙漠
#E9B581	Tanaris Beige	塔纳利斯米色
#896656	Tanbark	坦巴克
#766451	Tanbark Trail	鞣料树皮小径
#4A766E	Tandayapa Cloud Forest	坦达亚帕云林
#BB5C4D	Tandoori	坦杜里
#D25762	Tandoori Red	坦杜里红
#9F4440	Tandoori Spice	坦杜里香料
#97725F	Tangara	坦加拉
#1E2F3C	Tangaroa	坦加罗阿
#F94D00	Tangelo	橘柚
#F2E9DE	Tangelo Cream	橘柚霜
#EAD3A2	Tangent	切线
#50507F	Tangent Periwinkle	切线长春花
#FF9300	Tangerine	柑橘
#D86130	Tangerine Bliss	柑橘极乐
#FFA089	Tangerine Cream	柑橘奶油
#FF8449	Tangerine Dream	柑橘梦
#E57F5B	Tangerine Flake	橘子片
#DE8417	Tangerine Haze	柑橘霾
#FFCC95	Tangerine Silk	柑橘丝
#F28500	Tangerine Skin	柑橘肌肤
#FF9E4B	Tangerine Tango	柑橘探戈
#F8AD1B	Tangerine Twist	柑橘扭
#FECD01	Tangerine Yellow	柑橘黄
#A97164	Tangier	丹吉尔
#7C7C65	Tangle	纠结
#B19466	Tangled Twine	纠结的麻线
#CAC19A	Tangled Vines	纠结的藤蔓
#B2B2B2	Tangled Web	纠结的网络
#A58F85	Tanglewood	坦格伍德
#E7CEB8	Tanglewood Park	坦格伍德公园
#D46F31	Tango	探戈
#E47F7A	Tango Pink	探戈粉
#B10E2A	Tango Red	探戈红
#E3C382	Tangy	浓烈
#9A9147	Tangy Dill	浓烈莳萝
#BB9B52	Tangy Green	浓烈绿
#E7CAC3	Tangy Taffy	浓烈太妃糖
#5C6141	Tank	坦克
#848481	Tank Grey	坦克灰
#9AA0A2	Tank Head	坦克头
#EFC93D	Tank Yellow	坦克黄
#7D7463	Tankard Grey	坦卡德灰色
#F2C108	Tanned Leather	鞣制皮革
#8F6E4B	Tanned Wood	鞣制木材
#5C493E	Tannery Brown	制革棕
#A68B6D	Tannin	单宁
#AE6C37	Tanooki Suit Brown	狸猫套装棕
#C7C844	Tansy	艾菊
#95945C	Tansy Green	艾菊绿
#669CCB	Tantalise	诱惑
#87DCCE	Tantalising Teal	诱人的青色
#857158	Tantanmen Brown	担担门棕色
#FCD215	Tanzanian Gold	坦桑尼亚黄金
#1478A7	Tanzanite	坦桑石
#114A6B	Tanzanite Blue	坦桑石蓝
#7983D7	Tanzine	丹津
#BFA77F	Taos Taupe	陶斯灰褐色
#2B8C8A	Taos Turquoise	陶斯绿松石
#2F3032	Tap Shoe	踢踏鞋
#7C7C72	Tapa	塔帕
#906528	Tapenade	橄榄酱
#F7F2DD	Tapering Light	逐渐变细的光
#B37084	Tapestry	挂毯
#B8AC9E	Tapestry Beige	挂毯米色
#B4966B	Tapestry Gold	挂毯金
#C06960	Tapestry Red	挂毯红
#4D7F86	Tapestry Teal	挂毯青
#DAC9B9	Tapioca	木薯粉
#DEF1DD	Tara	塔拉
#767A49	Tara’s Drapes	塔拉的窗帘
#253C48	Tarawera	塔拉维拉
#105673	Tardis	塔迪斯
#003B6F	Tardis Blue	塔迪斯蓝
#A1CDBF	Tareyton	塔雷顿
#5A5348	Tarmac	停机坪
#477F4A	Tarmac Green	停机坪绿
#7F6C24	Tarnished Brass	失去光泽的黄铜
#797B80	Tarnished Silver	失去光泽的银
#B9A47E	Tarnished Treasure	失去光泽的宝藏
#D5B176	Tarnished Trumpet	失去光泽的小号
#C1B55C	Tarpon Green	大海鲢绿
#A4AE77	Tarragon	龙蒿
#B4AC84	Tarragon Tease	龙蒿挑逗
#825E61	Tarsier	眼镜猴
#B6D27E	Tart Apple	塔苹果
#F6EEC9	Tart Gelato	塔意式冰淇淋
#FB4D46	Tart Orange	塔橙
#B1282A	Tartan Red	格子红
#BF5B3C	Tartare	鞑靼
#FDDCD9	Tartlet	挞
#F7D917	Tartrazine	柠檬黄
#919585	Tarzan Green	泰山绿
#BAC0B3	Tasman	塔斯曼
#E6C562	Tasman Honey Yellow	塔斯曼蜂蜜黄
#658A8A	Tasmanian Sea	塔斯马尼亚海
#C6884A	Tassel	流苏
#F9C0CE	Tassel Flower	流苏花
#9F9291	Tassel Taupe	流苏灰褐色
#C8A3B8	Taste of Berry	浆果的味道
#F2AE73	Taste of Summer	夏天的味道
#9B6D54	Tasty Toffee	美味太妃糖
#DECCAF	Tatami	榻榻米
#AF9D83	Tatami Mat	榻榻米
#BA8C64	Tatami Tan	榻榻米谭
#976E9A	Tatarian Aster	鞑靼紫菀
#988F63	Tate Olive	泰特橄榄馆
#A2806F	Tattered Teddy	破烂的泰迪熊
#80736A	Tattletail	告密尾
#376D03	Tatzelwurm Green	塔泽尔沃姆绿
#F7D60D	Tau Light Ochre	钛族浅赭色
#A3813F	Tau Sept Ochre	钛族赛普特赭色
#B9A281	Taupe	灰褐
#483C30	Taupe Brown	灰褐棕
#8B8589	Taupe Grey	灰褐灰
#E1D9D0	Taupe Mist	灰褐薄雾
#705A56	Taupe Night	灰褐夜
#DAD2C6	Taupe of the Morning	灰褐早晨
#C3A79A	Taupe Tapestry	灰褐挂毯
#E0D9CF	Taupe Tease	灰褐色挑逗
#ADA090	Taupe Tone	灰褐调
#C7C1BB	Taupe White	灰褐白
#BAAEA8	Taupedo	陶佩多
#77BE52	Taurus Forest Fern	金牛座森林蕨
#B7A594	Tavern	酒馆
#957046	Tavern Creek	酒馆溪
#9E938F	Tavern Taupe	酒馆灰褐色
#D19776	Tawny Amber	黄褐琥珀
#AA7B65	Tawny Birch	黄褐桦
#AB856F	Tawny Brown	黄褐棕
#EEE4D1	Tawny Daylily	黄褐色黄花菜
#A7947C	Tawny Ember	黄褐色余烬
#B39997	Tawny Mushroom	黄褐蘑菇
#C4962C	Tawny Olive	黄褐橄榄
#D37F6F	Tawny Orange	黄褐橙
#978B71	Tawny Owl	黄褐猫头鹰
#643A48	Tawny Port	黄褐波特酒红
#CCB299	Tawny Tan	黄褐棕褐
#496569	Tax Break	税收减免
#5C3937	Taxite	紫杉醇
#5F5879	Taylor	泰勒
#2B4B40	Te Papa Green	蒂帕帕绿
#BFB5A2	Tea	茶
#726259	Tea Bag	茶包
#F5EBE1	Tea Biscuit	茶饼干
#B5A9AC	Tea Blossom Pink	茶花粉
#605547	Tea Chest	茶箱
#F4E1C0	Tea Cookie	茶饼干
#8F8667	Tea Leaf	茶叶
#A59564	Tea Leaf Brown	茶叶棕
#888E7E	Tea Leaf Mouse	茶叶鼠
#F8E4C2	Tea Light	茶浅
#FFD7D0	Tea Party	茶派对
#DCB5B0	Tea Room	茶室
#F883C2	Tea Rose	茶玫红
#CAC6B5	Tea Stain	茶染色
#C5A5C7	Tea Towel	茶巾
#DC3855	Teaberry	茶莓
#B44940	Teaberry Blossom	茶莓花
#AB8953	Teak	柚木
#8D7E6D	Teakwood	柚木
#008080	Teal	青
#71999B	Teal & Tonic	青汤力
#57A1A0	Teal Bayou	青色河口
#006767	Teal Beak	青色喙
#01889F	Teal Blue	青蓝
#0F4D5C	Teal Dark Blue	青深蓝
#006D57	Teal Dark Green	青深绿
#99E6B3	Teal Deer	青鹿
#24604F	Teal Drama	青戏剧
#3DA3AE	Teal Essence	青精华
#405B5D	Teal Forest	青森林
#1A6C76	Teal Fury	青怒
#3E9EAC	Teal Glacier	青冰川
#25A36F	Teal Green	青绿
#D1EFE9	Teal Ice	青冰
#0DACA7	Teal Me No Lies	青色我不说谎
#C8EDE2	Teal Melody	青旋律
#50B7CF	Teal Moiré	青色云纹
#406976	Teal Mosaic	青马赛克
#006D73	Teal Motif	青色图案
#032425	Teal Spill	青色溢出
#627F7B	Teal Stencil	青色模板
#D9F2E3	Teal Treat	青色款待
#94B9B4	Teal Tree	青树
#4E939D	Teal Trinket	青色饰品
#00A093	Teal Trip	青色之旅
#02708C	Teal Tune	青色曲调
#007765	Teal Waters	青水域
#8B9EA1	Teal Wave	青波浪
#2B7B6C	Teal We Meet Again	青色 我们又见面了
#01697A	Teal With It	青
#24BCA8	Tealish	蒂利什
#0CDC73	Tealish Green	翠绿色
#416986	Team Spirit	团队精神
#E2E2E1	Teapot	茶壶
#B5D8DF	Tear	泪水
#D1EAEA	Teardrop	泪滴
#F0F1DA	Tears of Joy	喜悦的泪水
#DED2E8	Teary Eyed	泪眼汪汪
#CEAEFA	Teasel Dipsacus	续断续续断
#F1E1D7	Teasing Peach	戏弄桃子
#BE9B79	Teatime	下午茶时间
#C8A89E	Teatime Mauve	下午茶淡紫
#4C7A9D	Tech Wave	科技浪潮
#9FA1A1	Techile	泰奇尔
#587C8D	Technical Blue	技术蓝
#006B8B	Techno Blue	科技蓝
#69AC58	Techno Green	科技绿
#DD95B4	Techno Pink	科技粉色
#BFB9AA	Techno Taupe	科技灰褐色
#60BD8E	Techno Turquoise	科技绿松石
#FF80F9	Technolust	技术狂
#A3BAE3	Teclis Blue	泰克利斯蓝
#AC8067	Teddy	泰迪
#9D8164	Teddy Bear	泰迪熊
#CEB79D	Teddy Bears & Cream	泰迪熊和奶油
#BCAC9F	Teddy’s Taupe	泰迪灰褐色
#C00C20	Tedious Red	乏味的红色
#68855A	Tee Off	开球
#A67498	Teen Queen	青少年女王
#326395	Teeny Bikini	微小比基尼
#F2DBD7	Teewurst	茶香肠
#C1B65F	Tegreen	特格林
#AD66D2	Teldrassil Purple	泰达希尔紫
#AA22CC	Telemagenta	远程品红
#F0F3F1	Tell Me a Secret	告诉我一个秘密
#2D2541	Telopea	特洛佩亚
#47626A	Tempe Star	坦佩之星
#2B8725	Temperamental Green	气质绿
#BFB1AA	Temperate Taupe	温带灰褐色
#987E70	Tempered Allspice	调和五香粉
#772211	Tempered Chocolate	调温巧克力
#A1AEB1	Tempered Grey	钢化灰
#E3DBB7	Tempered Sage	淬炼圣人
#79839B	Tempest	暴风雨
#303A40	Tempest in a Teapot	茶壶里的风暴
#F2E688	Templar’s Gold	圣殿骑士的黄金
#A6C9E3	Template	模板
#339A8D	Temple Guard Blue	圣殿守卫蓝
#EE7755	Temple of Orange	寺橙
#A9855D	Temple Tile	寺瓷砖
#33ABB2	Tempo	节奏
#018C94	Tempo Teal	节奏青色
#987465	Temptation	诱惑
#FF7733	Temptatious Tangerine	诱人的橘子
#DD8CB5	Tempting Pink	诱人的粉色
#CCAA99	Tempting Taupe	诱人的灰褐色
#3C2126	Temptress	妖妇
#98F6B0	Tenacious Tentacles	顽强的触手
#F7E8D7	Tender	柔嫩
#C5CFB6	Tender Greens	嫩绿
#E0D4E0	Tender Limerence	温柔迷恋
#F8D5B8	Tender Peach	柔嫩桃
#DDC6BD	Tender Shell	柔嫩壳
#ACCB35	Tender Shoot	嫩芽
#E8E287	Tender Sprout	柔嫩芽
#C4B198	Tender Taupe	柔嫩灰褐
#D5C6D6	Tender Touch	柔嫩触感
#82D9C5	Tender Turquoise	柔嫩青
#A17E64	Tender Twig	嫩枝
#B7CFE2	Tender Twilight	柔嫩暮光
#D4C3DA	Tender Violet	柔嫩紫罗兰
#BADBDF	Tender Waves	柔嫩浪
#E8EBAF	Tender Yellow	柔嫩黄
#C8DBCE	Tenderness	温柔
#869C65	Tendril	卷须
#CD5700	Tenné	田内
#DFFF4F	Tennis Ball	网球
#7CB5C6	Tennis Blue	网球蓝
#C8450C	Tennis Court	网球场
#A35732	Tense Terracotta	紧张的兵马俑
#A89F86	Tent Green	帐篷绿
#FFBACD	Tentacle Pink	触手粉红
#9ECFD9	Tenzing	丹增
#F4D0A4	Tequila	龙舌兰酒
#EB6238	Teri-Gaki Persimmon	照柿
#2B322D	Terminal Black	终端黑
#DCDFE5	Terminator Chrome	终结者铬
#BDB192	Terminatus Stone	终结者石
#DDBB66	Termite Beige	白蚁米色
#D5CDBD	Tern Grey	燕鸥灰
#5A382D	Terra Brun	特拉布伦
#E2B5A6	Terra Cotta Blush	大地陶绯红
#D08F73	Terra Cotta Clay	大地陶黏土
#D38D71	Terra Cotta Pot	大地陶壶
#C94D42	Terra Cotta Red	大地陶红
#9C675F	Terra Cotta Sun	大地陶太阳
#B06F60	Terra Cotta Urn	兵马俑瓮
#844C47	Terra Cove	大地小湾
#D59982	Terra Earth	大地土
#CC7661	Terra Orange	大地橙
#BB6569	Terra Rosa	特拉罗莎
#9F6D66	Terra Rose	大地玫红
#E8B57B	Terra Sol	泰拉索尔
#B6706B	Terra Tone	大地调
#73544D	Terrace Brown	露台棕色
#A1D8E0	Terrace Pool	露台泳池
#B2AB9C	Terrace Taupe	露台灰褐色
#275B60	Terrace Teal	露台青色
#CAD0BF	Terrace View	露台景观
#CB6843	Terracotta	赤陶
#C47C5E	Terracotta Chip	兵马俑片
#976A66	Terracotta Red Brown	赤陶红棕
#D6BA9B	Terracotta Sand	赤陶沙
#708157	Terrain	地形
#A1965E	Terran Khaki	人族卡其色
#807F4A	Terrapin	水龟
#5F6D5C	Terrarium	玻璃容器
#A28873	Terrazzo Brown	水磨石棕色
#BE8973	Terrazzo Tan	水磨石棕
#276757	Terrestrial	陆地
#1D4769	Terror From the Deep	来自深处的恐怖
#DDAAFF	Testosterose	睾酮
#D90166	Tête-à-Tête	面对面
#8D99A1	Teton Blue	提顿蓝
#DFEAE8	Teton Breeze	提顿微风
#1E20C7	Tetraammine	四胺
#8E6F73	Tetrarose	四糖
#2B3733	Tetsu Black	哲黑
#005243	Tetsu Green	哲绿
#455765	Tetsu Iron	铁
#281A14	Tetsu-Guro Black	铁九郎黑
#17184B	Tetsu-Kon Blue	铁绀蓝
#2B3736	Tetsuonando Black	铁尾南堂黑
#E2DDD1	Texan Angel	德克萨斯天使
#ECE67E	Texas	德州
#8B6947	Texas Boots	德州靴
#A54E37	Texas Heatwave	德克萨斯热浪
#C9926E	Texas Hills	德州山丘
#E08D3C	Texas Longhorn	德克萨斯长角牛
#A0522D	Texas Ranger Brown	德克萨斯游骑兵棕
#F1D2C9	Texas Rose	德州玫红
#B9A77C	Texas Sage	德州鼠尾草
#FC9625	Texas Sunset	德州日落
#794840	Texas Sweet Tea	德州甜美茶
#5500EE	Tezcatlipōca Blue	特兹卡特利波卡蓝色
#7A7F3F	Thai Basil	泰国罗勒
#CE0001	Thai Chilli	泰国辣椒
#BD6B1C	Thai Curry	泰国咖喱
#FE1C06	Thai Hot	泰国炎热
#E0A878	Thai Ice Tea	泰国冰茶
#E77200	Thai Mango	泰国芒果
#BB4455	Thai Spice	泰国辛香
#624435	Thai Teak	泰国柚木
#2E8689	Thai Teal	泰国青
#E7C630	Thai Temple	泰国寺
#53B1BA	Thalassa	海洋
#44AADD	Thalassophile	嗜海者
#58F898	Thallium Flame	铊火焰
#181818	Thamar Black	塔玛黑
#62676A	Thames Dusk	泰晤士黄昏
#949586	Thames Fog	泰晤士雾
#B56E4A	Thanksgiving	感恩节
#B0B08E	That’s Atomic	这是原子的
#8E3350	That’s My Jam	这就是我的果酱
#DCD290	That’s My Lime	那是我的酸橙
#B1948F	Thatch	茅草
#867057	Thatch Brown	茅草棕色
#544E31	Thatch Green	茅草绿
#D6C7A6	Thatched Cottage	草堂
#EFE0C6	Thatched Roof	茅草屋顶
#E1EEEC	Thawed Out	解冻
#DD0088	The Art of Seduction	诱惑的艺术
#BBFFFF	The Big Freeze	大冰冻
#214DAA	The Blues Brothers	布鲁斯兄弟
#FFC8C2	The Bluff	崖
#D0A492	The Boulevard	林荫大道
#837663	The Cottage	小屋
#102030	The Count’s Black	伯爵的黑人
#22C1D5	The Crowd Roars!	人群咆哮！
#A75455	The Ego Has Landed	自我已经落地
#2A2A2A	The End	结束
#EED508	The End Is Beer	结束是啤酒
#585673	The Fang	方牙
#436174	The Fang Grey	灰牙
#F0E22C	The Fifth Sun	第五个太阳
#FFF08C	The First Daffodil	第一水仙
#E9D2AF	The Golden State	金黄州
#AAA651	The Goods	货物
#BB00FF	The Grape War of 97’	97年的葡萄战争
#B0BF1A	The Killing Joke	致命笑话
#558844	The Legend of Green	绿色传说
#70F15E	The Matrix	黑客帝国
#FF8400	The New Black	新黑
#818580	The North Wind Blows	北风吹
#4466EE	The Rainbow Fish	彩虹鱼
#DB7093	The Sickener	恶心者
#F6F4EF	The Speed of Light	光速
#110066	The Vast of Night	浩瀚的夜
#CDBB63	The Weight of Gold	黄金的重量
#DADDED	The White Death	白死亡
#118844	The Wild Apothecary	野生药剂师
#21467A	Theatre Blue	剧院蓝
#EEF4DB	Theatre District Lights	剧院区灯光
#274242	Theatre Dress	剧院礼服
#A76924	Theatre Gold	剧院金奖
#E2D4D4	Theatre Powder Rose	剧院粉玫瑰
#D3003F	Them Apples	他们的苹果
#E2B13C	Themeda Japonica	主题日本
#EE7711	Therapeutic Toucan	治疗巨嘴鸟
#002288	There Is Light	有光
#AD9569	There’s No Place Like Home	没有比家更好的地方了
#3F5052	Thermal	热
#9CCEBE	Thermal Aqua	温泉水族
#589489	Thermal Spring	温泉
#EB3318	Thermic Orange	热橙
#8FADBD	Thermocline	温跃层
#D2BB95	Thermos	保温瓶
#FBE4B3	They Call It Mellow	他们称之为柔和
#5566DD	Thick Blue	浓蓝
#DCD3CE	Thick Fog	浓雾
#88CC22	Thick Green	浓绿
#CC55DD	Thick Pink	浓粉色
#8833DD	Thick Purple	浓紫
#B30D0D	Thick Red	浓红
#F1D512	Thick Yellow	浓黄
#69865B	Thicket	灌木丛
#93840F	Thicket Green	灌木丛绿
#A05D8B	Thimble Red	顶针红
#E34B50	Thimbleberry	顶针莓
#AFA97D	Thimbleberry Leaf	顶针莓叶
#C6FCFF	Thin Air	空气稀薄
#D4DCDA	Thin Cloud	薄云
#CAE0DF	Thin Heights	薄高地
#834841	Think Brick	思考砖
#4D8871	Think Leaf	思叶
#E5A5C1	Think Pink	认为粉红色
#243BCD	Third Eye Chakra	第三眼脉轮
#726E9B	Thirsty Thursday	口渴的星期四
#D8BFD8	Thistle	蓟
#9499BB	Thistle Down	蓟
#CCCAA8	Thistle Green	蓟绿
#C0B6A8	Thistle Grey	蓟灰
#834D7C	Thistle Mauve	蓟淡紫
#BFD8BF	Thistleberry Green	蓟莓绿
#8AB3BF	Thistleblossom Soft Blue	蓟花柔蓝
#44CCFF	Thor’s Thunder	雷神之雷
#B5A197	Thorn Crown	荆棘王冠
#9C2D5D	Thorne Wines	索恩酒庄
#4C4A41	Thorny Branch	荆棘枝
#7F716A	Thorny Brush	荆棘刷
#5B3D34	Thoroughfare	大道
#D8CDC8	Thought	思想
#317589	Thousand Herb	千草
#FFD9BB	Thousand Needles Sand	千针沙
#E9E8E1	Thousand Shells	千炮弹
#02D8E9	Thousand Sons Blue	千子蓝
#316745	Thousand Years Green	千年绿
#4F6446	Thraka Green Wash	特拉卡绿洗
#CEC2AA	Threaded Loom	螺纹织机
#C30305	Threatening Red	威胁红
#73C4D7	Thredbo	斯雷德博
#FDDBB6	Three Ring Circus	三环马戏团
#BDC4BB	Three Wishes	三个愿望
#93CCE7	Thresher Shark	长尾鲨
#AC9A8A	Threshold Taupe	阈值灰褐色
#8C283B	Thrill Ride	惊险之旅
#8CC34B	Thrilling Lime	惊心动魄的石灰
#281F3F	Throat	喉咙
#6ACED4	Throat Chakra	喉轮
#ADA274	Throw Rug	地毯
#936B4F	Thrush	画眉
#A4B6A7	Thrush Egg	画眉蛋
#11610F	Thuja Green	崖柏绿
#DF6FA1	Thulian Pink	苏莲粉红
#DDC2BA	Thulite Rose	苏莱特玫瑰
#BDADA4	Thumper	重击者
#E88A76	Thundelarra	桑德拉拉
#4D4D4B	Thunder	雷
#F9F5DB	Thunder & Lightning	雷闪电
#CBD9D7	Thunder Bay	雷海湾
#AAC4D4	Thunder Chi	雷霆
#57534C	Thunder Grey	雷灰
#CE1B1F	Thunder Mountain Longhorn Pepper	雷山长角椒
#1A4876	Thunder Night	雷夜
#923830	Thunderbird	雷鸟
#FDEFAD	Thunderbolt	迅雷
#8A99A3	Thundercat	雷猫
#698589	Thundercloud	雷云
#F6F3A7	Thunderdome	雷霆穹顶
#417074	Thunderhawk Blue	雷鹰蓝
#597388	Thundering Clouds	雷鸣云
#6D6C62	Thunderous	雷霆万钧
#D2D1CE	Thundersnow	雷雪
#9098A1	Thunderstorm	雷雨
#5F5755	Thunderstruck	雷霆万钧
#7F7B60	Thurman	瑟曼
#98514A	Thy Flesh Consumed	你的血肉已被消耗
#50574C	Thyme	百里香
#6F8770	Thyme and Place	百里香地方
#629A31	Thyme and Salt	百里香盐
#737B6C	Thyme Green	百里香绿
#97422D	Tia Maria	蒂亚玛丽亚
#9BB2AA	Tiamo	蒂亚莫
#5DB3FF	Tiān Lán Sky	天澜天空
#566B38	Tiāntāi Mountain Green	天台山绿
#B9C3BE	Tiara	皇冠
#EAE0E8	Tiara Jewel	皇冠珠宝
#DAA6CF	Tiara Pink	皇冠粉色
#184343	Tiber	台伯河
#6A6264	Tibetan Cloak	西藏斗篷
#F6F3E1	Tibetan Jasmine	西藏茉莉
#AE5848	Tibetan Orange	西藏橙
#88FFDD	Tibetan Plateau	西藏高原
#8B3145	Tibetan Red	西藏红
#9C8A52	Tibetan Silk	西藏丝
#DBEAED	Tibetan Sky	西藏天空
#74B7C1	Tibetan Stone	西藏石
#814D50	Tibetan Temple	西藏寺
#0084A6	Tibetan Turquoise	西藏青
#FEDF00	Tibetan Yellow	西藏黄
#268BCC	Ticino Blue	提契诺蓝
#FC89AC	Tickle Me Pink	给我挠痒痒粉红色
#B6BAA4	Tickled Crow	挠痒痒的乌鸦
#EFA7BF	Tickled Pink	痒痒的粉红色
#F0F590	Tidal	潮汐
#78B3CC	Tidal Basin	潮汐盆地
#BFB9A3	Tidal Foam	潮汐泡沫
#CDCA98	Tidal Green	潮汐绿
#E5E9E1	Tidal Mist	潮汐薄雾
#005E59	Tidal Pool	潮汐池
#43A7AA	Tidal Teal	潮汐青
#8B866B	Tidal Thicket	潮汐灌木丛
#355978	Tidal Wave	潮汐波浪
#BEB4AB	Tide	潮汐
#0A6F69	Tide Pools	潮汐池
#809899	Tidepool Wonder	潮池奇迹
#002400	Tides of Darkness	黑暗之潮
#C2E3DD	Tidewater	潮水
#343450	Tiě Hēi Metal	铁黑金属
#C2DDD3	Tierra Del Fuego Sea Green	火地岛海绿
#B58141	Tiffany Amber	蒂芙尼琥珀
#7BF2DA	Tiffany Blue	蒂芙尼蓝
#FDE4B4	Tiffany Light	蒂芙尼之光
#D2A694	Tiffany Rose	蒂芙尼玫瑰
#BE9C67	Tiger	虎
#CDA035	Tiger Cat	虎猫
#E1DACA	Tiger Claw	虎爪
#DEAE46	Tiger Cub	小虎
#DD9922	Tiger King	虎王
#E1583F	Tiger Lily	虎百合
#F8F2DD	Tiger Moth	虎蛾
#DD6611	Tiger Moth Orange	虎蛾橙
#FF8855	Tiger of Mysore	迈索尔之虎
#BF6F39	Tiger Stripe	虎纹
#FEE9C4	Tiger Tail	虎尾
#FFDE7E	Tiger Yellow	虎黄
#9A7C63	Tiger’s Eye	虎眼石
#AA5500	Tijolo	蒂霍洛
#8A6E45	Tiki Hut	提基小屋
#8FBC8F	Tiki Monster	提基怪物
#B9A37E	Tiki Straw	提基吸管
#BB9E3F	Tiki Torch	提基火炬
#0094A5	Tile Blue	瓷砖蓝
#7A958E	Tile Green	瓷砖绿
#C76B4A	Tile Red	瓷砖红
#00CCCC	Tilla Kari Mosque	蒂拉卡里清真寺
#60397F	Tillandsia Purple	铁兰紫
#80624E	Tilled Earth	耕过的地球
#6B4D35	Tilled Soil	耕过的土壤
#87815F	Tilleul de Noémie	蒂勒·德·诺埃米
#EE5522	Tilted Pinball	倾斜弹球
#991122	Tilted Red	倾斜的红色
#A0855C	Timber Beam	木梁
#605652	Timber Brown	木棕色
#C0B09C	Timber Dust	木尘
#324336	Timber Green	木绿色
#908D85	Timber Town	木材镇
#A1755C	Timber Trail	木材小径
#73573F	Timberline	林线
#B4ACA3	Timberwolf	森林狼
#A59888	Time Capsule	时间胶囊
#7F6D37	Time Honoured	受人尊敬
#FADEB8	Time Out	时光
#B3C4D5	Time Travel	时空旅行
#9397A3	Time Warp	时间扭曲
#B1D8DB	Timeless	永恒
#B6273E	Timeless Beauty	永恒的美丽
#976D59	Timeless Copper	永恒的铜
#ECE9E8	Timeless Day	永恒的一天
#AFB2C4	Timeless Lilac	永恒的丁香
#9A4149	Timeless Ruby	永恒的红宝石
#AFE4E2	Timeless Seafoam	永恒海泡
#908379	Timeless Taupe	永恒的灰褐色
#20C073	Times Square Screens	时代广场银幕
#DADFB0	Timid Absinthe	胆怯苦艾酒
#E5E0DD	Timid Beige	胆怯米色
#D9E0EE	Timid Blue	胆怯蓝
#DCDDE5	Timid Cloud	胆怯云
#E1E2D6	Timid Green	胆怯绿
#E4E0DA	Timid Lime	胆怯青柠
#DFDFEA	Timid Purple	胆怯紫
#66A9B0	Timid Sea	胆怯海
#E4E0DD	Timid Sheep	胆怯羊
#DED3DD	Timid Violet	胆怯紫罗兰
#D9D6CF	Timid White	胆怯白
#ADB274	Timothy Grass	蒂莫西·格拉斯
#919191	Tin	锡
#48452B	Tin Bitz	丁比兹
#ACB0B0	Tin Foil	锡纸
#928A98	Tin Lizzie	锡丽兹
#A4A298	Tin Man	铁皮人
#A3898A	Tin Pink	锡粉
#BEBEBE	Tin Soldier	锡兵
#E6541B	Tingle	叮叮
#FBEDB8	Tinker Light	修补灯
#FCF0C3	Tinkerbell Trail	小叮当小径
#4B492D	Tinny Tin	丁尼丁
#B88A3E	Tinsel	金属丝
#C3D1D9	Tinsel Beam	金属丝梁
#DCE0DC	Tinsmith	锡匠
#CE9480	Tint of Earth	调土
#DAE9DC	Tint of Green	调绿
#FFCBC9	Tint of Rose	调玫红
#41BFB5	Tint of Turquoise	调青
#CFF6F4	Tinted Ice	有色冰
#C4B7D8	Tinted Iris	有色虹膜
#9DA9D0	Tinted Lilac	紫丁香色
#E3E7C4	Tinted Mint	有色薄荷
#E1C8D1	Tinted Rosewood	有色红木
#0088AB	Tiny Bubbles	小泡泡
#E0BFA5	Tiny Calf	小牛犊
#C08B6D	Tiny Fawn	小鹿
#D4CFCC	Tiny Ghost Town	小鬼城
#B8D3E4	Tiny Mr Frosty	小小霜先生
#FFD6C7	Tiny Pink	小粉红
#B98FAF	Tiny Ribbons	小丝带
#8A8D69	Tiny Seedling	小苗
#BBE4EA	Tip of the Iceberg	冰山一角
#D8C2CD	Tip Toes	踮起脚尖
#744B3E	Tiramisu	提拉米苏
#D3BDA4	Tiramisu Cream	提拉米苏奶油
#75DE2F	Tirisfal Lime	提瑞斯法石灰
#9E915C	Tirol	蒂罗尔
#DDD6E1	Titan White	泰坦白
#AD8F0F	Titanite Yellow	钛黄
#888586	Titanium	钛
#5B798E	Titanium Blue	钛蓝
#545B62	Titanium Grey	钛灰
#BCB9C0	Titanium Man	钛人
#E4E4E4	Titanium White	钛白
#EEE600	Titanium Yellow	钛黄
#646048	Titanoboa	泰坦巨蟒
#BD5620	Titian Red	提香红
#B8B2BE	Titmouse Grey	山雀灰色
#F9F3DF	Tizzy	蒂兹
#316F82	Tlāloc Blue	特拉洛克蓝
#25212A	To Hell and Black	地狱与黑色
#748D70	Toad	蟾蜍
#3D6C54	Toad King	蟾蜍王
#B8282F	Toadstool	毒菌
#D7E7DA	Toadstool Dot	毒菌点
#988088	Toadstool Soup	毒菌汤
#016C75	Toadstool Teal	毒菌青
#9F715F	Toast	吐司
#D2AD84	Toast and Butter	吐司黄油
#B59274	Toasted	烘烤
#DACFBA	Toasted Almond	烘烤杏仁
#986B4D	Toasted Bagel	烘烤贝果
#E7DDCB	Toasted Barley	烤大麦
#DAB7A8	Toasted Beige	烘烤米色
#E2D0B8	Toasted Cashew	烘烤腰果
#A7775B	Toasted Chestnut	烘烤栗
#E9C2A1	Toasted Coconut	烘烤椰子
#A24A3B	Toasted Cranberry	烘烤蔓越莓
#C5A986	Toasted Grain	烘烤颗粒
#ED8A53	Toasted Husk	烤壳
#EFE0D4	Toasted Marshmallow	烘烤棉花糖
#FFF9EB	Toasted Marshmallow Fluff	烤棉花糖绒毛
#C08768	Toasted Nut	烘烤坚果
#A47365	Toasted Nutmeg	烘烤肉豆蔻
#EFDECC	Toasted Oatmeal	烘烤燕麦
#A34631	Toasted Paprika	烘烤辣椒粉
#765143	Toasted Pecan	烘烤山核桃
#DCC6A6	Toasted Pine Nut	烘烤松坚果
#AF9A73	Toasted Sesame	烘烤芝麻
#AA3344	Toasted Truffle	烘烤松露
#746A5A	Toasted Walnut	烘烤核桃
#C9AF96	Toasted Wheat	烘烤小麦
#957258	Toasty	烤面包
#D1CCC0	Toasty Grey	烤灰
#684F3C	Tobacco	烟草
#6D5843	Tobacco Brown	烟草棕色
#8C724F	Tobacco Leaf	烟叶
#44362D	Tobago	多巴哥
#D39898	Tobermory	托伯莫里
#077A7D	Tobernite	雪云石
#AD785C	Tobey Rattan	托比·拉坦
#4C221B	Tobi Brown	托比棕
#E45C10	Tobiko Orange	飞子橙
#F8DCBF	Toes in the Sand	脚趾扎进沙子里
#755139	Toffee	太妃
#947255	Toffee Bar	太妃条
#D98B51	Toffee Cream	太妃奶油
#995E39	Toffee Crunch	太妃脆
#968678	Toffee Fingers	太妃糖手指
#A5654A	Toffee Glaze	太妃釉
#B17426	Toffee Sauce	太妃酱
#C8A883	Toffee Tan	太妃棕褐
#C08950	Toffee Tart	太妃塔
#E6BAA9	Tofino	托菲诺
#03719C	Tofino Belue	托菲诺贝鲁
#E6E5D6	Tofu	豆腐
#94BEE1	Toile Blue	布蓝
#8B534E	Toile Red	布红
#B88884	Toki Brown	土木棕
#007B43	Tokiwa Green	常盘绿
#ECF3D8	Tokyo Underground	东京地铁
#6C5846	Tol Barad Green	托尔·巴拉德·格林
#4E4851	Tol Barad Grey	托尔·巴拉德·格雷
#3E2631	Toledo	托莱多
#DECBB1	Toledo Cuoio	托莱多库奥
#4F6348	Tom Thumb	大拇指汤姆
#E9D988	Tomatillo	番茄酱
#CAD3C1	Tomatillo Peel	粘浆果皮
#BBB085	Tomatillo Salsa	番茄酱萨尔萨舞
#EF4026	Tomato	番茄
#E10D18	Tomato Baby	番茄婴儿
#D15915	Tomato Bisque	番茄浓汤
#D6201A	Tomato Burst	番茄爆发
#F6561C	Tomato Concassé	番茄浓缩酱
#BF753B	Tomato Cream	番茄奶油
#E84A2E	Tomato Curry	番茄咖喱
#FF4444	Tomato Frog	番茄蛙
#C9344C	Tomato Puree	番茄泥
#DD4422	Tomato Queen	番茄女王
#EC2D01	Tomato Red	番茄红
#B21807	Tomato Sauce	番茄酱
#E44458	Tomato Sceptre	番茄权杖
#A2423D	Tomato Slices	番茄片
#AA251B	Tomato Sunrise	番茄日出
#0099CC	Tomb Blue	墓蓝
#CEC5B6	Tombstone Grey	墓碑灰
#323232	Tomcat	雄猫
#FAA945	Tōmorokoshi Corn	知越玉米
#EEC362	Tōmorokoshi Yellow	友越黄
#FFC5A3	Tomorrow’s Coral	明天的珊瑚
#D14155	Tōnatiuh Red	托纳蒂乌红
#D1908E	Tongue	舌头
#DEDDAA	Tonic	汤力
#975437	Tonicha	托尼查
#6B524C	Tonka Bean	零陵香豆
#EDAC36	Tonkatsu	炸猪排
#B1A290	Tony Taupe	托尼·陶普
#E79E88	Tonys Pink	托尼粉红
#9596A4	Too Big to Whale	太大而无法鲸鱼
#3D6695	Too Blue	太蓝了
#0088FF	Too Blue to Be True	太蓝了，不太真实
#0011BB	Too Dark Tonight	今晚太黑了
#FFB61E	Tōō Gold	Tōō金
#BF6153	Too Hot to Handle	太热了，无法处理
#D6BA66	Tookie Bird	图基鸟
#637985	Tool Blue	工具蓝
#7F7711	Tool Green	工具绿
#BF843B	Toothpick	牙签
#F9DBE2	Tootie Fruity	果味缤纷
#FAD873	Top Banana	顶级香蕉
#C1A393	Top Hat Tan	高帽棕褐色
#82889C	Top Shelf	顶架
#D04838	Top Tomato	顶级番茄
#CF7E40	Topaz	黄玉
#C5DDD0	Topaz Green	黄玉绿
#92653F	Topaz Mountain	黄玉山
#EB975E	Topaz Yellow	黄玉黄
#8E9655	Topiary	修剪树
#6F7C00	Topiary Garden	修剪树花园
#667700	Topiary Green	修剪树绿
#618A4D	Topiary Sculpture	园林雕塑
#BBC9B2	Topiary Tint	修剪树调
#AA5C71	Topinambur Root	托皮南布尔根
#DAE2E0	Topsail	顶帆
#E7E2DA	Toque White	托克帽白色
#FD0D35	Torch Red	火炬红
#FFC985	Torchlight	火炬之光
#353D75	Torea Bay	托里亚湾
#CD123F	Toreador	斗牛士
#DB3E00	Torii Red	鸟居红
#D1D3CF	Tornado	龙卷风
#5E5B60	Tornado Cloud	龙卷风云
#4D7179	Tornado Season	龙卷风季节
#ABA698	Tornado Watch	龙卷风观察
#60635F	Tornado Wind	龙卷风风
#FFDECD	Toronja	托伦哈
#4E241E	Torrefacto Roast	托雷法托烘焙
#55784F	Torrey Pine	托利松
#00938B	Torrid Turquoise	炎热的绿松石色
#5E8E91	Tort	侵权行为
#EFDBA7	Tortilla	玉米饼
#7C4937	Tortoise Shell	陆龟壳
#9C5F22	Tortoiseshell Specs	玳瑁规格
#84816F	Tortuga	托尔图加
#374E88	Tory Blue	托利蓝
#D6685F	Tory Red	托利红
#744042	Tosca	托斯卡
#9F846B	Toscana	托斯卡纳
#E3C19C	Tostada	托斯塔达
#A67E4B	Tosty Crust	脆皮
#303543	Total Eclipse	全食
#F6EAD8	Total Recall	全面回忆
#3F4041	Totally Black	全黑
#909853	Totally Broccoli	完全是西兰花
#CCA683	Totally Tan	完全晒黑
#01868C	Totally Teal	完全青色
#DD9977	Totally Toffee	完全太妃糖
#991B07	Totem Pole	图腾柱
#F09650	Toucan	巨嘴鸟
#FBC90D	Toucan Gentleman	巨嘴鸟绅士
#C2D7E9	Touch of Blue	触感蓝
#F6DED5	Touch of Blush	触感绯红
#8E6F6E	Touch of Class	阶级感
#C5E5DD	Touch of Frost	触感霜
#DD8844	Touch of Glamour	魅力之触
#DBE9D5	Touch of Green	触感绿
#D1CFCA	Touch of Grey	触感灰
#E1E5D7	Touch of Lime	触感青柠
#F8FFF8	Touch of Mint	触感薄荷
#D5C7BA	Touch of Sand	触感沙
#C8D4CC	Touch of Spring	触感春
#FAF7E9	Touch of Sun	触感太阳
#EED9D1	Touch of Tan	触感棕褐
#F7E4D0	Touch of Topaz	触感黄玉
#A1D4CF	Touch of Turquoise	触感青
#ECDFD8	Touchable Pink	可触摸的粉色
#C3E4E8	Touched by the Sea	被大海感动
#F4E1D7	Touching White	触白
#C7AC7D	Toupe	胡须
#83A1A7	Tourmaline	电气石
#BDA3A5	Tourmaline Mauve	碧玺淡紫
#4F9E96	Tourmaline Turquoise	碧玺绿松石
#99D3DF	Tourmaline Water Blue	碧玺水蓝色
#54836B	Tournament Field	比赛场
#7BA0A0	Tower Bridge	塔桥
#9CACA5	Tower Grey	塔灰
#D5B59B	Tower Tan	塔棕褐
#897565	Towering Cliffs	高耸的悬崖
#C3AA8C	Townhall Tan	谭市政厅
#C19859	Townhouse Tan	谭联排别墅
#BBB09B	Townhouse Taupe	灰褐色联排别墅
#CCFF11	Toxic Boyfriend	有毒男友
#CCEEBB	Toxic Essence	毒精华
#98FB98	Toxic Frog	毒蛙
#61DE2A	Toxic Green	毒绿
#E1F8E7	Toxic Latte	毒拿铁
#FF6037	Toxic Orange	毒橙
#43E85F	Toxic Slime	有毒黏液
#00BB33	Toxic Sludge	有毒污泥
#C1FDC9	Toxic Steam	毒蒸汽
#00889F	Toy Blue	玩具蓝
#117700	Toy Camouflage	玩具迷彩
#776EA2	Toy Mauve	玩具淡紫
#005280	Toy Submarine Blue	玩具潜艇蓝
#6D6F4F	Toy Tank Green	玩具坦克绿
#DBB9A0	Tracery	窗饰
#D66352	Track and Field	田径
#849E88	Track Green	绿道
#00BFFE	Tractor Beam	牵引梁
#1C6A51	Tractor Green	拖拉机绿
#FD0F35	Tractor Red	拖拉机红
#6A7978	Trade Secret	商业秘密
#B7C5C6	Trade Winds	信风
#BB8D3B	Trading Post	贸易站
#776255	Traditional	传统
#1F648D	Traditional Blue	传统蓝
#C7C7C1	Traditional Grey	传统灰
#6F4F3E	Traditional Leather	传统皮革
#BE013C	Traditional Rose	传统玫瑰
#0504AA	Traditional Royal Blue	传统宝蓝色
#D6D2C0	Traditional Tan	传统棕褐色
#55FF22	Traffic Green	交通绿
#8C9900	Traffic Light Green	红绿灯
#FF1C1C	Traffic Red	交通红
#F1F0EA	Traffic White	交通白
#FEDC39	Traffic Yellow	交通黄
#927383	Tragic Juliet	悲剧朱丽叶
#D0C4AC	Trail Dust	小径尘
#6B6662	Trail Print	踪迹打印
#C0B28E	Trailblazer	开拓者
#776C61	Trailhead	步道起点
#CFD5A7	Trailing Vine	尾随藤蔓
#8F97A5	Trance	恍惚
#DDEDE9	Tranquil	安宁
#7C9AA0	Tranquil Aqua	安宁水色
#74B8DE	Tranquil Bay	安宁海湾
#D3B2C3	Tranquil Dusk	安宁黄昏
#ECE7F2	Tranquil Eve	平安夜
#A4AF9E	Tranquil Green	安宁绿
#FCE2D7	Tranquil Peach	安宁桃
#768294	Tranquil Pond	安宁池塘
#88DDFF	Tranquil Pool	安宁池
#DBD2CF	Tranquil Retreat	安宁隐居
#D2D2DF	Tranquil Sea	安宁海
#629091	Tranquil Seashore	宁静的海岸
#B0A596	Tranquil Taupe	安宁灰褐
#8AC7BB	Tranquil Teal	安宁青
#6C9DA9	Tranquili Teal	宁静的青色
#8E9B96	Tranquillity	宁静
#307D67	Trans Tasman	跨塔斯曼
#C3AC98	Transcend	超越
#F8F4D8	Transcendence	超越
#A5ACB7	Transformer	变压器
#EA1833	Transfusion	输血
#FFE9E1	Translucent Silk	半透明丝
#FFEDEF	Translucent Unicorn	半透明独角兽
#E5EFD7	Translucent Vision	半透明视觉
#E4E3E9	Translucent White	半透明白
#F4ECC2	Transparent Beige	透明米色
#DDDDFF	Transparent Blue	透明蓝
#DDFFDD	Transparent Green	透明绿
#B4A6BF	Transparent Mauve	透明淡紫
#FFAA66	Transparent Orange	透明橙
#FFDDEE	Transparent Pink	透明粉
#CBDCCB	Transparent White	透明白
#FFEEAA	Transparent Yellow	透明黄
#004F54	Transporter Green	运输车绿色
#0E1D32	Trapped Darkness	被困的黑暗
#005239	Trapper Green	捕手绿
#F4E8B6	Trapunto	特拉蓬托
#E2DDC7	Travertine	石灰华
#B5AB8F	Travertine Path	石灰华小路
#DDF5E7	Treacherous Blizzard	险恶的暴风雪
#885D2D	Treacle	糖浆
#DE9832	Treacle Fudge	糖蜜软糖
#9B7856	Treasure Casket	宝箱
#998866	Treasure Chamber	宝藏室
#726854	Treasure Chest	珍宝箱
#47493B	Treasure Island	珍宝岛
#609D91	Treasure Isle	珍宝岛
#D0BB9D	Treasure Map	藏宝图
#658FAA	Treasure Map Waters	宝藏地图沃特斯
#3F363D	Treasure Seeker	寻宝者
#9C7947	Treasured	珍惜
#BB2277	Treasured Love	珍惜的爱
#52C1B3	Treasured Teal	珍贵的青色
#006633	Treasured Wilderness	珍贵的荒野
#BA8B36	Treasures	宝藏
#DBD186	Treasury	财政部
#715E58	Tree Bark	树树皮
#665B4E	Tree Bark Brown	树树皮棕
#304B4A	Tree Bark Green	树树皮绿
#8A7362	Tree Branch	树枝条
#7FB489	Tree Fern	树蕨
#9FB32E	Tree Frog	树蛙
#7CA14E	Tree Frog Green	树蛙绿
#2A7E19	Tree Green	树绿
#3B2820	Tree House	树屋
#79774A	Tree Hugger	树木拥抱者
#C3DB8D	Tree Line	树线
#DCDBCA	Tree Moss	树苔藓
#595D45	Tree of Life	树生命
#A4345D	Tree Peony	树牡丹
#E2813B	Tree Poppy	树罂粟
#BDC7BC	Tree Pose	树姿
#22CC00	Tree Python	树蟒蛇
#CC7711	Tree Sap	树液
#476A30	Tree Shade	树暗调
#726144	Tree Swing	树秋千
#D1B7A7	Treeless	无树
#609F6E	Treelet	小树
#91B6AC	Treetop	树顶
#2F4A15	Treetop Cathedral	树顶大教堂
#47562F	Trefoil	三叶草
#D1AE9A	Trek Tan	长途棕褐
#4E606D	Trekking Blue	徒步蓝
#3D5C54	Trekking Green	徒步绿
#EAEFE5	Trellis	格子
#7F753C	Trellis Climber	格子攀爬者
#5D7F74	Trellis Vine	格子藤
#9AA097	Trellised Ivy	格子常春藤
#AF9770	Trench	风衣
#7E8424	Trendy Green	潮流绿
#805D80	Trendy Pink	流行粉色
#A82F2E	Très Bien	非常好
#DCC7AD	Tres Naturale	特雷斯自然
#C2DFE2	Trevi Fountain	特莱维喷泉
#F2D1C4	Tri-Tip	三尖
#94A089	Triamble	三角南瓜
#67422D	Triassic	三叠纪
#807943	Tribal	部落
#514843	Tribal Drum	部落鼓
#A78876	Tribal Pottery	部落陶器
#A4918D	Tribeca	翠贝卡
#33373B	Tribecca Corner	翠贝卡角
#74B8DA	Tribute	致敬
#EAB38A	Trick or Treat	不给糖就捣蛋
#2F2F30	Tricorn Black	三角角黑
#DCD3E3	Tricot Lilac White	经编丁香白
#B09994	Tricycle Taupe	三轮车灰褐色
#494F62	Tried & True Blue	尝试过的真正的蓝色
#F5F5DA	Triforce Shine	三角力量闪耀
#F0F00F	Triforce Yellow	三角力黄
#A89896	Trillium	延龄草
#756D44	Trim	修剪
#C54F33	Trinidad	特立尼达
#D0343D	Trinidad Moruga Scorpion	特立尼达莫鲁加蝎子
#B9B79B	Trinity Islands	三一群岛
#D69835	Trinket	饰品
#A7885F	Trinket Gold	饰品金
#C96272	Triple Berry	三重浆果
#E5E3E5	Tripoli White	的黎波里白
#CC00EE	Trippy Velvet	迷幻天鹅绒
#8EB9C4	Trisha’s Eyes	特丽莎的眼睛
#0C0C1F	Tristesse	忧伤
#F4F0E3	Trite White	陈腐的白色
#705676	Trixter	特里克斯特
#775020	Trojan Horse Brown	特洛伊木马棕色
#014E2E	Troll Green	巨魔绿
#F4A34C	Troll Slayer Orange	巨魔杀手橙
#AE5F51	Trolley Dash	电车冲刺
#818181	Trolley Grey	手推车灰色
#708386	Trooper	士兵
#73B7C2	Tropez Blue	特罗佩蓝
#4889AC	Tropic	热带
#BCC23C	Tropic Canary	热带金丝雀
#016F92	Tropic Sea	热带海
#6CC1BB	Tropic Tide	热带潮汐
#6AB5A4	Tropic Turquoise	热带绿松石
#A8E8CB	Tropical	热带
#9DB7AF	Tropical Bay	热带海湾
#D7967E	Tropical Blooms	热带花朵
#AEC9EB	Tropical Blue	热带蓝
#EBEDEE	Tropical Breeze	热带微风
#8CA8A0	Tropical Cascade	热带层叠
#B9CABD	Tropical Cyclone	热带气旋
#D9EAE5	Tropical Dream	热带梦
#33FF22	Tropical Elements	热带元素
#4DBBAF	Tropical Escape	热带逃离
#CBCAB6	Tropical Fog	热带雾
#3E6252	Tropical Foliage	热带叶
#024A43	Tropical Forest	热带森林
#228B21	Tropical Forest Green	热带森林绿
#99DDCC	Tropical Freeze	热带冰冻
#FDD3A7	Tropical Fruit	热带果
#55DD00	Tropical Funk	热带放克
#17806D	Tropical Green	热带绿
#C2343C	Tropical Heat	热带炎热
#9C6071	Tropical Hibiscus	热带木槿
#17A99E	Tropical Hideaway	热带世外桃源
#8FCDC7	Tropical Holiday	热带假日
#009D7D	Tropical Kelp	热带海带
#1E98AE	Tropical Lagoon	热带泻湖
#9CD572	Tropical Light	热带浅
#CAE8E8	Tropical Mist	热带薄雾
#D2C478	Tropical Moss	热带苔藓
#2A2E4C	Tropical Night Blue	热带夜蓝
#98523D	Tropical Nut	热带坚果
#579AA5	Tropical Oasis	热带绿洲
#A0828A	Tropical Orchid	热带兰花紫
#F7A082	Tropical Paradise	热带天堂
#FFC4B2	Tropical Peach	热带桃
#BFDEEF	Tropical Pool	热带池
#447777	Tropical Rain	热带雨
#00755E	Tropical Rainforest	热带雨林
#03A598	Tropical Sea	热带海
#DDC073	Tropical Siesta	热带午睡
#155D66	Tropical Skies	热带天空
#C5556D	Tropical Smoothie	热带冰沙
#70CBCE	Tropical Splash	热带飞溅
#FBB719	Tropical Sun	热带太阳
#E0DEB8	Tropical Tale	热带故事
#CBB391	Tropical Tan	热带棕褐
#008794	Tropical Teal	热带青
#5ECAAE	Tropical Tide	热带潮汐
#50A074	Tropical Tone	热带调
#89D1B5	Tropical Trail	热带小径
#20AEA7	Tropical Tree	热带树
#04CDFF	Tropical Turquoise	热带青
#837946	Tropical Twist	热带扭
#CDA5DF	Tropical Violet	热带紫罗兰
#BEE7E2	Tropical Waterfall	热带瀑布
#007C7E	Tropical Waters	热带水域
#BA8F68	Tropical Wood	热带木
#603B2A	Tropical Wood Brown	热带木棕
#447700	Tropicana	纯果乐
#009B8E	Tropics	热带地区
#726D40	Trough Shell	槽壳
#918754	Trough Shell Brown	槽壳棕色
#00666D	Trouser Blue	裤子蓝色
#4C5356	Trout	鳟鱼
#F75300	Trout Caviar	鳟鱼鱼子酱
#CB7077	Trout Pout	鳟鱼噘嘴
#DCC49B	True Blonde	真金发
#010FCC	True Blue	真蓝
#8B5643	True Copper	真铜
#A22042	True Crimson	真深红
#089404	True Green	真绿
#B8AE98	True Khaki	真卡其
#7E89C8	True Lavender	真薰衣草紫
#E27E8A	True Love	真爱
#465784	True Navy	真海军蓝
#65318E	True Purple	真紫
#C81A3A	True Red	真红
#4D456A	True Romance	真浪漫
#24A6C2	True Sky Blue	真天空蓝
#A8A095	True Taupewood	真正的灰褐色
#0A8391	True Teal	真青
#CDD3A3	True to You	真
#8E72C7	True V	真V
#967A67	True Walnut	真核桃
#B46C42	Truepenny	特鲁彭尼
#99BBFF	Truesky Gloxym	真天空蓝
#C2A78E	Truffle	松露
#A35139	Truffle Trouble	松露麻烦
#777250	Truly Olive	真正的橄榄色
#AC9E97	Truly Taupe	真正的灰褐色
#FAA76C	Trump Tan	特朗普谭
#D1B669	Trumpet	喇叭
#E49977	Trumpet Flower	喇叭花
#E9B413	Trumpet Gold	喇叭金
#5A7D7A	Trumpet Teal	喇叭青
#907BAA	Trumpeter	小号手
#9B5FC0	Trunks Hair	树干头发
#6600CC	Trusted Purple	值得信赖的紫色
#527498	Trustee	受托人
#B59F8F	Trusty Tan	值得信赖的谭
#344989	Truth	真相
#34B334	Try Your Luck	试试你的运气
#8B7F7B	Tsar	沙皇
#D1B4C6	Tsarina	沙皇
#869BAF	Tsunami	海啸
#CFD4D3	Tsunami Sky	海啸天空
#9BA88D	Tsurubami Green	鹤见绿
#574D35	Tǔ Hēi Black	土黑
#454642	Tuatara	蜥蜴
#0E8787	Tubbataha Teal	图巴塔哈青色
#FFFAEC	Tuberose	晚香玉
#00858B	Tucson Teal	图森青色
#5F572B	Tucumán Green	图库曼绿色
#C1CECF	Tudor Ice	都铎冰
#B68960	Tudor Tan	都铎谭
#A59788	Tuffet	塔菲特
#CBC2AD	Tuft	塔夫特
#F9D3BE	Tuft Bush	塔夫特布什
#B96C46	Tufted Leather	簇绒皮革
#417DC1	Tufts Blue	塔夫茨蓝
#CCDDEE	Tu??e Silver	图切银
#B89CBC	Tuileries Tint	杜乐丽色彩
#573B2A	Tuk Tuk	嘟嘟车
#FF878D	Tulip	郁金香
#FBF4DA	Tulip Petals	郁金香花瓣
#531938	Tulip Poplar Purple	郁金香杨紫
#B8516A	Tulip Red	郁金香红
#C3C4D6	Tulip Soft Blue	郁金香柔蓝
#E3AC3D	Tulip Tree	郁金香树
#F1E5D1	Tulip White	郁金香白
#966993	Tulipan Violet	郁金香紫
#86586A	Tulipwood	郁金香木
#F1BA91	Tulle	薄纱
#8D9098	Tulle Grey	薄纱灰色
#D9E7E5	Tulle Soft Blue	薄纱柔蓝
#FBEDE5	Tulle White	薄纱白
#DEAA88	Tumbleweed	风滚草
#CDBB9C	Tumblin’ Tumbleweed	风滚草
#CEBF9C	Tumbling Tumbleweed	翻滚的风滚草
#46494E	Tuna	金枪鱼
#CF6275	Tuna Sashimi	金枪鱼刺身
#585452	Tundora	坦多拉
#D6D9D7	Tundra	苔原
#E1E1DB	Tundra Frost	苔原霜
#B5AC9F	Tungsten	钨
#00CC00	Tunic Green	外衣绿色
#FFDDB5	Tunisian Stone	突尼斯石
#C0A04D	Tupelo Honey	图珀洛蜂蜜
#9C9152	Tupelo Tree	图珀洛树
#F9BB59	Turbinado Sugar	鼻甲糖
#555C63	Turbulence	湍流
#536A79	Turbulent Sea	汹涌的大海
#415B36	Turf	草坪
#2A8948	Turf Green	草坪绿
#009922	Turf Master	草坪大师
#738050	Turf War	地盘争夺战
#006169	Turkish Aqua	土耳其水色
#BB937B	Turkish Bath	土耳其浴
#007FAE	Turkish Blue	土耳其蓝
#0E9CA5	Turkish Boy	土耳其男孩
#483F39	Turkish Coffee	土耳其咖啡
#F7F3BD	Turkish Ginger	土耳其姜
#2B888D	Turkish Jade	土耳其翡翠
#A56E75	Turkish Rose	土耳其玫红
#194F90	Turkish Sea	土耳其海
#2F7A92	Turkish Stone	土耳其石
#72CAC1	Turkish Teal	土耳其青
#007E9F	Turkish Tile	土耳其瓷砖
#D9D9D1	Turkish Tower	土耳其塔
#77DDE7	Turkish Turquoise	土耳其青
#F3D8BE	Turkscap	土耳其帽
#AE9041	Turmeric	姜黄
#C18116	Turmeric Brown	姜黄棕
#CA7A40	Turmeric Red	姜黄红
#FEAE0D	Turmeric Root	姜黄根
#D88E2D	Turmeric Tea	姜黄茶
#8D7448	Turned Leaf	转叶
#93BCBB	Turner’s Light	特纳之光
#E6C26F	Turner’s Yellow	特纳黄
#CED9C3	Turning Leaf	翻叶
#EDE1A8	Turning Oakleaf	转动橡树叶
#B9AAA1	Turning Tables	转盘
#EFC6A1	Turnip Boy	芜菁男孩
#BB9ECD	Turnip Crown	芜菁王冠
#E5717B	Turnip the Pink	芜菁粉
#D3CFBF	Turnstone	特恩斯通
#448899	Turquesa	绿松石
#01A192	Turquish	土耳其
#06C2AC	Turquoise	青
#00FFEF	Turquoise Blue	青蓝
#6FE7DB	Turquoise Chalk	青粉笔
#0E7C61	Turquoise Cyan	青
#6DAFA7	Turquoise Fantasies	绿松石幻想
#04F489	Turquoise Green	青绿
#B4CECF	Turquoise Grey	青灰
#30D5C8	Turquoise Panic	绿松石恐慌
#89F5E3	Turquoise Pearl	青珍珠
#6CDAE7	Turquoise Sea	青海
#00C5CD	Turquoise Surf	青冲浪
#13BBAF	Turquoise Topaz	青黄玉
#457B74	Turquoise Tortoise	青陆龟
#A8E3CC	Turquoise Tower	青塔
#73D4C2	Turquoise Twist	青扭
#CFE9DC	Turquoise White	青白
#523F31	Turtle	龟
#84897F	Turtle Bay	龟海湾
#CED8C1	Turtle Chalk	龟粉笔
#65926D	Turtle Creek	龟小溪
#75B84F	Turtle Green	龟绿
#73B7A5	Turtle Lake	龟湖
#939717	Turtle Moss	龟苔藓
#897C64	Turtle Shell	龟壳
#363E1D	Turtle Skin	龟肌肤
#B6B5A0	Turtle Trail	龟小径
#35B76D	Turtle Warrior	龟战士
#D6CEBB	Turtledove	斑鸠
#FBD5A6	Tuscan	托斯卡纳
#E7D2AD	Tuscan Bread	托斯卡纳面包
#6F4C37	Tuscan Brown	托斯卡纳棕
#AA5E5A	Tuscan Clay	托斯卡纳黏土
#658362	Tuscan Herbs	托斯卡纳香草
#746E38	Tuscan Hills	托斯卡纳山丘
#DC938C	Tuscan Image	托斯卡纳图片
#A08D71	Tuscan Mosaic	托斯卡纳马赛克
#5D583E	Tuscan Olive	托斯卡纳橄榄
#7C4848	Tuscan Red	托斯卡纳红
#9C6350	Tuscan Rooftops	托斯卡纳屋顶
#723D3B	Tuscan Russet	托斯卡纳赤褐
#A67B5B	Tuscan Soil	托斯卡纳土壤
#FFD84D	Tuscan Sun	托斯卡纳太阳
#BB7C3F	Tuscan Sunset	托斯卡纳日落
#FCC492	Tuscan Wall	托斯卡纳墙
#008893	Tuscana Blue	托斯卡纳蓝
#B98C7B	Tuscany	托斯卡纳
#7E875F	Tuscany Hillside	托斯卡纳山坡
#0082AD	Tusche Blue	塔什蓝
#9996B3	Tusi Grey	土司灰
#E3E5B1	Tusk	象牙
#883636	Tuskgor Fur	象牙皮毛
#EDC5D7	Tussie-Mussie	塔西花束
#BF914B	Tussock	草丛
#BC587B	Tutti Frutti	五彩水果
#F8E4E3	Tutu	图图
#E95295	Tutuji Pink	图图吉粉色
#3F3C43	Tuxedo	燕尾服
#937B56	Tweed	粗花呢
#CCB586	Tweed Jacket	花呢夹克
#8F7B5B	Tweedy	特威迪
#FFEF00	Tweety	翠儿
#FFBE4C	Twenty Carat	二十克拉
#CA999E	Twice Shy	两次害羞
#77623A	Twig Basket	树枝篮
#4E518B	Twilight	暮光
#C8BFB5	Twilight Beige	暮光米色
#CFB4C2	Twilight Bloom	暮光绽放
#0A437A	Twilight Blue	暮光蓝
#B59A9C	Twilight Blush	暮光绯红
#3F5363	Twilight Chimes	暮光钟声
#606079	Twilight Dusk	暮光黄昏
#1C3378	Twilight Express	暮光快车
#54574F	Twilight Forest	暮光森林
#D1D6D6	Twilight Grey	暮光灰
#7E664B	Twilight Jungle	暮光丛林
#8A496B	Twilight Lavender	暮光薰衣草紫
#DAC0CD	Twilight Light	暮光浅
#977D7F	Twilight Mauve	暮光淡紫
#51A5A4	Twilight Meadow	暮光草地
#BDC9E4	Twilight Mist	暮光薄雾
#BFBCD2	Twilight Pearl	暮光珍珠
#65648B	Twilight Purple	暮光紫
#71898D	Twilight Stroll	暮光漫步
#A79994	Twilight Taupe	暮光灰褐
#7B85C6	Twilight Twinkle	暮光闪烁
#E5E6D7	Twilight Twist	暮光扭
#191916	Twilight Zone	暮光之城
#A3957C	Twill	斜纹布
#BEDBED	Twin Blue	双蓝
#A4C7C8	Twin Cities	双城
#684344	Twinberry	双莓
#C19156	Twine	麻线
#74A69B	Twining Vine	缠绕藤蔓
#ADC6D3	Twinkle	闪烁
#D0D7DF	Twinkle Blue	闪烁蓝
#FCE79A	Twinkle Little Star	闪烁小星
#636CA8	Twinkle Night	闪烁夜
#FBD8CC	Twinkle Pink	闪烁粉
#E2D39B	Twinkle Toes	闪亮脚趾
#FCF0C5	Twinkle Twinkle	闪烁闪烁
#E9DBE4	Twinkled Pink	闪烁的粉红色
#FFFAC1	Twinkling Lights	闪烁的灯光
#CF4796	Twinkly Pinkily	一闪一闪的粉红
#76C4D1	Twisted Blue	扭曲的蓝色
#9A845E	Twisted Tail	扭曲的尾巴
#7F6C6E	Twisted Time	扭曲的时间
#655F50	Twisted Vine	扭曲藤蔓
#854A2E	Two Cents	两分钱
#BED3E1	Two Harbours	两个港口
#A5CA4F	Two Peas in a Pod	豆荚里的两颗豌豆
#4C5053	Typewriter Ink	打字机墨水
#463D2B	Typhus Corrosion	斑疹伤寒腐蚀
#CDC586	Tyrant Skull	暴君骷髅
#4E4D59	Tyrian	泰瑞安
#66023C	Tyrian Purple	泰瑞紫
#9448B0	Tyrian Shimmer	泰瑞安·微光
#B3CDBF	Tyrol	蒂罗尔州
#00A499	Tyrolite Blue-Green	铜泡石蓝绿
#736458	Tyson Taupe	泰森·陶普
#DDEECC	Tzatziki Green	酸奶黄瓜绿色
#0033AA	UA Blue	UA蓝
#D9004C	UA Red	UA红
#8878C3	Ube	宇部
#7B5838	über Umber	超琥珀色
#536895	UCLA Blue	加州大学洛杉矶分校蓝色
#FFB300	UCLA Gold	加州大学洛杉矶分校金奖
#989FA3	UFO	不明飞行物
#88AA11	UFO Defense Green	UFO防御绿
#3CD070	UFO Green	不明飞行物绿色
#645530	Uguisu Brown	莺棕
#928C36	Uguisu Green	莺绿
#FABF14	Ukon Saffron	右近藏红花
#FCC680	Uldum Beige	奥丹姆米色
#C7E0D9	Ulthuan Grey	乌苏安灰色
#A9A8A9	Ultimate Grey	终极灰
#FF4200	Ultimate Orange	终极橙
#FF55FF	Ultimate Pink	终极粉红
#7EBA4D	Ultra Green	极致绿
#4433FF	Ultra Indigo	极致靛蓝
#A3EFB8	Ultra Mint	极致薄荷
#D1F358	Ultra Moss	极致苔藓
#F06FFF	Ultra Pink	极致粉
#F8F8F3	Ultra Pure White	极致纯白
#FC6C85	Ultra Red	极致红
#7366BD	Ultra Violet	极致紫罗兰
#AA22AA	Ultra Violet Lentz	紫外伦茨
#F6F6F0	Ultra White	极致白
#770088	Ultraberry	超莓
#1805DB	Ultramarine	群青
#657ABB	Ultramarine Blue	群青蓝
#007A64	Ultramarine Green	群青绿
#2E328F	Ultramarine Highlight	群青亮点
#090045	Ultramarine Shadow	群青暗影
#1D2A58	Ultramarine Violet	群青紫罗兰
#654EA3	Ultrapurple Merge	超紫合并
#BB44CC	Ultraviolet Berl	紫外线贝尔
#BB44BB	Ultraviolet Cryner	紫外线冷冻机
#BB44AA	Ultraviolet Nusp	紫外线纳斯普
#BB44DD	Ultraviolet Onsible	紫外线昂西博
#921D0F	Uluru Red	乌鲁鲁红
#704336	Uluru Sunset	乌鲁鲁日落
#90EE90	Ulva Lactuca Green	石莼绿
#B26400	Umber	赭褐
#613936	Umber Brown	赭褐棕
#765138	Umber Rust	赭褐锈
#4E4D2F	Umber Shade Wash	赭褐暗调洗
#ECE7DD	Umber Style	琥珀风格
#211E1F	Umbra	本影
#87706B	Umbra Sand	本影沙
#520200	Umbral Umber	暗影琥珀色
#A2AF70	Umbrella Green	伞绿
#B54753	Umbria Red	翁布里亚红
#8F4155	Umemurasaki Purple	梅紫
#97645A	Umenezumi Plum	梅纯梅
#FA9258	Umezome Pink	梅染粉红
#75A14F	Unakite	乌纳基特
#FBFAF5	Unbleached	未漂白
#F5D8BB	Unbleached Calico	未漂白印花布
#FFDDCA	Unbleached Silk	本色丝绸
#FBE7E6	Unburdened Pink	无负担的粉色
#A9B0B1	Uncertain Grey	不确定的灰色
#19565E	Uncharted	神秘海域
#C7AB90	Uncommon Coir	罕见椰壳纤维
#476E42	Under the Radar	雷达之下
#395D68	Under the Sea	海底
#EFD100	Under the Sun	阳光下
#BE9E48	Underbrush	灌木丛
#428C49	Underclover	四叶草
#A38479	Undercooked Bacon	未煮熟的培根
#7FC3E1	Undercool	过冷
#665A51	Underground	地下
#524B4C	Underground Civilization	地下文明
#87968B	Underground Gardens	地下花园
#120A65	Underground Stream	地下溪流
#B2AC88	Underhive Ash	蜂巢下灰烬
#CC4422	Underpass Shrine	地下神社
#90B1AE	Undersea	海底
#D4C9BB	Understated	低调
#C3C4AC	Understory	林下
#779999	Undertow	逆流
#CFEEE8	Underwater	水下
#0022BB	Underwater Falling	水下坠落
#06D078	Underwater Fern	水下蕨类植物
#E78EA5	Underwater Flare	水下照明弹
#4488AA	Underwater Moonlight	水下月光
#243062	Underwater Realm	海底世界
#657F7A	Underwater World	海底世界
#1E231C	Underworld	地下世界
#89C1BA	Undine	温迪娜
#69667C	Unexplained	无法解释
#E7D8DE	Unfading Dusk	不褪色的黄昏
#986962	Unfired Clay	未烧制粘土
#DDCCB1	Unforgettable	难忘
#AE8245	Unforgettably Gold	难忘的金色
#D6C8C0	Unfussy Beige	简约米色
#D6A766	Ungor Beige	乌戈尔米色
#FF2F92	Unicorn Dust	独角兽之尘
#E8E8E8	Unicorn Silver	独角兽银
#A7B7CA	Uniform	制服
#6E5D3E	Uniform Brown	制服棕
#4C4623	Uniform Green	制服绿色
#5F7B7E	Uniform Green Grey	制服绿灰色
#A8A8A8	Uniform Grey	制服灰色
#8C7EB9	Unimaginable	难以想象
#B5D1C7	Uninhibited	不羁
#9C9680	Union Springs	联合温泉
#C7C5BA	Union Station	联合车站
#CBC9C9	Unique Grey	独特的灰色
#5B92E5	United Nations Blue	联合国蓝
#264D8E	Unity	团结
#006B38	Universal Green	环球绿地
#B8A992	Universal Khaki	通用卡其色
#9C8168	Universal Umber	环球琥珀色
#B78727	University of California Gold	加州大学金奖
#F77F00	University of Tennessee Orange	田纳西大学橙
#C154C1	Unloaded Texture Purple	卸载纹理紫色
#D2CAB7	Unmarked Trail	无标记小道
#B12D35	Unmatched Beauty	无与伦比的美丽
#FEFE66	Unmellow Yellow	不醇黄
#4B4840	Unplugged	已拔掉插头
#7B746B	Unpredictable Hue	不可预测的色调
#5C6E70	Unreal Teal	虚幻青色
#F0FF57	Unripe Banana	未成熟的香蕉
#F78FA7	Unripe Strawberry	未成熟的草莓
#B1BEA8	Unroasted Coffee	未烘焙咖啡
#DE5730	Untamed Orange	野性橙子
#DD0022	Untamed Red	野性红
#A3A7A0	Unusual Grey	不寻常的灰色
#F2F8ED	Unwind	放松
#014431	UP Forest Green	森林绿
#6E706D	Up in Smoke	烟
#C2D5D8	Up in the Air	空气
#7B1113	UP Maroon	栗色
#6F9587	Up North	北
#F1D9A5	Upbeat	乐观
#EB9724	Uplifting Yellow	振奋的黄色
#A3758B	Upper Crust	上地壳
#8D6051	Upper East Side	上东区
#EE1100	Uproar Red	喧哗红
#A8ADC2	Upscale	高档
#AE2029	Upsdell Red	厄普斯代尔红
#B52923	Upset Tomato	心烦意乱的番茄
#CAC7B8	Upstate	北部
#FFA8A6	Upstream Salmon	上游鲑鱼
#A791A8	Uptown Girl	住宅区女孩
#F1E4D7	Uptown Taupe	住宅区灰褐色
#BDC9D2	Upward	向上
#BCB58C	Urahayanagi Green	浦早柳绿
#93B778	Uran Mica	乌兰云母
#ACE5EE	Uranus	天王星
#7C4A2C	Urban Auburn	都市赤褐
#DDD4C5	Urban Bird	都市鸟
#AEA28C	Urban Charm	都市魅力
#424C4A	Urban Chic	都市别致
#89776E	Urban Exploration	城市探索
#7C7466	Urban Garden	都市花园
#005042	Urban Green	都市绿
#CACACC	Urban Grey	都市灰
#A4947E	Urban Jungle	都市丛林
#67585F	Urban Legend	都市传奇
#D3DBD9	Urban Mist	都市薄雾
#374F54	Urban Oasis	都市绿洲
#9DACB7	Urban Pigeon	都市鸽子
#B0B1A9	Urban Putty	都市腻子
#BDCBCA	Urban Raincoat	城市雨衣
#978B6E	Urban Safari	都市狩猎
#DBD8DA	Urban Snowfall	城市降雪
#BDBEBA	Urban Sunrise	都市日出
#C9BDB6	Urban Taupe	都市灰褐
#8899AA	Urban Vibes	都市氛围
#696447	Urbane	温文尔雅
#54504A	Urbane Bronze	文雅青铜
#4D5659	Urbanite	都市人
#FFD72E	Uri Yellow	乌里黄
#FFECC2	Urnebes Beige	乌尔内贝斯米色
#E1AD21	Urobilin	乌胆林
#00308F	US Air Force Blue	美国空军蓝
#716140	US Field Drab	原野土褐
#990010	USC Cardinal	南加州大学红衣主教
#FFCC00	USC Gold	南加州大学金奖
#231712	Used Oil	废油
#CFCABD	Useful Beige	有用米色
#BBBB7F	Ushabti Bone	乌沙卜蒂骨
#373D31	USMC Green	美国海军陆战队绿色
#E597B2	Usu Koubai Blossom	乌苏口白花
#A87CA0	Usu Pink	乌苏粉红
#8C9C76	Usuao Blue	乌苏澳蓝
#F2666C	Usubeni Red	薄红
#FCA474	Usugaki Persimmon	薄柿子
#FEA464	Usukō	薄乡
#8DB255	Usumoegi Green	薄茂木绿
#A58F7B	Utaupeia	乌陶佩亚
#FAFAD2	Utepils	乌特皮尔斯
#32B6C7	Utopia Beckons	乌托邦在召唤
#B5A597	Utterly Beige	纯米色
#A8C6DE	Utterly Blue	蔚蓝
#F5C8D8	Utterly Pink	粉红色
#0098C8	UV Light	紫外线灯
#EFD5CF	Va Va Bloom	哇哇绽放
#E3B34C	Va Va Voom	瓦瓦沃姆
#D1D991	Vacation Island	度假岛
#FDE882	Vacherin Cheese	瓦赫林奶酪
#AA8877	Vagabond	流浪汉
#D1C5C4	Vaguely Mauve	淡淡紫
#DBE1EF	Vaguely Violet	隐隐约约的紫罗兰色
#D4574E	Valencia	瓦伦西亚
#837048	Valencia Moss	瓦伦西亚莫斯
#A53A4E	Valentine	情人节
#BA789E	Valentine Heart	情人节心
#BA0728	Valentine Lava	情人节熔岩
#9B233B	Valentine Red	情人节红
#A63864	Valentine’s Day	情人节
#B63364	Valentine’s Kiss	情人节之吻
#B64476	Valentino	瓦伦蒂诺
#382C38	Valentino Nero	瓦伦蒂诺·尼禄
#9F7A93	Valerian	缬草
#FDE6E7	Valerie	瓦莱丽
#2A2B41	Valhalla	瓦尔哈拉
#F2EDE7	Valhallan Blizzard	瓦尔哈拉暴雪
#BC3C2C	Valiant Poppy	勇敢的罂粟
#3E4371	Valiant Violet	勇敢的紫罗兰
#80502B	Valise	提包
#EECC22	Valkyrie	瓦尔基里
#35709D	Vallarta Blue	巴亚尔塔蓝
#848D85	Valley Floor	谷底
#FFDD9D	Valley Flower	山谷花
#848A83	Valley Hills	山谷山丘
#C9D5CB	Valley Mist	山谷薄雾
#FF8A4A	Valley of Fire	山谷火
#2D7E96	Valley of Glaciers	冰川谷
#D1E1E4	Valley of Tears	山谷泪
#B0C376	Valley View	山谷景
#8A763D	Valley Vineyards	山谷葡萄园
#79C9D1	Valonia	瓦罗尼亚
#A3BCDB	Valour	勇气
#C40233	Vampire Bite	吸血鬼之咬
#CC2255	Vampire Fangs	吸血鬼獠牙
#9B0F11	Vampire Fiction	吸血鬼小说
#610507	Vampire Hunter	吸血鬼猎人绿
#DD0077	Vampire Love Story	吸血鬼爱情故事
#DD4132	Vampire Red	吸血鬼红
#CC1100	Vampire State Building	吸血鬼国家大厦
#9B2848	Vampirella	吸血鬼
#CC0066	Vampiric Bloodlust	吸血鬼嗜血
#5C0C0C	Vampiric Council	吸血鬼议会
#BFB6AA	Vampiric Shadow	吸血鬼之影
#523936	Van Cleef	梵克雅宝
#FAF7EB	Van de Cane	范德凯恩
#664228	Van Dyke Brown	范戴克棕
#ABDDF1	Van Gogh Blue	梵高蓝
#65CE95	Van Gogh Green	梵高绿
#759465	Van Gogh Olives	梵高橄榄
#00A3E0	Vanadyl Blue	氧钒蓝
#D8CBB3	Vanderbilt Beach	范德比尔特海滩
#ABDEE4	Vandermint	范德明特
#7B5349	Vandyck Brown	范戴克棕
#F3E5AB	Vanilla	香草
#362C1D	Vanilla Bean Brown	香草豆棕
#FCEDE4	Vanilla Blush	香草绯红
#FCF0CA	Vanilla Cake	香草蛋糕
#F8E3AB	Vanilla Cream	香草奶油
#F3E0BE	Vanilla Custard	香草蛋奶
#F5E8D5	Vanilla Delight	香草喜悦
#D1BEA8	Vanilla Doe	香草母鹿
#FFFFEB	Vanilla Drop	香草滴
#E9DFCF	Vanilla Flower	香草花
#FFD2AB	Vanilla Fran?aise	香草法语
#FDE9C5	Vanilla Frost	香草霜
#FDF2D1	Vanilla Ice	香草冰
#FFE6B3	Vanilla Ice Cream	香草冰奶油
#C9DAE2	Vanilla Ice Smoke	香草冰烟
#DAC2AA	Vanilla Iced Coffee	香草冰咖啡
#E6E0CC	Vanilla Love	香草爱
#F1ECE2	Vanilla Milkshake	香草奶昔
#EBDBC8	Vanilla Mocha	香草摩卡
#F3E7D3	Vanilla Paste	香草酱
#FAF3DD	Vanilla Powder	香草粉
#F7E26B	Vanilla Pudding	香草布丁
#CBC8C2	Vanilla Quake	香草地震
#CCB69B	Vanilla Seed	香草种子
#FFFBF0	Vanilla Shake	香草奶昔
#DED5CC	Vanilla Steam	香草蒸汽
#FFE6E7	Vanilla Strawberry	香草草莓
#F1E8DC	Vanilla Sugar	香草糖
#F1E9DD	Vanilla Tan	香草棕褐
#F3EAD2	Vanilla Wafer	香草威化饼
#F6EEE5	Vanilla White	香草白
#F2E3CA	Vanillin	香兰素
#331155	Vanishing	消失
#CFDFEF	Vanishing Blue	消失的蓝色
#990088	Vanishing Night	消失的夜晚
#DDEEDD	Vanishing Point	消失点
#5692B2	Vanity	虚荣心
#E6CCDD	Vanity Pink	虚荣粉红
#000100	Vantablack	梵塔黑
#E8E8D7	Vape Smoke	电子烟
#CBF4F8	Vaporised	蒸发了
#D8D6CE	Vaporous Grey	雾灰色
#FF66EE	Vaporwave	蒸汽波
#22DDFF	Vaporwave Blue	蒸汽波蓝
#99EEBB	Vaporwave Pool	蒸汽波泳池
#F0FFFF	Vapour	蒸汽
#BEBDBD	Vapour Blue	蒸汽蓝
#F5EEDF	Vapour Trail	蒸汽小径
#855F43	Vaquero Boots	牛仔靴
#FDEFD3	Varden	瓦尔登
#747D5A	Variegated Frond	杂色叶子
#E6DCCC	Varnished Ivory	象牙白漆
#C9BDB8	Vast	广阔
#C2B197	Vast Desert	广阔的沙漠
#D2C595	Vast Escape	大逃亡
#A9C9D7	Vast Sky	浩瀚天空
#AA55FF	Vega Violet	织女紫
#22BB88	Vegan	素食主义者
#006C47	Vegan Green	纯素绿色
#22BB55	Vegan Mastermind	素食策划者
#AA9911	Vegan Villain	素食恶棍
#C5B358	Vegas Gold	维加斯黄金
#316738	Vegas Green	维加斯绿
#26538D	Vegeta Blue	贝吉塔蓝
#8B8C40	Vegetable Garden	菜园
#22AA00	Vegetarian	素食
#78945A	Vegetarian Veteran	素食老手
#CCCC99	Vegetarian Vulture	素食秃鹫
#5CCD97	Vegetation	植被
#4C433D	Vehicle Body Grey	车身灰色
#784F50	Veil of Cinder	煤渣面纱
#DAD8C9	Veil of Dusk	面纱黄昏
#80B690	Veiled Chameleon	蒙面变色龙
#B2B0BD	Veiled Delight	隐秘的喜悦
#F9DFD7	Veiled Pink	粉红色
#F7CDC8	Veiled Rose	面纱玫瑰
#CFD5D7	Veiled Spotlight	遮蔽聚光灯
#F6EDB6	Veiled Treasure	隐藏的宝藏
#5B5962	Veiled Vinyl	遮盖乙烯基
#B19BB0	Veiled Violet	笼罩紫罗兰
#D4EAFF	Veiling Waterfalls	面纱瀑布
#A17D61	Velddrif	维尔德里夫
#EFE4D9	Vellum Parchment	牛皮纸羊皮纸
#BAA7BF	Velour	丝绒
#8E5164	Velour Scar	丝绒疤痕
#D7D8C3	Veltliner White	维特利纳白
#D6CEB9	Velum Smoke	云幕烟
#750851	Velvet	绒
#D0C5B1	Velvet Beige	绒米色
#5C466B	Velvet Beret	天鹅绒贝雷帽
#241F20	Velvet Black	绒黑
#E3D5D8	Velvet Blush	绒绯红
#9D253D	Velvet Cake	绒蛋糕
#623941	Velvet Cape	绒海角
#656D63	Velvet Clover	绒三叶草
#441144	Velvet Cosmos	丝绒波斯菊
#9291BC	Velvet Crest	绒峰
#AA0066	Velvet Cupcake	绒纸杯蛋糕
#7E85A3	Velvet Curtain	丝绒窗帘
#BDB0BC	Velvet Dawn	绒黎明
#C5ADB4	Velvet Ears	天鹅绒耳朵
#33505E	Velvet Evening	绒傍晚
#ACAAB3	Velvet Grey	绒灰
#D39ED2	Velvet Horizon	绒地平线
#96C193	Velvet Leaf	绒叶
#BB1155	Velvet Magic	绒魔法
#E58D3F	Velvet Marigold	绒万寿菊
#692B57	Velvet Mauve	绒淡紫
#6C769B	Velvet Morning	绒早晨
#6B1B2A	Velvet Outbreak	天鹅绒爆发
#573A56	Velvet Plum	绒梅紫
#939DCC	Velvet Robe	绒袍
#36526A	Velvet Rope	绒绳
#7E374C	Velvet Rose	绒玫红
#E3DFEC	Velvet Scarf	天鹅绒围巾
#C5D3DD	Velvet Sky	绒天空
#846C76	Velvet Slipper	天鹅绒拖鞋
#523544	Velvet Touch	绒触感
#6B605A	Velvet Umber	绒赭褐
#AB0102	Velvet Volcano	绒火山
#540D6E	Velvet Vortex	绒漩涡
#9A435D	Velvet Wine	绒酒红
#936064	Velveteen Crush	棉绒粉碎
#A2877D	Velvety Chestnut	丝绒栗子
#794143	Velvety Merlot	天鹅绒般的梅洛
#ABC88C	Venerable Verde	佛陀尊者
#F7F5F3	Venerable White	白尊者
#928083	Venetian	威尼斯
#9CB08A	Venetian Glass	威尼斯玻璃
#B39142	Venetian Gold	威尼斯金
#F7EDDA	Venetian Lace	威尼斯蕾丝
#E7CEB6	Venetian Mask	威尼斯面具
#7755FF	Venetian Nights	威尼斯夜
#D2EAD5	Venetian Pearl	威尼斯珍珠
#BB8E84	Venetian Pink	威尼斯粉
#E0A28D	Venetian Plaster	威尼斯石膏
#C80815	Venetian Red	威尼斯红
#EFC6E1	Venetian Rose	威尼斯玫红
#949486	Venetian Wall	威尼斯墙
#F6E3A1	Venetian Yellow	威尼斯黄
#2C5778	Venice Blue	威尼斯蓝
#76AFB2	Venice Escape	威尼斯大逃亡
#6BFFB3	Venice Green	威尼斯绿
#E6C591	Venice Square	威尼斯广场
#A9A52A	Venom	毒液
#01FF01	Venom Dart	毒镖
#607038	Venom Wyrm	毒龙
#66FF22	Venomous Green	毒绿
#C6EC7A	Venomous Sting	毒刺
#3F3033	Venous Blood Red	静脉血红
#CDE6E8	Ventilated	通风
#7381B3	Venture Violet	创业紫
#EED053	Venus	维纳斯
#FED8B1	Venus Deathtrap	维纳斯死亡陷阱
#8F7974	Venus Deva	维纳斯德瓦
#9EA6CF	Venus Flower	维纳斯花
#94B44C	Venus Flytrap	维纳斯捕蝇草
#5F606E	Venus Mist	维纳斯薄雾
#F0E5E5	Venus Pink	维纳斯粉
#DF73FF	Venus Slipper Orchid	维纳斯拖鞋兰
#85A4A2	Venus Teal	维纳斯青
#7A6DC0	Venus Violet	维纳斯紫罗兰
#71384C	Venusian	金星人
#61A9A5	Veranda	廊
#66B6B0	Veranda Blue	廊蓝
#9EB1AF	Veranda Charm	廊魅力
#AF9968	Veranda Gold	廊金
#8E977E	Veranda Green	廊绿
#CCB994	Veranda Hills	廊丘
#9DA4BE	Veranda Iris	廊鸢尾
#E4B773	Veranda Yellow	廊黄
#F1DFDF	Verbena	马鞭草
#847E35	Verdant	翠绿
#5AD33E	Verdant Fields	翠绿原野
#28615D	Verdant Forest	翠绿森林
#167D60	Verdant Green	翠绿
#84A97C	Verdant Haven	翠绿港湾
#4E5A4A	Verdant Hush	翠绿寂静
#817C4A	Verdant Leaf	翠绿叶
#62C46C	Verdant Oasis	翠绿绿洲
#90A197	Verdant Retreat	翠绿隐居
#7F9E5B	Verdant Serenade	翠绿小夜曲
#0E7C36	Verdant Vale	翠绿谷
#75794A	Verdant Views	翠绿景色
#7FB383	Verde	绿
#355E3B	Verde Garrafa	维德·加拉法
#877459	Verde Marrón	维德·马龙
#EDF5E7	Verde Pastel	绿粉彩
#A7AD8D	Verde Tortuga	佛得角托尔图加
#758000	Verde Tropa	维德·特罗帕
#81A595	Verdigreen	翠绿
#43B3AE	Verdigris	铜绿
#62BE77	Verdigris Coloured	铜绿色
#62603E	Verdigris Foncé	铜绿芳斯
#61AC86	Verdigris Green	铜绿
#558367	Verdigris Roundhead	铜绿圆头
#00BBAA	Verditer	维迪特
#55AABB	Verditer Blue	维迪特蓝
#48531A	Verdun Green	凡尔登绿
#937496	Veri Berri	维里·贝里
#232324	Verified Black	已验证黑色
#00844B	Veritably Verdant	名副其实的翠绿
#2B7CAF	Vermeer Blue	维米尔蓝
#DABE82	Vermicelles	粉丝
#D1B791	Vermicelli	粉丝
#F4320C	Vermilion	朱红
#F24433	Vermilion Bird	朱红鸟
#E34244	Vermilion Cinnabar	朱砂
#474230	Vermilion Green	朱红绿
#F9603B	Vermilion Orange	朱红橙
#B5493A	Vermilion Red	朱红
#D1062B	Vermilion Scarlet	朱红猩红
#973A36	Vermilion Seabass	朱红鲈鱼
#D46036	Vermilion Waxcap	朱红色蜡帽
#8F7303	Vermin Brown	害虫棕色
#55CC11	Verminal	害虫
#A16954	Verminlord Hide	害虫领主隐藏
#F8F5E8	Vermont Cream	佛蒙特奶油
#48535A	Vermont Slate	佛蒙特板岩
#E9D3BA	Verona Beach	维罗纳海滩
#ECBFA8	Veronese Peach	维罗内塞桃子
#A020FF	Veronica	维罗妮卡
#7E3075	Veronica Purple	维罗妮卡紫
#ACDFAD	Vers de Terre	大地之地
#C4B0AD	Versailles Rose	凡尔赛玫瑰
#C1B6AB	Versatile Taupe	百搭灰褐色
#18880D	Verse Green	诗绿
#4A615C	Vert Pierre	维尔特·皮埃尔
#990055	Vertigo Cherry	眩晕樱桃
#FCEDD8	Verve	神韵
#944F80	Verve Violet	神韵紫罗兰
#BB3381	Very Berry	浆果
#34363E	Very Black	黑
#33365B	Very Blue	蓝
#664411	Very Coffee	咖啡
#927288	Very Grape	葡萄
#3A4859	Very Navy	海军蓝
#F3D19F	Vespa Yellow	黄蜂黄
#0011CC	Vesper	晚祷
#99A0B2	Vesper Violet	晚祷紫罗兰
#CDC8BF	Vessel	船
#8A8B8F	Vessel Grey	容器灰色
#937899	Vestige	遗迹
#879860	Vesuvian Green	维苏威绿
#A28A9F	Vesuvian Violet	维苏威紫罗兰
#A85533	Vesuvius	维苏威火山
#2E58E8	Veteran’s Day Blue	退伍军人节蓝色
#807D6F	Vetiver	香根草
#C1BBB1	Viaduct	高架桥
#D9D140	Viameter	维亚米特
#FFD44D	Vibrant	活力
#D1902E	Vibrant Amber	活力琥珀
#EBE541	Vibrant Arsenic	充满活力的砷
#0339F8	Vibrant Blue	活力蓝
#0ADD08	Vibrant Green	活力绿
#FFBD31	Vibrant Honey	活力蜂蜜
#00FFE5	Vibrant Mint	活力薄荷
#FF6216	Vibrant Orange	活力橙
#804B81	Vibrant Orchid	活力兰花紫
#AD03DE	Vibrant Purple	活力紫
#C24C6A	Vibrant Red	活力红
#88D6DC	Vibrant Soft Blue	活力柔蓝
#BB0088	Vibrant Velvet	活力绒
#4B373A	Vibrant Vine	活力藤
#9400D4	Vibrant Violet	活力紫罗兰
#6C6068	Vibrant Vision	活力视觉
#EAEDEB	Vibrant White	活力白
#FFDA29	Vibrant Yellow	活力黄
#C7FFFF	VIC 20 Blue	VIC20蓝
#FFFFB2	VIC 20 Creme	VIC20奶油
#94E089	VIC 20 Green	VIC20绿
#EA9FF6	VIC 20 Pink	VIC20粉
#87D6DD	VIC 20 Sky	VIC20天空
#664E62	Vicarious Violet	替代紫罗兰
#EE00DD	Vice City	罪恶都市
#8F509D	Vicious Violet	恶毒紫罗兰
#564985	Victoria	维多利亚
#0853A7	Victoria Blue	维多利亚蓝
#006A4D	Victoria Green	维多利亚·格林
#007755	Victoria Peak	太平山
#6A3C3A	Victoria Red	维多利亚红
#988F97	Victorian	维多利亚
#D4C5CA	Victorian Cottage	维多利亚小屋
#C38B36	Victorian Crown	维多利亚王冠
#558E4C	Victorian Garden	维多利亚花园
#A2783B	Victorian Gold	维多利亚金
#00B191	Victorian Greenhouse	维多利亚温室
#6D657E	Victorian Iris	维多利亚鸢尾
#EFE1CD	Victorian Lace	维多利亚蕾丝
#B68B88	Victorian Mauve	维多利亚淡紫
#104A65	Victorian Peacock	维多利亚孔雀
#F1E3D8	Victorian Pearl	维多利亚珍珠
#828388	Victorian Pewter	维多利亚锡器
#8E6278	Victorian Plum	维多利亚梅紫
#966B6F	Victorian Rose	维多利亚玫红
#D28085	Victorian Rouge	维多利亚胭脂
#6C7773	Victorian Tapestry	维多利亚挂毯
#AE6AA1	Victorian Valentine	维多利亚情人节
#B079A7	Victorian Violet	维多利亚紫罗兰
#D6B2AD	Victoriana	维多利亚时代
#3A405A	Victory Blue	胜利蓝
#92ABD8	Victory Lake	胜利湖
#549019	Vida Loca	维达·洛卡
#A1DDD4	Vidalia	维达利亚
#D2A88F	Vienna Beige	维也纳米色
#F7EFEF	Vienna Dawn	维也纳黎明
#E9D9D4	Vienna Lace	维也纳蕾丝
#330022	Vienna Roast	维也纳烤肉
#FED1BD	Vienna Sausage	维也纳香肠
#8C8185	Viennese	维也纳
#4278AF	Viennese Blue	维也纳蓝
#EEC172	Vietnamese Lantern	越南灯笼
#81796F	Vigilant	警惕
#645681	Vigorous Violet	活力紫罗兰
#8B9D30	Vigorous Wasabi	活力芥末
#4DB1C8	Viking	维京人
#757266	Viking Castle	维京城堡
#CABAE0	Viking Diva	维京歌姬
#8FCDB0	Vile Green	邪恶绿色
#789695	Villa Blue	别墅蓝
#CCC4B4	Villa Grey	别墅灰
#817362	Villa Oliva	奥利瓦别墅
#EFEAE1	Villa White	别墅白
#AB9769	Village Crier	乡村公告员
#7E867C	Village Green	村绿
#825F40	Village Lane	村巷
#7B6F61	Village Square	乡村广场
#728F66	Villandry	维朗德里
#B47463	Vin Cuit	崔文
#955264	Vin Rouge	红葡萄酒
#F59994	Vinaceous	酒味
#F48B8B	Vinaceous Cinnamon	肉桂酒
#C74300	Vinaceous Tawny	酒黄褐色
#EFDAAE	Vinaigrette	油醋汁
#ACB3AE	Vinalhaven	维纳尔黑文
#5778A7	Vinca	长春花
#45584C	Vinca & Vine	长春花和藤蔓
#483743	Vincotto	温科托
#AE7579	Vindaloo	维达洛
#338544	Vine	藤
#4D5F4F	Vine Leaf	藤叶
#819E84	Vineyard	葡萄园
#EE4455	Vineyard Autumn	葡萄园秋
#5F7355	Vineyard Green	葡萄园绿
#777146	Vineyard View	葡萄园景
#684047	Vineyard Wine	葡萄园酒红
#B31A38	Vinho do Porto	波尔图酒
#4B7378	Vining Ivy	维宁常春藤
#4C1C24	Vino Tinto	维诺廷托
#847592	Vintage	复古
#DFE1CC	Vintage Beige	复古米色
#C0B0D0	Vintage Bloom	复古绽放
#87B8B5	Vintage Blue	复古蓝
#78726E	Vintage Boots	复古靴
#966B34	Vintage Caramel	复古焦糖
#C7B0A7	Vintage Charm	复古魅力
#A3B22E	Vintage Chartreuse	复古查特酒绿
#9D5F46	Vintage Copper	复古铜
#D68C76	Vintage Coral	复古珊瑚
#D8CEB9	Vintage Ephemera	复古蜉蝣
#4F4D48	Vintage Frame	复古框架
#CBD8B9	Vintage Glass	复古玻璃
#B79E78	Vintage Gold	复古金
#6F636D	Vintage Grape	复古葡萄
#505D74	Vintage Indigo	复古靛蓝
#958B80	Vintage Khaki	复古卡其
#F1E7D2	Vintage Lace	复古蕾丝
#B07B40	Vintage Lincoln	老式林肯
#E3DCCA	Vintage Linen	复古亚麻
#BAAFAC	Vintage Mauve	复古淡紫
#763D4B	Vintage Merlot	复古梅洛红
#FFB05F	Vintage Orange	复古橙
#FDCFB0	Vintage Peach	复古桃
#675D62	Vintage Plum	复古梅紫
#F2EDEC	Vintage Porcelain	复古瓷器
#A66C47	Vintage Pottery	复古陶器
#9E3641	Vintage Red	复古红
#9097B4	Vintage Ribbon	复古丝带
#CDBFB9	Vintage Taupe	复古灰褐
#669699	Vintage Teal	复古青
#485169	Vintage Velvet	复古绒
#94B2A6	Vintage Vessel	老式船只
#888F4F	Vintage Vibe	复古氛围
#E59DAC	Vintage Victorian	复古维多利亚
#634F62	Vintage Violet	复古紫罗兰
#F4EFE4	Vintage White	复古白
#65344E	Vintage Wine	复古酒红
#72491E	Vintage Wood	复古木
#68546A	Vintner	酿酒师
#966EBD	Viola	中提琴
#2F2A41	Viola Black	中提琴黑
#8C6897	Viola Grey	中提琴灰
#C6C8D0	Viola Ice Grey	中提琴冰灰
#B9A5BD	Viola Sororia	维奥拉·索罗里亚
#BF8FC4	Violaceous	暴力
#881188	Violaceous Greti	暴力的格雷蒂
#7F00FF	Violent Violet	暴力紫罗兰
#9A0EEA	Violet	紫罗兰
#838BA4	Violet Aura	紫罗兰光环
#BAB3CB	Violet Beauty	紫罗兰美
#49434A	Violet Black	紫罗兰黑
#510AC9	Violet Blue	紫罗兰蓝
#B9B1C8	Violet Bouquet	紫罗兰花束
#DCDCE5	Violet Breeze	紫罗兰微风
#531745	Violet Carmine	紫罗兰胭脂红
#8F7DA5	Violet Chalk	紫罗兰粉笔
#EFECEF	Violet Clues	紫罗兰线索
#D8D3E6	Violet Crush	紫罗兰碎
#A89B9C	Violet Dawn	紫罗兰黎明
#B59C9C	Violet Dusk	紫罗兰黄昏
#DFDEE5	Violet Echo	紫罗兰回声
#A387AC	Violet Eclipse	紫罗兰蚀
#991199	Violet Eggplant	紫罗兰茄紫
#E6E5E6	Violet Essence	紫罗兰精华
#65677A	Violet Evening	紫罗兰傍晚
#DEE2EC	Violet Extract	紫罗兰提取物
#BA97A9	Violet Fantasy	紫罗兰幻想
#A66DA1	Violet Femmes	紫罗兰女士
#B8A4C8	Violet Fields	紫罗兰原野
#926EAE	Violet Frog	紫罗兰蛙
#C4C0E9	Violet Gems	紫罗兰宝石
#4422EE	Violet Glow	紫罗兰辉光
#675B72	Violet Haze	紫罗兰霾
#CDB7FA	Violet Heaven	紫罗兰天堂
#330099	Violet Hickey	紫罗兰希基
#E5E2E7	Violet Hush	紫罗兰寂静
#C0A9AD	Violet Ice	紫罗兰冰
#482D67	Violet Indigo	紫罗兰靛蓝
#9400D3	Violet Ink	紫罗兰墨
#4D4456	Violet Intense	紫罗兰浓烈
#F0A0D1	Violet Kiss	紫罗兰吻
#64338B	Violet Magician	紫罗兰魔术师
#644982	Violet Majesty	紫罗兰威
#DACCDE	Violet Mist	紫罗兰薄雾
#ACA8CD	Violet Mix	紫罗兰混合
#CA7988	Violet Orchid	紫罗兰兰花紫
#927B97	Violet Persuasion	紫罗兰劝说
#FB5FFC	Violet Pink	紫罗兰粉
#8601BF	Violet Poison	紫毒
#60394D	Violet Posy	紫罗兰波西
#C7CCD8	Violet Powder	紫罗兰粉
#3A2F52	Violet Purple	紫罗兰紫
#8B4963	Violet Quartz	紫罗兰石英
#A50055	Violet Red	紫罗兰红
#BCC6DF	Violet Scent Soft Blue	紫罗兰香柔蓝
#4D4860	Violet Shadow	紫罗兰暗影
#5C619D	Violet Storm	紫罗兰风暴
#C7C5DC	Violet Sweet Pea	紫罗兰甜美豌豆
#9E91C3	Violet Tulip	紫罗兰郁金香
#BA86B5	Violet Tulle	紫罗兰色薄纱
#DAAFD1	Violet Vamp	紫罗兰鞋面
#E5DAE1	Violet Vapour	紫罗兰蒸汽
#B19CD9	Violet Velvet	紫罗兰绒
#898CA3	Violet Verbena	紫罗兰马鞭草
#898098	Violet Vibes	紫罗兰色共鸣
#D8E0EA	Violet Vignette	紫罗兰色小插图
#B7BDD1	Violet Vision	紫罗兰视觉
#B09F9E	Violet Vista	紫罗兰远景
#883377	Violet Vixen	紫罗兰泼妇
#E9E1E8	Violet Vogue	紫罗兰时尚
#1A161D	Violet Void	紫罗兰虚空
#A669DB	Violet Voltage	紫色电压
#D2D6E6	Violet Water	紫罗兰水
#833E82	Violet Webcap	紫罗兰色网帽
#DAD6DF	Violet Whimsey	紫罗兰奇思妙想
#B48BB8	Violet Whimsy	紫罗兰奇思妙想
#E2E3E9	Violet White	紫罗兰白
#C8D4E4	Violet Wisp	紫罗兰缕
#ACA7CB	Violeta Silvestre	维奥莱塔·西尔维斯特
#5A226F	Violethargic	紫罗兰色
#7487C6	Violets Are Blue	紫罗兰是蓝色的
#AC6B98	Violetta	维奥莱塔
#882055	Violettuce	紫菜
#674403	Violin Brown	小提琴棕
#008F3C	Viper Green	蝰蛇绿
#E2DCAB	Virgin Olive Oil	初榨橄榄油
#ECBDB0	Virgin Peach	处女桃
#B7C3D7	Virginia Blue	弗吉尼亚蓝
#538F4E	Virgo Green Goddess	处女座绿色女神
#99CC00	Viric Green	维里克·格林
#1E9167	Viridian	常磐
#BCD7D4	Viridian Green	常青绿
#C8E0AB	Viridine Green	维里丁绿
#00846D	Viridis	维里迪斯
#FE0215	Virtual Boy	虚拟男孩
#8AA56E	Virtual Forest	虚拟森林
#C1EE13	Virtual Golf	虚拟高尔夫
#CF184B	Virtual Pink	虚拟粉红
#8A7A6A	Virtual Taupe	虚拟灰褐色
#66537F	Virtual Violet	虚拟紫罗兰
#5D5558	Virtuoso	大师
#9F7BA9	Virtuous	有德行
#B7B0BF	Virtuous Violet	善良的紫罗兰
#F9E496	Vis Vis	可见可见
#D2CCE5	Vision	视觉
#DFD3CB	Vision of Light	视觉浅
#9B94C2	Vision Quest	愿景探索
#83477D	Visiona Red	幻视红
#F6E0A9	Visionary	有远见
#CBACAB	Vista	远景
#97D5B3	Vista Blue	远景蓝
#E3DFD9	Vista White	远景白
#5C2C45	Vistoris Lake	维斯托里斯湖
#138859	Vital Green	活力绿
#EDE0C5	Vital Yellow	活力黄
#8F9B5B	Vitality	活力
#2AAA45	Vitalize	活力
#FF9900	Vitamin C	维生素C
#E3AC72	Viva Gold	万岁黄金
#B39953	Viva Las Vegas	拉斯维加斯万岁
#A0488C	Viva Magenta	洋红色万岁
#A7295F	Vivacious	活泼
#DC89A8	Vivacious Pink	活泼的粉红色
#804665	Vivacious Violet	活泼的紫罗兰
#EF3939	Vivaldi Red	维瓦尔第红
#995468	Vive L’amour	爱万岁
#97BEE2	Vive le Bleu	蓝色万岁
#AED1E8	Vive le Vent	万岁
#CC9900	Vivid Amber	鲜琥珀
#922724	Vivid Auburn	鲜赤褐
#152EFF	Vivid Blue	鲜蓝
#9F1D35	Vivid Burgundy	鲜勃艮第
#DA1D81	Vivid Cerise	鲜樱桃红
#00AAEE	Vivid Cerulean	鲜蔚蓝
#CC0033	Vivid Crimson	鲜深红
#B13AAD	Vivid Fuchsia	鲜紫红
#2FEF10	Vivid Green	鲜绿
#A6D608	Vivid Lime Green	鲜青柠绿
#00CC33	Vivid Malachite	鲜孔雀石
#B80CE3	Vivid Mulberry	鲜桑葚
#FF5F00	Vivid Orange	鲜橙
#FFA102	Vivid Orange Peel	鲜橙皮
#CC00FF	Vivid Orchid	鲜兰花紫
#9900FA	Vivid Purple	鲜紫
#FF006C	Vivid Raspberry	鲜覆盆子
#F70D1A	Vivid Red	鲜红
#DF6124	Vivid Red Tangelo	鲜艳的红橘柚
#00CCFF	Vivid Sky Blue	鲜天空蓝
#87C95F	Vivid Spring	鲜春
#F07427	Vivid Tangelo	生动的橘柚
#FF9980	Vivid Tangerine	鲜柑橘
#E56024	Vivid Vermilion	鲜朱红
#A4407E	Vivid Viola	鲜中提琴
#9F00FF	Vivid Violet	鲜紫罗兰
#5E4B62	Vivid Vision	鲜视觉
#FFE302	Vivid Yellow	鲜黄
#573D37	Vixen	泼妇
#7B9E98	Vizcaya	比斯开
#47644B	Vizcaya Palm	比斯开棕榈岛
#BFC0EE	Vodka	伏特加
#050D25	Void	虚空
#41373A	Void Wellness Coach	虚空健康教练
#AF8BA8	Voila!	瞧！
#A55749	Volcanic	火山
#6F7678	Volcanic Ash	火山灰
#E15835	Volcanic Blast	火山爆发
#72453A	Volcanic Brick	火山砖
#615C60	Volcanic Glass	火山玻璃
#605244	Volcanic Island	火山岛
#6B6965	Volcanic Rock	火山岩石
#404048	Volcanic Sand	火山沙
#45433B	Volcanic Stone Green	火山石绿
#BE462F	Volcanic Unrest	火山动荡
#4E2728	Volcano	火山
#2D135F	Voldemort	伏地魔
#CEFF00	Volt	伏特
#3B4956	Voltage	电压
#673033	Voluptuous	妖艳
#7711DD	Voluptuous Violet	妖艳紫罗兰
#445A5E	Volute	蜗壳
#443240	Voodoo	巫毒
#824D8F	Voodoo Violet	巫毒紫
#FEEEED	Voracious White	贪婪的白
#83769C	Voxatron Purple	沃克萨特龙紫
#719CA4	Voyage	航程
#4D5062	Voyager	航海者号
#9A937F	Voysey Grey	沃西·格雷
#36383C	Vulcan	火神
#5F3E42	Vulcan Burgundy	火神勃艮第
#E6390D	Vulcan Fire	火神之火
#897F79	Vulcan Mud	火神泥
#424443	Vulcanised	硫化
#C8C8B5	Wabi-Sabi	侘寂
#EEAACC	Waddles Pink	摇摇晃晃的粉红色
#D4BBB1	Wafer	晶圆
#E2C779	Waffle Cone	华夫筒
#CDBDBA	Wafting Grey	飘逸的灰色
#6D4D27	Wagon Train	货车列车
#C2B79E	Wagon Wheel	马车车轮
#272D4E	Wahoo	哇胡
#5B6E91	Waikawa Grey	怀卡瓦灰
#218BA0	Waikiki	威基基
#004411	Wailing Woods	哀嚎森林
#4CA2D9	Waimea Blue	威美亚蓝
#9C9D85	Wainscot Green	壁板绿色
#4C4E31	Waiouru	怀乌鲁
#654BC9	Waiporoporo Purple	怀波罗波罗紫
#9D9D9D	Waiting	等待
#00656E	Wakame Green	裙带菜绿
#6B9362	Wakatake Green	若竹绿
#F6D559	Wake Me Up	叫醒我
#295468	Wakefield	韦克菲尔德
#789BB6	Walden Pond	瓦尔登湖
#88BB11	Walk in the Park	漫步公园
#3BB08F	Walk in the Woods	漫步树林
#496568	Walk Me Home	漫步家
#3D87BB	Walker Lake	沃克湖
#FAF5FA	Walkie Chalkie	对讲粉笔
#849B63	Walking Dead	行尸走肉
#FCFC9D	Walking on Sunshine	阳光下行走
#A2785D	Walking Stick	手杖
#A3999C	Walkway	走道
#ABAE86	Wall Green	墙绿
#656D73	Wall Street	华尔街
#11CC44	Walled Garden	围墙花园
#9B5953	Walleye	白斑眼
#A0848A	Wallflower	壁花
#E4E3E6	Wallflower White	壁花白
#C6BDBF	Wallis	沃利斯
#E9EDF1	Walls of Santorini	圣托里尼城墙
#773F1A	Walnut	核桃
#4C0400	Walnut Brown	核桃棕
#F5D8B2	Walnut Cream	核桃奶油
#5C5644	Walnut Grove	核桃小树林
#5D5242	Walnut Hull	核桃壳
#FFF0CF	Walnut Milkies	核桃奶
#EECB88	Walnut Oil	核桃油
#AA8344	Walnut Shell	核桃壳
#A68B6E	Walnut Shell Brown	核桃壳棕
#774E37	Walnut Wood	核桃木
#999B9B	Walrus	海象
#C8D9DD	Wan Blue	万蓝
#E4E2DC	Wan White	万白
#5E5648	Wanderer	流浪者
#CDB573	Wandering	流浪
#73A4C6	Wandering River	流浪河
#876D5E	Wandering Road	流浪路
#A6A897	Wandering Willow	游柳
#426267	Wanderlust	流浪癖
#643530	War God	战神
#DC571D	War Paint Red	战漆红
#B50038	Warlock Red	术士红
#BA0033	Warlord	军阀
#654740	Warm Air of Debonair	温文尔雅的暖风
#CDB49F	Warm Alpaca	温暖羊驼
#CBB68F	Warm and Toasty	温暖又烤面包
#FFB865	Warm Apricot	温暖杏
#CFC9C7	Warm Ashes	温暖灰烬
#9C9395	Warm Asphalt	温暖的沥青
#3B1F23	Warm Balaclavas Are Forever	温暖巴拉克拉法帽永远存在
#E3CDAC	Warm Biscuits	热饼干
#004242	Warm Black	温暖黑
#4B57DB	Warm Blue	温暖蓝
#F9E6D3	Warm Bread	温暖面包
#A1BEC1	Warm Breezes	温暖的微风
#964E02	Warm Brown	温暖棕
#604840	Warm Brownie	温暖布朗尼
#D8BFA2	Warm Buff	温暖浅黄
#E6D5BA	Warm Buttercream	温暖的奶油
#D0B082	Warm Butterscotch	温暖奶油糖果
#BF6A52	Warm Cider	温暖苹果酒
#F9D09C	Warm Cocoon	暖茧
#A88168	Warm Cognac	温暖的干邑白兰地
#B38A82	Warm Comfort	温暖舒适
#B97254	Warm Copper	温暖铜
#C36C2D	Warm Cream Spirit	温暖奶油烈酒
#E4CEB5	Warm Croissant	温暖牛角包
#927558	Warm Earth	温暖土
#93817E	Warm Embrace	温暖的拥抱
#7E8272	Warm Eucalyptus	温暖桉树
#DED3CA	Warm Fog	温暖雾
#F6E2CE	Warm Fuzzies	温暖的绒毛
#F1CF8A	Warm Glow	温暖辉光
#A49E97	Warm Granite	温暖花岗岩
#978A84	Warm Grey	温暖灰
#ACA49A	Warm Grey Flannel	温暖灰法兰绒
#736967	Warm Haze	温暖霾
#F6B3A7	Warm Heart	温暖心
#BE9677	Warm Hearth	温暖的炉边
#C89F59	Warm Leather	温暖皮革
#FFF9D8	Warm Light	温暖浅
#6D4741	Warm Mahogany	温暖桃花心木
#F6F1E1	Warm Milk	温暖奶
#E1BE8B	Warm Muffin	温暖松饼
#C1B19D	Warm Neutral	温暖中性
#8F6A50	Warm Nutmeg	温暖肉豆蔻
#D9CEC0	Warm Oatmeal	温暖燕麦
#D8CFBA	Warm Oats	温暖的燕麦
#C7B63C	Warm Olive	温暖橄榄
#4C4845	Warm Onyx	温暖缟玛瑙
#483838	Warm Operator’s Overalls	温暖的操作员工作服
#B4ADA6	Warm Pewter	温暖锡器
#FB5581	Warm Pink	温暖粉
#513938	Warm Port	温暖波特酒红
#5C4E44	Warm Pumpernickel	温暖的粗黑麦
#952E8F	Warm Purple	温暖紫
#D2C8B9	Warm Putty	温暖腻子
#C5AE91	Warm Sand	温暖沙
#B2B1AF	Warm Shale	温暖页岩
#DDC9B1	Warm Shell	温暖壳
#987744	Warm Spice	温暖辛香
#4286BC	Warm Spring	温暖春
#A79A8A	Warm Stone	温暖石
#FAF6DB	Warm Sun	温暖太阳
#F1CA95	Warm Sunshine	温暖阳光
#AB917D	Warm Taupe	温暖灰褐
#C1775E	Warm Terra Cotta	温暖大地陶
#F3F5DC	Warm Turbulence	温暖的湍流
#9E6654	Warm Up	温暖
#A66E68	Warm Wassail	温暖的黄蜂
#A89A8C	Warm Waterlogged Lab Coat	温暖的浸水实验室外套
#7EBBC2	Warm Waters	温暖水域
#EA9073	Warm Welcome	热烈欢迎
#8D894A	Warm Wetlands	温暖湿地
#EFEBD8	Warm White	温暖白
#D4EDE3	Warm Winter	温暖冬
#D0B55A	Warm Woollen	温暖的毛呢
#5C3839	Warmed Wine	温酒
#D44B3B	Warming Heart	温暖的心
#E4B9A2	Warming Peach	暖桃
#9F552D	Warmth	温暖
#803020	Warmth of Teamwork	团队合作的温暖
#E5D5C9	Warp & Weft	经纬
#EAF2F1	Warp Drive	曲速引擎
#6B6A74	Warpfiend Grey	扭曲恶魔灰色
#515131	Warplock Bronze	扭曲青铜
#927D7B	Warplock Bronze Metal	扭曲青铜金属
#168340	Warpstone Glow	次元石辉光
#B8966E	Warrant	搜查令
#6B654E	Warren Tavern	沃伦酒馆
#7D685B	Warrior	战士
#A32D48	Warrior Queen	战士女王
#AFD77F	Wasabi	山葵
#A9AD74	Wasabi Green	山葵绿
#333300	Wasabi Nori	芥末海苔
#849137	Wasabi Nuts	芥末坚果
#B4C79C	Wasabi Peanut	山葵花生
#BDB38F	Wasabi Powder	山葵粉
#D2CCA0	Wasabi Zing	芥末劲爽
#FAFBFD	Wash Me	洗
#1F262A	Washed Black	水洗黑
#94D1DF	Washed Blue	水洗蓝
#F3F0DA	Washed Canvas	水洗画布
#819DBE	Washed Denim	水洗牛仔蓝
#E1E3D7	Washed Dollar	洗过的美元
#CCD1C8	Washed Green	水洗绿
#FAE8C8	Washed in Light	水洗浅
#CAC2AF	Washed Khaki	水洗卡其
#C5C0A3	Washed Olive	水洗橄榄
#DEDFCC	Washed Sage	水洗鼠尾草
#FFB3A7	Washed-Out Crimson	褪色的深红色
#C3D8E4	Washing Powder Soft Blue	洗衣粉柔蓝
#C2DCE3	Washing Powder White	洗衣粉白色
#DCB89D	Wassail	瓦塞尔
#9C8855	Wasteland	荒原
#89C3EB	Wasurenagusa Blue	瓦苏雷古萨蓝
#8FBABC	Watchet	手表
#D4F1F9	Water	水
#5AB5CB	Water Baby	水婴儿
#CFDFDD	Water Baptism	水洗礼
#0E87CC	Water Blue	水蓝
#4999A1	Water Carrier	运水车
#EDE4CF	Water Chestnut	水栗
#355873	Water Chi	水志
#75A7AD	Water Cooler	饮水机
#E1E5DC	Water Droplet	水滴
#75B790	Water Fern	水蕨
#7AC6D9	Water Flow	水流
#77B6D5	Water Fountain	水喷泉
#76AFB6	Water Glitter	水闪光
#81B89A	Water Green	水绿
#A0A3D2	Water Hyacinth	水风信子
#E2E3EB	Water Iris	水鸢尾
#B6ECDE	Water Leaf	水叶
#DDE3D5	Water Lily	水百合
#C7D8E3	Water Mist	水薄雾
#6FB0BE	Water Music	水上音乐
#81D0DF	Water Nymph	水仙女
#4F5156	Water Ouzel	水乌泽尔
#54AF9C	Water Park	水公园
#B56C60	Water Persimmon	水柿子
#0083C8	Water Raceway	水道
#B0AB80	Water Reed	水芦苇
#949381	Water Scrub	水磨砂膏
#65A5D5	Water Spirit	水烈酒
#44BBCC	Water Sports	水上运动
#E5EECC	Water Sprout	水芽
#D8EBEA	Water Squirt	水喷
#A9BDB8	Water Surface	水面
#958F88	Water Tower	水塔
#ACC7E5	Water Wash	水洗
#A28566	Water Wheel	水轮
#80D5CC	Water Wings	水翅膀
#80D4D0	Water Wonder	水奇迹
#084D58	Watercolour Blue	水彩蓝
#D6C9DE	Watercolour Grape	水彩葡萄
#96B47E	Watercolour Green	水彩绿
#B9D9E7	Watercolour Sky	水彩天空
#DBE5DB	Watercolour White	水彩白
#5CCBD6	Watercourse	水道
#6E9377	Watercress	豆瓣菜
#C7C7A1	Watercress Pesto	西洋菜香蒜酱
#748C69	Watercress Spice	豆瓣菜香料
#3AB0A2	Waterfall	瀑布
#E4EEEA	Waterfall Mist	瀑布薄雾
#D4E4E5	Waterfront	海滨
#2F3F53	Waterhen Back	水鸡背
#436BAD	Waterline Blue	水线蓝
#7B7C94	Waterloo	滑铁卢
#DEE9DF	Watermark	水印
#FD4659	Watermelon	西瓜
#FD5B78	Watermelon Candy	西瓜糖果
#BF6C6E	Watermelon Crush	西瓜碎
#C0686E	Watermelon Gelato	西瓜意式冰淇淋
#F05C85	Watermelon Juice	西瓜汁
#DFCFCA	Watermelon Milk	西瓜奶
#FBE0E8	Watermelon Mousse	西瓜慕斯
#C77690	Watermelon Pink	西瓜粉
#E08880	Watermelon Punch	西瓜宾治
#BF4147	Watermelon Red	西瓜红
#E42B73	Watermelon Sugar	西瓜糖
#EB4652	Watermelonade	西瓜水
#D3CCCD	Watermill Wood	水磨木
#DCECE7	Waterscape	水景
#B0CEC2	Watershed	分水岭
#D2F3EB	Waterslide	滑水道
#A4F4F9	Waterspout	水龙卷
#637FBB	Watertown	沃特敦
#7EB7BF	Waterway	水路
#00718A	Waterworld	水世界
#AEBDBB	Watery	水汪汪的
#88BFE7	Watery Sea	水海
#74AEBA	Watson Lake	沃森湖
#D6CA3D	Wattle	金合欢
#F2CDBB	Watusi	瓦图西
#A5CED5	Wave	波浪
#DCE9EA	Wave Crest	波浪峰
#9AAAB6	Wave Goodbye	挥手再见
#6C919F	Wave Jumper	波浪跳线衣
#A0764A	Wave of Grain	波浪颗粒
#A7C9C0	Wave Runner	波浪行者
#CBE4E7	Wave Splash	波浪飞溅
#AFD9D3	Wave Top	波浪顶
#7DC4CD	Wavelet	小波
#C7AA7C	Waves of Grain	浪颗粒
#AEA266	Wavy Glass	波浪玻璃
#006597	Wavy Navy	波浪海军蓝
#DDBB33	Wax	蜡
#00A4A6	Wax Crayon Blue	蜡蜡笔蓝
#EEB39E	Wax Flower	蜡花
#D8DB8B	Wax Green	蜡绿
#F1E6CC	Wax Poetic	蜡诗
#E2D5BD	Wax Sculpture	蜡像
#D3B667	Wax Way	蜡路
#EAE8A0	Wax Yellow	蜡黄
#B38241	Waxen Moon	蜡月
#C0C2C0	Waxwing	太平鸟
#F8B500	Waxy Corn	糯玉米
#1188CC	Way Beyond the Blue	超越蓝色
#00C000	Waystone Green	韦斯通绿色
#D9DCD1	Wayward Willow	任性的柳树
#DEDFE2	Wayward Wind	任性的风
#99CC04	Waywatcher Green	路人绿
#5E5A59	Waza Bear	瓦扎熊
#B21B00	Wazdakka Red	瓦兹达卡红
#FDD7D8	We Peep	我们偷看
#E1F2DF	Weak Green	弱绿色
#EADEE4	Weak Mauve	淡淡紫
#E0F0E5	Weak Mint	弱薄荷
#FAEDE3	Weak Orange	淡橙
#ECDEE5	Weak Pink	淡粉色
#B47B27	Weapon Bronze	武器青铜
#9F947D	Weather Board	天气板
#593A27	Weathered Bamboo	风化竹
#D2E2F2	Weathered Blue	风化蓝
#59504C	Weathered Brown	风化棕
#EAD0A9	Weathered Coral	风化珊瑚
#988A72	Weathered Fossil	风化化石
#D5C6C2	Weathered Hide	风化兽皮
#90614A	Weathered Leather	风化皮革
#E4F5E1	Weathered Mint	风化薄荷
#BABBB3	Weathered Moss	风化苔藓
#7B9093	Weathered Pebble	风化卵石
#EADFE8	Weathered Pink	风化粉
#867C61	Weathered Plank	风化木板
#F9F4D9	Weathered Plastic	风化塑料
#B5745C	Weathered Saddle	风化的马鞍
#DFC0A6	Weathered Sandstone	风化砂岩
#937F68	Weathered Shingle	风化木瓦
#C4C5C6	Weathered Stone	风化石
#E6E3D9	Weathered White	风化白
#97774D	Weathered Wicker	风化柳条
#B19C86	Weathered Wood	风化木
#BDAE95	Weatherhead	韦瑟黑德
#2C201A	Weathervane	风向标
#BFB18A	Weaver’s Spool	织工的线轴
#9D7F62	Weaver’s Tool	织工的工具
#8F684B	Webcap Brown	网帽棕色
#EDEADC	Wedded Bliss	新婚幸福
#EDE6E9	Wedding	婚礼
#EEE2C9	Wedding Cake	婚礼蛋糕
#E7E8E1	Wedding Cake White	婚礼蛋糕白
#FEFEE7	Wedding Dress	婚礼裙
#BCB6CB	Wedding Flowers	婚礼鲜花
#FFFEE5	Wedding in White	婚礼白
#B5C1AC	Wedding Mint	婚礼薄荷
#F6DFD8	Wedding Pink	婚礼粉
#E1ECA5	Wedge of Lime	石灰楔子
#4C6B88	Wedgewood	韦奇伍德
#9FE4AA	Weekend Gardener	周末园丁
#E9C2AD	Weekend Retreat	周末隐居
#5D8727	Weeping Fig	哭泣无花果
#B3B17B	Weeping Willow	垂柳
#D7DDEC	Weeping Wisteria	哭泣的紫藤
#5A06EF	Wèi Lán Azure	蔚蓝
#9C8D7D	Weimaraner	威玛猎犬
#3AE57F	Weird Green	奇怪的绿色
#B3833B	Weissbier	白啤酒
#E4E1D6	Weisswurst White	白香肠
#C09C6A	Welcome Home	欢迎回家
#D4C6A7	Welcome Walkway	欢迎走道
#F3E3CA	Welcome White	欢迎白
#EEAA00	Welcoming Wasp	欢迎黄蜂
#F1E3CA	Welcoming White	欢迎白
#6F6F6D	Welded Iron	焊铁
#7C98AB	Weldon Blue	韦尔登蓝色
#00888B	Well Blue	蓝
#7E633F	Well Read	读得好
#63ADB9	Well Water	水
#564537	Well-Bred Brown	良种棕色
#54606A	Wellerman	韦勒曼
#4F6364	Wellington	惠灵顿
#B9B5A4	Wells Grey	威尔斯·格雷
#26AD8D	Wells of Wonder	奇迹之井
#22BB66	Welsh Onion	威尔士洋葱
#645452	Wenge	文格
#3E2A2C	Wenge Black	鸡翅木黑
#345362	Wentworth	温特沃斯
#7E6152	Werewolf Fur	狼人毛皮
#5C512F	West Coast	西海岸
#E5823A	West Side	西区
#586D77	West Winds	西风
#D4CFC5	Westar	韦斯塔
#A49D70	Westcar Papyrus	韦斯特卡纸莎草纸
#797978	Westchester Grey	威彻斯特格雷
#E0D5CC	Westchester White	威彻斯特白
#5D3B31	Western Brown	西棕
#8B6A65	Western Clay	西黏土
#BA816E	Western Pink	西粉
#8D5E41	Western Pursuit	西方追寻
#9B6959	Western Red	西红
#8D876D	Western Reserve	西储地区
#B28B80	Western Ridge	西山岭
#BEAA99	Western Sandstone	西砂岩
#FADCA7	Western Sky	西天空
#DAA36F	Western Sunrise	西日出
#CDBB8D	Western Wear	西服
#FCD450	Westfall Yellow	西部荒野黄
#2A4442	Westhaven	韦斯特黑文
#F3EEE3	Westhighland White	西高地白
#9C7C5B	Westminster	威斯敏斯特
#A3623B	Wet Adobe	湿土坯
#5A6457	Wet Aloeswood	湿沉香
#B2BEB5	Wet Ash	湿灰
#989CAB	Wet Asphalt	湿沥青
#89877F	Wet Cement	湿水泥
#222023	Wet Charcoal	湿炭
#A49690	Wet Clay	湿黏土
#353838	Wet Concrete	湿水泥
#D1584C	Wet Coral	湿珊瑚
#000B00	Wet Crow’s Wing	湿乌鸦翼
#A36C64	Wet Desert Clay	湿沙漠黏土
#162825	Wet Foliage	湿叶
#001144	Wet Latex	湿乳胶
#B9A023	Wet Leaf	湿叶
#9E9F97	Wet Pavement	湿路面
#E0816F	Wet Pottery Clay	湿陶器黏土
#897870	Wet River Rock	湿河岩石
#AE8F60	Wet Sand	湿沙
#786D5F	Wet Sandstone	湿砂岩
#8A96A0	Wet Seal	湿海豹
#50493C	Wet Suit	湿套装
#907E6C	Wet Taupe	湿灰褐
#929090	Wet Weather	潮湿的天气
#706B71	Wetbar	湿吧
#7D949E	Wethers Field	韦瑟斯场
#859488	Wethersfield Moss	韦瑟斯菲尔德莫斯
#C1A98F	Wetland Clay	湿地黏土
#A49F80	Wetland Stone	湿地石
#71736A	Wetlands	湿地
#372418	Wetlands Swamp	湿地沼泽
#7C8181	Whale	鲸
#E5E7E4	Whale Bone	鲸骨白
#59676B	Whale Grey	鲸灰
#607C8E	Whale Shark	鲸鲨
#86878C	Whale Tail	鲸尾
#A5A495	Whale Watching	观鲸
#C7D3D5	Whale’s Mouth	鲸鱼嘴
#115A82	Whale’s Tale	鲸鱼的故事
#2E7176	Whaling Waters	捕鲸水域
#65737E	Wharf View	码头景观
#BBBCAE	Wharf Wind	码头风
#441122	What We Do in the Shadows	我们在阴影中做什么
#FFF4E8	What’s Left	还剩下什么
#FBDD7E	Wheat	小麦
#BF923B	Wheat Beer	小麦啤酒
#DFBB7E	Wheat Bread	小麦面包
#DDD6CA	Wheat Flour White	小麦粉白
#C7C088	Wheat Grass	小麦草
#976B53	Wheat Penny	小麦便士
#E3D1C8	Wheat Seed	小麦种子
#DFD4C4	Wheat Sheaf	麦捆
#D8B998	Wheat Toast	小麦吐司
#A49A79	Wheat Tortilla	小麦玉米饼
#AD935B	Wheatacre	麦田
#C8865E	Wheatberry	麦莓
#FBEBBB	Wheaten White	小麦白
#DFD7BD	Wheatfield	麦田
#9E8451	Wheatmeal	小麦粉
#FFCD00	Wheel of Dharma	法轮
#B8BEBF	Wheels Up!	滚起来！
#584165	When Blue Met Red	当蓝色遇上红色
#564375	When Red Met Blue	当红色遇上蓝色
#585C79	When Worlds Collide	当世界碰撞时
#C19851	Where Buffalo Roam	水牛漫游的地方
#C7CCCE	Where There Is Smoke	有烟的地方
#DD262B	Whero Red	惠罗红
#D8D6C5	Whetstone	油石
#9F6F55	Whetstone Brown	油石棕色
#DEE9CF	Whiff of Green	绿色的气息
#00EBFF	Whimsical Blue	奇想蓝
#ECE4E2	Whimsical White	奇想白
#ED9987	Whimsy	奇思妙想
#B0DCED	Whimsy Blue	奇思妙想蓝
#A09176	Whipcord	鞭索
#C74547	Whiplash	鞭打
#FFD299	Whipped Apricot	打发杏
#F0EDD2	Whipped Citron	柚子
#EDECE7	Whipped Coconut Cream	打发椰子奶油
#F2F0E7	Whipped Cream	打发奶油
#C7DDD6	Whipped Mint	打发薄荷
#FACCAD	Whipped Peach	打发桃
#9CCA84	Whipped Pistachio	打发开心果绿
#D8CBE0	Whipped Plum	打发梅紫
#C9565A	Whipped Strawberry	打发草莓
#A1A8D5	Whipped Violet	打发紫罗兰
#F2EEE0	Whipped White	打发白
#CEC1B5	Whippet	惠比特犬
#FAF5E7	Whipping Cream	淡奶油
#9BA868	Whirled Peas	旋转豌豆
#E6CDCA	Whirligig	旋转
#DFD4C0	Whirligig Geyser	旋转间歇泉
#A5D8CD	Whirlpool	漩涡
#A7D0C5	Whirlpool Green	漩涡绿
#E2D5D3	Whirlwind	旋风
#F6F1E2	Whiskers	胡须
#D29062	Whiskey	威士忌
#49463F	Whiskey and Wine	威士忌酒红
#85705F	Whiskey Barrel	威士忌桶
#D4915D	Whiskey Sour	威士忌酸
#C2877B	Whisky	威士忌
#96745B	Whisky Barrel	威士忌桶
#772233	Whisky Cola	威士忌可乐
#EEAA33	Whisky Sour	威士忌酸
#EFE6E6	Whisper	低语
#E5E8F2	Whisper Blue	低语蓝
#CBEDE5	Whisper of Grass	低语草
#D4AFDA	Whisper of Plum	低语梅紫
#CDA2AC	Whisper of Rose	低语玫红
#CBCECF	Whisper of Smoke	低语烟
#EADBCA	Whisper of White	低语白
#D4C5B4	Whisper Pink	低语粉
#C9C3B5	Whisper Ridge	低语山岭
#C7C0C5	Whisper Soft	低语柔
#DFDED9	Whisper Softly	轻声耳语
#FFE5B9	Whisper Yellow	低语黄
#3F4855	Whispered Secret	低声的秘密
#C8DCDC	Whispering Blue	低语蓝
#D7E5D8	Whispering Frost	低语霜
#AC9D64	Whispering Grasslands	低语草原
#536151	Whispering Oaks	低语橡树
#FEDCC3	Whispering Peach	低语桃
#C8CAB5	Whispering Pine	低语松
#ECECDA	Whispering Rain	低语雨
#D8D8D4	Whispering Smoke	低语烟
#E3E6DB	Whispering Waterfall	低语瀑布
#919C81	Whispering Willow	低语柳
#B7C3BF	Whispering Winds	低语风
#D6E9E6	Whispery Breeze	微风轻语
#C49E8F	Whistler Rose	惠斯勒玫瑰
#FFFFFF	White	白
#D7A98C	White Acorn	白橡果
#EFEBE7	White Alyssum	白香薰
#FEFEFE	White as Heaven	白天堂
#ECEABE	White Asparagus	白芦笋
#E4DFD0	White Basics	白色基础
#E8EFEC	White Bass	白鲈鱼
#F5EFE5	White Beach	白海滩
#E8D0B2	White Bean Hummus	白豆鹰嘴豆泥
#EBDFDD	White Beet	白甜菜
#E3E7E1	White Blaze	白烈焰
#F4ECDB	White Blossom	白花
#CDD6DB	White Blue	白蓝
#FBECD8	White Blush	白绯红
#BFD0CB	White Box	白盒
#E3E0E8	White Bud	白蕾
#DFDFDA	White Bullet	白色子弹
#B0B49B	White Cabbage	白卷心菜
#FAECE1	White Canvas	白画布
#DBD5D1	White Castle	白城堡
#F5DEC2	White Cedar	白雪松
#F6F4F1	White Chalk	白粉笔
#E7DBDD	White Cherry	白樱桃
#F0E3C7	White Chocolate	白巧克力
#F4E8E8	White Christmas	白圣诞
#D6D0CC	White City	白城
#E8E1D3	White Clay	白黏土
#E8E3C9	White Cliffs	白崖
#F2F2ED	White Cloud	白云
#E6E0D4	White Coffee	白咖啡
#F4F2F4	White Convolvulus	白空心菜
#F0D498	White Corn	白玉米
#F9F8EF	White Crest	白峰
#F9EBC5	White Currant	白醋栗
#FDFAF1	White Desert	白沙漠
#EFEAE6	White Dogwood	白山茱萸
#F5EEDE	White Down	白
#CECABA	White Duck	白鸭
#EDEDED	White Edgar	白埃德加
#DEDEE5	White Elephant	白象
#F2E9D3	White Fence	白栅栏
#FBF4E8	White Fever	白发烧
#C8C2C0	White Flag	白旗
#F5EDE0	White Flour	白面粉
#DEE6EC	White Frost	白霜
#F1EFE7	White Fur	白毛皮
#C9C2BD	White Gauze	白纱
#F1F1E1	White Geranium	白天竺葵
#DDEEEE	White Glaze	白釉
#FFEEEE	White Gloss	白光亮
#F0EFED	White Glove	白手套
#C8D1C4	White Granite	白花岗岩
#BBCC99	White Grape	白葡萄
#FCF0DE	White Grapefruit	白西柚
#D6E9CA	White Green	白绿
#E2E6D7	White Hamburg Grapes	白汉堡葡萄
#FDF9EF	White Heat	白热化
#E7E1D7	White Heron	白鹭
#EAD8BB	White Hot Chocolate	白炎热巧克力
#F3E5D1	White Hyacinth	白风信子
#F9F6DD	White Hydrangea	白绣球花
#DFE2E7	White Iris	白鸢尾
#D0D6A8	White Jade	白翡翠
#F7F4DF	White Jasmine	白茉莉
#DFDFDB	White Kitten	白小猫
#E2E7E7	White Lake	白湖
#E1E2EB	White Lavender	白薰衣草紫
#DEDEDC	White Lie	善意的谎言
#E7E5E8	White Lilac	白丁香紫
#FAF0DB	White Lily	白百合
#EEE7DD	White Linen	白亚麻
#E2DCD2	White Luxe	白色奢华
#F7F0E5	White Luxury	白色奢华
#F2E6DF	White Meadow	白草地
#ECF3E1	White Mecca	白色麦加
#D1D1CF	White Metal	白金属
#EFEEE9	White Mink	白貂
#E0E7DA	White Mint	白薄荷
#F5F4E6	White Mirage	白海市蜃楼
#E7DCCC	White Mocha	白摩卡
#EBEAE2	White Moderne	白色现代
#D8D6C0	White Moss	白苔藓
#F6EDDB	White Mountain	白山
#B9A193	White Mouse	白鼠
#F8F6D8	White Nectar	白花蜜
#CE9F6F	White Oak	白橡
#E7E2DD	White Opal	白蛋白石
#F5F3F5	White Owl	白猫头鹰
#F9E6DA	White Peach	白桃
#EDE1D1	White Pearl	白珍珠
#AE9E86	White Pepper	白胡椒
#F0EFEB	White Picket Fence	白色尖桩篱笆
#DAD6CC	White Pointer	白指针
#F8FBF8	White Porcelain	白瓷器
#C3BDAB	White Primer	白色底漆
#F6E8DF	White Pudding	白布丁
#F8EEE7	White Rabbit	白兔
#E2E8CF	White Radish	白萝卜
#E5C28B	White Raisin	白葡萄干
#D4CFB4	White Rock	白岩石
#F0E0DC	White Russian	白俄国
#D2D4C3	White Sage	白鼠尾草
#EBEBE7	White Sail	白帆
#F5EBD8	White Sand	白沙
#E4EEEB	White Sapphire	白宝石蓝
#D9DED6	White Sash	白色腰带
#8C9FA1	White Scar	白色疤痕
#D7E5EA	White Sea	白海
#E4DBCE	White Sesame	白芝麻
#D1D3E0	White Shadow	白暗影
#F1F0EC	White Shoulders	白肩
#EBE6D8	White Silence	白色的沉默
#F5F5F5	White Smoke	白烟
#F4F5FA	White Solid	白色固体
#9FBDAD	White Spruce	白云杉
#FDE3B5	White Strawberry	白草莓
#F1FAEA	White Sulphur	白硫磺
#F7F1E2	White Swan	白天鹅
#C5B8A8	White Tiger	白虎
#EFDBCD	White Truffle	白松露
#83CCD2	White Ultramarine	白群青
#C5DCB3	White Vienna	白色维也纳
#EFE6D1	White Warm Wool	白温暖羊毛
#EDEEEF	White Whale	白鲸
#ECF4DD	White Willow	白柳
#DEDBCE	White Wisp	白缕
#DED8D2	White Woodruff	白半圆
#F2EFDE	White Wool	白羊毛
#F8EEE3	White Zin	白津
#DEDBDE	White-Collar	白领
#F3E8EA	White-Red	白红
#DEE3DE	Whitecap Foam	白帽泡沫
#DBD0BC	Whitecap Grey	白帽灰
#FFFDFD	Whitecap Snow	白帽雪
#050D02	Whiten’t	不美白
#DEE0D2	Whitened Sage	白鼠尾草
#FBFBFB	Whiteout	白化
#F8F9F5	Whitest White	最白的白
#F4EEE5	Whitetail	白尾鱼
#FEFFFC	Whitewash	粉饰
#CAC9C0	Whitewash Oak	粉刷橡木
#FAF2E3	Whitewashed Fence	粉刷的栅栏
#AEC9DC	Whiting Cottage	怀廷小屋
#B2A188	Whitney Oaks	惠特尼·奥克斯
#8B7181	Who-Dun-It	谁邓它
#D4AE7E	Whole Grain	全麦
#03C03C	Whole Nine Yards	整整九码
#A48B73	Whole Wheat	全麦
#AAA662	Wholemeal Cookie	全麦饼干
#BEC1CF	Whomp Grey	猛灰色
#9BCA47	Wicked Green	邪恶的绿色
#37115C	Wicked Purple	邪恶紫
#5B984F	Wicked Witch	邪恶女巫
#847567	Wicker Basket	柳条篮
#FCE4AF	Wickerware	柳条制品
#C19E80	Wickerwork	柳条制品
#4F6C8F	Wickford Bay	威克福德湾
#416FAF	Wide Sky	广阔的天空
#F9D9D7	Wide-Eyed	睁大眼睛
#99AAFF	Widowmaker	黑百合
#874E3C	Wiener Dog	维纳狗
#EE9900	Wiener Schnitzel	维也纳炸肉排
#FEF9D7	Wild Apple	野苹果
#A53783	Wild Aster	野紫菀
#63775A	Wild Axolotl	野生蝾螈
#EAC37E	Wild Bamboo	野竹
#6B8372	Wild Beet Leaf	野甜菜叶
#7E3A3C	Wild Berry	野浆果
#795745	Wild Bill Brown	狂野比尔棕
#7A89B8	Wild Blue Yonder	那边野蓝
#553322	Wild Boar	野猪
#5A4747	Wild Boysenberry	野生波森莓
#47241A	Wild Brown	野棕
#1CD3A2	Wild Caribbean Green	野加勒比绿
#916D5D	Wild Cattail	野生香蒲
#BC5D58	Wild Chestnut	野栗
#665134	Wild Chocolate	野巧克力
#93A3C1	Wild Clary	野生快乐雀
#6E3C42	Wild Cranberry	野蔓越莓
#7C3239	Wild Currant	野醋栗
#F4D967	Wild Daffodil	野水仙
#8B8C89	Wild Dove	野鸽
#545989	Wild Elderberry	野生接骨木浆果
#38914A	Wild Forest	野森林
#986A79	Wild Geranium	野天竺葵
#825059	Wild Ginger	野姜
#80805D	Wild Ginseng	野山参
#5E496C	Wild Grapes	野葡萄
#998643	Wild Grass	野草
#95856D	Wild Hawk	野隼
#9D7B74	Wild Hemp	野麻
#CEC7AA	Wild Hillside	狂野山坡
#EECC00	Wild Honey	野蜂蜜
#8D6747	Wild Horses	野马
#2F2F4A	Wild Iris	野鸢尾
#6F7142	Wild Jungle	野丛林
#A47FA3	Wild Lavender	野薰衣草紫
#A5C1C0	Wild Life	野生命
#BEB8CD	Wild Lilac	野丁香紫
#C4CD4F	Wild Lime	野青柠
#684944	Wild Manzanita	野生曼萨尼塔
#FFE2C7	Wild Maple	野枫
#A96388	Wild Mulberry	野桑葚
#84704B	Wild Mushroom	野蘑菇
#695649	Wild Mustang	野马
#CAA867	Wild Mustard Seed	野芥末种子
#ECDBC3	Wild Oats	野燕麦
#9C8042	Wild Olive	野橄榄
#D979A2	Wild Orchid	野兰花紫
#B4B6DA	Wild Orchid Blue	野兰花紫蓝
#6373B4	Wild Pansy	野三色堇
#B97A77	Wild Party	野派对
#9EA5C3	Wild Phlox	野福禄考
#767C6B	Wild Pigeon	野鸽子
#83455D	Wild Plum	野梅紫
#B85B57	Wild Poppy	野罂粟
#D6C0AA	Wild Porcini	野生牛肝菌
#EBDD99	Wild Primrose	野报春花
#614746	Wild Raisin	野葡萄干
#D5BFB4	Wild Rice	野米
#DC143C	Wild Rider Red	狂野骑士红
#447382	Wild River	野河
#CB7D96	Wild Rose	野玫红
#B5A38C	Wild Rye	野黑麦
#7E877D	Wild Sage	野鼠尾草
#E7E4DE	Wild Sand	野沙
#8A6F45	Wild Seaweed	野海藻
#7C5644	Wild Stallion	野种马
#FF3399	Wild Strawberry	野草莓
#654243	Wild Thing	野生动物
#9E9FB6	Wild Thistle	野蓟
#7E9C6F	Wild Thyme	野百里香
#463F3C	Wild Truffle	野松露
#63209B	Wild Violet	野紫罗兰
#FC6D84	Wild Watermelon	野西瓜
#7E5C52	Wild West	狂野西部
#E0E1D1	Wild Wheat	野小麦
#91857C	Wild Wilderness	荒野
#BECA60	Wild Willow	野柳
#686B93	Wild Wisteria	野紫藤
#F5EEC0	Wildcat Grey	野猫灰
#8F886C	Wilderness	荒野
#C2BAA8	Wilderness Grey	荒野灰
#FF8833	Wildfire	野火
#927D9B	Wildflower	野花
#FFB3B1	Wildflower Bouquet	野花花束
#C69C5D	Wildflower Honey	野花蜂蜜
#CCCFE2	Wildflower Prairie	野花草原
#5D9865	Wildness Mint	野性薄荷
#CDB99B	Wildwood	怀尔德伍德
#AA83A4	Wilhelminian Pink	威廉粉红
#D7D8DD	Will o’ the Wisp	小精灵威尔
#DDC765	Williams Pear Yellow	威廉姆斯梨黄
#8C7A48	Willow	柳
#59754D	Willow Bough	柳树枝
#DFE6CF	Willow Brook	柳溪
#93B881	Willow Dyed	柳染
#C3CABF	Willow Green	柳绿
#817B69	Willow Grey	柳灰
#69755C	Willow Grove	柳小树林
#84C299	Willow Hedge	柳树篱
#A1A46D	Willow Leaf	柳叶
#5B6356	Willow Sooty Bamboo	柳烟竹
#E7E6E0	Willow Springs	柳泉
#9E8F66	Willow Tree	柳树
#C8D5BB	Willow Tree Mouse	柳树鼠
#D5DCA9	Willow Wind	柳风
#58504D	Willow Wood	柳木
#F0D29D	Willow-Flower Yellow	柳花黄
#929D81	Willowbrook Manor	威洛布鲁克庄园
#914681	Willowherb	柳草
#F3F2E8	Willowside	柳边
#FD5800	Willpower Orange	意志力橙
#886144	Wilmington	威尔明顿
#BD9872	Wilmington Tan	威尔明顿谭
#AB4C3D	Wilted Brown	枯萎的棕色
#EEDAC9	Wilted Leaf	枯叶
#626D5B	Wimbledon	温布尔登
#DDE3E7	Wind Blown	风吹过
#B1C9DF	Wind Blue	风蓝
#686C7B	Wind Cave	风洞穴
#DFE0E2	Wind Chime	风铃
#D5E2EE	Wind Force	风力
#D0D8CF	Wind Fresh White	风鲜白
#C8DEEA	Wind of Change	变革之风
#E8BABD	Wind Rose	风玫红
#BFD6D9	Wind Speed	风速
#6875B7	Wind Star	风星
#C7DFE6	Wind Tunnel	风洞
#C5D1D8	Wind Weaver	织风者
#D5D8D7	Windchill	风冷
#84A7CE	Windfall	意外之财
#BC9CA2	Windflower	风花
#5B584C	Windgate Hill	风门山
#F5E6C9	Windham Cream	温德姆霜
#C6BBA2	Winding Path	蜿蜒小路
#62A5DF	Windjammer	风衣
#F5ECE7	Windmill	风车
#A79B83	Windmill Park	风车公园
#F0F1EC	Windmill Wings	风车翅膀
#BCAFBB	Window Box	窗框
#989EA1	Window Grey	窗灰色
#E4ECDF	Window Pane	窗玻璃
#7C8899	Window Screen	窗纱
#018281	Windows 95 Desktop	Win95桌面
#3778BF	Windows Blue	Windows蓝
#CEBCAE	Windrift Beige	风流米色
#5E6C62	Windrock	风岩
#DBD3C6	Windrush	疾风
#E0E1DA	Winds Breath	风呼吸
#462C77	Windsor	温莎
#A75502	Windsor Brown	温莎棕
#C4B49C	Windsor Greige	温莎灰米
#626066	Windsor Grey	温莎灰
#A697A7	Windsor Haze	温莎霾
#545C4A	Windsor Moss	温莎苔藓
#C9AFD0	Windsor Purple	温莎紫
#CABBA1	Windsor Tan	温莎棕褐
#CCB490	Windsor Toffee	温莎太妃
#9FC9E4	Windsor Way	温莎路
#5F2E3D	Windsor Wine	温莎酒红
#6D98C4	Windstorm	暴风雨
#91AAB8	Windsurf	风帆冲浪
#718BAE	Windsurf Blue	风帆蓝
#D7E2DE	Windsurfer	风帆冲浪者
#3A7099	Windsurfing	风帆冲浪
#D1F1F5	Windswept	风吹
#E3E4E5	Windswept Beach	风吹海滩
#DBA480	Windswept Canyon	风吹峡谷
#9EB8BB	Windswept Clouds	风吹云
#B7926B	Windswept Leaves	风吹落叶
#C2E5E0	Windwood Spring	风林泉
#BDD1D2	Windy	风
#AABAC6	Windy Blue	风蓝
#88A3C2	Windy City	风城
#8CB0CB	Windy Day	刮风的日子
#B0A676	Windy Meadow	风草甸
#3D604A	Windy Pine	风松
#667F8B	Windy Seas	风海
#E8EBE7	Windy Sky	有风的天空
#80013F	Wine	酒红
#A33540	Wine & Roses	酒红玫瑰
#772C30	Wine and Unwind	品酒放松
#AA5522	Wine Barrel	酒红桶
#D3D6C4	Wine Bottle	酒瓶
#254636	Wine Bottle Green	酒瓶绿
#5F3E3E	Wine Brown	酒红棕
#913338	Wine Cask	酒桶
#70403D	Wine Cellar	酒窖
#866D4C	Wine Cork	酒红软木
#602234	Wine Country	酒红乡村
#96837D	Wine Crush	酒红碎
#673145	Wine Dregs	酒渣
#E5D8E1	Wine Frost	酒红霜
#643B46	Wine Goblet	酒杯
#941751	Wine Grape	酒红葡萄
#67334C	Wine Gummy Red	酒红软糖
#355E4B	Wine Leaf	酒红叶
#864C58	Wine Not	酒红
#7B0323	Wine Red	酒红
#69444F	Wine Stain	酒红染色
#8F7191	Wine Stroll	葡萄酒漫步
#492A34	Wine Tasting	品酒
#653B66	Wine Tour	葡萄酒之旅
#D7C485	Wine Yellow	酒红黄
#663366	Wineberry	酒莓
#433748	Wineshade	酒罩
#0065AC	Wing Commander	联队指挥官
#5A6868	Wing Man	翼人
#EBE4E2	Winged Victory	胜利之翼
#EFE8D7	Wings of an Angel	翅膀天使
#9EBBDA	Wings of Pegasus	飞马之翼
#BAD5D4	Wingsuit Wind	翼装风
#7792AF	Wink	眨眼
#365771	Winner’s Circle	优胜者圈
#F0DCCB	Winners Shower	获奖者淋浴
#894144	Winning Red	获胜红
#636653	Winning Ticket	中奖彩票
#E0CFC2	Winsome Beige	迷人米色
#E7E9E4	Winsome Grey	迷人的灰色
#A7D8E1	Winsome Hue	迷人的色调
#CCACC1	Winsome Orchid	迷人兰花
#C28BA1	Winsome Rose	迷人玫瑰
#B0A6C2	Winter Amethyst	冬紫水晶
#314747	Winter Balsam	冬香脂
#B8C8D3	Winter Blizzard	冬暴雪
#582D48	Winter Bloom	冬绽放
#BDB5B3	Winter Calm	冬平静
#8ECED8	Winter Chill	冬寒气
#83C7DF	Winter Chime	冬日钟声
#45494C	Winter Coat	冬外套
#BAAAA7	Winter Cocoa	冬可可
#6E7A7C	Winter Could Grey	冬灰
#DEDAD8	Winter Dawn	冬黎明
#E3E7E9	Winter Day	冬白天
#9B8767	Winter Delta	冬季三角洲
#F5F1EA	Winter Doldrums	冬日低迷
#B8B8CB	Winter Dusk	冬黄昏
#FFFFE0	Winter Duvet	冬季羽绒被
#B4E5EC	Winter Escape	冬逃离
#476476	Winter Evening	冬傍晚
#BCAF9E	Winter Feather	冬羽毛
#9CA4A5	Winter Flannel	冬法兰绒
#D6EEDD	Winter Fresh	冬鲜
#E4DECD	Winter Frost	冬霜
#C4D2D0	Winter Garden	冬花园
#EAEBE0	Winter Glaze	冬釉
#48907B	Winter Green	冬绿
#5E737D	Winter Harbor	冬港湾
#E1E6EB	Winter Haven	冬港湾
#CEC9C1	Winter Haze	冬霾
#D0C383	Winter Hazel	冬榛色
#798772	Winter Hedge	冬树篱
#DBDFE9	Winter Ice	冬冰
#D8D2C7	Winter in New York	冬新约克
#6E878B	Winter in Paris	冬巴黎
#5C97CF	Winter Lake	冬湖
#B7FFFA	Winter Meadow	冬草地
#E7FBEC	Winter Mist	冬薄雾
#D1C295	Winter Mood	冬情绪
#D9D9D6	Winter Morn	冬晨
#FDEBD8	Winter Morning	冬早晨
#A7B3B5	Winter Morning Mist	冬早晨薄雾
#676449	Winter Moss	冬苔藓
#A99F97	Winter Nap	冬眠
#63594B	Winter Oak	冬橡
#F2FAED	Winter Oasis	冬绿洲
#E7E3E7	Winter Orchid	冬兰花紫
#41638A	Winter Palace	冬宫殿
#95928D	Winter Park	冬公园
#8E9549	Winter Pea Green	冬豌豆绿
#EBD9D0	Winter Peach	冬桃
#B0B487	Winter Pear	冬梨
#C7A55F	Winter Pear Beige	冬梨米色
#AE3C3D	Winter Poinsettia	冬一品红
#AAA99D	Winter Rye	冬黑麦
#AA9D80	Winter Sage	冬鼠尾草
#DAC7BA	Winter Savanna	冬季稀树草原
#BECEDB	Winter Scene	冬景
#303E55	Winter Sea	冬海
#4F6B79	Winter Shadow	冬暗影
#E3EFDD	Winter Shamrock	冬三叶草绿
#A9C0CB	Winter Sky	冬天空
#49545C	Winter Solstice	冬至
#ACB99F	Winter Squash	冬南瓜
#4B7079	Winter Storm	冬风暴
#E8DADD	Winter Sunrise	冬日出
#CA6636	Winter Sunset	冬日落
#7FB9AE	Winter Surf	冬冲浪
#4090A2	Winter Time	冬时光
#877C6D	Winter Twig	冬枝
#80A9B8	Winter Twilight	冬暮光
#E0E7E0	Winter Veil	冬面纱
#D8D5CC	Winter Walk	冬漫步
#21424D	Winter Waves	冬浪
#3E474C	Winter Way	冬季之路
#F1E4DC	Winter Wedding	冬婚礼
#DCBE97	Winter Wheat	冬小麦
#F5ECD2	Winter White	冬白
#C1D8AC	Winter Willow Green	冬柳绿
#A0E6FF	Winter Wizard	冬季巫师
#B3BFC8	Winter Wonderland	冬季仙境
#DEECED	Winter’s Breath	冬天的呼吸
#B4474D	Winterberry Frost	冬莓霜
#20F986	Wintergreen	冬青
#56887D	Wintergreen Dream	冬青梦
#C6E5CA	Wintergreen Mint	冬青薄荷
#4F9E81	Wintergreen Shadow	冬青阴影
#94D2BF	Wintermint	冬薄荷
#BDD4DE	Winterscape	冬景
#B5AFFF	Winterspring Lilac	冬泉丁香
#786DAA	Wintertime Mauve	冬季淡紫
#8BA494	Wintessa	温特莎
#FDE6D6	Winthrop Peach	温思罗普桃子
#A7AFAC	Wintry Sky	寒天
#8B7180	Wiped Out	被消灭
#3E8094	Wipeout	消灭
#676662	Wire Wool	钢丝绒
#E2E3D8	Wisdom	智慧
#CDBBA5	Wise Owl	聪明的猫头鹰
#B6BCDF	Wish	愿望
#447F8A	Wish Upon a Star	向星星许愿
#53786A	Wishard	威沙德
#D8DDE6	Wishful Blue	如意蓝
#C8E2CC	Wishful Green	如意绿
#FCDADF	Wishful Thinking	如意算盘
#F4F1E8	Wishful White	如意白
#604F5A	Wishing Star	许愿星
#9A834B	Wishing Troll	许愿巨魔
#D0D1C1	Wishing Well	许愿井
#EBDEDB	Wishy-Washy Beige	淡米色
#C6E0E1	Wishy-Washy Blue	淡蓝色
#D1C2C2	Wishy-Washy Brown	淡褐色
#DFEAE1	Wishy-Washy Green	淡绿色
#DEEDE4	Wishy-Washy Lichen	湿漉漉的地衣
#F5DFE7	Wishy-Washy Lilies	柔柔的百合花
#EEF5DB	Wishy-Washy Lime	湿漉漉的石灰
#EDDDE4	Wishy-Washy Mauve	淡淡紫
#DDE2D9	Wishy-Washy Mint	薄荷味
#F0DEE7	Wishy-Washy Pink	淡粉色
#E1DADD	Wishy-Washy Red	淡红色
#E9E9D5	Wishy-Washy Yellow	淡黄色
#F2A599	Wisley Pink	威斯利粉红
#A9BADD	Wisp	缕
#C2DCB4	Wisp Green	缕绿
#D9C6B2	Wisp of Cocoa	缕可可
#E5E7E9	Wisp of Smoke	缕烟
#F9E8E2	Wisp Pink	缕粉
#C6AEAA	Wispy Mauve	淡淡紫
#BCC7A4	Wispy Mint	薄荷
#F3EBEA	Wispy Pink	纤细的粉红色
#D8DCE1	Wispy Skies	飘渺的天空
#FFC196	Wispy White	纤细的白色
#A87DC2	Wisteria	紫藤
#84A2D4	Wisteria Blue	紫藤蓝
#BBBCDE	Wisteria Fragrance	紫藤香
#A6A8C5	Wisteria Light Soft Blue	紫藤浅柔蓝
#E6C8FF	Wisteria Powder	紫藤粉
#875F9A	Wisteria Purple	紫藤紫
#CED9DC	Wisteria Snow	紫藤雪
#B2ADBF	Wisteria Trellis	紫藤架
#E4CADC	Wisteria Whisper	紫藤低语
#F7C114	Wisteria Yellow	紫藤黄
#B2A7CC	Wisteria-Wise	紫藤智慧
#A29ECD	Wistful	渴望
#EADDD7	Wistful Beige	渴望米色
#E33928	Wistful Longing	渴望的渴望
#966F77	Wistful Mauve	渴望的淡紫
#AA9966	Wistman’s Wood	威斯特曼的森林
#888738	Witch Brew	女巫酿造
#FBF073	Witch Hazel	金缕梅
#8E8976	Witch Hazel Leaf	金缕梅叶
#692746	Witch Soup	魔女汤
#113300	Witch Wart	巫婆疣
#7C4A33	Witch Wood	女巫森林
#4C3D29	Witch’s Cottage	魔女小屋
#474C50	Witchcraft	巫术
#35343F	Witches Cauldron	女巫大锅
#4F4552	Witching	巫术
#D1D1BB	With a Twist	扭
#BCA380	With the Grain	颗粒
#C5B692	Withered Moss	枯萎的苔藓
#A26766	Withered Rose	枯萎的玫瑰
#90C0C9	Witness	见证人
#B1D99D	Witty Green	俏皮绿
#4D5B88	Wizard	向导
#0073CF	Wizard Blue	巫师蓝
#525E68	Wizard Grey	巫师灰
#6D4660	Wizard Time	巫师时间
#DFF1FD	Wizard White	白巫师
#A090B8	Wizard’s Brew	巫师的啤酒
#5D6098	Wizard’s Potion	巫师药水
#584B4E	Wizard’s Spell	巫师的咒语
#007C76	Wizards Orb	巫师宝珠
#597FB9	Woad Blue	木蓝
#6C9898	Woad Indigo	菘蓝
#584769	Woad Purple	木紫
#C19A6B	Wobbegong Brown	沃贝贡棕
#788389	Wolf	狼
#A8FF04	Wolf Lichen	狼地衣
#78776F	Wolf Pack	狼群
#3D343F	Wolf’s Bane	狼祸
#5C5451	Wolf’s Fur	狼的毛皮
#B5B6B7	Wolfram	沃尔弗拉姆
#91989D	Wolverine	金刚狼
#EF8E9F	Wonder Lust	奇迹泽
#A085A6	Wonder Violet	奇迹紫罗兰
#635D63	Wonder Wine	奇迹酒红
#A97898	Wonder Wish	奇迹愿望
#ABCB7B	Wonder Woods	奇迹树林
#718A70	Wonderland	仙境
#B8CDDD	Wondrous Blue	奇妙的蓝色
#A3B1F2	Wondrous Wisteria	奇妙的紫藤
#4A2559	Wonka Purple	旺卡紫色
#D0A46D	Wonton Dumpling	馄饨饺子
#645A56	Wood Acres	林英亩
#D7CAB0	Wood Ash	木灰
#FBEEAC	Wood Avens	伍德艾文斯
#302621	Wood Bark	木树皮
#464646	Wood Charcoal	木炭
#90835E	Wood Chi	木志
#7A7229	Wood Garlic	木大蒜
#A78C59	Wood Green	木绿
#A08475	Wood Lake	木湖
#EBA0A7	Wood Nymph	木仙女
#AABBCC	Wood Pigeon	木鸽子
#796A4E	Wood Stain Brown	木染色棕
#A47D43	Wood Thrush	木画眉
#78426F	Wood Violet	木紫罗兰
#584043	Wood-Black Red	木色-黑红
#61633F	Wood’s Creek	伍德溪
#8A8A36	Woodbine	伍德拜恩
#847451	Woodbridge	伍德布里奇
#B3987D	Woodbridge Trail	伍德布里奇步道
#463629	Woodburn	伍德伯恩
#8E746C	Woodchuck	土拨鼠
#8F847A	Woodcraft	木工
#B59B7E	Wooded Acre	树木茂盛的英亩
#765A3F	Wooden Cabin	木屋
#745C51	Wooden Nutmeg	木肉豆蔻
#A89983	Wooden Peg	木钉
#A58563	Wooden Swing	木秋千
#DFB07E	Wooden Sword	木剑
#815A48	Wooden Wagon	木马车
#996633	Woodgrain	木纹
#9E7B6C	Woodhaven	伍德黑文
#96856A	Woodkraft	木卡夫
#626746	Woodland	林地
#5F4737	Woodland Brown	林地棕
#004400	Woodland Grass	林地草
#5C645C	Woodland Moss	林地苔藓
#475C5D	Woodland Night	林地夜
#69804B	Woodland Nymph	林地仙女
#A4A393	Woodland Sage	林地鼠尾草
#127A49	Woodland Soul	林地灵魂
#B09B89	Woodland Stone	林地石
#8B8D63	Woodland Walk	林地漫步
#D8D5D2	Woodland Wildflower	林地野花
#0D6323	Woodland Wonder	林地奇迹
#405B50	Woodlawn Green	伍德劳恩绿色
#4B5D31	Woodman	樵夫
#AC8989	Woodrose	伍德罗斯
#8B9916	Woodruff Green	半圆绿
#45402B	Woodrush	伍德拉什
#2B3230	Woodsmoke	伍德烟
#9B8A5F	Woodstock	伍德斯托克
#E9CAB6	Woodstock Rose	伍德斯托克玫瑰
#3D271D	Woodsy Brown	伍西棕
#755F4A	Woodward Park	伍德沃德公园
#6E2D2B	Woody Brown	木质棕
#40446C	Wooed	求爱
#5F655A	Woohringa	伍林加
#AD9A90	Wool Coat	羊毛外套
#D9CFBA	Wool Skein	羊毛束
#005152	Wool Turquoise	羊毛青
#917747	Wool Tweed	羊毛粗花呢
#5E5587	Wool Violet	羊毛紫罗兰
#DBBDAA	Wool-Milk Pig	毛奶猪
#B59F55	Woollen Mittens	羊毛手套
#DCC9AD	Woollen Sox	毛袜
#B0A582	Woollen Vest	毛背心
#E7D5C9	Woolly Beige	羊毛米色
#F1EBE4	Woolly Lamb	毛茸茸的小羊肉
#BB9C7C	Woolly Mammoth	猛犸象
#BDE7CF	Woolly Mint	羊毛薄荷
#907E63	Woolly Thyme	羊毛百里香
#A5A192	Wooster Smoke	伍斯特烟
#572B26	Worcestershire Sauce	伍斯特郡酱
#F2BE96	Word of Mouth	口碑
#004D67	Work Blue	工作蓝色
#CDA366	Workbench	工作台
#BFE6D2	Workout Green	锻炼绿色
#FFD789	Workout Routine	锻炼程序
#02667B	Workshop Blue	工坊蓝
#005477	World Peace	世界和平
#03667B	World’s Away	世界遥远
#CEC6BF	Worldly Grey	世俗灰
#98978D	Worlds Away	天涯海角
#9FAE9E	Wormwood Green	艾草绿
#4282C6	Worn Denim	旧牛仔布
#D4DED4	Worn Jade Tiles	破旧的玉砖
#A69C81	Worn Khaki	旧卡其色
#6F6C0A	Worn Olive	旧橄榄
#C9C0BB	Worn Silver	旧银
#E8DBD3	Worn Wood	破旧的木头
#634333	Worn Wooden	破旧的木头
#AB9379	Worsted Tan	精纺棕褐色
#E0D1A0	Woven	编织
#8E7B58	Woven Basket	编织篮
#CABBB4	Woven Cashmere	编织羊绒
#DCB639	Woven Gold	编织金
#C9AB96	Woven Jute	编织黄麻
#CEAD8E	Woven Navajo	编织纳瓦霍语
#F1DFC0	Woven Raffia	编织拉菲草
#DDDCBF	Woven Reed	编织芦苇
#C1AC8B	Woven Straw	编织稻草
#B99974	Woven Wicker	编织柳条
#ECEAD0	Wrack White	破坏白
#5F6D6E	Wrapped in Twilight	笼罩在暮色中
#76856A	Wreath	花圈
#4A4139	Wren	鹪鹩
#71635E	Wright Brown	赖特棕
#E9D6BD	Writer’s Parchment	作家的羊皮纸
#F1E6CF	Writing Paper	书写纸
#474749	Wrought Iron	熟铁
#F8D106	Wu-Tang Gold	武当金
#CE7639	Wulfenite	钨铅矿
#86A96F	Wyvern Green	飞龙绿
#E6474A	X Marks the Spot	X 标记位置
#FEF2DC	Xakestari White	沙克斯塔里白
#738678	Xanadu	世外桃源
#FFEE55	Xanthe Yellow	黄
#F4E216	Xanthic	黄酸
#4A3E00	Xanthophobia	黄色恐惧症
#F1B42F	Xanthous	黄酮
#6AB4E0	Xavier Blue	泽维尔蓝
#30A9FF	Xed	克赛德
#847E54	Xena	西娜
#B7C0D7	Xenon Blue	氙蓝
#7D0061	Xereus Purple	泽雷乌斯紫
#E60626	Xiān Hóng Red	鲜红
#ECE6D1	Xiàng Yá Bái Ivory	象牙白 象牙色
#BCB7B0	Xiao Long Bao Dumpling	小笼包饺子
#FCE166	Xìng Huáng Yellow	杏黄
#CC1166	Xīpe Totēc Red	希佩托特克红
#990020	Xmas Candy	圣诞糖果
#F08497	Xoxo	亲亲抱抱
#679BB3	Yacht Blue	游艇蓝
#566062	Yacht Club	游艇俱乐部
#485783	Yacht Club Blue	游艇俱乐部蓝色
#7C9DAE	Yacht Harbour	游艇港
#FABBA9	Yahoo	雅虎
#ECAB3F	Yakitori	烤鸡肉串
#0F4D92	Yale Blue	耶鲁蓝
#C98431	Yam	山药
#FFA400	Yamabuki Gold	山吹金
#CB7E1F	Yamabukicha Gold	山吹茶黄金
#9C8A4D	Yanagicha	柳茶
#8C9E5E	Yanagizome Green	柳染绿
#F1A141	Yáng Chéng Orange	杨程橙
#EDE8DD	Yang Mist	阳雾
#4D5A6B	Yankee Doodle	洋基涂鸦
#1C2841	Yankees Blue	洋基队蓝色
#9E826A	Yardbird	庭院鸟
#DCCFB6	Yarmouth Oyster	雅茅斯牡蛎
#D8AD39	Yarrow	西洋蓍草
#547497	Yawl	偏航
#7C6C57	Ye Olde Rustic Colour	老土色
#AD896A	Yearling	一岁鸽
#061088	Yearning	向往
#CA135E	Yearning Desire	向往的欲望
#FAE1AC	Yeast	酵母
#FFFE00	Yell for Yellow	为黄色大喊
#FFFF00	Yellow	黄
#B68D4C	Yellow Acorn	黄橡果
#F5F5D9	Yellow Avarice	黄色贪婪
#F9EED0	Yellow Beam	黄色光束
#E3C08D	Yellow Beige	黄米色
#FFDD33	Yellow Bell Pepper	黄铃胡椒
#F1CD7B	Yellow Bird	黄鸟
#F4EABA	Yellow Bliss	黄极乐
#FDF4BB	Yellow Blitz	黄色闪电战
#FAF3CF	Yellow Bombinate	黄色炸弹人
#F9F6E8	Yellow Bonnet	黄色帽子
#EAC853	Yellow Brick Road	黄砖路
#AE8B0C	Yellow Brown	黄棕
#EEDD11	Yellow Buzzing	黄色嗡嗡声
#FFEAAC	Yellow Canary	黄金丝雀
#FFF44F	Yellow Cattleya	黄卡特兰
#F5F9AD	Yellow Chalk	黄粉笔
#EDB856	Yellow Coneflower	黄色金光菊
#FFDE88	Yellow Corn	黄玉米
#EED36C	Yellow Cream	黄奶油
#F7C66B	Yellow Currant	黄醋栗
#F6F1D7	Yellow Diamond	黄钻石
#F8E47E	Yellow Dragon	黄龙
#D8E63C	Yellow Duranta	黄色杜兰塔
#F0F0D9	Yellow Emulsion	黄色乳液
#D2CC81	Yellow Endive	黄苦菊
#FCE1B6	Yellow Essence	黄精华
#FFB102	Yellow Exhilaration	黄色兴奋
#FFCA00	Yellow Flash	黄闪光
#FFE1A0	Yellow Geranium	黄天竺葵
#BE8400	Yellow Gold	黄金
#C8FD3D	Yellow Green	黄绿
#C5E384	Yellow Green Shade	黄绿暗调
#F7B930	Yellow Groove	黄沟
#EDE68A	Yellow Iris	黄鸢尾
#FFCC3A	Yellow Jacket	黄夹克
#EEE8AA	Yellow Jasmine	黄茉莉
#DAA436	Yellow Jasper	黄碧玉
#FFD379	Yellow Jubilee	黄禧
#DAB46F	Yellow Lab	黄色实验室
#F6D099	Yellow Lotus	黄莲花
#CCAA4D	Yellow Lupine	黄羽扇豆
#DCC449	Yellow Magic Orchestra	黄色魔法乐团
#C0A85A	Yellow Maize	黄玉米
#FDFCBF	Yellow Mana	黄魔力
#D28034	Yellow Mandarin	黄柑橘
#F6D255	Yellow Mask	黄色面具
#F0D31E	Yellow Mellow	黄醇和
#73633E	Yellow Metal	黄金属
#95804A	Yellow Nile	黄尼罗
#C39143	Yellow Ochre	黄赭
#EAAD04	Yellow of Izamal	伊萨马尔黄
#FCB001	Yellow Orange	黄橙
#EADCC6	Yellow Page	黄页
#E9DF8A	Yellow Pear	黄梨
#EEEF06	Yellow Pepper	黄胡椒
#F0E74B	Yellow Petal	黄花瓣
#E4E4CB	Yellow Phosphenes	黄色光幻视
#FCB867	Yellow Polka Dot	黄色圆点
#FCFD74	Yellow Powder	黄粉
#E6E382	Yellow Press	黄色新闻
#FFF000	Yellow Rose	黄玫红
#FFF47C	Yellow Salmonberry	黄桑莓
#FDEE73	Yellow Sand	黄沙
#F49F35	Yellow Sea	黄海
#D19932	Yellow Shout	黄色呐喊
#FADA5E	Yellow Stagshorn	黄鹿角
#FFFF14	Yellow Submarine	黄色潜水艇
#E19447	Yellow Sumac	黄漆树
#F9B500	Yellow Summer	黄夏
#FFF601	Yellow Sunshine	黄阳光
#F7EDB7	Yellow Taffy	黄太妃糖
#FFF29D	Yellow Tail	黄尾
#FFD300	Yellow Tang	黄唐
#F9D988	Yellow Trumpet	黄喇叭
#F6D06E	Yellow Tulip	黄郁金香
#FFFDD0	Yellow Urn Orchid	黄瓮兰花
#EAB565	Yellow Varnish	黄清漆
#FFBA6F	Yellow Warbler	黄莺
#C69035	Yellow Warning	黄色警告
#EDE5B7	Yellow Wax Pepper	黄蜡胡椒
#FEF6BE	Yellow Yarn	黄纱
#FFEE33	Yellow-Bellied	黄腹
#C8CD37	Yellow-Green Grosbeak	黄绿色粗嘴雀
#EEBB77	Yellow-Rumped Warbler	黄腰莺
#F6F1C4	Yellowed Bone	泛黄的骨头
#FAEE66	Yellowish	淡黄色
#9B7A01	Yellowish Brown	黄棕色
#B0DD16	Yellowish Green	黄绿色
#EDEEDA	Yellowish Grey	黄灰色
#FFAB0F	Yellowish Orange	黄橙色
#FCFC81	Yellowish Tan	黄褐色
#E9F1D0	Yellowish White	黄白色
#F3D80E	Yellowl	耶洛尔
#CEB736	Yellowstone	黄石公园
#E4D6BA	Yellowstone Park	黄石公园
#C8C48F	Yerba Mate	马黛茶
#C7D7E0	Yeti Footprint	雪人足迹
#ABBC01	Yew	紫杉
#656952	Yew Hedge	紫杉树篱
#E0E1E2	Yín Bái Silver	银白银
#848999	Yin Hūi Silver	银辉银
#3B3C3C	Yin Mist	阴雾
#B1C4CB	Yín Sè Silver	银色银
#05FFA6	Yíng Guāng Sè Green	影光色绿
#FF69AF	Yíng Guāng Sè Pink	影光色粉
#632DE9	Yíng Guāng Sè Purple	影光色 紫
#265EF7	YInMn Blue	钇铟锰蓝
#F9F59F	Yippie Ya Yellow	耶耶黄
#FFFF84	Yippie Yellow	雅皮黄
#E3E4D2	Yoga Daze	瑜伽发呆
#FFECC3	Yoghurt	酸奶
#F5E9CE	Yoghurt Br?lée	酸奶布丁
#8A8C66	Yogi	瑜伽士
#A291BA	Yolanda	约兰达
#D5A585	Yolande	约兰德
#EEC701	Yolk	蛋黄
#E2B051	Yolk Yellow	蛋黄
#AA987F	York Beige	约克米色
#F3D9C7	York Bisque	约克浓汤
#D7837F	York Pink	约克粉
#D3BFE5	York Plum	约克梅紫
#67706D	York River Green	约克河绿
#735C53	Yorkshire Brown	约克郡棕
#BAC3CC	Yorkshire Cloud	约克郡云
#55AA00	Yoshi	耀西
#EE7776	You’re Blushing	你脸红了
#FCD8B5	Young Apricot	年轻杏
#D5A1A9	Young at Heart	年轻心
#68BE8D	Young Bamboo	年轻竹
#86AF38	Young Bud	年轻蕾
#938C83	Young Colt	年轻的小马驹
#F6A09D	Young Crab	年轻蟹
#C3B4B3	Young Fawn	年轻小鹿
#71BC78	Young Fern	年轻蕨
#AAC0AD	Young Gecko	年轻壁虎
#C3D825	Young Grass	年轻草
#AACF53	Young Green Onion	年轻绿洋葱
#97D499	Young Greens	年轻的绿党
#B0C86F	Young Leaf	年轻叶
#CA3435	Young Mahogany	年轻桃花心木
#232323	Young Night	年轻夜
#F2E1D2	Young Peach	年轻桃
#ACC729	Young Plum	年轻梅紫
#B28EBC	Young Prince	年轻王子
#BC64A4	Young Purple	年轻紫
#AB4E52	Young Redwood	年轻红木
#FFB6B4	Young Salmon	年轻鲑粉
#FFA474	Young Tangerine	年轻柑橘
#C9AFA9	Young Turk	青年土耳其党
#DCDF9D	Young Wheat	年轻小麦
#B9B58E	Young Willow	年轻柳
#220044	Your Darkness	你的黑暗
#61496E	Your Majesty	陛下
#FFC5BB	Your Pink	你的粉红
#787E93	Your Shadow	你的影子
#FBD9CD	Yours Truly	真诚的
#E2C9C8	Youth	青春
#EE8073	Youthful Coral	青春珊瑚
#A7B3B7	Yreka!	伊里卡！
#FFDB58	Yriel Yellow	伊里尔黄
#C0E2E1	Yù Shí Bái White	玉石白
#E9AF78	Yucatan	尤卡坦半岛
#F2EFE0	Yucatan White Haba?ero	尤卡坦白哈巴涅罗
#75978F	Yucca	丝兰
#A1D7C9	Yucca Cream	丝兰奶油
#F2EAD5	Yucca White	丝兰白
#2138AB	Yuè Guāng Lán Blue	玉光兰蓝
#5959AB	Yuè Guāng Lán Moonlight	月光蓝
#826A21	Yukon Gold	育空黄金
#66B032	Yule Tree	圣诞树
#C58A78	Yum Raw Spam	美味午餐肉
#C7B882	Yuma	尤玛
#FFD678	Yuma Gold	玉马金
#CFC5AE	Yuma Sand	玉马沙
#1F911F	Yushan Green	玉山绿
#FDD200	Yuzu Jam	柚子酱
#FFD766	Yuzu Marmalade	柚子果酱
#112200	Yuzu Soy	柚子酱油
#D4DE49	Yuzukoshō	柚子胡椒
#00008B	Yves Klein Blue	伊夫·克莱因蓝
#0014A8	Zaffre	扎夫雷
#EC6D71	Zahri Pink	扎里粉红
#6B5A5A	Zambezi	赞比西河
#FF990E	Zambia	赞比亚
#DDA026	Zamesi Desert	扎梅西沙漠
#B2C6B1	Zanah	扎娜
#D38977	Zanci	赞西
#A39A61	Zandri Dust	赞德里尘埃
#823C3D	Zangief’s Chest	赞吉夫的宝箱
#E47486	Zany Pink	滑稽粉红
#7E6765	Zanzibar	桑给巴尔
#8E7163	Zanzibar Spice	桑给巴尔香料
#C1264C	Zǎo Hóng Maroon	枣红
#F1F3F3	Zappy Zebra	活泼的斑马
#FDE634	Zard Yellow	扎德黄
#60A448	Zatar Leaf	扎塔叶
#CEC6BB	Zebra Finch	斑胸草雀
#9DA286	Zebra Grass	斑马草
#0090AD	Zeftron	泽夫创
#016612	Zelyony Green	泽利尼·格林
#CFD9DE	Zen	禅
#99A4BA	Zen Blue	禅蓝
#C6BFA7	Zen Essence	禅精华
#D1DAC0	Zen Garden	禅花园
#445533	Zen Garden Olive	禅花园橄榄
#BAB8AD	Zen Pebble	禅卵石
#5B5D5C	Zen Retreat	禅隐居
#497A9F	Zenith	真力时
#A6C8C7	Zenith Heights	顶峰高地
#C39EA3	Zephyr	和风
#7AB091	Zephyr Green	和风绿
#DDD9C4	Zero Degrees	零度
#332233	Zero Gravity	零重力
#C6723B	Zest	热情
#92A360	Zesty Apple	清香苹果
#3B3C38	Zeus	宙斯
#3C343D	Zeus Palace	宙斯宫
#660077	Zeus Purple	宙斯紫
#6C94CD	Zeus Temple	宙斯神庙
#EEFF00	Zeus’s Bolt	宙斯之箭
#FEF200	Zheleznogorsk Yellow	热列兹诺戈尔斯克黄
#F8F8F9	Zhēn Zhū Bái Pearl	珍珠白
#E4C500	Zhohltyi Yellow	若尔特黄
#CB464A	Zhū Hóng Vermillion	朱红
#9F0FEF	Zǐ Lúo Lán Sè Violet	紫罗兰
#C94CBE	Zǐ Sè Purple	ZǐSè紫
#082903	Zia Olive	齐亚橄榄
#81A6AA	Ziggurat	金字形神塔
#16B8F3	Zima Blue	紫玛蓝
#6A5287	Zimidar	齐米达尔紫
#92898A	Zinc	锌
#A3907E	Zinc Blend	锌混合物
#84948B	Zinc Blue	锌蓝
#5B5C5A	Zinc Dust	锌尘
#655B55	Zinc Grey	锌灰
#8C8373	Zinc Lustre	锌光泽
#5A2538	Zinfandel	仙粉黛
#5A3844	Zinfandel Red	仙粉黛红
#FBC17B	Zing	津
#DAC01A	Zingiber	姜
#FFA111	Zinnia	百日草
#FFD781	Zinnia Gold	百日草金
#EBC2AF	Zinnwaldite	紫晶矿
#2C1608	Zinnwaldite Brown	紫水晶棕
#BCC5AA	Zion	锡安
#838567	Zipline Green	绿色滑索
#DEE3E3	Zircon	锆石
#00849D	Zircon Blue	锆石蓝
#807473	Zircon Grey	锆石灰
#D0E4E5	Zircon Ice	锆石冰
#2C7C79	Zirconia Teal	氧化锆青
#F4F3CD	Zitronenzucker	柠檬糖
#8B9196	Zodiac	十二生肖
#EE8844	Zodiac Constellation	黄道星座
#DADEAD	Zombie	僵尸
#54C571	Zombie Green	僵尸绿
#39A78E	Zomp	佐普
#CA6641	Zōng Hóng Red	棕红
#B8BF71	Zoodles	西葫芦面
#A29589	Zorba	佐巴
#17462E	Zucchini	西葫芦
#97A98B	Zucchini Cream	西葫芦奶油
#E8A64E	Zucchini Flower	西葫芦花
#AFA170	Zucchini Garden	西葫芦花园
#C8D07F	Zucchini Noodles	西葫芦面条
#CDD5D5	Zumthor	卒姆托
#6BC026	Zunda Green	尊达绿
#008996	Zuni	祖尼
#248BCC	Zürich Blue	苏黎世蓝
#E6E1D9	Zürich White	苏黎世白
#2B61A0	Zydeco Blue	柴迪科蓝
